ID,Предмет,Класс,Задание,ЕстьАудио,ЕстьКартинки
vpr_sd_945956,social,6,"Специалисты Центра «Журавушка» провели опрос среди обучающихся 6-х классов о том, какой способ поведения в конфликтной ситуации предпочитают шестиклассники. Результаты опроса (в % от числа отвечавших) представлены в графическом виде. 1. Как ответила наибольшая доля опрошенных? Предположите почему. 2. Как Вы оцениваете выбор большинства: позволит ли такая позиция быстро разрешать конфликты среди ше",Нет,Да
vpr_sd_945396,social,6,"В стране Z проводился опрос о том, какое влияние средства массовой информации (СМИ) оказывают на развитие, воспитание и образование подростков. Результаты опроса (в % от числа отвечавших) представлены в графическом виде. 1. Как ответила наибольшая доля опрошенных? Предположите почему. 2. Можно ли сказать, что большинство опрошенных оценивают деятельность СМИ положительно? Выскажите свою позицию по",Нет,Да
vpr_sd_946016,social,6,"Установите соответствие между примерами и видами потребностей: к каждому элементу, данному в первом столбце, подберите соответствующий элемент из второго столбца. ПРИМЕРЫ А) отдых и сон Б) общение с друзьями В) самоуважение Г) самосохранение ВИДЫ ПОТРЕБНОСТЕЙ 1) биологические 2) социальные Запишите в ответ цифры, расположив их в порядке, соответствующем буквам: A | Б | В | Г // | | |",Нет,Нет
vpr_sd_945950,social,6,"Великому русскому полководцу А. В. Суворову принадлежит следующее высказывание: «Искренность отношений, правда в общении — вот дружба». 1. Как Вы понимаете смысл слова «дружба»? 2. Дайте своё объяснение смысла высказывания. 3. Как Вы думаете, почему друзья и дружба важны для каждого человека?",Нет,Нет
vpr_sd_946054,social,6,"Проповедь Папы Римского Урбана II привела к серии военных походов организованных европейцами, которые вошли в историю как Крестовые походы. Взаимосвязь каких сфер общественной жизни иллюстрирует данный пример? Поясните свой ответ.",Нет,Нет
vpr_sd_945991,social,6,"При описании какой сферы общества используются слова «демократия», «федерация»? Поясните свой ответ.",Нет,Нет
vpr_sd_945813,social,6,"Когда человек заболевает, ему нужно измерить температуру. Сейчас всё больше семей использует не ртутные, а электронные термометры, хотя цена их выше. С чем связан рост популярности электронных термометров? Чем могла бы руководствоваться Ваша семья при выборе этого медицинского прибора? (Укажите любые два мотива.)",Нет,Да
vpr_sd_946117,social,6,"Привлекая обществоведческие знания, составьте краткое (из 5—7 предложений) сообщение о субъекте РФ, в котором Вы проживаете, используя все приведённые ниже понятия: Субъект РФ, федеральный округ, герб субъекта, флаг субъекта, столица субъекта (административный центр), одна из достопримечательностей субъекта.",Нет,Нет
vpr_sd_945977,social,6,"Привлекая обществоведческие знания, составьте краткое (из 5–7 предложений) сообщение о нашей стране, используя все приведённые ниже понятия: Российская Федерация, Конституция РФ, Президент РФ, Государственная Дума, Совет Федерации, государственные символы.",Нет,Нет
vpr_sd_945402,social,6,"Каждый гражданин России имеет право на образование. 1. Как Вы думаете, почему в соответствии с Конституцией РФ именно на родителей возложена обязанность обеспечить получение детьми основного общего образования? 2. Составьте рассказ о своей учёбе, используя следующий план. 1) Какие учебные предметы в школе вызывают у Вас особый интерес? Почему? 2) Какие кружки и дополнительные занятия Вы посещаете?",Нет,Нет
vpr_sd_945380,social,6,"В государстве Z был проведён опрос о том, должны ли родители школьников участвовать в планировании образовательного процесса своих детей. Результаты опроса (в % от числа отвечавших) представлены в графическом виде. 1. Какая группа опрошенных в наибольшей степени поддерживает инициативу активного участия родителей в планировании образовательного процесса своих детей? Предположите почему. 2. Как Вы ",Нет,Да
vpr_sd_945860,social,6,"Борьба за равноправие женщин в обществе продолжалась столетия. В 1649 г. парламент Англии рассматривал обращение группы женщин: они добивались равноправия в «государственных делах». Прошение отклонили. Парламентарии ответили, что женщин в политической жизни представляют их мужья, а им самим следует заниматься домашним хозяйством и мыть посуду. Только в 1918 г. британские женщины, достигшие 30 лет,",Нет,Нет
vpr_sd_946046,social,6,Государство X издало закон об отмене цензуры в СМИ. Взаимосвязь каких сфер общественной жизни иллюстрирует данный пример? Поясните свой ответ.,Нет,Нет
vpr_sd_946138,social,6,"В современном мире создание семьи связано с достижением благополучия, счастья (см. фотографию). 1. Как Вы думаете, почему для подавляющего большинства людей семья представляет большую ценность? (Приведите два объяснения.) 2. Достаточно ли одного желания быть счастливым для создания крепкой семьи? Своё мнение обоснуйте.",Нет,Да
vpr_sd_945665,social,6,"Привлекая обществоведческие знания, составьте краткое (из 5—7 предложений) сообщение о нашей стране, используя все приведённые ниже понятия: Российская Федерация, Конституция РФ, Президент РФ, исполнительная власть, законодательная власть, государственные символы.",Нет,Нет
vpr_sd_945954,social,6,"Общение является важной потребностью человека и одним из видов его деятельности. 1. Как Вы думаете, почему людям необходимо общение? 2. Составьте рассказ о своём общении, используя следующий план. 1) Каковы цели Вашего общения со сверстниками? Какие средства общения Вы обычно используете? 2) В каких случаях Вы испытываете трудности в общении со сверстниками? Как Вы обычно преодолеваете эти труднос",Нет,Нет
vpr_sd_946136,social,6,"В ходе социологического опроса совершеннолетних граждан страны Z им задавали вопрос: «Как Вы думаете, почему люди занимаются предпринимательством?» 1. Как ответила наибольшая доля опрошенных? Предположите почему. 2. Много или мало опрошенных считают, что люди занимаются предпринимательской деятельностью с целью реализовать свои идеи? Выскажите свою позицию по этому вопросу. Объясните свой ответ. 3",Нет,Да
vpr_sd_945872,social,6,"Прочитайте фрагмент повести А. де Сент-Экзюпери «Маленький принц». Во время одного из путешествий Маленький принц познакомился с Лисом и рассказал ему о розе, которую он очень любил. А Лис открыл Маленькому принцу секрет. «Вот мой секрет, он очень прост: зорко одно лишь сердце. Самого главного глазами не увидишь. — Самого главного глазами не увидишь, — повторил Маленький принц, чтобы лучше запомни",Нет,Да
vpr_sd_946007,social,6,Правительство приняло постановление о повышении размера пенсий. Взаимосвязь каких сфер общественной жизни иллюстрирует данный пример? Поясните свой ответ.,Нет,Нет
vpr_sd_945368,social,6,"Люди не всегда выбрасывают мусор в специально отведённых местах (см. фотографию). 1. В чём заключается опасность подобных действий людей (приведите два объяснения опасности)? 2. Как, по Вашему мнению, можно предотвратить подобные действия людей?",Нет,Да
vpr_sd_945993,social,6,"Привлекая обществоведческие знания, составьте краткое (из 5–7 предложений) сообщение о нашей стране, используя все приведённые ниже понятия: Российская Федерация, Конституция, столица, государственный флаг, государственный герб, государственный гимн.",Нет,Нет
vpr_sd_945861,social,6,В стране Z был проведён опрос среди совершеннолетних жителей на тему: «Необходимо ли ввести специальные уроки этики в школе?» Результаты опроса (в % от числа опрошенных) представлены на диаграмме. Какой вариант ответа выбрало большинство опрошенных? Предположите почему (выскажите не менее двух предположений).,Нет,Да
vpr_sd_945837,social,6,"Прочитайте фрагмент «Книги джунглей» английского писателя Р. Киплинга. «Отец Волк проснулся после дневного отдыха, зевнул, почесался и одну за другой вытянул свои передние лапы, чтобы прогнать из них остаток тяжести. Волчица Мать лежала, прикрыв своей большой серой мордой четверых барахтавшихся, повизгивавших волчат, а в отверстие их пещеры светила луна. — Огур! — сказал Отец Волк. — Пора мне идти",Нет,Да
vpr_sd_945809,social,6,"Реклама товаров и услуг уверенно вошла в нашу жизнь. Предположите, почему производители и продавцы расходуют средства на рекламу. Какими мотивами помимо рекламы следует руководствоваться при выборе товара (укажите не менее двух мотивов)?",Нет,Да
vpr_sd_946012,social,6,В 2017 г. ВЦИОМ проводил опрос среди российских школьников. Им задавали вопрос: «Располагаете ли Вы карманными деньгами?» (можно было выбрать несколько ответов). Результаты опроса (в % от числа опрошенных) представлены в графической форме. 1. Как ответила наибольшая доля опрошенных? Предположите почему. 2. Много или мало опрошенных школьников имеют сбережения? Выскажите свою позицию по этому вопро,Нет,Да
vpr_sd_945357,social,6,"Установите соответствие между примерами и социальными качествами человека, которые они иллюстрируют: к каждому элементу, данному в первом столбце, подберите соответствующий элемент из второго столбца. ПРИМЕРЫ А) Игорь никогда не нарушает правила поведения на предприятии. Б) Мария хорошо зарабатывает, но она экономна и рационально тратит деньги. В) Павел отличается искренностью и прямотой суждений ",Нет,Нет
vpr_sd_946010,social,6,"Современные средства связи значительно расширяют возможности общения между людьми. 1. Как Вы думаете, почему люди стремятся к общению? 2. Составьте рассказ о своём круге общения, используя следующий план. 1) Кто входит в круг Вашего общения? Почему Вы общаетесь именно с этими людьми/чем они Вас привлекают? 2) Какие неречевые средства Вы используете в личном общении? Почему, по Вашему мнению, в сов",Нет,Нет
vpr_sd_945390,social,6,"Британскому политику ХХ века Уинстону Черчиллю принадлежит следующее высказывание: «Большое преимущество получает тот, кто достаточно рано сделал ошибки, на которых можно учиться». 1. Как Вы понимаете смысл выражения «ошибки, на которых можно учиться»? 2. Дайте своё объяснение смысла высказывания. 3. Как Вы думаете, почему человеку лучше учиться на чужих, а не на своих ошибках?",Нет,Нет
vpr_sd_946050,social,6,Гражданская война в России привела к эмиграции из страны около двух миллионов человек. Взаимосвязь каких сфер общественной жизни иллюстрирует данный пример? Поясните свой ответ.,Нет,Нет
vpr_sd_945736,social,6,"Глобальные проблемы человечества — это те, которые затрагивают все человечество в целом (см фотографию). 1. Какие проблемы в жизни общества возникают в связи с отсутствием бережного отношения человека к природе? 2. Какие ещё глобальные проблемы вы знаете?",Нет,Да
vpr_sd_945719,social,6,"Привлекая обществоведческие знания, составьте краткое (из 5–7 предложений) сообщение об общении с ребенком, используя все приведённые ниже понятия: Личность, общение, ребенок, воспитание, понимание, психологи",Нет,Нет
vpr_sd_946110,social,6,"В стране Z проводился опрос родителей подростков о том, какое влияние средства массовой информации (СМИ) оказывают на развитие, воспитание и образование их детей. Результаты опроса (в % от числа отвечавших) представлены в графическом виде. 1. Как ответила наибольшая доля опрошенных? Предположите почему. 2. Можно ли сказать, что большинство опрошенных оценивают деятельность СМИ положительно? Выскаж",Нет,Да
vpr_sd_945709,social,6,"Русскому писателю А. П. Чехову принадлежит следующее высказывание: «Надо быть ясным умственно, чистым нравственно и опрятным физически». 1. Как Вы понимаете смысл словосочетания «нравственная чистота»? 2. Дайте своё объяснение смысла высказывания. 3. Как Вы думаете, почему важно, чтобы человек был чистым нравственно?",Нет,Нет
vpr_sd_945701,social,6,"Привлекая обществоведческие знания, составьте краткое (из 5—7 предложений) сообщение о нашей стране, используя все приведённые ниже понятия: Российская Федерация, многонациональное государство, субъект Российской Федерации, государственный язык, патриотизм, Родина.",Нет,Нет
vpr_sd_945930,social,6,"Одним из видов деятельности является труд. 1. Как Вы думаете, почему для человека важно заниматься трудовой деятельностью? 2. Составьте рассказ о профессии, которая Вам нравится и хорошо знакома, используя следующий план. 1) Какая профессия Вам нравится? Почему? 2) Как Вы думаете, знание каких школьных предметов необходимо для получения названной Вами профессии? С какими профессиональными трудност",Нет,Нет
vpr_sd_945684,social,6,"В школах города Z студенты педагогического университета провели опрос среди шестиклассников о том, какие дополнительные занятия (кружки, студии, секции и др.) посещает каждый шестиклассник. В опросе приняли участие 62 мальчика и 38 девочек. Результаты опроса (в % от числа отвечавших) представлены в графическом виде. 1. Какой вид занятий посещает наибольшая доля опрошенных? Предположите почему. 2. ",Нет,Да
vpr_sd_945352,social,6,"К сожалению, наша жизнь не обходится без конфликтов, даже с очень близкими нам людьми (см. фотографию). 1. Чем, как правило, руководствуетесь Вы при разрешении конфликтов с близкими и друзьями? (Назовите не менее двух мотивов.) 2. Как Вы думаете, почему возникают конфликты между близкими людьми?",Нет,Да
vpr_sd_946121,social,6,"Каждый гражданин имеет право на образование. 1. Как Вы думаете, почему в соответствии с Конституцией РФ на родителей возложена обязанность обеспечить получение детьми основного общего образования? 2. Составьте рассказ о своей учёбе, используя следующий план: 1) Какие цели Вы ставите перед собой, обучаясь в общеобразовательной школе? Почему достижение поставленных целей для Вас важно? 2) Какие школ",Нет,Нет
vpr_sd_945918,social,6,"Фонд Общественное мнение в январе 2016 г. провёл опрос совершеннолетних россиян о том, сколько примерно времени в день они проводят в Интернете. Результаты опроса (в % от числа отвечавших) представлены в графическом виде. 1. Как ответила наибольшая доля опрошенных? Предположите почему. 2. Много или мало времени наибольшая доля опрошенных проводит в Интернете? Поясните свой ответ. 3. Какой ответ на",Нет,Да
vpr_sd_945385,social,6,"Привлекая обществоведческие знания, составьте краткое (из 5–7 предложений) сообщение о нашей стране, используя все приведённые ниже понятия: Граждане РФ, права и обязанности, референдум, выборы, Президент РФ, Государственная Дума.",Нет,Нет
vpr_sd_945386,social,6,"В нашей стране каждый человек имеет право на труд. 1. Как Вы думаете, почему каждому человеку необходимо трудиться? 2. Составьте рассказ о роли труда в жизни современного человека, используя следующий план. 1) Какие профессии популярны в современном обществе? Почему? 2) В чём состоит ценность домашнего труда? Как связаны трудовая и познавательная деятельность?",Нет,Нет
vpr_sd_945862,social,6,"Среди жителей города Т проводился опрос, в ходе которого респондентам было предложено ответить на вопрос: «Пользуетесь ли Вы регулярно какой-либо библиотекой?» Результаты опроса (в % от числа опрошенных) представлены на диаграмме. Граждане каких двух категорий пользуются библиотекой наиболее часто? Предположите почему (выскажите не менее двух предположений).",Нет,Да
vpr_sd_945867,social,6,"Прочитайте «вредный совет» известного детского писателя Г.Остера. Если вы, не спросив разрешенья войти, В середине урока вбегаете в класс, Не забудьте учителю строго сказать, Что сегодня опять недовольны вы им, Пусть родителям он престарелым своим Передаст, чтобы завтра же в школу пришли. Будет с ними серьёзный у вас разговор, Потому что уже невозможно прощать Безобразные выходки эти его. Почему о",Нет,Нет
vpr_sd_945742,social,6,"Человек не смыслит себя вне общества, а значит и вне общения. (см фотографию) 1. Как вы считаете, может ли человек обойтись в своей жизни без контактов с людьми? 2. Зачем человеку речь?",Нет,Да
vpr_sd_946129,social,6,"Привлекая обществоведческие знания, составьте краткое (из 5—7 предложений) сообщение о нашей стране, используя все приведённые ниже понятия: Российская Федерация, Конституция РФ, столица, государственный флаг, государственный герб, государственный гимн.",Нет,Нет
vpr_sd_945778,social,6,"Потребности выступают в качестве мотивов деятельности, заставляют человека планировать свои действия и предпринимать определенные усилия. 1. В чем заключается различие духовных и физиологических потребностей? 2. Составьте рассказ о духовных потребностях, используя план. — Что составляет духовный мир человека? Почему? — Назовите духовные потребности присущие вам? Какие способы их удовлетворения вы ",Нет,Нет
vpr_sd_946149,social,6,"Писателю Бернарду Шоу принадлежит следующее высказывание: «Я счастлив, потому что мне некогда подумать, что я несчастлив». 1. Как Вы понимаете смысл слова «счастье»? 2. Дайте своё объяснение смысла высказывания. 3. Как Вы думаете, почему все люди стремятся стать счастливыми?",Нет,Нет
vpr_sd_946174,social,6,"В настоящее время многие школьники активно используют интернет-ресурсы для обучения (см. фотографию). 1. Чем использование интернет-ресурсов может помочь школьникам в обучении? Приведите два объяснения. 2. В чём, по Вашему мнению, может проявляться негативное влияние сети Интернет на подростков?",Нет,Да
vpr_sd_946105,social,6,"Привлекая обществоведческие знания, составьте краткое (из 5—7 предложений) сообщение о нашей стране, используя все приведённые ниже понятия: Российская Федерация, субъекты РФ, Конституция РФ, глава государства, Федеральное Собрание РФ, правосудие.",Нет,Нет
vpr_sd_945768,social,7,"Установите соответствие между правоохранительными органами РФ и приведенными функциями: к каждой позиции, данной в первом столбце, подберите соответствующую позицию из второго столбца. ФУНКЦИИ A) охрана общественного порядка Б) надзор за исполнением законов B) раскрытие преступлений Г) координация деятельности правоохранительных органов по борьбе с преступностью Д) розыск лиц, скрывающихся от суда",Нет,Нет
vpr_sd_945672,social,7,"Установите соответствие между примерами и видами экономической деятельности: к каждому элементу, данному в первом столбце, подберите элемент из второго столбца. ПРИМЕРЫ А) покупка рассады овощей Б) посадка в огороде рассады овощей В) уход за растениями в теплице Г) сбор урожая Д) употребление в пищу купленных овощей ВИДЫ ЭКОНОМИЧЕСКОЙ ДЕЯТЕЛЬНОСТИ 1) производство 2) обмен 3) потребление Запишите в",Нет,Нет
vpr_sd_945723,social,7,"Установите соответствие между характеристиками и видами социальных норм: к каждому элементу, данному в первом столбце, подберите элемент из второго столбца. ХАРАКТЕРИСТИКИ А) регулирование общественных отношений Б) общеобязательность для всего населения, проживающего на территории определённого государства В) установление общих правил поведения Г) охрана исключительно силой общественного мнения и ",Нет,Нет
vpr_sd_945913,social,7,"В ст. 37 Конституции РФ записано: «Труд свободен. Каждый имеет право свободно распоряжаться своими способностями к труду, выбирать род деятельности и профессию». 1. Объясните, как Вы понимаете смысл фразы: «Труд свободен». 2. Взрослые могут многое рассказать о своей трудовой деятельности, но в школьные годы главная деятельность — это учёба. Проанализируйте своё свободное от учёбы время и место тру",Нет,Нет
vpr_sd_946168,social,7,"Выберите верные суждения и запишите цифры, под которыми они указаны. 1) Общество — это совокупность природных и социальных сил. 2) Расположение социальных групп в обществе можно представить в виде социальной лестницы. 3) Количество ресурсов для производства экономических благ ограничено. 4) Правительство осуществляет законодательную власть в государстве. 5) Нормативный правовой акт принимается ком",Нет,Нет
vpr_sd_945715,social,7,"Центр юридической помощи населению провёл опрос среди граждан различных возрастных групп о том, какие из перечисленных видов гражданско-правовых договоров им чаще всего приходилось заключать. (При ответе можно было выбрать несколько вариантов.) Результаты опроса (в % от числа отвечавших) представлены в графическом виде. 1. Как ответила наибольшая доля опрошенных? Предположите почему. 2. Одни люди ",Нет,Да
vpr_sd_945790,social,7,"Установите соответствие между основными функциями и правоохранительными органами власти Российской Федерации, которые их исполняют. ФУНКЦИИ A) удостоверение верности копии документа, подписи, перевода Б) разрешение конфликтов и споров на основании закона, защита прав и восстановление нарушенных прав и свобод B) обеспечение общественного порядка и безопасности Г) составление завещания Д) выявление,",Нет,Нет
vpr_sd_946120,social,7,"Русскому общественному деятелю, герою Отечественной войны 1812 г. П. И. Пестелю принадлежит высказывание: «Право без предварительной обязанности есть ничто…» 1. Как Вы понимаете смысл понятия «обязанность»? 2. Дайте своё объяснение смысла высказывания. 3. Как Вы думаете, почему в Конституции РФ закреплены обязанности гражданина?",Нет,Нет
vpr_sd_945688,social,7,"Гражданке РФ Марии 12 лет. Найдите в приведённом списке позиции, отражающие её правовой статус, и запишите цифры, под которыми они указаны. 1) совершать мелкие бытовые сделки 2) совершать сделки, направленные на безвозмездное получение выгоды, не требующие нотариального удостоверения либо государственной регистрации 3) быть заслушанной в ходе судебного разбирательства по определению места жительст",Нет,Нет
vpr_sd_945545,social,7,"Конституция провозглашает Россию федеративным государством (см. фотографию). 1. Как Вы думаете: а) что такое Федерация? б) с какой целью субъектам Федерации предоставляется относительная самостоятельность в решении внутренних вопросов субъекта? 2. Какие ещё основы конституционного строя, закреплённые в Конституции РФ, Вы знаете? (Назовите две характеристики.)",Нет,Да
vpr_sd_946130,social,7,"Михаил П. заболел и вызвал врача из муниципальной поликлиники. К какой группе прав (свобод) относится право бесплатно получать медицинскую помощь в муниципальных учреждениях здравоохранения за счёт средств соответствующего бюджета, страховых взносов, других поступлений?",Нет,Нет
vpr_sd_946152,social,7,"Привлекая обществоведческие знания, составьте краткое (из 5–7 предложений) сообщение о праве человека на образование, используя все приведённые ниже понятия. Конституция РФ, право на образование, бесплатность, основное общее образование, права обучающегося, обязанности обучающегося.",Нет,Нет
vpr_sd_945837,social,7,"Привлекая обществоведческие знания, составьте краткое (из 5–7 предложений) сообщение об имуществе и доходах семьи, используя все приведённые ниже понятия. Семья; доходы семьи; заработная плата; подсобное хозяйство; фиксированный доход; имущество.",Нет,Нет
vpr_sd_945866,social,7,"Привлекая обществоведческие знания, составьте краткое (из 5–7 предложений) сообщение о роли законов в общественной жизни, используя все приведённые ниже понятия. Право; законы; государство; порядок; Конституция РФ; юридическая ответственность",Нет,Нет
vpr_sd_946109,social,7,"Привлекая обществоведческие знания, составьте краткое (из 5–7 предложений) сообщение о гражданских правоотношениях, используя все приведённые ниже понятия. Гражданские правоотношения, суд, неприкосновенность собственности, свой интерес, договор, самозащита.",Нет,Нет
vpr_sd_945691,social,7,"Привлекая обществоведческие знания, составьте краткое (из 5–7 предложений) сообщение об обязанностях гражданина РФ, используя все приведённые ниже понятия. Конституция РФ, правовой статус гражданина, права и свободы человека и гражданина, обязанности гражданина РФ, защита Отечества, нравственное чувство.",Нет,Нет
vpr_sd_945787,social,7,"Привлекая обществоведческие знания, составьте краткое (из 5–7 предложений) сообщение о суде в РФ, используя все приведённые ниже понятия. Суд; правосудие; юридическая ответственность; презумпция невиновности; вина; судья.",Нет,Нет
vpr_sd_945873,social,7,"Привлекая обществоведческие знания, составьте краткое (из 5–7 предложений) сообщение правах ребенка в РФ, используя все приведённые ниже понятия. Права ребенка; государство; Уполномоченный по правам ребенка; правовая грамотность; административная ответственность; уголовная ответственность.",Нет,Нет
vpr_sd_945705,social,7,"Привлекая обществоведческие знания, составьте краткое (из 5–7 предложений) сообщение об отклоняющемся поведении, используя все приведённые ниже понятия. Социальные нормы, отклоняющееся поведение, преступление, наркомания, алкоголизм, моральная ответственность.",Нет,Нет
vpr_sd_945808,social,7,"Привлекая обществоведческие знания, составьте краткое (из 5–7 предложений) сообщение о торговле, используя все приведённые ниже понятия. Торговля; производители; потребители; оптовая и розничная торговля; реклама; товар.",Нет,Нет
vpr_sd_945880,social,7,"Привлекая обществоведческие знания, составьте краткое (из 5–7 предложений) сообщение правах и обязанностях человека и гражданина РФ, используя все приведённые ниже понятия. Конституция РФ; конституционные обязанности; конституционные права; гражданские (личные) права; политические права; культурные права.",Нет,Нет
vpr_sd_945698,social,7,"Привлекая обществоведческие знания, составьте краткое (из 5–7 предложений) сообщение о правах и обязанностях детей и родителей в РФ, используя все приведённые ниже понятия. Семейные отношения, Семейный кодекс РФ, особенность родительских прав, обязанности родителей, лишение родительских прав, обязанности совершеннолетних детей в отношении их родителей.",Нет,Нет
vpr_sd_946174,social,7,"Привлекая обществоведческие знания, составьте краткое (из 5–7 предложений) сообщение о морали, используя все приведённые ниже понятия. Мораль, добро, моральный выбор, нравственные принципы, поступки, совесть.",Нет,Нет
vpr_sd_946059,social,7,"Привлекая обществоведческие знания, составьте краткое (из 5–7 предложений) сообщение о юридической ответственности в РФ, используя все приведённые ниже понятия. Юридическая ответственность, правонарушение, государство, суд, лишения личного характера, выплата неустойки.",Нет,Нет
vpr_sd_945794,social,7,"Привлекая обществоведческие знания, составьте краткое (из 5–7 предложений) сообщение о дисциплинарной ответственности в РФ, используя все приведённые ниже понятия. Дисциплинарный проступок; Трудовой кодекс РФ; виды наказаний; прогул; дисциплинарная ответственность; выговор.",Нет,Нет
vpr_sd_946153,social,7,"В ст. 29 Конституции РФ записано: «Каждый имеет право свободно искать, получать, передавать, производить и распространять информацию любым законным способом». 1. В чём состоит смысл выражения «право свободно… распространять информацию любым законным способом»? 2. Вы в повседневной жизни, на уроках пользуетесь различной информацией. Составьте рассказ о роли информации в Вашей деятельности, использу",Нет,Нет
vpr_sd_945816,social,7,"В ст. 48 Конституции РФ записано: «Каждому гарантируется право на получение квалифицированной юридической помощи. В случаях, предусмотренных законом, юридическая помощь оказывается бесплатно». 1. Объясните, как Вы понимаете смысл фразы: «Каждому гарантируется право на получение квалифицированной юридической помощи». 2. Составьте рассказ о видах юридической помощи, используя следующий план: 1) Каки",Нет,Нет
vpr_sd_945831,social,7,"В ст. 45 Конституции РФ записано: «Государственная защита прав и свобод человека и гражданина в Российской Федерации гарантируется. Каждый вправе защищать свои права и свободы всеми способами, не запрещенными законом». 1. Объясните, как Вы понимаете смысл фразы: «Государственная защита прав и свобод человека и гражданина в Российской Федерации гарантируется». 2. Проанализируйте свои познания в обл",Нет,Нет
vpr_sd_945852,social,7,"В ст. 44 Конституции РФ записано: «Каждому гарантируется свобода литературного, художественного, научного, технического и других видов творчества, преподавания». 1. Объясните, как Вы понимаете смысл фразы: «Свобода творчества». 2. В школьные годы главная деятельность — это учёба. Проанализируйте своё свободное от учёбы время и место творчества в нем. Составьте рассказ о видах своей творческой деят",Нет,Нет
vpr_sd_945867,social,7,"В ст. 43 Конституции РФ записано: «Каждый имеет право на образование. Гарантируются общедоступность и бесплатность дошкольного, основного общего и среднего профессионального образования в государственных или муниципальных образовательных учреждениях и на предприятиях.». 1. Объясните, как Вы понимаете смысл фразы: «Каждый имеет право на образование». 2. В подростковом возрасте главная деятельность ",Нет,Нет
vpr_sd_945541,social,7,"Выберите верные суждения и запишите цифры , под которыми они указаны. 1) Распределение материальных благ относится к социальной сфере жизни общества. 2) К духовной сфере жизни общества относятся образование, наука, искусство. 3) Игра является ведущим видом деятельности дошкольника. 4) Вещь, созданную для продажи, называют товаром. 5) Одной из главных функций семьи является обеспечение правопорядка",Нет,Нет
vpr_sd_945694,social,7,"Установите соответствие между функциями и государственными органами, которые их осуществляют: к каждому элементу, данному в первом столбце, подберите элемент из второго столбца. ФУНКЦИИ А) борьба с уличной преступностью Б) контроль за соблюдением законности всеми участниками общественной жизни В) вынесение решения или приговора Г) надзор за соблюдением прав и свобод человека и гражданина Д) разреш",Нет,Нет
vpr_sd_945892,social,7,"В России на Новый год принято ставить и украшать елку, дарить друг другу подарки. Какие виды социальных норм нашли отражения в данном примере? Укажите цифры, под которыми они указаны. . 1) предписывающие нормы 2) запрещающие нормы 3) формальные нормы 4) неформальные нормы 5) обычаи и традиции 6) нормы морали",Нет,Нет
vpr_sd_946101,social,7,Гражданка РФ Светлана В. вышла на пенсию. К какой группе прав (свобод) относится право на получение пенсии по возрасту?,Нет,Нет
vpr_sd_945817,social,7,"Выберите верные суждения и запишите цифры, под которыми они указаны. 1) Разделение труда представляет собой показатель количества произведенной продукции за единицу времени. 2) С разделением труда возрастает его производительность. 3) Прибыль — превышение выручки от продажи товаров и услуг над общей суммой затрат на их производства. 4) Затраты бывают постоянные и переменные. 5) Увеличение стоимост",Нет,Нет
vpr_sd_945876,social,7,"Установите соответствие между примерами и видами прав человека. К каждому элементу, данному в первом столбце, подберите элемент из второго столбца. ПРИМЕРЫ ПРАВ ЧЕЛОВЕКА А) право на владение собственностью Б) право на демонстрации, митинги В) право на охрану здоровья и медицинскую помощь Г) право избирать и быть избранным Д) право на жизнь ВИДЫ ПРАВ ЧЕЛОВЕКА 1) гражданские (личные) права 2) полити",Нет,Нет
vpr_sd_945703,social,7,"Кириллу 45 лет, он преподаёт высшую математику в университете. Какие права и свободы гарантированы ему в соответствии с Конституцией РФ? Запишите цифры, под которыми они указаны. 1) беречь памятники истории и культуры 2) лично обращаться в государственные органы 3) иметь доступ к культурным ценностям 4) платить законно установленные налоги и сборы 5) защищать Отечество 6) бесплатно получать медици",Нет,Нет
vpr_sd_945516,social,7,Коммерческий банк финансировал съёмку цикла телепередач о жизни и творчестве В. В. Маяковского. К какой сфере общественной жизни относят цикл телепередач о жизни и творчестве В. В. Маяковского?,Нет,Нет
vpr_sd_946160,social,7,"В ст. 26 Конституции РФ записано: «Каждый вправе определять и указывать свою национальную принадлежность». 1. Как Вы понимаете смысл словосочетания «национальная принадлежность»? 2. Составьте рассказ о национальной принадлежности, используя следующий план. 1) Какие признаки характеризуют принадлежность человека к той или иной национальности? Почему, по Вашему мнению, человеку важно знать историю с",Нет,Нет
vpr_sd_945839,social,7,"Выберите верные суждения и запишите цифры, под которыми они указаны. 1) Заработная плата является трудовым денежным вознаграждением. 2) Сдельная заработная плата зависит от количества отработанных часов. 3) Производительность труда определяется объемом товаров, произведенных за единицу времени. 4) Квалификация работника не влияет на его производительность труда. 5) Потребитель — тот, кто используе",Нет,Нет
vpr_sd_945700,social,7,"В ходе выполнения проектной работы по обществознанию старшеклассники провели опрос обучающихся 7–8 классов о том, кто или что в наибольшей степени влияет на их привычки и жизненные установки. (При ответе можно было выбрать несколько вариантов.) Результаты опроса (в % от числа отвечавших) представлены в графическом виде. 1. Как ответила наибольшая доля опрошенных? Предположите почему. 2. Одни люди ",Нет,Да
vpr_sd_946127,social,7,"Установите соответствие между примерами и элементами статуса гражданина РФ: к каждому элементу, данному в первом столбце, подберите элемент из второго столбца. ПРИМЕРЫ А) сохранение природы Б) забота совершеннолетних трудоспособных детей о нетрудоспособных родителях В) вознаграждение за труд без какой бы то ни было дискриминации Г) участие в управлении делами государства Д) владение землёй ЭЛЕМЕНТ",Нет,Нет
vpr_sd_946063,social,7,"Знаменитому итальянскому архитектору, музыканту, изобретателю, инженеру, скульптору и художнику эпохи Возрождения Леонардо да Винчи принадлежит следующее высказывание: «Оскорбляя другого, ты не заботишься о самом себе». 1. Как Вы понимаете смысл слова «оскорбление»? 2. Дайте своё объяснение смысла высказывания. 3. Какие качества, по Вашему мнению, должны лежать в основе отношений между людьми? (На",Нет,Нет
vpr_sd_945885,social,7,"Семену 13 лет. Какие права есть у Семена? Запишите цифры, под которыми указаны верные ответы. 1) участвовать на выборах в качестве избирателя 2) вносить вклады в банк 3) покупать в магазине конфеты 4) получать подарки от родителей 5) устраиваться работать курьером в каникулярное время 6) давать согласие на изменение своего имени и фамилии",Нет,Нет
vpr_sd_945689,social,7,На фотографии изображён молодой человек. 1. Как Вы думаете: а) в каком учреждении культуры он находится; б) каково назначение таких учреждений культуры? 2. Какие ещё учреждения культуры Вы знаете? (Назовите любые два учреждения.),Нет,Да
vpr_sd_945894,social,7,Денис Игоревич написал картину. К какой сфере общественной жизни относят написание картины?,Нет,Нет
vpr_sd_944879,social,7,"Привлекая обществоведческие знания, составьте краткое (из 5–7 предложений) сообщение о правонарушениях, используя все приведённые ниже понятия. Правонарушение, виновность, преступления, проступки, государство, юридическая ответственность.",Нет,Нет
vpr_sd_945744,social,7,"В ст. 39 Конституции РФ записано: «Поощряются ... создание дополнительных форм социального обеспечения и благотворительность.». 1. Объясните, как Вы понимаете смысл фразы: «Поощряется благотворительность». 2. Взрослые могут многое рассказать о своей благотворительной деятельности, но в школьные годы главная деятельность — это учёба. Проанализируйте своё свободное от учёбы время и место помощи окру",Нет,Нет
vpr_sd_945780,social,7,"В ст. 38 Конституции РФ записано: «Трудоспособные дети, достигшие 18 лет, должны заботиться о нетрудоспособных родителях». 1. Объясните, как Вы понимаете смысл фразы: «Трудоспособные дети, достигшие 18 лет, должны заботиться о нетрудоспособных родителях». 2. Сейчас Вы еще не достигли совершеннолетия, но обязанности помогать своим родителям и другим членам семьи, прежде всего моральные, у Вас уже е",Нет,Нет
vpr_sd_946124,social,7,"В ст. 44 Конституции РФ записано: «Каждый имеет право на участие в культурной жизни и …доступ к культурным ценностям». 1. Объясните, как Вы понимаете смысл выражения «доступ к культурным ценностям». 2. Конституционное право каждого гражданина на участие в культурной жизни прежде всего связано с духовным развитием личности. Составьте рассказ о своих возможностях участия в культурной жизни, использу",Нет,Нет
vpr_sd_945759,social,7,"В ст. 37 Конституции РФ записано: «Каждый имеет право на отдых. Работающему по трудовому договору гарантируются установленные федеральным законом продолжительность рабочего времени, выходные и праздничные дни, оплачиваемый ежегодный отпуск.». 1. Объясните, как Вы понимаете смысл фразы: «Право на отдых». 2. Взрослые могут многое рассказать о своей трудовой деятельности, но в школьные годы главная д",Нет,Нет
vpr_sd_945540,social,7,"В ст. 44 Конституции РФ записано: «Каждому гарантируется свобода литературного, художественного, научного, технического и других видов творчества, преподавания». 1. Объясните, как Вы понимаете смысл фразы: «свобода творчества». 2. Все мы знаем, что каждый ребёнок в Российской Федерации имеет возможность заниматься любыми видами творчества. Подумайте, как связаны свобода творчества и развитие спосо",Нет,Нет
vpr_sd_945525,social,7,"В ст. 32 Конституции РФ записано: «Граждане Российской Федерации имеют право участвовать в управлении делами государства как непосредственно, так и через своих представителей». 1. Как вы понимаете, что значит, «участвовать в управлении делами государства через своих представителей»? 2. Право выбирать своих представителей относится к политическим правам гражданина. Составьте рассказ о роли политиче",Нет,Нет
vpr_sd_945888,social,7,"В ст. 38 Конституции РФ записано: «Материнство и детство, семья находятся под защитой государства. Забота о детях, их воспитание - равное право и обязанность родителей.». 1. Объясните, как Вы понимаете смысл фразы: «Забота о детях, их воспитание - равное право и обязанность родителей». 2. Проанализируйте, что Вы знаете о том, как государство реализует защиту семьи, материнства и детства. Составьте",Нет,Нет
vpr_sd_945684,social,7,"В ст. 32 Конституции РФ записано: «Граждане Российской Федерации имеют право участвовать в управлении делами государства как непосредственно, так и через своих представителей». 1. Как Вы понимаете, что значит, «участвовать в управлении делами государства через своих представителей»? 2. Право выбирать своих представителей относится к политическим правам гражданина. Составьте рассказ о роли политиче",Нет,Нет
vpr_sd_945677,social,7,"В ст. 42 Конституции РФ записано: «Каждый имеет право на благоприятную окружающую среду». 1. Как Вы понимаете смысл выражения «благоприятная окружающая среда»? 2. Проанализируйте свои знания и свой опыт в сфере экологии и природоохранной деятельности. Составьте рассказ, используя следующий план. 1) Какие неблагоприятные для окружающей среды факторы есть в Вашем населённом пункте? Можно ли оценить ",Нет,Нет
vpr_sd_946074,social,7,"В ст. 43 Конституции РФ записано: «Каждый имеет право на образование. Гарантируется общедоступность и бесплатность дошкольного, основного общего и среднего профессионального образования в государственных или муниципальных образовательных учреждениях». 1. Как Вы понимаете смысл словосочетания «общедоступность образования»? 2. Проанализируйте свои знания и свой опыт обучения в школе. Составьте расск",Нет,Нет
vpr_sd_946117,social,7,"В ст. 37 Конституции РФ записано: «Каждый имеет право свободно распоряжаться своими способностями к труду, выбирать род деятельности и профессию». 1. Как Вы понимаете смысл выражения «свободно распоряжаться своими способностями к труду»? 2. Составьте рассказ о своей будущей профессии, используя следующий план. 1) Какая профессия Вас привлекает? Почему? 2) Какие качества личности являются самыми ва",Нет,Нет
vpr_sd_945795,social,7,"В ст. 30 Конституции РФ записано: «Каждый имеет право на объединение... для защиты своих интересов. Свобода деятельности общественных объединений гарантируется.». 1. Объясните, как Вы понимаете смысл фразы: «Каждый имеет право на объединение». 2. Взрослые могут многое рассказать о политических партиях и общественных движениях, но в школьные годы главная деятельность — это учёба. Проанализируйте св",Нет,Нет
vpr_sd_946067,social,7,"В ст. 35 Конституции РФ записано: «Право частной собственности охраняется законом». 1. Как Вы понимаете смысл понятия «право частной собственности»? 2. Вы уже обладаете некоторыми имущественными правами. Составьте рассказ об использовании имущественных прав, используя следующий план. 1) Какие имущественные права имеют подростки в 14 лет? Как эти права можно использовать в повседневной жизни? 2) Ка",Нет,Нет
vpr_sd_946081,social,7,"В ст. 44 Конституции РФ записано: «Каждый обязан заботиться о сохранении исторического и культурного наследия, беречь памятники истории и культуры». 1. Как Вы понимаете смысл словосочетания «историческое и культурное наследие»? 2. Составьте рассказ об исполнении обязанности гражданина РФ заботиться о сохранении исторического и культурного наследия, используя следующий план. 1) Какие объекты истори",Нет,Нет
vpr_sd_945903,social,7,"В ст. 34 Конституции РФ записано: «Каждый имеет право на свободное использование своих способностей и имущества для предпринимательской и иной не запрещенной законом экономической деятельности». 1. Объясните, как Вы понимаете смысл фразы: «Свобода предпринимательской деятельности». 2. Взрослые могут многое рассказать о своей предпринимательской деятельности, но в школьные годы главная деятельность",Нет,Нет
vpr_sd_945845,social,7,"В ст. 44 Конституции РФ записано: «Каждый имеет право на участие в культурной жизни и пользование учреждениями культуры, на доступ к культурным ценностям». 1. Объясните, как Вы понимаете смысл фразы: «Каждый имеет право на доступ к культурным ценностям». 2. В школьные годы главная деятельность — это учёба. Проанализируйте своё свободное от учёбы время и место участия в культурной жизни в нём. Сост",Нет,Нет
vpr_sd_946103,social,7,"В ст. 41 Конституции РФ записано: «Каждый имеет право на охрану здоровья и медицинскую помощь». 1. Как Вы понимаете смысл словосочетания «охрана здоровья»? 2. Проанализируйте Ваши действия по укреплению своего здоровья. Составьте рассказ о том, каким образом Вы заботитесь о своём здоровье, используя следующий план. 1) Как сохранение здоровья связано с образом жизни человека? Какие Ваши действия по",Нет,Нет
vpr_sd_945875,social,7,"Выберите верные суждения и запишите цифры, под которыми они указаны. 1) Законопослушание предполагает активную, осознанную, полезную для общества деятельность, связанную с реализацией своих прав и выполнением обязанностей. 2) Все социальные нормы содержатся в документах, издаваемых разными государственными органами, — в законах, указах, постановлениях. 3) Противозаконное поведение несет вред общес",Нет,Нет
vpr_sd_945883,social,7,"В ходе социологического опроса совершеннолетним жителям города Z задавали вопрос: «Что из перечисленного наиболее важно, чтобы магазин, в котором Вы покупаете продукты, полностью Вас устраивал?» Результаты опроса (в % от числа отвечавших) представлены в графическом виде. 1. Как ответила наибольшая доля опрошенных? Предположите почему. 2. Одни люди считают наиболее важным удобное время работы; друг",Нет,Да
vpr_sd_945783,social,7,"Установите соответствие между органами по обеспечению правовой помощи в РФ и приведенными функциями: к каждой позиции, данной в первом столбце, подберите соответствующую позицию из второго столбца. ФУНКЦИИ А) придание совершаемым сторонами действиям юридической силы Б) консультирование по правовым вопросам В) удостоверение сделок и установление фактов Г) участие в качестве представителя доверителя",Нет,Нет
vpr_sd_945776,social,7,"Современному американскому актеру Джону Биллингсу принадлежит следующее высказывание: «За деньги можно, конечно, купить очаровательного пса, но никакие деньги не заставят его радостно вилять хвостом». 1. Как Вы понимаете смысл слова «деньги»? 2. Дайте своё объяснение смысла высказывания. 3. Как Вы думаете, что невозможно купить за деньги?",Нет,Нет
vpr_sd_945835,social,7,"Дед Макар решил распорядиться своим имуществом. Он решил, что в случае его смерти дом должен достаться внуку Ивану, а дача внучке Ане. Остальное имущество пусть разделят дети поровну. Что следует предпринять деду Макару, что бы распорядиться своим имуществом? Запишите цифры, под которыми указаны верные ответы. 1) обратиться в прокуратуру 2) обратиться в суд 3) обратиться к нотариусу 4) составить и",Нет,Нет
vpr_sd_945857,social,7,"В современном мире можно встретить случаи нарушения закона (см. фотографию). 1. Как Вы думаете: а) что такое правонарушение; б) с какого возраста человек подлежит уголовной ответственности за наиболее серьезные виды преступлений, а с какого за все? 2. Каким образом государство карает за совершение правонарушения?",Нет,Да
vpr_sd_945764,social,7,"Иван Семенович работает лесником, он задержал трех молодых людей, которые охотились на животных, занесенных в Красную книгу. Как называется такой вид деятельности молодых людей?",Нет,Нет
vpr_sd_946058,social,7,Иван приобрёл в магазине телевизор. К какой сфере общественной жизни относят покупку товаров?,Нет,Нет
vpr_sd_945912,social,7,Павел Анатольевич приобрёл в магазине телевизор. К какой сфере общественной жизни относят покупку товаров?,Нет,Нет
vpr_sd_945910,social,7,"В ст. 29 Конституции РФ записано: «1. Каждому гарантируется свобода мысли и слова... Каждый имеет право свободно искать, получать, передавать, производить и распространять информацию любым законным способом. ...». 1. Объясните, как Вы понимаете смысл фразы: «Каждому гарантируется свобода мысли и слова». 2. Составьте рассказ о способах поиска, получения и распространения информации, используя следу",Нет,Нет
vpr_sd_945714,social,7,"Выберите верные суждения и запишите цифры, под которыми они указаны. 1) Общество — это совокупность всех форм объединения людей и способов их взаимодействия. 2) Под духовной культурой обычно понимают совокупность созданных человеком предметов, технологий. 3) В республике высшую государственную власть осуществляют выборные органы, избираемые населением на определённый срок. 4) Право, в отличие от д",Нет,Нет
vpr_sd_945847,social,7,"Социологическая служба опросила жителей города Z о том, где они чаще всего покупают одежду, обувь. Результаты опроса (в % от числа отвечавших) представлены в графическом виде. 1. Как ответила наибольшая доля опрошенных? Предположите почему. 2. Одни люди чаще покупают одежду и обувь в интернет-магазинах; другие предпочитают приобретать одежду и обувь в специализированных магазинах. Какая категория ",Нет,Да
vpr_sd_946142,social,7,"Русскому советскому писателю и журналисту В. С. Гроссману принадлежит следующее высказывание: «Доброта отдельного человека к отдельному человеку, доброта без свидетелей, малая… случайная доброта вечна». 1. Как Вы понимаете смысл словосочетания «доброта без свидетелей»? 2. Дайте своё объяснение смысла высказывания. 3. Как Вы думаете, почему правила морали важны для человека на протяжении тысяч лет?",Нет,Нет
vpr_sd_945674,social,7,"Виталию 50 лет. Какие политические права и свободы гарантированы ему в соответствии с Конституцией РФ? Запишите цифры, под которыми они указаны. 1) избирать в органы государственной власти 2) распоряжаться имуществом 3) пользоваться учреждениями культуры 4) распоряжаться своими способностями к труду 5) непосредственно участвовать в управлении делами государства 6) направлять обращения в государств",Нет,Нет
vpr_sd_945821,social,7,Один из правоохранительных органов в РФ — полиция (см. фотографию). 1. Как Вы думаете: а) что такое полиция; б) с какой целью полиция создается в государстве? 2. Какие ещё правоохранительные органы Вы знаете? (Назовите два таких органа.),Нет,Да
vpr_sd_945836,social,7,"Против Марии Ивановны возбудили уголовное дело, обвинив ее в мошенничестве. Кто будет защищать интересы Марии Ивановны в суде?",Нет,Нет
vpr_sd_945669,social,7,"Привлекая обществоведческие знания, составьте краткое (из 5–7 предложений) сообщение о правонарушениях, используя все приведённые ниже понятия. Юридическая ответственность, правонарушения, общественная опасность, преступления, проступки, государство.",Нет,Нет
vpr_sd_945699,social,7,"В ст. 26 Конституции РФ записано: «Каждый имеет право на пользование родным языком, на свободный выбор языка общения, воспитания, обучения и творчества». 1. Объясните, как Вы понимаете смысл выражения «пользование родным языком». 2. Мы живём в многонациональной стране. Проанализируйте свой круг общения. Составьте рассказ о своём опыте общения, используя следующий план. 1) Какой язык является для В",Нет,Нет
vpr_sd_946118,social,7,"Выберите верные суждения и запишите цифры, под которыми они указаны. 1) Общество — это всё человечество в его прошлом, настоящем и будущем. 2) Учением называют деятельность, направленную на создание материальных и духовных ценностей. 3) Денежная оценка затрат всех ресурсов, задействованных в производстве товаров, составляет прибыль фирмы. 4) Власть — это отношение между людьми, способность одних л",Нет,Нет
vpr_sd_945832,social,7,"Учёные опросили группу 45-летних жителей страны Z. Женщинам и мужчинам задавали вопрос: «Почему снижается воспитательный потенциал семьи?». Результаты опроса представлены в гистограмме 1. Как ответила наибольшая доля опрошенных среди женщин? Предположите почему. 2. Одни мужчины считают воспитательный потенциал семьи снижается из-за плохих отношений между родителями; другие считают, что из-за отсут",Нет,Да
vpr_sd_945701,social,7,"Установите соответствие между ситуациями и отраслями права, которые призваны их регулировать: к каждому элементу, данному в первом столбце, подберите элемент из второго столбца. СИТУАЦИИ А) Гражданин нарвал на городской клумбе цветов для своей девушки. Б) Гражданин заключил с фирмой договор о ремонте квартиры. В) Гражданка была оштрафована контролёром за безбилетный проезд в автобусе. Г) Гражданин",Нет,Нет
vpr_sd_945863,social,7,"Писателю и журналисту Кармину Галло принадлежит следующее высказывание, обращённое к предпринимателям: «Ваши потребители всегда думают о своём бюджете. А в тяжёлые времена думают о нём всё время». 1. Как Вы понимаете смысл слова «потребитель»? 2. Дайте своё объяснение смысла высказывания. 3. Как Вы думаете, почему для потребителя важно планировать свой бюджет?",Нет,Нет
vpr_sd_945886,social,7,Одним из объектов собственности являются деньги (см. фотографию). 1. Как Вы думаете: а) что такое деньги; б) какие существуют виды денег (назовите два вида)? 2. Какие функции денег Вы знаете? (Назовите две такие функции.),Нет,Да
vpr_sd_945887,social,7,"Семен перебежал дорогу на красный сигнал светофора, в результате чего создал аварийную ситуацию на проезжей части. Какой вид социальных норм нарушил Семен?",Нет,Нет
vpr_sd_945897,social,7,"Фонд Общественное мнение в январе 2016 г. провёл опрос совершеннолетних россиян о том, сколько примерно времени в день они проводят в Интернете. Результаты опроса (в % от числа отвечавших) представлены в графическом виде. 1. Как ответила наибольшая доля опрошенных? Предположите почему. 2. Одни люди проводят в интернете менее получаса; другие — от получаса до часа. Какая категория среди опрошенных ",Нет,Да
vpr_sd_946148,social,7,"Установите соответствие между признаками и областями (формами) культуры: к каждому элементу, данному в первом столбце, подберите элемент из второго столбца. ПРИЗНАКИ А) получение объективных знаний о природе и об обществе Б) обоснованность и доказательность выводов В) поклонение сверхъестественным силам Г) вера в божественное происхождение мира и человека Д) достоверность получаемых результатов ОБ",Нет,Да
vpr_sd_945673,social,7,"Великому русскому писателю Л. Н. Толстому принадлежит следующее высказывание: «Не следует законами достигать того, что можно достигнуть улучшением нравов». 1. Как Вы понимаете смысл словосочетания «улучшение нравов»? 2. Дайте своё объяснение смысла высказывания. 3. Как Вы думаете, для чего нужны общественные нормы?",Нет,Нет
vpr_sd_945799,social,7,"Сотрудница туристической фирмы И. регулярно опаздывает к началу рабочего дня. Директор фирмы неоднократно предупреждал её о недопустимости подобных действий, однако И. продолжает опаздывать. Выберите в приведённом ниже списке позиции, связанные с правовой оценкой данной ситуации, и запишите цифры, под которыми они указаны. 1) Трудовой кодекс РФ 2) гражданский проступок 3) дисциплинарный проступок ",Нет,Нет
vpr_sd_945728,social,7,Павел Анатольевич собрал подписи жильцов многоквартирного дома и подал петицию (обращение) в органы местного самоуправления о постройке детской площадки во дворе их дома. К какой сфере общественной жизни относят подачу петиции (обращения)?,Нет,Нет
vpr_sd_946131,social,7,"Привлекая обществоведческие знания, составьте краткое (из 5–7 предложений) сообщение о гражданских правоотношениях, используя все приведённые ниже понятия. Гражданские правоотношения, сделки, физические лица, юридические лица, гражданскоправовая ответственность, компенсация морального вреда.",Нет,Нет
vpr_sd_946096,social,7,"Выберите верные суждения и запишите цифры, под которыми они указаны. 1) Правительство осуществляет законодательную власть. 2) Гуманизм — это отношение к человеку как высшей ценности, утверждение его прав на свободу, счастье, развитие, проявление своих способностей. 3) Отклоняющееся поведение оценивается с точки зрения социальных норм конкретного общества. 4) Экономическая сфера включает в себя дея",Нет,Нет
vpr_sd_945914,social,7,"В 2017 г. ВЦИОМ провёл опрос совершеннолетних россиян о мотивах их участия в волонтёрской деятельности. (При ответе можно было выбрать несколько вариантов.) Результаты опроса представлены в графическом виде (в % от числа отвечавших). 1. Как ответила наибольшая доля опрошенных? Предположите почему. 2. Одни люди считают волонтёрство способом решения своих проблем; другие, наоборот, готовы помогать н",Нет,Да
vpr_sd_945747,social,7,"Установите соответствие между задачами и органами, призванными защищать права граждан: к каждому элементу первого столбца подберите соответствующий элемент из второго столбца. ПРИМЕРЫ ПРАВ А) право на жизнь Б) право избирать и быть избранным В) право на управление делами государства Г) право на свободу и личную неприкосновенность Д) право на честь и достоинство КАТЕГОРИИ ПРАВ ЧЕЛОВЕКА 1) гражданск",Нет,Нет
vpr_sd_945915,social,7,"Русскому поэту и государственному деятелю XVIII–XIX вв. Г. Р. Державину принадлежит следующее высказывание: «Хорошие законы могут исправить заблуждения в душе, счастливо рождённой и невоспитанной; но они не могут добродетелью оплодотворить худое сердце». 1. Как Вы понимаете смысл словосочетания «худое сердце»? 2. Дайте своё объяснение смысла высказывания. 3. Как Вы думаете, почему важно, чтобы каж",Нет,Нет
vpr_sd_946143,social,7,"Людмиле 26 лет, она медицинская сестра в больнице. Какие права и свободы гарантированы ей в соответствии с Конституцией РФ? Запишите цифры, под которыми они указаны. 1) беречь памятники истории и культуры 2) избирать в органы государственной власти своих представителей 3) направлять индивидуальные обращения в государственные органы 4) платить законно установленные налоги и сборы 5) защищать Отечес",Нет,Нет
vpr_sd_946115,social,7,На фотографии изображены дети. 1. Как Вы думаете: а) реализацию какого права гражданина России иллюстрирует эта фотография; б) какие гарантии реализации этого права существуют в нашем государстве? 2. Какие обязанности обучающихся школы Вы знаете? (Назовите две такие обязанности.),Нет,Да
vpr_sd_945793,social,7,Жители небольшой деревушки специализируются на выращивании риса. Часть риса они обменивают на рыбу у жителей другой деревни в пропорции три мешка риса на десять килограмм рыбы. Какая форма обмена представлена в данном примере?,Нет,Нет
vpr_sd_945542,social,7,"Центр исследований общественного мнения провёл опрос совершеннолетних россиян, задавая им вопрос: «Какие профессии Вы считаете наиболее престижными?» Результаты опроса представлены в виде таблицы. Профессия | % от числа отвечавших // юрист, адвокат, прокурор | 23 // экономист, финансист | 20 // менеджер | 5 // врач | 15 // предприниматель, бизнесмен | 15 // военнослужащий | 7 // учёный | 11 // раб",Нет,Нет
vpr_sd_945521,social,7,"Русскому поэту XIX в. А. С. Пушкину принадлежит следующее высказывание: «...Совесть, когтистый зверь, скребущий сердце, совесть, незваный гость, докучный собеседник...» 1. Как Вы понимаете смысл слова «докучный»? 2. Дайте своё объяснение смысла высказывания. 3. Как Вы думаете, почему важно, чтобы каждый человек поступал по совести?",Нет,Нет
vpr_sd_946128,social,7,"Любовь и Вячеслав решили вступить в брак. Какие условия обязательны для заключения брака в РФ? Запишите цифры, под которыми указаны соответствующие условия. 1) наличие у жениха и невесты постоянного источника доходов 2) наличие у жениха и невесты профессионального образования 3) владение жениха и невесты русским языком 4) проживание жениха или невесты отдельно от родителей 5) достижение женихом и ",Нет,Нет
vpr_sd_945865,social,7,"Платон закончил 11 классов школы, ему исполнилось 18 лет. Прежде чем поступать в университет, Платон намерен выполнить долг перед Родиной. Как называется особый вид государственной службы, который проходят граждане РФ, мужского пола, в возрасте 18-27 лет, по призыву?",Нет,Нет
vpr_sd_946080,social,7,"Привлекая обществоведческие знания, составьте краткое (из 5–7 предложений) сообщение о правоохранительных органах РФ, используя все приведённые ниже понятия. Государство, охрана прав, прокуратура, полиция, надзор, борьба с преступностью.",Нет,Нет
vpr_sd_945878,social,7,"Даниле исполнилось 14 лет. Какие права появились у Данилы после достижения 14-летнего возраста? Запишите цифры, под которыми указаны верные ответы. 1) участвовать на выборах в качестве избирателя 2) вносить вклады в банк 3) покупать в магазине конфеты 4) получать подарки от родителей 5) устраиваться работать курьером в каникулярное время 6) давать согласие на изменение своего имени и фамилии",Нет,Нет
vpr_sd_945856,social,7,"Петр ночью проник в магазин и вынес оттуда товара на сумму 238 тысяч рублей. Через некоторое время следователи вышли на его след и задержали. Что характерно для правовой оценки данной ситуации. Запишите цифры, под которыми указаны верные ответы. 1) административный проступок 2) дисциплинарный проступок 3) преступление 4) Уголовный кодекс РФ 5) Кодекс РФ об административных правонарушениях 6) Гражд",Нет,Нет
vpr_sd_945697,social,7,Президент РФ провёл заседание Правительства РФ. К какой сфере общественной жизни относят деятельность правительства?,Нет,Нет
vpr_sd_945668,social,7,"Обучающиеся 7 класса посетили Государственную Третьяковскую галерею. К какой сфере общественной жизни относят музеи, художественные выставки и т. п.?",Нет,Нет
vpr_sd_946173,social,7,Гражданка РФ Юлия Р. работает учителем обществознания и получает за свой труд заработную плату. К какой группе прав (свобод) относится право получать вознаграждение за труд?,Нет,Нет
vpr_sd_946159,social,7,Гражданин РФ Сергей К. зарегистрировался в качестве индивидуального предпринимателя. К какой группе прав (свобод) относится свобода предпринимательской деятельности?,Нет,Нет
vpr_sd_945683,social,7,Ирина взяла кредит в банке. К какой сфере общественной жизни относят подобные действия потребителя?,Нет,Нет
vpr_sd_945815,social,7,Трое индивидуальных предпринимателя добровольно объединили свое имущество и организовали большой ресторан в центре города. Они вместе управляют им и несут коллективную ответственность за результаты его деятельности. Как называется такая форма организации бизнеса?,Нет,Нет
vpr_sd_945690,social,7,Предприниматель оказывает финансовую помощь Дому ветеранов. К какой сфере общественной жизни относят действия предпринимателя по получению прибыли и распоряжению финансами?,Нет,Нет
vpr_sd_945786,social,7,"Крупный склад на окраине города X продает овощи партиями, минимум сто килограмм. Как называется такая форма торговли?",Нет,Нет
vpr_sd_945539,social,7,Антон Иванович Иванов зарегистрирован в качестве кандидата на пост мэра родного города. К какой сфере общественной жизни относят выборы?,Нет,Нет
vpr_sd_945526,social,7,"Выберите верные суждения и запишите цифры, под которыми они указаны. 1) Перемена имени гражданина России подлежит государственной регистрации в суде. 2) Правоспособность гражданина гарантирована нормами права. 3) Правоспособность гражданина прекращается его смертью. 4) Правоспособность гражданина возникает с достижением возраста совершеннолетия. 5) Личные неимущественные отношения возникают по пов",Нет,Нет
vpr_sd_945544,social,7,"15-летний Миша пишет реферат об особенностях правового статуса несовершеннолетних. Какие действия он и его одноклассники могут осуществлять самостоятельно? Запишите цифры , под которыми они указаны. 1) продать квартиру, имеющуюся у него в собственности 2) распоряжаться своим заработком 3) совершать мелкие бытовые сделки 4) совершать сделки по купле-продаже крупногабаритной бытовой техники 5) осуще",Нет,Нет
vpr_sd_945750,social,7,"Ученик 7 класса Иван помог пожилой женщине перейти дорогу. Как называется вид социальных норм, которым следовал Иван, помогая пожилой женщине?",Нет,Нет
vpr_sd_945838,social,7,"В ст. 44 Конституции РФ записано: «Каждый обязан заботиться о сохранении исторического и культурного наследия, беречь памятники истории и культуры». 1. Объясните, как Вы понимаете смысл фразы: «Каждый обязан заботиться о сохранении исторического и культурного наследия». 2. В школьные годы главная деятельность — это учёба. Проанализируйте своё свободное от учёбы время и место заботы о сохранении ис",Нет,Нет
vpr_sd_946098,social,7,"Установите соответствие между действиями и элементами статуса обучающегося: к каждому элементу, данному в первом столбце, подберите элемент из второго столбца. ДЕЙСТВИЯ А) систематически выполнять домашние задания Б) бережно относиться к имуществу общеобразовательного учреждения В) получать информацию о критериях выставления оценки по каждому школьному предмету Г) выполнять указания учителей Д) уч",Нет,Нет
vpr_sd_945902,social,7,"Привлекая обществоведческие знания, составьте краткое (из 5–7 предложений) сообщение об административной ответственности в РФ, используя все приведённые ниже понятия. Административный проступок; Кодекс РФ об административных правонарушениях; виды наказаний; возраст наступления административной ответственности; суд; обстоятельства, смягчающие наказания.",Нет,Нет
vpr_sd_945532,social,7,"Привлекая обществоведческие знания, составьте краткое (из 5–7 предложений) сообщение об отклоняющемся поведении и социальных нормах, используя все приведённые ниже понятия. Социальные нормы; санкции; мораль; общество; право; отклоняющееся поведение.",Нет,Нет
vpr_sd_945772,social,7,"Привлекая обществоведческие знания, составьте краткое (из 5–7 предложений) сообщение об экономике, используя все приведённые ниже понятия. Экономика; экономические блага; потребности человека; производство; потребление; ресурсы.",Нет,Нет
vpr_sd_946102,social,7,"Привлекая обществоведческие знания, составьте краткое (из 5–7 предложений) сообщение о браке в РФ, используя все приведённые ниже понятия. Брак; воспитание детей; государственная регистрация; взаимное добровольное согласие; брачный возраст; обстоятельства, препятствующие заключению брака.",Нет,Нет
vpr_sd_946138,social,7,"Привлекая обществоведческие знания, составьте краткое (из 5–7 предложений) сообщение о субъектах правоотношений, используя все приведённые ниже понятия. Правоотношения, права, обязанности, субъекты правоотношений, правоспособность, дееспособность.",Нет,Нет
vpr_sd_945844,social,7,"Привлекая обществоведческие знания, составьте краткое (из 5–7 предложений) сообщение семейном бюджете, используя все приведённые ниже понятия. Семейный бюджет; семейные доходы; расходы семьи; произвольные и обязательные расходы; рациональный.",Нет,Нет
vpr_sd_945859,social,7,"Привлекая обществоведческие знания, составьте краткое (из 5–7 предложений) сообщение об охране природы в РФ, используя все приведённые ниже понятия. Охрана природы; государство; закон; благоприятная окружающая среда; возмещение вреда; общественные организации.",Нет,Нет
vpr_sd_946095,social,7,"Привлекая обществоведческие знания, составьте краткое (из 5–7 предложений) сообщение о правонарушениях, используя все приведённые ниже понятия. Общественная опасность, проступки, виды наказаний, суд, правонарушение, преступление.",Нет,Нет
vpr_sd_945712,social,7,"Привлекая обществоведческие знания, составьте краткое (из 5–7 предложений) сообщение о трудовых правах граждан РФ, используя все приведённые ниже понятия. Работник, работодатель, время отдыха, рабочее время, заключение трудового договора, расторжение трудового договора.",Нет,Нет
vpr_sd_945547,social,7,"Привлекая обществоведческие знания, составьте краткое (из 5–7 предложений) сообщение о семье, используя все приведённые ниже понятия. Семья, воспитание, продолжение рода, семейный бюджет, расширенная семья, обязанности.",Нет,Нет
vpr_sd_945736,social,7,"Привлекая обществоведческие знания, составьте краткое (из 5–7 предложений) сообщение о правовом статусе несовершеннолетнего работника в РФ, используя все приведённые ниже понятия. Несовершеннолетний работник; трудовой договор; согласие родителя; легкий труд; ночная смена; служебная командировка.",Нет,Нет
vpr_sd_945823,social,7,"Привлекая обществоведческие знания, составьте краткое (из 5–7 предложений) сообщение о браке РФ, используя все приведённые ниже понятия. Брак; семья; ЗАГС; Условия вступления в брак; обстоятельства препятствующие вступлению в брак; супруги.",Нет,Нет
vpr_sd_946167,social,7,"Привлекая обществоведческие знания, составьте краткое (из 5–7 предложений) сообщение о конституционных правах и свободах граждан РФ, используя все приведённые ниже понятия. Конституция РФ, права и свободы человека и гражданина, конституционные обязанности гражданина РФ, государство, всеобщий неотчуждаемый характер прав, защита Отечества.",Нет,Нет
vpr_sd_945729,social,7,"Привлекая обществоведческие знания, составьте краткое (из 5–7 предложений) сообщение о правоохранительных органах в РФ, используя все приведённые ниже понятия. Правоохранительные органы; правопорядок; суд; правонарушитель; полиция; прокуратура.",Нет,Нет
vpr_sd_946073,social,7,"Привлекая обществоведческие знания, составьте краткое (из 5–7 предложений) сообщение о морали, используя все приведённые ниже понятия. Жизненные ориентиры, моральные нормы, долг, достоинство, честь, совесть.",Нет,Нет
vpr_sd_945758,social,7,"Привлекая обществоведческие знания, составьте краткое (из 5–7 предложений) сообщение о трудовых правоотношениях в РФ, используя все приведённые ниже понятия. Работодатель; трудовой договор; заработная плата; несовершеннолетний работник; рабочая неделя; оплачиваемый отпуск.",Нет,Нет
vpr_sd_945909,social,7,"Привлекая обществоведческие знания, составьте краткое (из 5–7 предложений) сообщение об уголовной ответственности в РФ, используя все приведённые ниже понятия. Преступление; Уголовный кодекс РФ; виды наказаний; возраст наступления уголовной ответственности; суд; обстоятельства, смягчающие наказания.",Нет,Нет
vpr_sd_945830,social,7,"Привлекая обществоведческие знания, составьте краткое (из 5–7 предложений) сообщение о деньгах, используя все приведённые ниже понятия. Деньги; мера стоимости; средство платежа; средство обращения; бартер; валюта.",Нет,Нет
vpr_sd_945765,social,7,"Привлекая обществоведческие знания, составьте краткое (из 5–7 предложений) сообщение об юридической ответственности в РФ, используя все приведённые ниже понятия. Правонарушение; юридическая ответственность; государство; отрасль права; уголовная ответственность; преступление.",Нет,Нет
vpr_sd_946116,social,7,"Привлекая обществоведческие знания, составьте краткое (из 5–7 предложений) сообщение о трудовых правоотношениях в РФ, используя все приведённые ниже понятия. Трудовое право, работодатель, работник, трудовой договор, заработная плата, дисциплинарное взыскание.",Нет,Нет
vpr_sd_945676,social,7,"Привлекая обществоведческие знания, составьте краткое (из 5–7 предложений) сообщение о нравственном поведении, используя все приведённые ниже понятия. Мораль, нравственность, общественные ценности, гуманизм, гражданственность, патриотизм",Нет,Нет
vpr_sd_945751,social,7,"Привлекая обществоведческие знания, составьте краткое (из 5–7 предложений) сообщение о юридической ответственности в РФ, используя все приведённые ниже понятия. Юридическая ответственность; правонарушение; преступление; уголовная ответственность; проступок; дисциплинарная ответственность.",Нет,Нет
vpr_sd_946145,social,7,"Привлекая обществоведческие знания, составьте краткое (из 5–7 предложений) сообщение о трудовых правоотношениях, используя все приведённые ниже понятия. Трудовой договор; работник; работодатель; рабочее время; время отдыха; возраст, с которого допускается заключение трудового договора.",Нет,Нет
vpr_sd_945895,social,7,"Привлекая обществоведческие знания, составьте краткое (из 5–7 предложений) сообщение о социальных нормах, используя все приведённые ниже понятия. Социальные нормы; виды социальных норм; неформальные нормы; право; мораль; социальные санкции.",Нет,Нет
vpr_sd_945801,social,7,"Привлекая обществоведческие знания, составьте краткое (из 5–7 предложений) сообщение защите Отечества, используя все приведённые ниже понятия. Защита отечества; военная служба; призыв; контракт; присяга; обязанности.",Нет,Нет
vpr_sd_946066,social,7,"Привлекая обществоведческие знания, составьте краткое (из 5–7 предложений) сообщение о правах ребёнка, используя все приведённые ниже понятия. Совершеннолетие, особенности физического и психического развития, родители, обеспечение, сохранение своей индивидуальности, выражение своего мнения.",Нет,Нет
vpr_sd_945517,social,7,"Привлекая обществоведческие знания, составьте краткое (из 5–7 предложений) сообщение о правонарушениях и юридической ответственности, используя все приведённые ниже понятия. Виновность, юридическая ответственность, правонарушения, преступления, проступки, государство.",Нет,Нет
vpr_sd_945824,social,7,"Выберите верные суждения и запишите цифры, под которыми они указаны. 1) В процессе производства создаются только товары. 2) Затраты производства представляют собой сумму всех расходов на выпуск продуктов фирмы. 3) Общие затраты представляют собой сумму постоянных и переменных затрат. 4) Постоянные затраты находятся в прямой зависимости от количества произведенных товаров. 5) Переменные затраты учи",Нет,Нет
vpr_sd_945685,social,7,"Выберите верные суждения и запишите цифры, под которыми они указаны. 1) Правоотношения возникают, изменяются и прекращаются в связи с определёнными жизненными обстоятельствами (юридическими фактами). 2) Политикой называют науку, которая изучает хозяйственную деятельность человека и общества. 3) Каждый обучающийся имеет право получать образование в достойных и безопасных условиях. 4) Товары — проду",Нет,Нет
vpr_sd_944880,social,7,"Выберите верные суждения и запишите цифры, под которыми они указаны. 1) Правовые нормы могут быть обязывающими, запрещающими и управомочивающими. 2) Конкретные нормативные правовые акты могут не соответствовать Конституции государства. 3) Отрасли процессуального права определяют порядок производства по гражданским и уголовным делам. 4) Административное право устанавливает систему органов государст",Нет,Нет
vpr_sd_945818,social,7,"Международная организация проводила в странах Y и Z опрос совершеннолетних граждан. Им задавали вопрос: «Что, по Вашему мнению, необходимо сделать, чтобы избежать межнациональных конфликтов?». Результаты двух опросов представлены в гистограмме. 1. Как ответила наибольшая доля опрошенных в обеих странах? Предположите почему. 2. Одни люди в стране Y считают, что избежать межнациональных конфликтов п",Нет,Да
vpr_sd_945739,social,7,"Учёные опросили 30-летних граждан страны Z. Им задавали вопросы: «Зачем Вы работаете, какова Ваша трудовая мотивация?». Результаты опроса представлены в графическом виде (в % от числа отвечавших). 1. Как ответила наибольшая доля опрошенных? Предположите почему. 2. Одни люди работают. чтобы сделать карьеру; другие, чтобы реализовать свои способности. Какая категория среди опрошенных преобладает? Ка",Нет,Да
vpr_sd_945527,social,7,"Школьная психологическая служба провела пилотное исследование социальных ценностей обучающихся 7—8 классов. Им было предложено составить личную шкалу ценностей, начиная с более значимых. Результаты опроса (в % от числа отвечавших) представлены в графическом виде. 1. Как ответила наибольшая доля опрошенных? Предположите почему. 2. Кого из опрошенных больше: выбирающих спортивные достижения и здоров",Нет,Да
vpr_sd_945826,social,7,"Установите соответствие между примерами и сферами экономической жизни, которые этими примерами иллюстрируются: к каждой позиции, данной в первом столбце, подберите соответствующую позицию из второго столбца. ПРИМЕРЫ A) использование в быту отопления Б) оказание страховых услуг B) изготовление продуктов массового спроса Г) получение благ, находящихся в семейной собственности Д) пользование обществе",Нет,Нет
vpr_sd_945834,social,7,"Австрийскому экономисту XX в. Фридриху Хаеку принадлежит следующее высказывание: «Погоня за прибылью – единственный способ, при помощи которого люди могут удовлетворять потребности тех, кого они вовсе не знают». 1. Как Вы понимаете смысл слова «прибыль»? 2. Дайте своё объяснение смысла высказывания. 3. Как Вы думаете, почему производителям товаров и услуг важно учитывать запросы потребителей?",Нет,Нет
vpr_sd_945884,social,7,"Немецкому общественному и политическому деятелю XIX в. Карлу Марксу принадлежит следующее высказывание: «Нет прав без обязанностей, нет обязанностей без прав». 1. Как Вы понимаете смысл термина «обязанности»? 2. Дайте своё объяснение смысла высказывания. 3. Как Вы думаете, почему важно, чтобы каждый человек осознанно выполнял свои обязанности?",Нет,Нет
vpr_sd_945899,social,7,"Русскому писателю А. П. Чехову принадлежит следующее высказывание: «Надо быть ясным умственно, чистым нравственно и опрятным физически». 1. Как Вы понимаете смысл словосочетания «нравственная чистота»? 2. Дайте своё объяснение смысла высказывания. 3. Как Вы думаете, почему важно, чтобы человек был чистым нравственно?",Нет,Нет
vpr_sd_945806,social,7,"Гражданин Р. постоянно припарковывает свой легковой автомобиль на газоне возле дома. Выберите в приведённом ниже списке позиции, связанные с правовой оценкой данной ситуации, и запишите цифры, под которыми они указаны. 1) трудовое право 2) административный проступок 3) дисциплинарная ответственность 4) штраф 5) Уголовный кодекс РФ 6) лишение свободы",Нет,Нет
vpr_sd_945710,social,7,"Анна и Игорь решили вступить в брак. Какие условия обязательны для заключения брака в РФ? Запишите цифры, под которыми указаны соответствующие условия. 1) наличие у жениха и невесты постоянного источника доходов 2) проживание жениха или невесты отдельно от родителей 3) наличие у жениха и невесты профессионального образования 4) достижение женихом и невестой брачного возраста 5) владение жениха и н",Нет,Нет
vpr_sd_946057,social,7,На фотографии изображён документ. 1. Как Вы думаете: а) кому выдают такой документ; б) какую информацию содержит такой документ? 2. Каковы особенности регулирования труда несовершеннолетних? (Назовите любые две особенности.),Нет,Да
vpr_sd_946122,social,7,"На фотографии изображены люди. 1. Как Вы думаете: а) какой вид социальных норм могут иллюстрировать действия людей, изображённых на фотографии; б) почему важно, чтобы в семье поддерживали такие нормы? 2. Какие ещё виды социальных норм существуют? (Назовите два любых вида.)",Нет,Да
vpr_sd_945900,social,7,Один из правоохранительных органов — суд. (см. фотографию). 1. Как Вы думаете: а) что такое суд; б) почему суд должен быть независим от других органов государственной власти? 2. Какие ещё правоохранительные органы Вы знаете? (Назовите два органа.),Нет,Да
vpr_sd_946087,social,7,"Предприниматель подарил школе, в которой учился, компьютеры. К какой группе прав (свобод) относится право гражданина РФ распоряжаться своим имуществом?",Нет,Нет
vpr_sd_946123,social,7,Гражданин РФ Ахмед Н. проголосовал на выборах Президента РФ. К какой группе прав (свобод) относится реализованное Ахмедом Н. конституционное право?,Нет,Нет
vpr_sd_945555,social,7,"В ст. 19 Конституции РФ записано: «Мужчина и женщина имеют равные права и свободы и равные возможности для их реализации». 1. Объясните, как Вы понимаете смысл фразы: «равные возможности для реализации». 2. Все мы знаем, что в школе каждый учащийся может изучать не только обязательные предметы, но и получать дополнительные возможности для реализации своих индивидуальных способностей и интересов. П",Нет,Нет
vpr_sd_945889,social,7,"Выберите верные суждения и запишите цифры, под которыми они указаны. 1) Законы — это правила, которые устанавливает и охраняет государство. 2) Законы обязаны соблюдать все. 3) Асоциальное поведение всегда связано с нарушением правовых норм, законов. 4) Законы призваны утверждать и защищать справедливость. 5) Законы дают неограниченную свободу людям.",Нет,Нет
vpr_sd_946119,social,7,"В ходе социологических опросов жителей страны Z им предложили указать наилучшие способы устройства детей, оставшихся без попечения родителей (можно было дать несколько ответов). Результаты опроса (в % от числа отвечавших) представлены в графическом виде. 1. Как ответила наибольшая доля опрошенных? Предположите почему. 2. Одни люди считают, что проблема устройства детей, оставшихся без попечения ро",Нет,Да
vpr_sd_945754,social,7,"Установите соответствие между компетенцией правоохранительных органов и их названием: к каждой позиции, данной в первом столбце, подберите соответствующую позицию из второго столбца. КОМПЕТЕНЦИЯ А) оказание квалифицированной юридической помощи физическим и юридическим лицам Б) оформление наследственных прав В) засвидетельствование верности копий документов Г) представительство интересов граждан и ",Нет,Нет
vpr_sd_945537,social,7,"Семиклассник Иван готовит доклад о видах и формах юридической ответственности. Какие примеры он должен привести в качестве иллюстраций к формам административной ответственности? Запишите цифры , под которыми указаны соответствующие примеры. 1) Пётр Петрович превысил установленную скорость движения автомобиля, и был лишён водительских прав на 6 месяцев. 2) Степан получил предупреждение в письменной",Нет,Нет
vpr_sd_945829,social,7,"Мария Олеговна решила купить себе автомобиль. Как называется организация, куда следует обратиться Марии Олеговне для получение на определенный срок денег, при условии их постепенного возврата с процентами?",Нет,Нет
vpr_sd_946065,social,7,Гражданин РФ Николай Л. написал заявление на получение ежегодного оплачиваемого отпуска. К какой группе прав (свобод) относится право на отдых?,Нет,Нет
vpr_sd_945869,social,7,"Установите соответствие между правилами поведения и видами социальных норм, к которым они относятся: к каждому элементу, данному в первом столбце, подберите элемент из второго столбца. ПРАВИЛА ПОВЕДЕНИЯ А) При встрече знакомых младший должен первым приветствовать старшего. Б) При посещении Санкт-Петербурга туристы бросают монетки к скульптуре Чижика-Пыжика и загадывают желания. В) При входе в поме",Нет,Нет
vpr_sd_946091,social,7,"Установите соответствие между примерами и элементами статуса гражданина РФ: к каждому элементу, данному в первом столбце, подберите элемент из второго столбца. ПРИМЕРЫ А) уплата налогов Б) забота о сохранении исторического и культурного наследия В) неприкосновенность жилища Г) получение квалифицированной юридической помощи Д) обеспечение родителями получения их детьми основного общего образования ",Нет,Нет
vpr_sd_945781,social,7,"Выберите верные суждения и запишите цифры, под которыми они указаны. 1) Рантье — это люди, которые живут на проценты от банковских вкладов. 2) К фиксированным доходам семьи относятся стипендии, пенсии и оклады. 3) Ребенок не может устроиться на работу до достижения 16 лет. 4) Допускается выполнение легкой работы, не более 2,5 часов в день, детям достигшим 14-летнего возраста. 5) Семейный бюджет вк",Нет,Нет
vpr_sd_945896,social,7,"Выберите верные суждения и запишите цифры, под которыми они указаны. 1) Социальные нормы бывают только формальные. 2) Обряды представляют собой совокупность действий, установленных обычаями или ритуалами. 3) Этикет — принятая в определенных социальных кругах система правил поведения. 4) Социальные нормы помогают сохранить порядок в обществе, являются эталоном поведения. 5) Обычаи относятся к форма",Нет,Нет
vpr_sd_946060,social,7,"Выберите верные суждения и запишите цифры, под которыми они указаны. 1) Каждое общество обладает чертами, традициями, отличающими его от всех других обществ. 2) Законодательная власть осуществляется правительством. 3) Одним из признаков любого государства является республиканская форма правления. 4) Право на качество товаров (работ, услуг) предполагает, что продавец должен передать качественный то",Нет,Нет
vpr_sd_945671,social,7,"Выберите верные суждения и запишите цифры, под которыми они указаны. 1) Общество — это всё население Земли, совокупность всех народов и стран. 2) Наука регулирует поведение человека с позиций добра и зла, справедливости и несправедливости. 3) Правительство осуществляет исполнительную власть. 4) В отличие от природных ресурсов, материальные ресурсы созданы руками человека. 5) Нормативный правовой а",Нет,Нет
vpr_sd_945911,social,7,"Выберите верные суждения и запишите цифры, под которыми они указаны. 1) Бартер — обмен одного товара на другой без помощи денег. 2) Акционерное общество представляет собой единственную допустимую форму организации предприятия в РФ. 3) Единственная российская валюта — рубль. 4) Бюджет представляет собой план доходов и расходов семьи, фирмы или государства за определенный период. 5) Банки занимаются",Нет,Нет
vpr_sd_945752,social,7,"Выберите верные суждения и запишите цифры, под которыми они указаны. 1) Моральные нормы это правила, которые устанавливает и охраняет государство. 2) Этикет обязаны соблюдать все. 3) Противоправное поведение всегда связано с нарушением правовых норм, законов. 4) Законы призваны утверждать и защищать справедливость. 5) Законы ограничивают свободу людям, дают рамки приемлемого поведения.",Нет,Нет
vpr_sd_945678,social,7,"Выберите верные суждения и запишите цифры, под которыми они указаны. 1) Социальная сфера охватывает взаимоотношения людей разных возрастов, народов, сословий, профессий, политических и религиозных взглядов, культурных предпочтений. 2) Личные неимущественные отношения возникают по поводу материальных благ. 3) Размер заработной платы работника всегда больше реальной стоимости труда, проданного им вл",Нет,Нет
vpr_sd_946111,social,7,"Выберите верные суждения и запишите цифры, под которыми они указаны. 1) Культура является результатом деятельности общества. 2) Добровольный и взаимовыгодный обмен благами за деньги называют производством. 3) Правила этикета — это правила вежливости, приличного поведения в разных ситуациях. 4) К внешним функциям государства относится осуществление социальной защиты тех, кто нуждается в государстве",Нет,Нет
vpr_sd_945692,social,7,"Выберите верные суждения и запишите цифры, под которыми они указаны. 1) В политической сфере складываются отношения по поводу государственной власти и управления. 2) Патриотизм — любовь и преданность Отечеству, готовность подчинить свои частные интересы интересам страны. 3) Распределение — это использование товаров и услуг для удовлетворения потребностей человека и общества в целом. 4) Юридическая",Нет,Нет
vpr_sd_945788,social,7,"Выберите верные суждения и запишите цифры, под которыми они указаны. 1) Самыми первыми деньгами были ассигнации. 2) Деньги выступают эквивалентом стоимости различных товаров. 3) Одним из факторов успешности бизнеса является хорошая реклама товаров. 4) Под конвертируемостью понимается способность денег быть обмененными на любой товар. 5) Деньги выступают в качестве средства накопления, обращения и ",Нет,Нет
vpr_sd_945804,social,7,"Установите соответствие между примерами и видами предпринимательства: к каждой позиции, данной в первом столбце, подберите соответствующую позицию из второго столбца. ПРИМЕР А) Туристическое агентство «Вояж» реализует путёвки на морские круизы известных круизных компаний. Б) ООО «Гранд» оказывает услуги по ремонту бытовой техники. В) АО «Траст» принимает вклады от населения и осуществляет операции",Нет,Нет
vpr_sd_945855,social,7,"Установите соответствие между видами статей в семейном бюджете и конкретными примерами: к каждой позиции, данной в первом столбце, подберите соответствующую позицию из второго столбца. ПРИМЕРЫ А) заработная плата Б) платежи по кредиту на автомобиль В) пенсия Г) стипендия Д) покупка еды, одежды ВИДЫ СТАТЕЙ 1) расходные статьи 2) доходные статьи Запишите в ответ цифры, расположив их в порядке, соотв",Нет,Нет
vpr_sd_946114,social,7,"Галина и Денис решили вступить в брак. Какие условия обязательны для заключения брака в РФ? Запишите цифры, под которыми указаны соответствующие условия. 1) наличие у жениха и невесты постоянного источника доходов 2) достижение женихом и невестой брачного возраста 3) владение жениха и невесты русским языком 4) проживание жениха или невесты отдельно от родителей 5) наличие у жениха и невесты профес",Нет,Нет
vpr_sd_945717,social,7,"Аркадию 28 лет, он работает врачом. Какие обязанности есть у него как гражданина РФ? Запишите цифры, под которыми они указаны. 1) участвовать в управлении делами государства 2) вносить вклады в кредитные учреждения 3) заботиться о сохранении исторического и культурного наследия 4) платить налоги 5) заботиться о нетрудоспособных родителях 6) выбирать место пребывания и жительства",Нет,Нет
vpr_sd_946144,social,7,Правительство РФ разработало постановление о порядке въезда иностранных граждан на территорию России. К какой сфере общественной жизни относят принятие постановления?,Нет,Нет
vpr_sd_945079,social,8,"Спрос — один из элементов рыночного механизма. 1. Что характеризует спрос как элемент рыночного механизма? 2. Составьте рассказ о себе как потребителе, используя следующий план. а) Какую бытовую технику Вы/Ваша семья приобретали? Какие требования Вы/Ваша семья предъявляете к качеству бытовой техники? б) Какие факторы (кроме изменения качества) могут привести к повышению цен на бытовую технику? Как",Нет,Нет
vpr_sd_945631,social,8,"Выберите верные суждения и запишите цифры, под которыми они указаны. 1) Фирма использует внешние и внутренние ресурсы. 2) Фирма — организация, производящая блага для продажи с целью получения прибыли. 3) Некоторые издержки фирмы изменяются при любом изменении объёма производства фирмы. 4) Прибыль фирмы — это сумма всех издержек производства. 5) Дешёвые факторы производства относят к долговечным пр",Нет,Нет
vpr_sd_944345,social,8,"В ходе социологических опросов совершеннолетним жителям государства Z предложили ответить на вопрос: «Какие факторы прежде всего влияют на уровень оплаты труда наёмных работников?» (можно выбрать несколько ответов). Результаты опросов (в % от числа отвечавших) представлены в графическом виде. Сформулируйте одно существенное различие в позициях групп опрошенных. Выскажите предположение о том, чем о",Нет,Нет
vpr_sd_945712,social,8,"Установите соответствие между источниками финансирования бизнеса и типами источников: к каждой позиции, данной в первом столбце, подберите соответствующую позицию из второго столбца. ИСТОЧНИК ФИНАНСИРОВАНИЯ БИЗНЕСА А) чистая прибыль Б) банковский кредит В) амортизационные отчисления Г) средства внебюджетного фонда Д) средства населения ТИП ИСТОЧНИКА 1) внутренние источники финансирование бизнеса 2",Нет,Нет
vpr_sd_945453,social,8,"Найдите в приведённом ниже списке два примера финансово грамотных действий граждан при инвестировании и запишите цифры , под которыми они указаны. 1) Иван в инвестировании ориентируется только на мнение своих друзей, не имеющих никакого отношения к финансовой сфере. 2) Афанасий чётко определил цель инвестирования — увеличить имеющийся капитал ради совершения крупной покупки. 3) Камилла, рассчитыва",Нет,Нет
vpr_sd_944289,social,8,"Великому физику-теоретику А. Эйнштейну принадлежит следующее высказывание: «Искусство — выражение самых глубоких мыслей самым простым способом». 1. Дайте своё объяснение смысла высказывания. 2. Как Вы думаете, какие личностные качества могут помочь человеку добиться успеха в творческой деятельности (укажите не менее двух качеств).",Нет,Нет
vpr_sd_945016,social,8,"Студент Василий получил в социальной сети от своего друга сообщение: «Привет, пришёл покупать подарок Маше на день рождения, и понял, что мне не хватает 700 рублей. Сбрось мне на карту, а я завтра верну». В чём состоит опасность данной ситуации для личных финансов Василия? Как ему правильно поступить в данной ситуации?",Нет,Нет
vpr_sd_945763,social,8,"Отслуживший в армии Константин учится в промышленном техникуме. К какому уровню образования относится организация, в которой он обучается?",Нет,Нет
vpr_sd_945835,social,8,"Рассмотрите три фотографии. 1) 2) 3) Какая деятельность объединяет людей, изображённых на фотографиях? Объясните: а) какие формы каждый из них выбирает для достижения цели? б) какое значение для человека имеют данного рода занятия?",Нет,Да
vpr_sd_944693,social,8,"Привлекая обществоведческие знания, составьте краткое (не более 5 предложений) сообщение о морали, используя все приведённые ниже понятия. Мораль, общество, этика, регулятор.",Нет,Нет
vpr_sd_945737,social,8,"Мессенджеры активно используется людьми в повседневной жизни. 1. Как Вы думаете, почему при пользовании мессенджерами необходимо соблюдать специальные правила безопасного поведения? 2. Составьте рассказ о себе как об пользователе мессенджеров, ответив на следующие вопросы. 1) Как часто Вы используете мессенджеры для обмена мгновенными сообщениями в течение недели? С какой целью Вы делаете это чаще",Нет,Нет
vpr_sd_945591,social,8,"Выберите верные суждения и запишите цифры, под которыми они указаны. 1) Командную экономику от других экономических систем отличает свобода хозяйственной инициативы. 2) Для рыночной экономики характерно слабое развитие товарно-денежных отношений. 3) В традиционной экономике решения принимаются на основе хозяйственного опыта предков. 4) Распоряжение выражается в праве собственника поступать с вещью",Нет,Нет
vpr_sd_944685,social,8,"В странах Z и Y учёные проводили опросы общественного мнения. Совершеннолетним гражданам, участвующим в опросе, был задан вопрос: «Что Вы думаете об уплате налогов?». Результаты опроса (в % от числа опрошенных) представлены в виде диаграммы. Сформулируйте одно существенное различие в позициях групп опрошенных. Выскажите предположение о том, чем объясняется это различие.",Нет,Нет
vpr_sd_945479,social,8,"Установите соответствие между примерами и видами денег: к каждому элементу, данному в первом столбце, подберите соответствующий элемент из второго столбца. ПРИМЕРЫ А) Анзор оплатил штраф через приложение Яндекс.Деньги. Б) Альбина оплатила услуги в салоне красоты с помощью пластиковой карты. В) Милена купила шоколадку, опустив в автомат 5- и 10 рублёвые монеты. Г) Эльмира купила платье, расплативши",Нет,Нет
vpr_sd_945127,social,8,"Иван составляет бизнес-план развития своего предприятия. Что из перечисленного ниже он может использовать как источники финансирования бизнеса? Запишите цифры, под которыми они указаны. 1) привлечение кредитов 2) налоговые отчисления 3) закупка сырья и оборудования 4) средства амортизационного фонда 5) повышение производительности труда",Нет,Нет
vpr_sd_944308,social,8,"Канадскому педагогу Л. Питеру принадлежит следующее высказывание: «Экономика есть искусство удовлетворять безграничные потребности при помощи ограниченных ресурсов». 1. Дайте своё объяснение смысла высказывания. 2. Как Вы думаете, почему к решению экономических вопросов необходим рациональный подход?",Нет,Нет
vpr_sd_945768,social,8,"У совершеннолетнего Василия сломался автомобиль. В автосервисе сообщили, что ремонт обойдется в 55 тысяч рублей. У Василия таких денег не было и он принял решение взять кредит в банке. Укажите два любых правила, которым следует придерживаться Василию при выборе кредитной организации.",Нет,Нет
vpr_sd_944790,social,8,Ученица четвёртого класса общеобразовательной школы Катя любит читать. На каком уровне общего образования находится Катя?,Нет,Нет
vpr_sd_945480,social,8,Рассмотрите три изображения. 1) 2) 3) Что объединяет изображённые объекты с экономической точки зрения? Объясните: а) что отличает эти предметы от даровых благ; б) какую главную экономическую проблему решает любое общество.,Нет,Да
vpr_sd_944703,social,8,"Привлекая обществоведческие знания, составьте краткое (не более 5 предложений) сообщение об образовании, используя все приведённые ниже понятия. Образование, культура, общество, школа.",Нет,Нет
vpr_sd_945888,social,8,"Совершеннолетняя Анна Ивановна решила завести кредитную карту. В какую организацию ей следует обратиться для оформления кредитной карты? На какие условия оформления кредитной карты следует обратить внимание Анне Ивановне, чтобы выбрать наиболее выгодный для себя вариант. Укажите не менее двух условий.",Нет,Нет
vpr_sd_945722,social,8,"Полина Д. собиралась снять наличные деньги с карты в банкомате. В какой-то момент она обратила внимание, что молодой человек, который стоял в очереди за ней, подошел очень близко и внимательно следит за тем, что она будет набирать при снятии денег. Какое действие следует предпринять Полине в данном случае? Поясните свой ответ.",Нет,Нет
vpr_sd_945050,social,8,"Шестнадцатилетняя Екатерина искала работу, график которой можно было бы совместить с учёбой в колледже. В Интернете она нашла предложение следующего содержания: «Работа в удобное время. Набор текста. 1 лист — 100 рублей. Количество листов зависит только от Вашего желания. Для получения первого заказа Вы должны перечислить 500 рублей на электронный кошелёк работодателя! Торопитесь! Осталось 8 вакан",Нет,Нет
vpr_sd_945808,social,8,"Совершеннолетнему Вадиму досталось в наследство крупная сумма денег. Он решил ее инвестировать и получать пассивный доход. Предложите один любой вариант, куда он может вложить деньги. Объясните, почему неэффективно хранить крупную сумму денег дома, не инвестируя ее куда-либо.",Нет,Нет
vpr_sd_945581,social,8,"Совершеннолетний Николай нашёл на сайте Интернет-магазина аксессуар для своего автомобиля. Николаю было предложено перевести деньги за товар с помощью одного из электронных кошельков с указанием секретного номера отправления. В чём состоит опасность данной ситуации для личных финансов Николая? Как, с точки зрения безопасности личных финансов, должен поступить Николай в данном случае?",Нет,Нет
vpr_sd_945809,social,8,"Святославу 5 лет, он уже два года посещает 11 группу детского сада «Озорное солнце». К какому уровню образования относится организация, в которой он обучается?",Нет,Нет
vpr_sd_945622,social,8,На уроках химии одиннадцатикласснику общеобразовательной школы Прохору больше всего нравится выполнять химические эксперименты по распознаванию веществ. На каком уровне общего образования находится Прохор?,Нет,Нет
vpr_sd_944816,social,8,"Студентка третьего курса педагогического университета Антонина учится по специальности «учитель химии». К какому уровню образования относится организация, в которой Антонина обучается?",Нет,Нет
vpr_sd_945031,social,8,Ученик четвёртого класса общеобразовательной школы Валериан получил пятёрки по результатам выполнения ВПР. Общее образование какого уровня завершает Валериан?,Нет,Нет
vpr_sd_945849,social,8,"Матвей увлекается альпинизмом и игрой на скрипке. Он стал призером заключительного этапа Всероссийской олимпиады школьников по обществознанию и поступил вне конкурса на юридический факультет СПбГУ (Санкт-Петербургский государственный университет), где обучается в данный момент. К какому уровню образования относится организация, в которой он обучается в данный момент времени?",Нет,Нет
vpr_sd_944714,social,8,"Привлекая обществоведческие знания, составьте краткое (не более 5 предложений) сообщение об экономике фирмы, используя все приведённые ниже понятия. Страхование, юридическое лицо, лицензия, имущественные интересы.",Нет,Нет
vpr_sd_944718,social,8,"Привлекая обществоведческие знания, составьте краткое (не более 5 предложений) сообщение об экономике фирмы, используя все приведённые ниже понятия. Налог, платеж, бюджет, налоговое законодательство.",Нет,Нет
vpr_sd_944696,social,8,"Привлекая обществоведческие знания, составьте краткое (не более 5 предложений) сообщение об экономике фирмы, используя все приведённые ниже понятия. Наука, знания, прогнозирование, производство.",Нет,Нет
vpr_sd_944699,social,8,"Привлекая обществоведческие знания, составьте краткое (не более 5 предложений) сообщение об экономике фирмы, используя все приведённые ниже понятия. Фирма, ассортимент товаров, факторы производства, государственные дотации.",Нет,Нет
vpr_sd_944701,social,8,"Привлекая обществоведческие знания, составьте краткое (не более 5 предложений) сообщение о значении разделения труда, используя все приведённые ниже понятия. Производство, экономические блага, ресурсы, разделение труда.",Нет,Нет
vpr_sd_944710,social,8,"Привлекая обществоведческие знания, составьте краткое (не более 5 предложений) сообщение об экономике фирмы, используя все приведённые ниже понятия. Ценные бумаги, имущественные права, акции, акционерное общество.",Нет,Нет
vpr_sd_944715,social,8,"Привлекая обществоведческие знания, составьте краткое (не более 5 предложений) сообщение духовной сфере жизни общества, используя все приведённые ниже понятия. Религия, вера, моральные нормы, церковь.",Нет,Нет
vpr_sd_944692,social,8,"Привлекая обществоведческие знания, составьте краткое (не более 5 предложений) сообщение об государственном строе, используя все приведённые ниже понятия. Конституция РФ, референдум, высшая юридическая сила, конституционный строй.",Нет,Нет
vpr_sd_944697,social,8,"Привлекая обществоведческие знания, составьте краткое (не более 5 предложений) сообщение об экономике фирмы, используя все приведённые ниже понятия. Ценные бумаги, имущественные права, акции, дивиденды.",Нет,Нет
vpr_sd_944709,social,8,"Привлекая обществоведческие знания, составьте краткое (не более 5 предложений) сообщение об экономике фирмы, используя все приведённые ниже понятия. Налог, сбор, бюджет, Налоговый кодекс РФ.",Нет,Нет
vpr_sd_944712,social,8,"Привлекая обществоведческие знания, составьте краткое (не более 5 предложений) сообщение об экономике фирмы, используя все приведённые ниже понятия. Страхование, страховщик, физическое лицо, событие.",Нет,Нет
vpr_sd_944700,social,8,"Привлекая обществоведческие знания, составьте краткое (не более 5 предложений) сообщение об экономике фирмы, используя все приведённые ниже понятия. Торговля, деньги, бартер, налоги.",Нет,Нет
vpr_sd_944702,social,8,"Привлекая обществоведческие знания, составьте краткое (не более 5 предложений) сообщение об экономической деятельности, используя все приведённые ниже понятия. Семейный бюджет, доходы, обязательные расходы, трудовая деятельность.",Нет,Нет
vpr_sd_944706,social,8,"Привлекая обществоведческие знания, составьте краткое (не более 5 предложений) сообщение об экономике фирмы, используя все приведённые ниже понятия. Предпринимательство, товары и услуги, кредит, прибыль.",Нет,Нет
vpr_sd_944711,social,8,"Привлекая обществоведческие знания, составьте краткое (не более 5 предложений) сообщение об экономической деятельности, используя все приведённые ниже понятия. Материальные блага, нематериальные блага, товары, услуги.",Нет,Нет
vpr_sd_944719,social,8,"Привлекая обществоведческие знания, составьте краткое (не более 5 предложений) сообщение об экономике фирмы, используя все приведённые ниже понятия. Семейный бюджет, домохозяйство, заработная плата, произвольные траты.",Нет,Нет
vpr_sd_944707,social,8,"Привлекая обществоведческие знания, составьте краткое (не более 5 предложений) сообщение о патриотизме, используя все приведённые ниже понятия. Патриотизм, родина, культура, традиции.",Нет,Нет
vpr_sd_944698,social,8,"Привлекая обществоведческие знания, составьте краткое (не более 5 предложений) сообщение об экономике фирмы, используя все приведённые ниже понятия. Банк, ценные бумаги, кредит, лицензия.",Нет,Нет
vpr_sd_944708,social,8,"Привлекая обществоведческие знания, составьте краткое (не более 5 предложений) сообщение об экономике фирмы, используя все приведённые ниже понятия. Рынок, товары и услуги, конкуренция, монополия.",Нет,Нет
vpr_sd_944694,social,8,"Привлекая обществоведческие знания, составьте краткое (не более 5 предложений) сообщение об экономике фирмы, используя все приведённые ниже понятия. Фирма, ассортимент товаров, бизнес-план, прибыль.",Нет,Нет
vpr_sd_944705,social,8,"Привлекая обществоведческие знания, составьте краткое (не более 5 предложений) сообщение об экономике фирмы, используя все приведённые ниже понятия. Производство, ресурсы, факторы производства, нематериальные блага.",Нет,Нет
vpr_sd_944713,social,8,"Привлекая обществоведческие знания, составьте краткое (не более 5 предложений) сообщение об экономике фирмы, используя все приведённые ниже понятия. Банк, прибыль, облигации, финансовые услуги.",Нет,Нет
vpr_sd_944704,social,8,"Привлекая обществоведческие знания, составьте краткое (не более 5 предложений) сообщение о правах ребёнка, используя все приведённые ниже понятия. Психическое развитие, специальная забота, дееспособный возраст, неотъемлемое право.",Нет,Нет
vpr_sd_944847,social,8,"Установите соответствие между действиями и областями (формами) культуры: к каждому элементу, данному в первом столбце, подберите соответствующий элемент из второго столбца. ДЕЙСТВИЯ А) Зыятдин молился в мечети. Б) Ученица Элеонора А. готовится к контрольной работе по физике. В) Инна была на богослужении в храме. Г) Ольга сдала экзамен по истории на «отлично». Д) И. И. Левитан написал картину «Озер",Нет,Нет
vpr_sd_945846,social,8,"Установите соответствие между примерами и составными частями бюджета домохозяйства: к каждой позиции, данной в первом столбце, подберите соответствующую позицию из второго столбца. ПРИМЕР А) проценты по вкладам Б) заработная плата В) оплата коммунальных услуг Г) дивиденды по акциям Д) страховые взносы СОСТАВНАЯ ЧАСТЬ БЮДЖЕТА 1) доходная часть 2) расходная часть Запишите в таблицу выбранные цифры п",Нет,Нет
vpr_sd_944773,social,8,"Установите соответствие между примерами и смыслами понятия «экономика»: к каждому элементу, данному в первом столбце, подберите соответствующий элемент из второго столбца. ПРИМЕРЫ А) продажа автомобилей Б) изучение спроса на детские игрушки В) исследование рынка недвижимости Г) расчёт изменения предложения товаров для зимних видов спорта Д) изготовление очков на заказ СМЫСЛЫ ПОНЯТИЯ «ЭКОНОМИКА» 1)",Нет,Нет
vpr_sd_945766,social,8,"Установите соответствие между функциями и уровнями банковской системы: к каждой позиции, данной в первом столбце, подберите соответствующую позицию из второго столбца. ФУНКЦИИ А) монопольная эмиссия денег Б) кредитование населения В) хранение золотовалютных резервов государства Г) лицензирование финансовых организаций Д) осуществление платежей между фирмами УРОВНИ БАНКОВСКОЙ СИСТЕМЫ 1) центральный",Нет,Нет
vpr_sd_945752,social,8,"Установите соответствие между характеристиками и функциями образования: к каждой позиции, данной в первом столбце, подберите соответствующую позицию из второго столбца. ХАРАКТЕРИСТИКИ А) формирование интеллектуального и нравственного потенциала общества и государства Б) воспроизводство профессиональных кадров В) развитие умений, способностей, интересов Г) освоение научных знаний, приобретение опыт",Нет,Нет
vpr_sd_945886,social,8,"Установите соответствие между конкретными проявлениями и тенденциями образования, которые они иллюстрируют: к каждой позиции, данной в первом столбце, подберите соответствующую позицию из второго столбца. ПРОЯВЛЕНИЕ А) повышение юридической и экономической грамотности учащихся Б) широкое использование медийных ресурсов на уроках В) уделение особого внимания изучению истории и литературы Г) организ",Нет,Нет
vpr_sd_945485,social,8,"Установите соответствие между действиями и элементами статуса обучающегося: к каждому элементу, данному в первом столбце, подберите соответствующий элемент из второго столбца. ДЕЙСТВИЯ А) не создавать препятствий для получения образования другими обучающимися Б) выражать собственные взгляды и убеждения В) пользоваться в порядке, установленном локальными нормативными актами, объектами спорта образо",Нет,Нет
vpr_sd_945934,social,8,"Выберите верные суждения и запишите цифры, под которыми они указаны. 1) Научное знание отличается от иных видов знания опорой на индивидуальный опыт и здравый смысл. 2) Питание, дыхание, воспроизводство себе подобных — это потребности, присущие и человеку, и животным. 3) Деятельность связана с постановкой цели и планированием этапов её достижения. 4) Игра является развлечением, а не видом деятельн",Нет,Нет
vpr_sd_945812,social,8,"Установите соответствие между примерами и видами налогов: к каждой позиции, данной в первом столбце, подберите соответствующую позицию из второго столбца. ПРИМЕР НАЛОГА А) имущественный налог Б) транспортный налог В) налог на добавленную стоимость Г) акцизный сбор Д) налог на добычу полезных ископаемых ВИД НАЛОГА 1) прямые налоги 2) косвенные налоги Запишите в таблицу выбранные цифры под соответст",Нет,Нет
vpr_sd_944781,social,8,"Найдите в приведённом ниже списке два примера финансово грамотных действий граждан при размещении финансовых средств в негосударственные пенсионные фонды (НПФ) и запишите цифры , под которыми они указаны. 1) Аврора направила свои пенсионные накопления в НПФ, который показал высокую доходность в течение 10 лет, включая период экономического кризиса. 2) Адель разместила средства в НПФ с доходностью ",Нет,Нет
vpr_sd_944870,social,8,Марина посещает студию бальных танцев в районном доме творчества. К какому виду образования относится студия бальных танцев в районном доме творчества?,Нет,Нет
vpr_sd_944764,social,8,"Спрос — один из элементов рыночного механизма. 1. Что характеризует спрос как элемент рыночного механизма? 2. Составьте рассказ о себе как потребителе, используя следующий план. 1) Какие продовольственные товары Вы/Ваша семья приобретаете чаще всего? Какие требования Вы/Ваша семья предъявляете к качеству этих товаров? 2) Какие факторы (кроме изменения качества) могут привести к повышению цен на пр",Нет,Нет
vpr_sd_945530,social,8,"Одним из факторов производства является труд. 1. Что включает в себя труд как фактор производства? 2. Составьте рассказ о своей возможной будущей профессии, используя следующий план. 1) Какая профессия Вас привлекает? Почему? 2) Какие средства труда использует работник в данной профессиональной деятельности? Из каких учебных предметов знания являются самыми важными для выбранной Вами профессии?",Нет,Нет
vpr_sd_945791,social,8,"Страхование активно используется людьми в повседневной жизни. 1. Назовите известные вам виды страховых услуг. Всего укажите не менее двух видов. 2. Составьте рассказ о себе или ваших близких, друзьях как о пользователях услуг страхования, ответив на следующие вопросы: 1) Как часто Вы он/она пользуетесь услугами страхования в год? С какой целью Вы делаете это чаще всего? 2) Как Вы относитесь к допо",Нет,Нет
vpr_sd_944919,social,8,"Экономические блага — это товары, услуги, результаты работы и др. 1. Что такое товар? 2. Составьте рассказ о себе как о покупателе, используя следующий план. а) Какие услуги, способные удовлетворить социальные потребности, Вы/Ваша семья приобретаете чаще всего? Где, как правило, Вы/Ваша семья приобретаете эти услуги? б) Какие требования Вы/Ваша семья предъявляете к качеству этих услуг? При каких о",Нет,Нет
vpr_sd_945891,social,8,"Интернет-банкинг активно используется людьми в повседневной жизни. 1. Как Вы думаете, почему при пользовании Интернет-банкингом необходимо соблюдать специальные правила безопасного поведения? 2. Составьте рассказ о себе как пользователе интернет-банкинга, ответив на следующие вопросы. 1) Как часто Вы заходите используете интернет-банкинг в течение недели? С какой целью Вы делаете это чаще всего? 2",Нет,Нет
vpr_sd_945025,social,8,"Одним из факторов производства является труд. 1. Что включает в себя труд как фактор производства? 2. Составьте рассказ о трудовой деятельности по профессии, которая Вам хорошо известна, используя следующий план. а) Что это за профессия? Что создаётся в результате труда работников этой профессии? б) Какие средства труда использует работник? Какие знания необходимы представителю данной профессии дл",Нет,Нет
vpr_sd_944878,social,8,"Экономические блага — это товары, услуги, результаты работы и др. 1. Что такое товар? 2. Составьте рассказ о себе как о покупателе, используя следующий план. 1) Какие товары Вы/Ваша семья приобретаете чаще всего? Где, как правило, Вы/Ваша семья приобретает эти товары? 2) Какие биологические потребности Вы/Ваша семья можете удовлетворить с помощью данных товаров? Какие требования вы предъявляете к ",Нет,Нет
vpr_sd_945837,social,8,"Банковские вклады (депозиты) активно используется людьми в повседневной жизни. 1. Как Вы думаете, почему при осуществлении банковских вкладов необходимо соблюдать специальные правила безопасного поведения? 2. Составьте рассказ о себе или своих друзьях, близких как банковских вкладчиках, ответив на следующие вопросы. 1) Сколько у вас или у него вкладов в банке? С какой целью Вы или он делает их чащ",Нет,Нет
vpr_sd_945576,social,8,"Экономисты различают даровые и экономические блага. 1. Что такое экономические блага? 2. Составьте рассказ о себе как потребителе экономических благ, используя следующий план. 1) Какие экономические блага, способные удовлетворить биологические потребности, Вы/Ваша семья приобретаете чаще всего? Где, как правило, Вы/Ваша семья приобретает эти блага? 2) Какие требования Вы/Ваша семья предъявляете к ",Нет,Нет
vpr_sd_944858,social,8,"Одним из факторов производства является труд. 1. Что включает в себя труд как фактор производства? 2. Составьте рассказ о трудовой деятельности по профессии, которая может быть отнесена прежде всего к физическому труду, используя следующий план. 1) Что это за профессия? Что создаётся в результате труда работников этой профессии? 2) Какие средства труда использует работник в данной профессиональной",Нет,Нет
vpr_sd_945470,social,8,"Одним из факторов производства является труд. 1. Что включает в себя труд как фактор производства? 2. Составьте рассказ о роли труда в жизни современного человека, используя следующий план. 1) Какие профессии (относящиеся к умственному или физическому труду), по Вашему мнению, наиболее популярны в современном обществе? Почему? 2) Какие потребности человек удовлетворяет в процессе труда? Чем может ",Нет,Нет
vpr_sd_945516,social,8,"Библиотеки относят к учреждениям культуры. 1. Каковы основные функции библиотек? 2. Составьте рассказ о себе как о читателе, используя следующий план. 1) По какой причине Вы часто/редко читаете книги? С какой целью Вы делаете это чаще всего? 2) Какие книги Вам нравятся больше всего (укажите не менее двух конкретных произведений)? Объясните причину.",Нет,Нет
vpr_sd_945410,social,8,"Граждане, как правило, в своей повседневной практике приобретают товар в розницу. 1. Что характеризует торговлю как вид экономической деятельности? 2. Составьте рассказ о преимуществах и недостатках различных форм розничной торговли, проанализировав имеющийся опыт потребителя и, ответив на следующие вопросы. 1) С какими формами организации розничной торговли Вы знакомы как потребитель товара? В ка",Нет,Нет
vpr_sd_945897,social,8,"Электронная почта активно используется людьми в повседневной жизни. 1. Как Вы думаете, почему при пользовании электронной почтой необходимо соблюдать специальные правила безопасного поведения? 2. Составьте рассказ о себе как об пользователе электронной почты, ответив на следующие вопросы. 1) Как часто Вы используете электронную почту в течение недели? С какой целью Вы делаете это чаще всего? 2) Ка",Нет,Нет
vpr_sd_945811,social,8,"Заработная плата является основным источником доходов большинства людей. 1. Как Вы думаете, какие существуют иные источники доходов помимо заработной платы? (Укажите любые два). 2. Составьте рассказ о себе или своих друзьях, близких как работниках, получающих заработную плату. 1) Как много времени Вы или он/она посвящаете работе в неделю (сколько часов)? С какой целью Вы делаете это чаще всего (ра",Нет,Нет
vpr_sd_945085,social,8,"Люди активно используют банкоматы в повседневной жизни. 1. Что такое банкомат? 2. Составьте рассказ о потребителе, пользующемся услугами банкомата, ответив на следующие вопросы. а) Как часто Вы/члены Вашей семьи пользуетесь банкоматом в течение недели? Для каких операций Вы/члены Вашей семьи используете банкомат чаще всего? б) Какие правила Вы/члены Вашей семьи соблюдаете при использовании банкома",Нет,Нет
vpr_sd_944925,social,8,"Экономисты различают даровые и экономические блага. 1. Что такое экономические блага? 2. Составьте рассказ о себе как потребителе экономических благ, используя следующий план. а) Какие экономические блага, способные удовлетворить социальные потребности, Вы/Ваша семья приобретаете чаще всего? Где, как правило, Вы/Ваша семья приобретает эти блага? б) Какие требования Вы/Ваша семья предъявляете к кач",Нет,Нет
vpr_sd_945877,social,8,"Мобильная связь активно используется людьми в повседневной жизни. 1. Как Вы думаете, почему при пользовании мобильной связи необходимо соблюдать специальные правила безопасного поведения? 2. Составьте рассказ о себе как об пользователе мобильной связи, ответив на следующие вопросы. 1) Как часто Вы используете мобильную связь в течение недели? С какой целью Вы делаете это чаще всего? 2) Как Вы отно",Нет,Нет
vpr_sd_944804,social,8,"Граждане в своей повседневной практике часто приобретают товар в розницу. 1. Что характеризует торговлю как вид экономической деятельности? 2. Составьте рассказ о преимуществах и недостатках различных форм розничной торговли, проанализировав имеющийся опыт потребителя и ответив на следующие вопросы. 1) С какими формами организации розничной торговли Вы знакомы как потребитель товара? Какую из них ",Нет,Нет
vpr_sd_945817,social,8,"Реклама повсеместно можно встретить в повседневной жизни. 1. Как Вы думаете, почему при восприятии рекламы необходимо соблюдать специальные правила безопасного поведения? 2. Составьте рассказ о себе как о потребителе, который воспринимает рекламу различных товаров и услуг, ответив на следующие вопросы: 1) Как часто Вы видите (слышите) рекламу в течение дня? Где Вы встречаете ее чаще всего? 2) Как ",Нет,Нет
vpr_sd_944959,social,8,"В Российской Федерации каждый имеет право свободно искать, получать, передавать, производить и распространять информацию любым законным способом. 1. В чём состоит смысл выражения «право свободно … распространять информацию любым законным способом»? 2. Вы в повседневной жизни, на уроках пользуетесь различной информацией. Составьте рассказ о роли информации в Вашей деятельности, используя следующий ",Нет,Нет
vpr_sd_945933,social,8,"Граждане РФ при покупке товаров в магазинах и оплате услуг используют и бумажные деньги, и пластиковые карты. 1. Как Вы думаете, почему при использовании пластиковой карты необходимо соблюдать специальные правила безопасности? 2. Составьте рассказ о себе как о покупателе, ответив на следующие вопросы. 1) Как часто Вам приходится совершать какие-либо покупки в течение недели? С какими целями Вы сов",Нет,Нет
vpr_sd_945922,social,8,"Театр является одним из видов искусств. 1. Как Вы думаете, почему театр считают синтетическим видом искусства? 2. Составьте рассказ о себе как о театральном зрителе, ответив на следующие вопросы. 1) По какой причине Вы часто/редко бываете в театре/смотрите театральные спектакли по телевизору (в Интернете)? С какой целью Вы делаете это чаще всего?/ Если Вы не смотрите театральные постановки, то по ",Нет,Нет
vpr_sd_945045,social,8,"Одним из факторов производства является труд. 1. Что включает в себя труд как фактор производства? 2. Составьте рассказ о роли труда в жизни современного человека, используя следующий план. а) Какие профессии, по Вашему мнению, наиболее популярны в современном обществе? Почему? б) Какие потребности человек удовлетворяет в процессе труда? Как трудовая деятельность влияет на личность?",Нет,Нет
vpr_sd_945590,social,8,"Музеи относят к учреждениям культуры. 1. Каковы основные функции музеев? 2. Составьте рассказ о себе как о посетителе музея, используя следующий план. 1) По какой причине Вы часто/редко бываете в музее? С какой целью Вы делаете это чаще всего? 2) Какие музеи Вам наиболее интересны? Объясните причину.",Нет,Нет
vpr_sd_945851,social,8,"Безналичная оплата активно используется людьми в повседневной жизни. 1. Как Вы думаете, почему при пользовании безналичной оплаты в магазинах необходимо соблюдать специальные правила безопасного поведения? 2. Составьте рассказ о себе или своих близких, друзьях как о потребителях, которые используют безналичную оплату, ответив на следующие вопросы. 1) Как часто Вы или он/она использует безналичный ",Нет,Нет
vpr_sd_944844,social,8,"Одним из факторов производства является труд. 1. Что включает в себя труд как фактор производства? 2. Составьте рассказ о трудовой деятельности по профессии, которая может быть отнесена прежде всего к сложному труду, используя следующий план. 1) Что это за профессия? Чем может быть ограничено предложение трудовых услуг по данной профессии? 2) Какие элементы творчества могут присутствовать в данном",Нет,Нет
vpr_sd_944979,social,8,"Спрос — один из элементов рыночного механизма. 1. Как формулируется закон спроса? 2. Составьте рассказ о себе как потребителе, используя следующий план. а) Какие продовольственные товары Вы/Ваша семья приобретаете чаще всего? Какие требования Вы/Ваша семья предъявляете к качеству этих товаров? б) Какие факторы, кроме изменения качества товаров, могут оказать влияние на изменение спроса на эти прод",Нет,Нет
vpr_sd_945456,social,8,"Одним из факторов производства является труд. 1. Что является доходом от труда как фактора производства? 2. Составьте рассказ о трудовой деятельности по профессии, которая может быть отнесена прежде всего к сложному труду, используя следующий план. 1) Чем может быть ограничено предложение трудовых услуг по данной профессии? Что создаётся в результате труда работников этой профессии? 2) Какие элеме",Нет,Нет
vpr_sd_945751,social,8,"Сбережения создаются многими семьями. 1. Как Вы думаете, почему при создании сбережений необходимо соблюдать специальные правила рационального экономического поведения? 2. Составьте рассказ о сбережениях в Вашей семье, ответив на следующие вопросы. 1) В каких формах Ваша семья делает сбережения? С какой целью Ваша семья делает это чаще всего? 2) Как Вы относитесь к размещению человеком сбережений ",Нет,Нет
vpr_sd_945757,social,8,"Семейный бюджет является экономической основой жизни любой семьи. 1. Как Вы думаете, почему при планировании семейного бюджета необходимо соблюдать специальные правила рационального экономического поведения? 2. Составьте рассказ о себе как о члене семьи, планирующей семейный бюджет, ответив на следующие вопросы. 1) На какой период Ваша семья планирует свой бюджет? Какую роль Вы играете в планирова",Нет,Нет
vpr_sd_945717,social,8,"Электронные деньги активно используется людьми в повседневной жизни. 1. Как Вы думаете, почему при пользовании электронных денег необходимо соблюдать специальные правила безопасного поведения? 2. Составьте рассказ об электронных деньгах, ответив на следующие вопросы: 1) Вы оплачивали когда либо товары и услуги электронными деньгами? С какой целью Вы это делали или могли бы сделать? 2) Как Вы оцени",Нет,Нет
vpr_sd_945913,social,8,"Интернет активно используется людьми в повседневной жизни. 1. Как Вы думаете, почему при пользовании Интернетом необходимо соблюдать специальные правила безопасного поведения? 2. Составьте рассказ о себе как об интернет-пользователе, ответив на следующие вопросы. 1) Как часто Вы заходите в Интернет в течение недели? С какой целью Вы делаете это чаще всего? 2) Как Вы относитесь к размещению человек",Нет,Нет
vpr_sd_945947,social,8,"Многие люди предпочитают электронные книги традиционным печатным книгам. 1. Как Вы думаете, почему любители художественной литературы не отказываются от традиционных печатных книг, несмотря на широкое распространение электронных? 2. Составьте рассказ о себе как о читателе, ответив на следующие вопросы. 1) Как часто Вы обращаетесь к чтению художественной литературы в течение недели? С какой целью В",Нет,Нет
vpr_sd_945797,social,8,"Дебетовые банковские карты активно используется людьми в повседневной жизни. 1. Как Вы думаете, почему при пользовании дебетовых банковских карт необходимо соблюдать специальные правила безопасного поведения? 2. Составьте рассказ о себе как об пользователе дебетовой банковской карты, ответив на следующие вопросы. 1) Как часто Вы используете дебетовую банковскую карту в течение недели? С какой цель",Нет,Нет
vpr_sd_944965,social,8,"Спрос — один из элементов рыночного механизма. 1. Что характеризует спрос как элемент рыночного механизма? 2. Составьте рассказ о себе как потребителе, используя следующий план. а) Какие непродовольственные товары Вы/Ваша семья приобретаете чаще всего? Какие требования Вы/Ваша семья предъявляете к качеству этих непродовольственных товаров? б) Какие факторы (кроме изменения качества товара) могут п",Нет,Нет
vpr_sd_944758,social,8,"Экономические блага — это товары, услуги, результаты работы и др. 1. Что такое услуги? 2. Составьте рассказ о себе как о покупателе, используя следующий план. 1) Какие услуги, способные удовлетворить социальные потребности, Вы/Ваша семья приобретаете чаще всего? Где, как правило, Вы/Ваша семья приобретаете эти услуги? 2) Какие требования Вы/Ваша семья предъявляете к качеству этих услуг? При каких ",Нет,Нет
vpr_sd_945185,social,8,"В Российской Федерации каждый имеет право на образование. 1. Как Вы думаете, каково значение образования в жизни человека? 2. Используя обществоведческие знания и собственный опыт, составьте рассказ о себе как ученике (ученице), ответив на следующие вопросы. 1) Какие школьные предметы Вам нравятся больше всего? Как Вы считаете, для чего необходимо самообразование современному человеку? 2) Как Вы о",Нет,Нет
vpr_sd_945636,social,8,"Одним из факторов производства является труд. 1. Что включает в себя труд как фактор производства? 2. Составьте рассказ о роли труда в жизни современного человека, используя следующий план. 1) Какие профессии (относящиеся к сложному или простому труду), по Вашему мнению, наиболее популярны в современном обществе? Почему? 2) Какие потребности человек удовлетворяет в процессе труда? Как трудовая дея",Нет,Нет
vpr_sd_945911,social,8,"Социальные сети активно используется людьми в повседневной жизни. 1. Как Вы думаете, почему при пользовании социальных сетей необходимо соблюдать специальные правила безопасного поведения? 2. Составьте рассказ о себе как об пользователе социальных сетей, ответив на следующие вопросы. 1) Как часто Вы заходите в социальные сети в течение недели? С какой целью Вы делаете это чаще всего? 2) Как Вы отн",Нет,Нет
vpr_sd_945777,social,8,"Инвестиции в ценные бумаги активно используется людьми в повседневной жизни. 1. Как Вы думаете, почему при инвестиции в ценные бумаги необходимо соблюдать специальные правила безопасного поведения? 2. Составьте рассказ об инвестициях в ценные бумаги, ответив на следующие вопросы. 1) Какие существую ценные бумаги? С какой целью можно их покупать? 2) Как Вы относитесь к инвестициям в ценные бумаги? ",Нет,Нет
vpr_sd_945630,social,8,"Одним из факторов производства является труд. 1. Что является доходом от труда как фактора производства? 2. Составьте рассказ о трудовой деятельности по профессии, которая Вам хорошо известна, используя следующий план. 1) Что это за профессия? Как Вы думаете, знания каких учебных предметов являются самыми важными для названной Вами профессии? 2) Чем может быть ограничено предложение трудовых услуг",Нет,Нет
vpr_sd_945857,social,8,"Банкоматы регулярно используется людьми в повседневной жизни. 1. Как Вы думаете, почему при пользовании банкоматами необходимо соблюдать специальные правила безопасного поведения? 2. Составьте рассказ о себе (кого-либо из близких, родственников) как об пользователе банкомата, ответив на следующие вопросы. 1) Как часто Вы (он) пользуется банкоматом в течение недели? С какой целью Вы (он) делает это",Нет,Нет
vpr_sd_945550,social,8,"В современном обществе учреждения культуры активно посещаются людьми. 1. Как Вы думаете, почему людям необходимо периодически посещать учреждения культуры? 2. Составьте рассказ о себе как о человеке, посещающем учреждения культуры, ответив на следующие вопросы. 1) Как часто Вы посещаете учреждения культуры (музеи, театры, библиотеки и др.)? С какой целью Вы делаете это чаще всего? (Если не посещае",Нет,Нет
vpr_sd_945831,social,8,"Кредиты активно используется людьми в повседневной жизни. 1. Как Вы думаете, почему при пользовании кредитными услугами необходимо соблюдать специальные правила безопасного поведения? 2. Составьте рассказ о своих совершеннолетних близких, друзьях как о потребителях кредитных услуг, ответив на следующие вопросы. 1) Как часто он/она пользуется кредитными услугами? С какой целью он/она делаете это ча",Нет,Нет
vpr_sd_945731,social,8,"Кредитные карты активно используются людьми в повседневной жизни. 1. Как Вы думаете, почему при пользовании кредитных карт необходимо соблюдать специальные правила безопасного поведения? 2. Составьте рассказ о кредитных картах, ответив на следующие вопросы. 1) Как часто Ваши родители или совершеннолетние друзья, родственники пользуются кредитными картами в течение недели? С какой целью они делают ",Нет,Нет
vpr_sd_945771,social,8,"Покупка валют активно используется людьми в повседневной жизни. 1. Как Вы думаете, зачем люди покупают валюту? 2. Составьте рассказ о валютообменных операциях, ответив на следующие вопросы: 1) Как часто Ваша семья покупает валюту в течение года? Что необходимо учитывать при покупке иностранной валюты? 2) Как Вы относитесь к покупке иностранной валюты в качестве способа хранения денег? Чего, по Ваш",Нет,Нет
vpr_sd_945871,social,8,"Интернет-магазины активно используются людьми в повседневной жизни. 1. Как Вы думаете, почему при пользовании интернет−магазинами необходимо соблюдать специальные правила безопасного поведения? 2. Составьте рассказ о себе как об покупателе интернет−магазинов, ответив на следующие вопросы. 1) Как часто Вы заходите в интернет−магазины в течение недели? С какой целью Вы делаете это чаще всего? 2) Как",Нет,Нет
vpr_sd_944818,social,8,"В современной экономике важную роль играют фирмы. 1. Какова главная цель деятельности любой фирмы? 2. Используя обществоведческие знания и собственный опыт, составьте рассказ о себе как потребителе товаров и услуг, ответив на следующие вопросы. 1) На какие качества (свойства) товара Вы обращаете внимание в первую очередь, совершая покупку? Что, по Вашему мнению, могут предпринять фирмы, чтобы прив",Нет,Нет
vpr_sd_944945,social,8,"Граждане, как правило, в своей повседневной практике приобретают товар в розницу. 1. Как Вы думаете, почему розничная торговля в определённой мере является показателем качества жизни граждан? 2. Составьте рассказ о преимуществах и недостатках различных форм розничной торговли, проанализировав имеющийся опыт потребителя и ответив на следующие вопросы. а) С какими формами организации розничной торго",Нет,Нет
vpr_sd_945510,social,8,"В современном обществе люди становятся активными участниками финансовых рынков. 1. Что такое кредит? 2. Составьте рассказ об участнике финансового рынка, ответив на следующие вопросы. 1) Есть ли у Вашей семьи кредитная история? Если да, то с какой целью был взят кредит(-ы), если нет, то почему? 2) Как Вы можете объяснить Ваше отношение к инвестированию человеком собственных и заёмных средств в про",Нет,Нет
vpr_sd_945490,social,8,"В Российской Федерации каждый ребёнок имеет право на бесплатное среднее образование. 1. Как вы думаете, какова основная функция образования в современном обществе? 2. Используя обществоведческие знания и собственный опыт, составьте рассказ о своей собственной учебной деятельности, ответив на следующие вопросы: 1) Какие школьные предметы Вам нравятся больше всего? Как Вы считаете, для чего необходи",Нет,Нет
vpr_sd_945476,social,8,"В Российской Федерации каждый имеет право на пользование родным языком, на свободный выбор языка общения, воспитания, обучения и творчества. 1. Объясните, как вы понимаете смысл выражения: «пользование родным языком». 2. Мы живём в многонациональной стране. Проанализируйте свой круг общения. Составьте рассказ о собственном опыте общения, используя следующий план. 1) Какой язык является для Вас род",Нет,Нет
vpr_sd_944778,social,8,"Большинство людей в современном мире пользуются финансовыми услугами (используют платёжные карты, электронные деньги, берут кредиты, совершают денежные переводы и т. п.). 1. Какие правила безопасности необходимо соблюдать при пользовании пластиковыми картами? (Укажите не менее двух правил.) 2. Используя обществоведческие знания и собственный опыт, составьте рассказ о пользовании финансовыми услуга",Нет,Нет
vpr_sd_945616,social,8,"Наука связана с исследованиями окружающего мира и общества. Однако ученики тоже могут быть исследователями. 1. Как Вы думаете, какие принципы должен соблюдать учёный в своей деятельности? 2. Составьте рассказ о себе как исследователе, ответив на следующие вопросы. 1) Какие источники информации Вы используете при работе над школьным рефератом / проектом? С какой целью Вы работаете над рефератом / п",Нет,Нет
vpr_sd_945065,social,8,"Люди активно используют банкоматы в повседневной жизни. 1. Как Вы думаете, почему при пользовании банкоматом необходимо соблюдать специальные правила безопасного поведения? 2. Составьте рассказ о потребителе, пользующемся услугами банкомата, ответив на следующие вопросы. а) Как часто Вы/члены Вашей семьи пользуетесь банкоматом в течение недели? Для каких операций Вы/члены Вашей семьи используете б",Нет,Нет
vpr_sd_945570,social,8,"Театр является одним из видов искусств. 1. Как Вы думаете, каким образом театр синтезирует различные виды искусства? 2. Составьте рассказ о себе как о театральном зрителе, ответив на следующие вопросы. 1) Как часто Вы бываете в театре/смотрите театральные спектакли по телевизору (в Интернете)? С какой целью Вы делаете это чаще всего? 2) Что Вас больше всего привлекает в театральных постановках? Об",Нет,Нет
vpr_sd_945596,social,8,"Одним из факторов производства является труд. 1. Что является доходом от труда как фактора производства? 2. Составьте рассказ о профессии, которая Вам нравится и хорошо знакома, используя следующий план. 1) Какая профессия Вам нравится? Почему? 2) Как Вы думаете, знание каких школьных предметов необходимо для получения названной Вами профессии? С какими профессиональными трудностями, по Вашему мне",Нет,Нет
vpr_sd_945416,social,8,"Конституция Российской Федерации устанавливает обязанность каждого «заботиться о сохранении исторического и культурного наследия, беречь памятники истории и культуры». 1. Как Вы понимаете смысл словосочетания «историческое и культурное наследие»? 2. Составьте рассказ о себе как гражданине, заботящемся о сохранении исторического и культурного наследия, используя следующий план. 1) Какие объекты ист",Нет,Нет
vpr_sd_945610,social,8,"Одним из факторов производства является труд. 1. Что включает в себя труд как фактор производства? 2. Составьте рассказ о роли труда в жизни современного человека, используя следующий план. 1) Какие профессии (относящиеся к творческому или стереотипному труду), по Вашему мнению, наиболее популярны в современном обществе? Почему? 2) Какие потребности человек удовлетворяет в процессе труда? Чем може",Нет,Нет
vpr_sd_945517,social,8,"Выберите верные суждения и запишите цифры, под которыми они указаны. 1) Деньги позволяют количественно измерить ценность любого товара, услуги. 2) Изменение цен на товары и услуги, как правило, не влияет на динамику спроса на деньги. 3) Деньги обладают определённой покупательной способностью. 4) Пользование кредитом — это пример использования денег как средства сбережения и накопления. 5) Инфляция",Нет,Нет
vpr_sd_944341,social,8,"В ходе социологического опроса 25-летним работающим жителям государства Z предложили ответить на вопрос: «Зачем Вы работаете, какова Ваша трудовая мотивация?». Результаты опроса (в % от числа отвечавших) представлены в графическом виде. Сформулируйте одно существенное различие в позициях групп опрошенных. Выскажите предположение о том, чем объясняется это различие.",Нет,Нет
vpr_sd_945942,social,8,"Установите соответствие между высшими органами государственной власти РФ и ветвями власти, которые они представляют: к каждому элементу, данному в первом столбце, подберите соответствующий элемент из второго столбца. ВЫСШИЙ ОРГАН ГОСУДАРСТВЕННОЙ ВЛАСТИ РФ А) Правительство РФ Б) Федеральное Собрание В) Конституционный Суд Г) Государственная Дума Д) Верховный Суд ВЕТВЬ ВЛАСТИ РФ 1) законодательная 2",Нет,Нет
vpr_sd_944948,social,8,"Эльвира решила инвестировать средства. Какая информация позволит сделать вывод о том, что выбранной ею финансовой организации можно доверять? Запишите цифры, под которыми указаны две соответствующие позиции. 1) У финансовой организации есть собственные основные средства и другие дорогостоящие активы. 2) Организована массированная реклама в СМИ, интернете с обещанием доходности намного выше, чем в ",Нет,Нет
vpr_sd_944320,social,8,"Советским писателям А. и Б. Стругацким принадлежит следующее высказывание: «Всё правильно: деньги нужны человеку для того, чтобы никогда о них не думать». 1. Дайте своё объяснение смысла высказывания. 2. Как Вы думаете, почему безналичные деньги считаются более безопасными, чем наличные?",Нет,Нет
vpr_sd_944769,social,8,Ученику 8 класса Руслану на аккаунт в социальной сети пришло уведомление: «Руслан! Ты победил в Новогодней лотерее. Для получения подарка ценой 5 тысяч рублей необходимо перевести на электронный кошелёк организатора лотереи 100 рублей». В чём состоит опасность данной ситуации для личных финансов Руслана? Как ему правильно поступить в данной ситуации?,Нет,Нет
vpr_sd_945863,social,8,"Закончивший 9 классов общеобразовательной школы города Махачкала Эльшан учится в педагогическом колледже и собирается стать учителем физической культуры. К какому уровню образования относится организация, в которой он обучается?",Нет,Нет
vpr_sd_945895,social,8,"Рассмотрите три фотографии. 1) 2) 3) Какое качество личности объединяет людей, изображённых на фотографиях? Объясните: а) какие средства каждый из них выбирает для проявления данного качества? б) какое значение для общества имеет воспитание данного качества?",Нет,Да
vpr_sd_945501,social,8,"Семья Мячиковых состоит из пяти человек: супругов Светланы и Дмитрия и их трёх детей. Светлана работает продавцом в магазине, Дмитрий, офицер в отставке, получает пенсию и работает переводчиком. Доходы всех членов семьи складываются и совместно расходуются. Они идут в первую очередь на приобретение еды, одежды, лекарств, оплату транспортных и коммунальных услуг. Семья владеет собственным домом, на",Нет,Нет
vpr_sd_945769,social,8,"Окончивший 9 классов общеобразовательной школы Илья учится в Петровском колледже. К какому уровню образования относится организация, в которой он обучается?",Нет,Нет
vpr_sd_945798,social,8,"Выберите в приведённом списке верные суждения о факторах производства и запишите цифры, под которыми они указаны. 1) Труд как фактор производства представлен всем наемными работниками и оборудованием, которое используется для создание товаров и услуг. 2) Земля как фактор производства отражает влияние природных условий на производственные процессы, использование в производстве природных источников ",Нет,Нет
vpr_sd_944367,social,8,"В ходе социологического опроса жителям города Z задавали вопрос: «Что не оправдывает Ваших ожиданий при посещении учреждений культуры?» (можно было дать несколько ответов). Результаты опроса (в % от числа отвечавших) представлены в графическом виде. Сформулируйте одно существенное различие в позициях групп опрошенных. Выскажите предположение о том, чем объясняется это различие.",Нет,Нет
vpr_sd_945180,social,8,"Установите соответствие между действиями и элементами статуса обучающегося: к каждому элементу, данному в первом столбце, подберите соответствующий элемент из второго столбца ДЕЙСТВИЯ А) выполнять индивидуальный учебный план Б) выражать собственные взгляды и убеждения В) заботиться о сохранении и об укреплении своего здоровья Г) выполнять задания, данные педагогическими работниками в рамках образо",Нет,Нет
vpr_sd_945919,social,8,"Граждане РФ в соответствии с законодательством могут размещать свои финансовые средства в паевые инвестиционные фонды (ПИФ). Найдите в приведённом ниже списке примеры финансово грамотных действий граждан при размещении финансовых средств в ПИФ и запишите цифры , под которыми они указаны. 1) Инна для увеличения прибыли выбрала фонд смешанных инвестиций. 2) Геннадий приобрёл пай, ориентируясь на дох",Нет,Нет
vpr_sd_944889,social,8,"Дарине позвонил мужчина, который представился специалистом брокерской компании. Мужчина рассказал о том, что компания вкладывает средства клиентов в высокодоходные ценные бумаги ведущих мировых корпораций. Дарине было предложено по телефону открыть инвестиционный счёт и перевести на него деньги, а брокер будет управлять ими и ежемесячно перечислять женщине полученный доход. В чём состоит опасность",Нет,Нет
vpr_sd_945917,social,8,"Выберите верные суждения и запишите цифры, под которыми они указаны. 1) Труд — деятельность людей по производству товаров и услуг путём использования своих физических и интеллектуальных возможностей, профессиональных навыков и опыта. 2) Основой командной экономики является частная собственность и частная хозяйственная инициатива, а также конкуренция производителей. 3) Как правило, рост цен вызывае",Нет,Нет
vpr_sd_944357,social,8,"В ходе социологических опросов предпринимателям государств Z и Y предложили ответить на вопрос: «С какими проблемами чаще всего приходится сталкиваться малому бизнесу?» (можно выбрать несколько ответов). Результаты опросов (в % от числа отвечавших) представлены в графическом виде. Сформулируйте одно существенное различие в позициях групп опрошенных. Выскажите предположение о том, чем объясняется э",Нет,Нет
vpr_sd_945792,social,8,"Установите соответствие между примерами и видами налогов и сборов согласно Налоговому кодексу РФ: к каждой позиции, данной в первом столбце, подберите соответствующую позицию из второго столбца. ПРИМЕРЫ А) торговый сбор Б) государственная пошлина В) налог на добычу полезных ископаемых Г) земельный налог Д) транспортный налог ВИДЫ НАЛОГОВ И СБОРОВ В РФ 1) федеральные 2) региональные 3) местные Запи",Нет,Нет
vpr_sd_945473,social,8,"Лаврентий решил взять кредит. Какая информация позволит сделать вывод о том, что это решение было обдуманно и хорошо спланировано? Запишите цифры , под которыми указаны два соответствующих предложения. 1) Погашение кредита потребует от Лаврентия ограничения обязательных расходов на продукты питания и средства гигиены. 2) Кредит взят для того, чтобы купить престижный дорогой телефон на замену устар",Нет,Нет
vpr_sd_945145,social,8,"Президенту Российской Федерации В. В. Путину принадлежит следующее высказывание: «В российском обществе необходимо формировать такую культурную среду, такие ценности, которые бы опирались на нашу историю, традиции, объединяли бы время и поколения». 1. Дайте своё объяснение смысла высказывания. 2. Как Вы думаете, почему для развития культуры важны исторические традиции?",Нет,Нет
vpr_sd_945938,social,8,"Вернувшись домой с прогулки, Марина Леонидовна не смогла найти свой кошелёк с банковской картой. Какое действие следует предпринять Марине Леонидовне, чтобы не допустить финансовых потерь? Поясните свой ответ.",Нет,Нет
vpr_sd_945448,social,8,"После проведения диагностической работы по истории ученик девятого класса Святослав понял, что ему необходимо при подготовке к ОГЭ обратить особое внимание на повторение событий правления Александра II. На каком уровне общего образования находится Святослав?",Нет,Нет
vpr_sd_945841,social,8,Рассмотрите три фотографии. 1) 2) 3) Какая экономическая деятельность (процесс) изображена на фотографиях? Объясните: а) какие способы осуществления данного процесса (деятельности) используются для достижения цели? б) какое значение для человека имеют данного рода занятия?,Нет,Да
vpr_sd_944859,social,8,"Выберите верные суждения и запишите цифры, под которыми они указаны. 1) Расходы на транспортировку производимой продукции, как правило, не меняются при увеличении или уменьшении объёма производства. 2) Прибыль фирмы — это сумма всех издержек производства. 3) Предприниматель создаёт фирму на свои и (или) заёмные средства и под свой риск. 4) Маркетолог должен правильно оценить запросы рынка и постро",Нет,Нет
vpr_sd_944765,social,8,"Выберите верные суждения и запишите цифры, под которыми они указаны. 1) Потребление даровых благ одними людьми не приводит к их дефициту для других людей. 2) Работники получают за свой труд ренту. 3) При покупке товара происходит изъятие денег из общего денежного оборота страны. 4) Командную экономику от других экономических систем отличает директивное планирование производства. 5) Процесс произво",Нет,Нет
vpr_sd_945858,social,8,"Выберите верные суждения о морали и запишите цифры, под которыми они указаны. 1) Моральные нормы отражают потребности общества. 2) Моральные нормы всегда закреплены в письменной форме. 3) Мораль изучает специальная философская дисциплина — этика. 4) Способность человека выбирать между добром и злом называется моральным выбором. 5) Регулятивная функция морали обеспечивает рассмотрение поступков в к",Нет,Нет
vpr_sd_945511,social,8,"Выберите верные суждения и запишите цифры, под которыми они указаны. 1) Основой рыночной экономики является государственная собственность на основные факторы производства. 2) Собственность — принадлежность вещей, факторов и продуктов производства кому-либо. 3) Рыночную экономику от других экономических систем отличает планирование объёмов производства. 4) Экономическая система — это способ организ",Нет,Нет
vpr_sd_945491,social,8,"Выберите верные суждения и запишите цифры, под которыми они указаны. 1) Рыночную экономику от других экономических систем отличает свобода хозяйственной инициативы. 2) Для стран с рыночной экономикой характерен дефицит потребительских товаров и услуг. 3) В условиях традиционной экономики земля и капитал находятся в общем владении семьи, общины. 4) Право владения подразумевает нахождение вещи в хоз",Нет,Нет
vpr_sd_945898,social,8,"Выберите верные суждения об образовании и запишите цифры, под которыми они указаны. 1) Образование от других форм (областей) духовной культуры отличается тем, что оно способно оказывать эмоциональное воздействие на человека. 2) Гуманитаризация образования проявляется в сокращении количества уроков по предметам обществоведческого цикла. 3) Гуманизация образования предполагает учёт индивидуальных ос",Нет,Нет
vpr_sd_945923,social,8,"Выберите верные суждения и запишите цифры, под которыми они указаны. 1) К капиталу относят здания и сооружения, оборудование, инфраструктуру и другие ценности. 2) Информация как фактор производства включает в себя все знания и сведения, необходимые для квалифицированной экономической деятельности. 3) Экономических ресурсов всегда больше, чем нужно для удовлетворения потребностей человека и обществ",Нет,Нет
vpr_sd_945471,social,8,"Выберите верные суждения и запишите цифры, под которыми они указаны. 1) Заработная плата — цена трудовых услуг, предоставляемых наёмными работниками. 2) В условиях высокой инфляции номинальная и реальная заработная плата полностью совпадают. 3) Стимулирование труда направлено на повышение его производительности и качества. 4) Динамику изменения объёма денежной массы контролируют правительство и це",Нет,Нет
vpr_sd_944819,social,8,"Выберите верные суждения и запишите цифры, под которыми они указаны. 1) Рыночную экономику от других экономических систем отличает необходимость решать проблему ограниченности ресурсов. 2) Основа рыночной экономики — государственная собственность на основные факторы производства. 3) В условиях традиционной экономики земля и капитал находятся в общем владении семьи, общины. 4) Планирование объёмов ",Нет,Нет
vpr_sd_945838,social,8,"Выберите в приведённом списке верные суждения об экономике фирмы и запишите цифры, под которыми они указаны. 1) К постоянным издержкам в краткосрочном периоде относятся логистические расходы. 2) Фирмы имеют возможность использовать в качестве источников финансирования часть прибыли. 3) Одним из внешних источников финансирования бизнеса является привлечение кредитов. 4) Прибыль фирмы представляет с",Нет,Нет
vpr_sd_944952,social,8,"Выберите верные суждения и запишите цифры, под которыми они указаны. 1) Устойчивые различия в оплате работников определяются неодинаковой тяжестью труда. 2) Для эффективной организации труда на предприятии важен баланс положительных и негативных стимулов работников. 3) В период экономического кризиса, в условиях высокой инфляции номинальная и реальная заработная плата могут существенно различаться",Нет,Нет
vpr_sd_945411,social,8,"Выберите верные суждения и запишите цифры, под которыми они указаны. 1) Ценность товара в глазах покупателей может приумножаться за счёт интенсивной рекламы. 2) Собственник может принять решение о закрытии фирмы. 3) К долгосрочным преимуществам фирмы относят обладание уникальной технологией, привлечение наиболее известных в отрасли специалистов. 4) Прибыль фирмы — это сумма выручки за продажу прои",Нет,Нет
vpr_sd_945804,social,8,"Выберите в приведённом списке верные суждения об экономических системах и запишите цифры, под которыми они указаны. 1) Основными субъектами командной экономики являются экономически независимые участники хозяйственной жизни. 2) Стимулом деятельности предприятий в командной экономике является получение прибыли. 3) К основным признакам рыночной экономики относят свободное ценообразование. 4) Для тра",Нет,Нет
vpr_sd_944992,social,8,"Выберите верные суждения и запишите цифры, под которыми они указаны. 1) Экономика — это способ организации хозяйственной деятельности людей, направленной на создание необходимых для потребления благ. 2) Капитал как фактор производства включает в себя здания и сооружения, оборудование, инфраструктуру и др. 3) Труд как фактор производства — это деятельность людей по производству товаров и услуг путё",Нет,Нет
vpr_sd_945724,social,8,"Выберите верные суждения о факторах производства и факторных доходах и запишите цифры, под которыми они указаны. 1) К факторам производства относят спрос и предложение. 2) Труд представляет собой совокупность физических и умственных способностей человека, используемых для создания экономических благ. 3) Земля как фактор производства включает в себя все природные ресурсы, используемые людьми для пр",Нет,Нет
vpr_sd_944966,social,8,"Выберите верные суждения и запишите цифры, под которыми они указаны. 1) Основой рыночной экономики является государственная собственность на основные факторы производства. 2) Основой рыночной экономики являются частная собственность и частная хозяйственная инициатива. 3) Планирование объёмов производства — признак рыночной экономики. 4) Экономическая система — это способ организации хозяйственной ",Нет,Нет
vpr_sd_945431,social,8,"Выберите верные суждения и запишите цифры, под которыми они указаны. 1) Религия, в отличие от морали, регулирует поведение человека в обществе. 2) Религия включает в себя социальные нормы, которые верующие должны соблюдать. 3) Верующий человек убеждён в реальности существования Бога. 4) Религия помогает верующему избавиться от одиночества, расширить круг его общения. 5) Религии, как и науке, свойс",Нет,Нет
vpr_sd_945477,social,8,"Выберите верные суждения и запишите цифры, под которыми они указаны. 1) Наука фиксирует полученные знания в определённой системе знаков, построенной на основании точных правил. 2) Наука регулирует поведение человека с позиций добра и зла, справедливости и несправедливости. 3) Религия включает в себя социальные нормы, которые верующие должны соблюдать. 4) Литература отражает действительность в слов",Нет,Нет
vpr_sd_944839,social,8,"Выберите верные суждения и запишите цифры, под которыми они указаны. 1) Люди в силу необходимости способны осваивать новые для себя профессии, переезжать в связи со своей работой. 2) На профессиональную успешность работника влияют только внешние факторы. 3) Реальная заработная плата — объём благ, которые можно приобрести на номинальную зарплату в определённый период времени. 4) К социальным стимул",Нет,Нет
vpr_sd_945497,social,8,"Выберите верные суждения и запишите цифры, под которыми они указаны. 1) В любой экономической системе государство даёт предприятиям обязательные для исполнения хозяйственные планы. 2) Для традиционной экономики, в отличие от командной экономики, характерна стабильность цен на потребительские товары. 3) Право владения подразумевает нахождение вещи в хозяйстве собственника. 4) Распоряжение выражаетс",Нет,Нет
vpr_sd_945571,social,8,"Выберите верные суждения и запишите цифры, под которыми они указаны. 1) Экономика — это способ организации хозяйственной деятельности людей, направленной на создание необходимых для потребления благ. 2) К факторам производства относят конкуренцию, специализацию, монополию. 3) Даровые блага всегда платны. 4) Деньги позволяют количественно измерить ценность любого товара, услуги. 5) Государство в ус",Нет,Нет
vpr_sd_944865,social,8,"Выберите верные суждения и запишите цифры, под которыми они указаны. 1) Патриотизм — это любовь к Родине и готовность пожертвовать своими интересами ради неё. 2) Морали, как и науке, свойственны логичность и доказательность выводов, критический анализ результатов познания. 3) Мораль, в отличие от других форм (областей) культуры, отражает окружающую действительность в художественных образах. 4) Мил",Нет,Нет
vpr_sd_945824,social,8,"Выберите верные суждения об издержках в краткосрочном периоде и запишите цифры, под которыми они указаны. 1) К постоянным издержкам в краткосрочном периоде относят процент банку за кредит, плату за охрану помещения. 2) Переменные издержки в краткосрочном периоде непосредственно зависят от объёма производимой продукции. 3) Себестоимостью продукции называют сумму постоянных издержек. 4) К переменным",Нет,Нет
vpr_sd_945864,social,8,"Выберите верные суждения о формах (областях) духовной культуры и запишите цифры, под которыми они указаны. 1) Мораль поддерживается силой государственного принуждения. 2) Наука призвана познать и объяснить устройство мира и законы его развития. 3) Религия объясняет события, явления окружающего мира с позиций существования сверхъестественного. 4) Искусство помогает привлечь внимание общества к соци",Нет,Нет
vpr_sd_945186,social,8,"Выберите верные суждения и запишите цифры, под которыми они указаны. 1) Религия, в отличие от других форм (областей) культуры, направлена на выработку объективных, системно организованных и обоснованных знаний о мире. 2) Религии, как и науке, свойственны логичность и доказательность выводов, критический анализ результатов познания. 3) Религия предполагает веру в Бога и возможность общения с ним. 4",Нет,Нет
vpr_sd_944926,social,8,"Выберите верные суждения и запишите цифры, под которыми они указаны. 1) Сдельная оплата труда определяется объёмом произведённой работником продукции. 2) Профессиональная успешность работника зависит только от его личных качеств. 3) Номинальная заработная плата — это полученная работником сумма денег. 4) Устойчивые различия в оплате труда работников определяются только продолжительностью их рабоче",Нет,Нет
vpr_sd_945758,social,8,"Что из перечисленного относится к политическим правам (свободам) гражданина РФ? Запишите цифры, под которыми они указаны. 1) уплата законно установленных налогов и сборов 2) проведение шествий, пикетирование 3) участие в управлении делами государства через своих представителей 4) защита Отечества 5) обращение в государственные органы",Нет,Нет
vpr_sd_944825,social,8,"Выберите верные суждения и запишите цифры, под которыми они указаны. 1) Банкротство предприятия может быть вызвано его несостоятельностью (неплатёжеспособностью). 2) Фирмы, как правило, создаются для того, чтобы рационально соединить факторы производства для создания нужных обществу благ и заработать прибыль владельцу. 3) Расходы на сдельную оплату работников, как правило, не меняются при увеличен",Нет,Нет
vpr_sd_945764,social,8,"Что из перечисленного ниже относится к основам конституционного строя РФ? Запишите цифры, под которыми они указаны. 1) народ — единственный источник власти в России 2) политическое многообразие, многопартийность 3) многообразие форм собственности при приоритете государственной собственности 4) гражданин Российской Федерации может быть выслан за её пределы и лишён гражданства 5) субъекты Российской",Нет,Нет
vpr_sd_945784,social,8,"Выберите в приведённом списке верные суждения об экономических системах и запишите цифры, под которыми они указаны. 1) К признакам командной экономической системы относится директивное ценообразование. 2) При командной экономической системе полностью отсутствует частная собственность. 3) При традиционной экономической системе экономические роли членов общества определяются наследственностью и сосл",Нет,Нет
vpr_sd_945884,social,8,"Выберите верные суждения о культуре и её видах и запишите цифры, под которыми они указаны. 1) К отличительным признакам массовой культуры относят духовную деятельность народа, направленную на сохранение традиций. 2) Произведения элитарной культуры всегда ориентированы на достижение коммерческого успеха. 3) Народная культура в большинстве своём анонимна и создаётся людьми, не имеющими профессиональ",Нет,Нет
vpr_sd_945904,social,8,"Выберите верные суждения о формах (областях) духовной культуры и запишите цифры, под которыми они указаны. 1) Мораль, в отличие от других форм (областей) духовной культуры, объясняет события и явления окружающего мира. 2) Наука, в отличие от других форм (областей) духовной культуры, воздействует на эмоциональную сферу человека. 3) Искусство помогает привлечь внимание общества к социальным и нравст",Нет,Нет
vpr_sd_945066,social,8,"Выберите верные суждения и запишите цифры, под которыми они указаны. 1) Моральные нормы устанавливаются государством. 2) Милосердие проявляется в готовности человека помочь тому, кто оказался в трудном положении, пожалеть его, проявить к нему сострадание. 3) Нравственная свобода связана с превращением моральных требований в личные убеждения человека. 4) Добро как категория морали всегда связано с ",Нет,Нет
vpr_sd_945597,social,8,"Выберите верные суждения и запишите цифры, под которыми они указаны. 1) Рыночную экономику от других экономических систем отличает свобода хозяйственной инициативы. 2) Только в рыночной экономике обеспечивается полная занятость населения. 3) Командную экономику от других экономических систем отличает директивное планирование производства. 4) Ограниченность факторов производства породила проблему с",Нет,Нет
vpr_sd_945940,social,8,"Выберите верные суждения и запишите цифры, под которыми они указаны. 1) Мораль регулирует общественные отношения, основываясь на представлениях людей о добре и зле. 2) Образование — это целенаправленный и единый процесс воспитания и обучения человека. 3) Непрерывное образование составляет конституционную обязанность гражданина. 4) Образование выполняет в обществе функции контроля и регулирования о",Нет,Нет
vpr_sd_945072,social,8,"Выберите верные суждения и запишите цифры, под которыми они указаны. 1) Нравственный долг — это сознательное и свободное подчинение человека моральному требованию. 2) Наука отражает окружающий мир в художественных образах. 3) Верующий человек убеждён в возможности контакта с Богом. 4) Религия, в отличие от других форм (областей) культуры, оказывает влияние на поведение человека. 5) Бескорыстное сл",Нет,Нет
vpr_sd_944785,social,8,"Выберите верные суждения и запишите цифры, под которыми они указаны. 1) На профессиональную успешность работника влияют только условия труда и особенности предмета труда. 2) К экономическим стимулам труда относят возможность профессионального и карьерного роста работника, получения образования. 3) Сдельная заработная плата определяется объёмом произведённой работником продукции. 4) В качестве поло",Нет,Нет
vpr_sd_945718,social,8,"Выберите верные суждения об инфляции и запишите цифры, под которыми они указаны. 1) Инфляцией называют процесс долговременного устойчивого повышения общего уровня цен в стране. 2) В условиях гиперинфляции повышается покупательная способность национальной валюты. 3) Экономисты различают фрикционную, структурную и циклическую инфляцию. 4) От инфляции страдают вкладчики банков, если уровень инфляции ",Нет,Нет
vpr_sd_945086,social,8,"Выберите верные суждения и запишите цифры, под которыми они указаны. 1) Налоги взимаются только с юридических лиц. 2) Объектом налогообложения может быть имущество налогоплательщика. 3) К косвенным налогам относят акцизы, таможенные пошлины и сборы. 4) Налоги наполняют государственный бюджет и финансируют расходы государства. 5) Косвенные налоги изымаются непосредственно из дохода налогоплательщик",Нет,Нет
vpr_sd_945457,social,8,"Выберите верные суждения и запишите цифры, под которыми они указаны. 1) Материальная культура представляет собой совокупность предметов, устройств, сооружений, то есть искусственно сотворённый человеком предметный мир. 2) Под духовной культурой обычно понимают совокупность созданных человеком предметов, технологий. 3) Искусство представления драматических произведений на сцене называют театром. 4)",Нет,Нет
vpr_sd_944805,social,8,"Выберите верные суждения и запишите цифры, под которыми они указаны. 1) Рыночную экономику от других экономических систем отличает свобода хозяйственной инициативы. 2) Для рыночной экономики характерно слабое развитие товарно-денежных отношений. 3) Командную экономику от других экономических систем отличает директивное планирование производства. 4) Только в рыночной экономике обеспечивается полная",Нет,Нет
vpr_sd_945744,social,8,"Что из перечисленного ниже относится к конституционным обязанностям гражданина РФ? Запишите цифры, под которыми они указаны. 1) участие в референдуме 2) участие в отправлении правосудия 3) защита Отечества 4) получение квалифицированной юридической помощи 5) забота трудоспособных детей, достигших 18 лет, о нетрудоспособных родителях",Нет,Нет
vpr_sd_945557,social,8,"Выберите верные суждения и запишите цифры, под которыми они указаны. 1) При покупке товара происходит изъятие денег из общего денежного оборота страны. 2) Покупательная способность денег, как правило, не отражает текущее состояние экономики страны. 3) Денежная единица устанавливается законодательно и, как правило, делится на части. 4) Как правило, инфляция вызвана наличием в обращении «лишних» ден",Нет,Нет
vpr_sd_945617,social,8,"Выберите верные суждения и запишите цифры, под которыми они указаны. 1) Маркетологи исследуют процесс производства только для выявления возможности снизить издержки производства. 2) К недолговечным конкурентным преимуществам фирмы относят дешёвые факторы производства. 3) Внешние ресурсы приобретаются фирмой у сторонних организаций и лиц. 4) Прибыль фирмы определяется как разность выручки от продаж",Нет,Нет
vpr_sd_945577,social,8,"Выберите верные суждения и запишите цифры, под которыми они указаны. 1) Пользование вещью даёт право извлекать её потребительские качества, использовать её полезные свойства. 2) Рыночную экономику от других экономических систем отличает свобода хозяйственной инициативы. 3) Для рыночной экономики характерно слабое развитие товарно-денежных отношений. 4) Основа традиционной экономики — натуральное х",Нет,Нет
vpr_sd_945531,social,8,"Выберите верные суждения и запишите цифры, под которыми они указаны. 1) Гуманизм предполагает отношение к человеку как к высшей ценности. 2) Мораль регулирует поведение человека с позиций добра и зла, справедливости и несправедливости. 3) Бескорыстное служение другим людям, готовность жертвовать ради них своими интересами называют эгоизмом. 4) Нравственный долг — это сознательное и свободное подчи",Нет,Нет
vpr_sd_945818,social,8,"Выберите в приведённом списке верные суждения о налогах и запишите цифры, под которыми они указаны. 1) Прямые налоги касаются только доходов физических лиц. 2) Косвенные налоги устанавливаются в виде надбавок к цене товара и услуг. 3) Одна из функций налогов предполагает финансирование государственных расходов на содержание государственного аппарата, обороны страны и той части непроизводственной с",Нет,Нет
vpr_sd_944972,social,8,"Выберите верные суждения и запишите цифры, под которыми они указаны. 1) Религия влияет на отношение верующего к окружающему миру. 2) Для искусства характерны логичность и доказательность выводов, критический анализ результатов познания. 3) Нравственный долг — это внутренняя глубокая убеждённость человека в необходимости того или иного поведения. 4) Наука отражает окружающий мир в художественных об",Нет,Нет
vpr_sd_945738,social,8,"Выберите верные суждения о государственном бюджете и запишите цифры, под которыми они указаны. 1) К расходам бюджета относится обслуживание государственного долга. 2) Государство перераспределяет через бюджет полученные доходы и направляет средства на обеспечение своих задач и функций. 3) Государственный бюджет является сбалансированным, когда доходы и расходы примерно равны. 4) Одна из статей дох",Нет,Нет
vpr_sd_944885,social,8,"Выберите верные суждения и запишите цифры, под которыми они указаны. 1) Наука отражает окружающий мир в художественных образах. 2) Наука фиксирует полученные знания в определённой системе знаков, построенной на основании точных правил. 3) Наука направлена на выработку объективных, системно организованных и обоснованных знаний о мире. 4) Наука регулирует поведение человека с позиций добра и зла, сп",Нет,Нет
vpr_sd_945844,social,8,"Выберите верные суждения о религии и запишите цифры, под которыми они указаны. 1) Религиозная вера включает в себя нормы морали, нарушение которых считается грехом. 2) К мировым религиям относится иудаизм. 3) Одним из признаков мировой религии является эгалитарность. 4) Регулятивная функция религии обеспечивает сохранение и развитие ценностей религиозной культуры. 5) К ранним формам религии относя",Нет,Нет
vpr_sd_944779,social,8,"Выберите верные суждения и запишите цифры, под которыми они указаны. 1) Нравственный долг — это сознательное и свободное подчинение человека моральному требованию. 2) Мораль направлена на выработку объективных, системно организованных и обоснованных знаний о мире. 3) Моральные нормы устанавливаются государством. 4) Гуманизм предполагает отношение к человеку как к высшей ценности. 5) Мораль ориенти",Нет,Нет
vpr_sd_944845,social,8,"Выберите верные суждения и запишите цифры, под которыми они указаны. 1) Добровольный и взаимовыгодный обмен благами за деньги называют производством. 2) Разделение труда связано с усложнением процесса производства. 3) Экономическая специализация фирм зависит только от наличия у них необходимого капитала. 4) Производительность труда проявляется в количестве продукции, произведённой работником за оп",Нет,Нет
vpr_sd_945611,social,8,"Выберите верные суждения и запишите цифры, под которыми они указаны. 1) Духовная культура представляет собой совокупность предметов, устройств, сооружений, то есть искусственно сотворённый человеком предметный мир. 2) Искусство представления драматических произведений на сцене называют театром. 3) Мораль, в отличие от других форм (областей) духовной культуры, оказывает эмоциональное воздействие на",Нет,Нет
vpr_sd_945537,social,8,"Выберите верные суждения и запишите цифры, под которыми они указаны. 1) Ограниченность факторов производства породила проблему собственности. 2) Директивное планирование производства — признак командной экономики. 3) Права собственности на все вещи подлежат государственной регистрации. 4) В рыночной экономике государство определяет цены на все товары. 5) Право владения подразумевает нахождение вещ",Нет,Нет
vpr_sd_945637,social,8,"Выберите верные суждения и запишите цифры, под которыми они указаны. 1) Для науки характерны логичность и доказательность выводов, критический анализ результатов познания. 2) Мораль отражает окружающую действительность в художественных образах, как и наука. 3) Патриотизм — это любовь и преданность Отечеству, готовность подчинить свои частные интересы интересам страны. 4) Искусство, в отличие от др",Нет,Нет
vpr_sd_945551,social,8,"Выберите верные суждения и запишите цифры, под которыми они указаны. 1) Нравственный долг — это сознательное и свободное подчинение человека моральному требованию. 2) Совесть — это способность самостоятельно определять свои нравственные обязанности и требовать от себя их выполнения, давать оценку своему поведению. 3) Морали, как и другим формам (областям) культуры, свойственны логичность и доказат",Нет,Нет
vpr_sd_945437,social,8,"Выберите верные суждения и запишите цифры, под которыми они указаны. 1) Цели предпринимателя в определённый период, направления и ожидаемые результаты деятельности его фирмы формулируются в плане, который должен быть заверен у нотариуса. 2) Маркетологи исследуют процесс производства для выявления возможности создать продукцию, отличающуюся какими-либо свойствами от продукции конкурентов. 3) Расход",Нет,Нет
vpr_sd_945778,social,8,"Выберите верные суждения о предпринимательской деятельности и запишите цифры, под которыми они указаны. 1) Целью предпринимательской деятельности является получение прибыли. 2) В Российской Федерации не допускается осуществление предпринимательской деятельности без регистрации. 3) Предпринимательская деятельность может осуществляться только юридическими лицами. 4) Предпринимательская деятельность ",Нет,Нет
vpr_sd_945046,social,8,"Выберите верные суждения и запишите цифры, под которыми они указаны. 1) Рыночную экономику от других экономических систем отличает свобода хозяйственной инициативы. 2) На формирование предложения в первую очередь влияют доходы потребителей, цены на аналогичные товары фирм-конкурентов. 3) Товары — продукты труда, произведённые для обмена (продажи). 4) Государство любого типа решает проблему наполне",Нет,Нет
vpr_sd_945878,social,8,"Выберите верные суждения о духовной культуре и её формах и запишите цифры, под которыми они указаны. 1) Произведения массовой культуры, как правило, создаются анонимными творцами. 2) Основной круг потребителей народной культуры — высокообразованная часть общества. 3) Особенностью элитарной культуры является создание нового культурного языка, доступного узкому кругу ценителей, расшифровка которого ",Нет,Нет
vpr_sd_944331,social,8,"В ходе социологических опросов жителям государства Z и Y предложили ответить на вопрос: «Какой главный недостаток организации различных мероприятий в учреждениях культуры?». Результаты опросов (в % от числа отвечавших) представлены в графическом виде. Сформулируйте одно существенное различие в позициях групп опрошенных. Выскажите предположение о том, чем объясняется это различие.",Нет,Нет
vpr_sd_945545,social,8,"Установите соответствие между примерами и видами экономического продукта: к каждому элементу, данному в первом столбце, подберите соответствующий элемент из второго столбца. ПРИМЕРЫ А) организация юбилея агентством Б) фотоаппарат В) проведение фотосессии Г) гоночный автомобиль Д) исполнение песни артистом ВИДЫ ЭКОНОМИЧЕСКОГО ПРОДУКТА 1) товар 2) услуга Запишите в таблицу выбранные цифры под соотве",Нет,Нет
vpr_sd_945062,social,8,"Найдите в приведённом ниже списке два примера финансово грамотных действий граждан при размещении финансовых средств в негосударственные пенсионные фонды (НПФ) и запишите цифры, под которыми они указаны. 1) Наталья направила свои пенсионные накопления в НПФ, который показал высокую доходность в течение десяти лет, включая период экономического кризиса. 2) Кристина разместила средства в НПФ с доход",Нет,Нет
vpr_sd_944315,social,8,"Английскому ученому-экономисту А. Смиту принадлежит следующее высказывание: «Потребление является единственной целью всякого производства». 1. Дайте своё объяснение смысла высказывания. 2. Как Вы думаете, что, кроме уровня доходов, может влиять на семейное потребление?",Нет,Нет
vpr_sd_945621,social,8,"Давиду позвонила женщина, которая представилась специалистом брокерской компании. Женщина рассказала о том, что компания вкладывает средства клиентов в высокодоходные ценные бумаги ведущих мировых корпораций. Давиду было предложено по телефону открыть инвестиционный счёт и перевести на него деньги, а брокер будет управлять ими и ежемесячно перечислять Давиду полученный доход. В чём состоит опаснос",Нет,Нет
vpr_sd_945709,social,8,"Семен учится в 11 классе общеобразовательной школы. К какому уровню образования относится организация, в которой он обучается?",Нет,Нет
vpr_sd_945183,social,8,"Рассмотрите три изображения. 1) 2) 3) Какой фактор производства может быть проиллюстрирован данными изображениями? Объясните: а) что, кроме изображённых объектов, включает в себя данный фактор производства; б) чем ограничено предложение данного фактора производства (укажите не менее двух ограничителей).",Нет,Да
vpr_sd_944370,social,8,"В ходе социологических опросов совершеннолетним гражданам государств Z и Y задавали вопрос о том, какой способ сбережений они считают лучшим (можно было дать несколько ответов). Результаты опросов (в % от числа отвечавших) представлены в графическом виде. Сформулируйте одно существенное различие в позициях групп опрошенных. Выскажите предположение о том, чем объясняется это различие.",Нет,Нет
vpr_sd_944827,social,8,"Установите соответствие между действиями и областями (формами) культуры: к каждому элементу, данному в первом столбце, подберите соответствующий элемент из второго столбца. ДЕЙСТВИЯ А) Инженер Николай Н. занимается на курсах английского языка. Б) Ученик Марат Р. готовится к контрольной работе по истории. В) Физик Рустам Ж. провёл серию опытов в рамках исследования. Г) Школьники посмотрели спектакл",Нет,Нет
vpr_sd_945122,social,8,"В стране Х — командный тип экономической системы. Какие факты из приведённого списка свидетельствуют об этом? Запишите цифры, под которыми они указаны. 1) Предприятия руководствуются планом, который был разработан государственными органами и обязателен для выполнения. 2) Основные средства производства принадлежат государству. 3) В стране законодательно гарантируется многообразие форм собственности",Нет,Нет
vpr_sd_944291,social,8,"Американскому экономисту Х. Дж. Давенпорту принадлежит следующее высказывание: «Экономика — это наука, которая рассматривает все явления с точки зрения цены». 1. Дайте своё объяснение смысла высказывания. 2. Как Вы думаете, почему при решении экономических вопросов необходим научный подход?",Нет,Нет
vpr_sd_944803,social,8,"Светлане позвонил мужчина, который представился специалистом брокерской компании. Он рассказал о том, что компания вкладывает средства клиентов в высокодоходные ценные бумаги ведущих мировых корпораций. Светлана давно хотела получать доход, поэтому она по телефону открыла инвестиционный счёт и перевела на него деньги. Она доверила брокеру управление своими средствами и стала ждать ежемесячного пос",Нет,Нет
vpr_sd_945548,social,8,Ученик четвёртого класса общеобразовательной школы Захар любит петь и рисовать. Общее образование какого уровня получает Захар?,Нет,Нет
vpr_sd_944963,social,8,Рассмотрите три изображения. 1) 2) 3) Какая форма (область) духовной культуры может быть проиллюстрирована данными изображениями произведений архитектурного искусства? (Слова «искусство» и «архитектура» не следует использовать в ответе.) Объясните: а) что отличает данную форму (область) от других форм (областей) духовной культуры; б) как данная форма (область) духовной культуры влияет на воспитани,Нет,Да
vpr_sd_944676,social,8,"Учёные опросили совершеннолетних граждан страны Z, имеющих разный уровень образования. Им задавали вопрос: «Как Вы считаете, чья обязанность вести домашнее хозяйство?». Результаты опроса (в % от числа отвечавших) представлены в графическом виде. Сформулируйте одно существенное различие в позициях групп опрошенных. Выскажите предположение о том, чем объясняется это различие.",Нет,Нет
vpr_sd_945726,social,8,"Установите соответствие между фазами хозяйственного цикла и приведенными примерами: к каждой позиции, данной в первом столбце, подберите соответствующую позицию из второго столбца. ПРИМЕРЫ А) с заводского конвейера сошел первый автомобиль новой модели Б) в трудные военные годы люди несли на рынки одежду, посуду, чтобы приобрести немного продуктов В) в хозяйствах области завершаются посевные работы",Нет,Нет
vpr_sd_944875,social,8,"Семья Ковалёвых семейном совете приняла решение защитить семейные сбережения от инфляции. Запишите цифры , под которыми указаны два действия, которые позволят Ковалёвым достичь этой цели. 1) Приобретение слитков драгоценных металлов. 2) Покупка облигаций с ежеквартальными платежами по ним. 3) Приобретение продовольственных товаров впрок, с запасом на будущее. 4) Оформление кредитов на ремонт кварт",Нет,Нет
vpr_sd_945149,social,8,"Французском философу и публицисту Роберу де Ламенне принадлежит следующее высказывание: «Право и долг подобны пальмам, которые не приносят плодов, если не растут одна рядом с другой». 1. Дайте своё объяснение смысла высказывания. 2. Как Вы думаете, почему выполнение гражданами своих обязанностей важно для развития общества и государства?",Нет,Нет
vpr_sd_944749,social,8,"Пятнадцатилетняя Альбина хотела заработать и искала работу, график которой можно было бы совместить с учёбой в школе. В Интернете она нашла предложение следующего содержания: «Работа в удобное время. Вышивание картин. 2500 рублей за одну картину. Для получения расходных материалов для первого заказа Вы должны перечислить 500 рублей на электронный кошелёк работодателя! Торопитесь! Осталось 5 ваканс",Нет,Нет
vpr_sd_945037,social,8,"Одиннадцатиклассница общеобразовательной школы Роза получила пятёрку по химии при выполнении заданий по теме «Характерные химические свойства углеводородов: алканов, алкенов, алкадиенов, алкинов, аренов». На каком уровне общего образования находится Роза?",Нет,Нет
vpr_sd_945775,social,8,"Рассмотрите три фотографии. 1) 2) 3) Какая экономическая деятельность объединяет людей, изображённых на фотографиях? Объясните: а) какие средства каждый из них выбирает для достижения цели? б) какое значение для человека имеют данного рода занятия?",Нет,Да
vpr_sd_944325,social,8,"В ходе социологического опроса гражданам государства Z задавали вопрос: «Какие факторы препятствуют более частому посещению Вами учреждений культуры?» (можно было дать несколько ответов). Результаты опросов (в % от числа отвечавших) представлены в графическом виде. Сформулируйте одно существенное различие в позициях групп опрошенных. Выскажите предположение о том, чем объясняется это различие.",Нет,Нет
vpr_sd_945000,social,8,"Установите соответствие между действиями и элементами статуса обучающегося: к каждому элементу, данному в первом столбце, подберите соответствующий элемент из второго столбца. ДЕЙСТВИЯ А) получить образование в соответствии с государственным образовательным стандартом Б) учиться добросовестно В) выполнять указания директора Г) соблюдать чистоту в здании и на прилегающей территории Д) учиться в дос",Нет,Нет
vpr_sd_945130,social,8,"В стране N — командный тип экономической системы. Какие факты из приведённого списка свидетельствуют об этом? Запишите цифры, под которыми они указаны. 1) Экономические пропорции устанавливаются централизованно. 2) Основные средства производства принадлежат государству. 3) Цены на товары определяются соответствием спроса и предложения. 4) производители сами решают, какое количество товара надо про",Нет,Нет
vpr_sd_944301,social,8,"Общественному деятелю Н. Комптону принадлежит следующее высказывание: «Кредит — полезная вещь: с его помощью можно приобрести что-то». 1. Дайте своё объяснение смысла высказывания. 2. Как Вы думаете, какие риски следует учитывать при оформлении кредита?",Нет,Нет
vpr_sd_945441,social,8,"Ларисе Ивановне срочно понадобились деньги, и она пошла к банкомату. Дверь на входе в помещение с банкоматом была защищена специальным кодовым замком, для открытия которого необходимо было приложить к специальному устройству карту и ввести пин-код от неё. Лариса Ивановна ввела необходимые цифры и пошла снимать деньги. В чём состоит опасность данной ситуации для личных финансов Ларисы Ивановны? Как",Нет,Нет
vpr_sd_945855,social,8,"Рассмотрите три фотографии. 1) 2) 3) Приведите экономическое понятие, которое объединяет три данных иллюстрации? Объясните: а) какие виды данного экономического понятия представлены на изображениях? б) какое значение для человека имеют данные объекты?",Нет,Да
vpr_sd_944664,social,8,"Учёные опросили совершеннолетних граждан страны Z, имеющих разный уровень образования. Им задавали вопрос: «Один из экологически целесообразных способов переработки мусора предполагает сортировку бытовых отходов. Если бы у Вас была возможность выкидывать каждый вид мусора в отдельный контейнер, стали бы Вы сортировать Ваш мусор?». Результаты опроса (в % от числа отвечавших) представлены в графичес",Нет,Нет
vpr_sd_944893,social,8,"Установите соответствие между признаками и областями (формами) культуры: к каждому элементу, данному в первом столбце, подберите элемент из второго столбца. ПРИЗНАКИ А) прогнозирование новых открытий в рамках существующих теорий Б) доказательность выводов В) поклонение сверхъестественным силам Г) вера в божественное происхождение мира и человека Д) достоверность получаемых результатов ОБЛАСТИ (ФОР",Нет,Нет
vpr_sd_945028,social,8,"Найдите в приведённом ниже списке два примера финансово грамотных действий граждан при размещении финансовых средств в паевые инвестиционные фонды (ПИФ) и запишите цифры, под которыми они указаны. 1) Нурбек приобрёл пай, ориентируясь на высокую доходность фонда в течение нескольких лет, включая период экономического кризиса. 2) Нина полгода не оплачивала услуги ЖКХ, чтобы купить на эти средства па",Нет,Нет
vpr_sd_944310,social,8,"Русскому писателю Н. А. Рубакину (1862–1946) принадлежит следующее высказывание: «Всякое настоящее образование добывается только путём самообразования». 1. Дайте своё объяснение смысла высказывания. 2. Как Вы думаете, почему полноценное самообразование возможно только на базе имеющегося у человека образования?",Нет,Нет
vpr_sd_945514,social,8,"Рассмотрите три изображения. 1) 2) 3) 1. Что связывает действия людей, изображённых на фотографиях? 2. Объясните, какими правилами должен руководствоваться каждый при осуществлении таких действий. Приведите два объяснения.",Нет,Да
vpr_sd_945903,social,8,"В 3 года родители отдали Василису в детский сад №45. К какому уровню образования относится организация, в которой она обучается?",Нет,Нет
vpr_sd_945749,social,8,"Отслуживший в армии Василий учится втором курсе Института прикладной информатики. К какому уровню образования относится организация, в которой он обучается?",Нет,Нет
vpr_sd_945723,social,8,"Иван учится в 6 классе общеобразовательной школы. К какому уровню образования относится организация, в которой он обучается?",Нет,Нет
vpr_sd_945482,social,8,"Родителям Макара нравится то, как в детском саду организованы занятия по развитию речи и ритмике. К какому уровню общего образования относится учреждение, которое посещает Макар?",Нет,Нет
vpr_sd_945743,social,8,"Арсений увлекается пением и является магистрантом Института кино и телевидения. К какому уровню образования относится организация, в которой он обучается?",Нет,Нет
vpr_sd_945528,social,8,"По окончании 9 класса общеобразовательной школы Михаил поступил в 10 класс гимназии. Он с удовольствием учится, участвует в спектаклях гимназического театра. На каком уровне общего образования находится Михаил?",Нет,Нет
vpr_sd_945488,social,8,"Ольга учится в 8 классе общеобразовательной школы, она очень любит уроки физики и математики. На каком уровне образования находится Ольга?",Нет,Нет
vpr_sd_944796,social,8,Ученице второго класса общеобразовательной школы Марине больше всего нравятся уроки математики и рисования. Общее образование какого уровня получает Марина?,Нет,Нет
vpr_sd_944911,social,8,"После проведения диагностической работы по физике ученица 11 класса общеобразовательной школы Полина поняла, что ей необходимо при подготовке к ЕГЭ обратить особое внимание на раздел «Молекулярная физика». На каком уровне общего образования находится Полина?",Нет,Нет
vpr_sd_945829,social,8,"Демид является бакалавром социально-экономических наук Ленинградского государственного университета им. А. С. Пушкина. Он увлекается исторической реконструкцией и планирует поступить в магистратуру данного учебного заведения. К какому уровню образования относится организация, в которой он обучался?",Нет,Нет
vpr_sd_945442,social,8,"Лида хорошо учится в 10 классе общеобразовательной школы, она очень любит обществознание и историю. На каком уровне образования находится Лида?",Нет,Нет
vpr_sd_944876,social,8,"Во время школьных каникул студент третьего курса педагогического университета Дмитрий работает воспитателем в детском оздоровительном лагере. К какому уровню образования относится организация, в которой Дмитрий обучается?",Нет,Нет
vpr_sd_945562,social,8,"Лена учится в третьем классе общеобразовательной школы, она очень любит уроки по предмету «Окружающий мир». Общее образование какого уровня получает Лена?",Нет,Нет
vpr_sd_945608,social,8,"Эдуард учится в колледже по профессии «электромонтёр». К какому уровню образования относится организация, в которой Эдуард обучается?",Нет,Нет
vpr_sd_945017,social,8,"Ученица второго класса общеобразовательной школы Альбина заняла первое место в школьном конкурсе чтецов, посвящённом Дню Победы советского народа в Великой Отечественной войне 1941-1945 гг. На каком уровне общего образования находится Альбина?",Нет,Нет
vpr_sd_944897,social,8,"По окончании 9 класса общеобразовательной школы Костя поступил в 10 класс гимназии. Он с удовольствием учится, участвует в спектаклях гимназического театра. На каком уровне образования находится Костя?",Нет,Нет
vpr_sd_945889,social,8,"Герман посещает секцию бокса и учится в четвертом классе общеобразовательной школы. К какому уровню образования относится школа, в которой он обучается?",Нет,Нет
vpr_sd_945909,social,8,"Отслуживший в армии Иван учится в медицинском колледже. К какому уровню образования относится организация, в которой он обучается?",Нет,Нет
vpr_sd_945091,social,8,"Одиннадцатиклассник общеобразовательной школы Денис получил двойку на уроке химии, так как не выполнил домашнее задание по теме «Виды химических связей в молекулах органических соединений». На каком уровне общего образования находится Денис?",Нет,Нет
vpr_sd_944770,social,8,"После проведения диагностической работы по биологии ученик 11 класса общеобразовательной школы Владимир понял, что ему необходимо при подготовке к ЕГЭ обратить особое внимание на раздел «Экосистемы». На каком уровне общего образования находится Владимир?",Нет,Нет
vpr_sd_944830,social,8,"Ученики второго класса уважают и любят своего учителя Алексея Дмитриевича Полякова, выполняют все домашние задания и хорошо ведут себя на уроках. Общее образование какого уровня получают ученики второго класса?",Нет,Нет
vpr_sd_945522,social,8,Семиклассница общеобразовательной школы Катя получила пятёрку по обществознанию при изучении темы «Юридическая ответственность и её виды». На каком уровне общего образования находится Катя?,Нет,Нет
vpr_sd_944931,social,8,Пенсионерка Нина Васильевна изучает английский язык в рамках программы «Активное долголетие». К какому виду образования относится организация занятий для пенсионеров?,Нет,Нет
vpr_sd_945508,social,8,"После проведения диагностической работы по биологии ученица 9 класса общеобразовательной школы Эльмира поняла, что ей необходимо при подготовке к ОГЭ обратить особое внимание на повторение темы «Хордовые животные». На каком уровне общего образования находится Эльмира?",Нет,Нет
vpr_sd_945462,social,8,После окончания 11 класса общеобразовательной школы Зинаида учится в медицинском колледже. На каком уровне образования находится Зинаида?,Нет,Нет
vpr_sd_945468,social,8,"Лариса по программе бакалавриата направления «Биология» углублённо изучает зоологию, вирусологию, микробиологию, генетику, биохимию. К какому уровню образования относится обучение по программе бакалавриата?",Нет,Нет
vpr_sd_945783,social,8,"Иван учится в 9 классе Лицея №3, он активный участник различных муниципальных и региональных олимпиад. К какому уровню образования относится организация, в которой он обучается?",Нет,Нет
vpr_sd_944836,social,8,"После проведения диагностической работы по обществознанию ученик 11 класса общеобразовательной школы Виталий понял, что ему необходимо при подготовке к ЕГЭ обратить особое внимание на классификацию налогов в Налоговом кодексе Российской Федерации. На каком уровне общего образования находится Виталий?",Нет,Нет
vpr_sd_945789,social,8,"Александр перешел из восьмого класса в девятый общеобразовательной школы. К какому уровню образования относится организация, в которой он обучается?",Нет,Нет
vpr_sd_944776,social,8,"Григорий учится в колледже по профессии «Механик протезно-ортопедических изделий». К какому уровню образования относится организация, в которой обучается Григорий?",Нет,Нет
vpr_sd_945588,social,8,"Ольга учится в 9 классе общеобразовательной школы, она очень любит химию и биологию. На каком уровне образования находится Ольга?",Нет,Нет
vpr_sd_945077,social,8,"В свободное от учёбы время студентка первого курса медицинского университета Ирина работает лаборантом на кафедре. К какому уровню образования относится организация, в которой обучается Ирина?",Нет,Нет
vpr_sd_945542,social,8,"Студентка первого курса аграрного университета Анна собирается посвятить свою жизнь научным исследованиям. К какому уровню образования относится организация, в которой обучается Анна?",Нет,Нет
vpr_sd_944890,social,8,Восьмиклассница общеобразовательной школы Лида получила пятёрку по обществознанию при изучении темы «Деньги и денежное обращение». На каком уровне общего образования находится Лида?,Нет,Нет
vpr_sd_944750,social,8,Ученик 6 класса общеобразовательной школы Назар очень любит уроки русского языка и истории. На каком уровне общего образования находится Назар?,Нет,Нет
vpr_sd_945402,social,8,"Марианна по программе бакалавриата направления «Биология» изучает математику, физику, химию и т. д. К какому уровню образования относится организация, в которой обучается Марианна?",Нет,Нет
vpr_sd_945582,social,8,"Игорь Анатольевич, бакалавр истории, преподаёт историю в средней школе. К какому уровню образования относится организация, в которой Игорь Анатольевич получил диплом бакалавра?",Нет,Нет
vpr_sd_945729,social,8,"Антон учится в 3 классе общеобразовательной школы. К какому уровню образования относится организация, в которой он обучается?",Нет,Нет
vpr_sd_945843,social,8,"Андрей увлекается игрой на трубе и конным спортом. Он учится в аспирантуре СПбГУ (Санкт-Петербургский государственный университет), пишет кандидатскую диссертацию по истории. К какому уровню образования относится организация, в которой он обучается?",Нет,Нет
vpr_sd_945057,social,8,"Мирон учится в колледже по профессии «Оператор электронно-вычислительных и вычислительных машин». К какому уровню образования относится организация, в которой обучается Мирон?",Нет,Нет
vpr_sd_945803,social,8,"Выпускник детского сада «Веселый зубр» Карим поступил в 1 класс общеобразовательной школы города Выборга. К какому уровню образования относится организация, в которой он будет обучается?",Нет,Нет
vpr_sd_945071,social,8,"Пятилетняя Инна ходит в детский сад. К какому уровню общего образования относится учреждение, которое посещает Инна?",Нет,Нет
vpr_sd_945883,social,8,"Чемпион России по шахматам среди юниоров Ростислав учится в 8 классе общеобразовательной школы. К какому уровню образования относится организация, в которой он обучается?",Нет,Нет
vpr_sd_944850,social,8,Ученик 6 класса общеобразовательной школы Илья очень любит уроки русского языка и истории. На каком уровне образования находится Илья?,Нет,Нет
vpr_sd_944810,social,8,"Максим учится в 11 классе, после окончания школы он собирается отслужить в Вооружённых Силах РФ. На каком уровне образования находится Максим?",Нет,Нет
vpr_sd_945925,social,8,"Игорь посещает школу, в этом году он оканчивает 10 класс. Какой уровень образования осваивает обучающийся?",Нет,Нет
vpr_sd_945628,social,8,"Евгений учится в медицинском колледже, после окончания которого он планирует продолжить образование в институте. К какому уровню образования относится организация, в которой обучается Евгений?",Нет,Нет
vpr_sd_945869,social,8,"Отличник Михаил закончил 9 класс и учится в 10 классе Чукотского многопрофильного лицея города Анадырь. К какому уровню образования относится организация, в которой он обучается в данный момент?",Нет,Нет
vpr_sd_945602,social,8,Ученица первого класса общеобразовательной школы Лида занимается в секции фигурного катания и поёт в школьном хоре. На каком уровне общего образования находится Лида?,Нет,Нет
vpr_sd_945823,social,8,"Даниил имеет талан к рисованию, он посещает художественную школу им. Репина в своем родном городе. К какому уровню образования относится организация, в которой он обучается?",Нет,Нет
vpr_sd_945939,social,8,Маленькая Олечка посещает детский сад. К какому виду образования в системе образования РФ относится посещение детского сада?,Нет,Нет
vpr_sd_945568,social,8,"Студент четвёртого курса университета Рамзан играет в составе футбольной команды своего факультета. К какому уровню образования относится организация, в которой обучается Рамзан?",Нет,Нет
vpr_sd_944856,social,8,"Ученики 9 класса уважают и любят свою учительницу истории Юлию Львовну Рыбкину, выполняют все домашние задания и хорошо ведут себя на уроках. Общее образование какого уровня получают ученики 9 класса?",Нет,Нет
vpr_sd_944937,social,8,"После проведения диагностической работы по химии ученица 9 класса Нина поняла, что ей необходимо при подготовке к ОГЭ обратить особое внимание на строение электронных оболочек атомов первых 20 химических элементов Периодической системы Д. И. Менделеева. На каком уровне общего образования находится Нина?",Нет,Нет
vpr_sd_944971,social,8,"Екатерина учится в колледже по профессии «повар». К какому уровню образования относится организация, в которой обучается Екатерина?",Нет,Нет
vpr_sd_945422,social,8,"Альбина хорошо учится в 10 классе общеобразовательной школы, она очень любит обществознание и историю. На каком уровне общего образования находится Альбина?",Нет,Нет
vpr_sd_944343,social,8,"В ходе социологического опроса совершеннолетним гражданам государства Z задавали вопрос: «Чтобы Вы предпочли, если бы у Вас была возможность выбирать?». Результаты опроса (в % от числа отвечавших) представлены в графическом виде. Сформулируйте одно существенное различие в позициях групп опрошенных. Выскажите предположение о том, чем объясняется это различие.",Нет,Нет
vpr_sd_945419,social,8,"Установите соответствие между примерами и смыслами понятия «экономика»: к каждому элементу, данному в первом столбце, подберите соответствующий элемент из второго столбца. ПРИМЕРЫ А) расчёт изменения предложения чая и кофе Б) изучение спроса на печатные издания В) прогнозирование цен на подержанные автомобили Г) производство холодильников новой модели Д) оказание услуг по химической чистке одежды ",Нет,Нет
vpr_sd_945148,social,8,"Американскому предпринимателю Джеффу Безосу принадлежит следующее высказывание: «Бизнес может зайти в тупик, если сосредоточится не на покупателях, а на конкурентах». 1. Дайте своё объяснение смысла высказывания. 2. Как Вы думаете, почему развитие бизнеса важно для экономики страны и развития общества?",Нет,Нет
vpr_sd_945515,social,8,"Совершеннолетняя Зоя нашла в одном из Интернет-магазинов шубу, которая ей очень понравилась. Она решила купить шубу, тем более, что она продавалась по нереально низкой цене. Заказ предполагал только один способ оплаты: полную предоплату через отправку денег на электронный кошелёк. Оцените ситуацию с точки зрения возможности достижения цели Зои. Как ей правильно поступить в данной ситуации?",Нет,Нет
vpr_sd_945069,social,8,Рассмотрите три фотографии. 1) 2) 3) Какая форма (область) духовной культуры может быть проиллюстрирована данными фотографиями? Объясните: а) что отличает данную форму (область) духовной культуры от других; б) в чём заключается прогностическая функция данной формы (области) духовной культуры.,Нет,Да
vpr_sd_944344,social,8,"В ходе социологического опроса 50-летним жителям государства Z предложили ответить на вопрос: «Какой из следующих подходов к проблеме прав человека более приемлем для Вас?». Результаты опросов (в % от числа отвечавших) представлены в графическом виде. Сформулируйте одно существенное различие в позициях групп опрошенных. Выскажите предположение о том, чем объясняется это различие.",Нет,Нет
vpr_sd_944654,social,8,"Австрийскому писателю Р. Музилю принадлежит следующее высказывание: «Экономическая конкуренция — это не война, а соперничество в интересах друг друга». 1. Дайте своё объяснение смысла высказывания. 2. Как Вы думаете, почему экономическая конкуренция важна для экономики страны и развития общества?",Нет,Нет
vpr_sd_945481,social,8,"17-летний Макар хотел заработать и потому искал работу, график которой можно было бы совместить с учёбой в университете. В Интернете он нашёл предложение следующего содержания: «Работа в удобное время. Набор текста. 1 лист — 90 рублей. Количество листов зависит только от Вашего желания. Для получения первого заказа Вы должны перечислить 1000 рублей на электронный кошелёк работодателя! Торопитесь! ",Нет,Нет
vpr_sd_944828,social,8,"Рассмотрите три изображения. 1) 2) 3) Что связывает занятия людей, изображённых на фотографиях? Объясните: а) какое значение защита прав потребителей имеет для каждого человека; б) какое значение защита прав потребителей имеет для общества.",Нет,Да
vpr_sd_944349,social,8,"В ходе социологического опроса гражданам государства Z задавали вопрос: «С какой целью Вы посещаете музеи?» (можно было дать несколько ответов). Результаты опроса (в % от числа отвечавших) представлены в графическом виде. Сформулируйте одно существенное различие в позициях групп опрошенных. Выскажите предположение о том, чем объясняется это различие.",Нет,Нет
vpr_sd_944642,social,8,"Советскому и российскому ученому и философу Б. С. Ерасову принадлежит следующее высказывание: «Главная социальная ответственность бизнеса состоит в том, чтобы не содействовать росту нищеты и безработицы». 1. Дайте своё объяснение смысла высказывания. 2. Как Вы думаете, почему развитие бизнеса важно для экономики страны и развития общества?",Нет,Нет
vpr_sd_945822,social,8,"16−летний Кирилл Б. летом устроился работать курьером. Заработную плату он получал на дебетовую карту. Однажды, возвращаясь домой, он обнаружил пропажу карты. Как следует поступить Кириллу, чтобы восстановить доступ к денежным средствам? Какие правила следует соблюдать Кириллу для безопасного использования дебетовой карты?",Нет,Нет
vpr_sd_945400,social,8,"Рассмотрите три изображения. 1) 2) 3) Какое моральное качество личности объединяет поступки людей более молодого возраста, изображённых на фотографиях? Объясните: а) что отличает мораль от других форм (областей) духовной культуры? б) почему следование нормам морали нередко требует проявления воли человека.",Нет,Да
vpr_sd_944670,social,8,"В стране Z социологические службы провели опрос на тему: «Как глобальные проблемы отражаются в вашей повседневной жизни?» Результаты опроса (в % от числа отвечавших) представлены в графическом виде. Сформулируйте одно существенное различие в позициях групп опрошенных. Выскажите предположение о том, чем объясняется это различие.",Нет,Нет
vpr_sd_945565,social,8,"Установите соответствие между характеристиками и функциями образования: к каждому элементу, данному в первом столбце, подберите элемент из второго столбца. ХАРАКТЕРИСТИКИ А) формирование интеллектуального и нравственного потенциала общества Б) воспроизводство профессиональных кадров В) развитие умений, способностей, интересов Г) освоение научных знаний, приобретение опыта и навыков Д) трансляция и",Нет,Нет
vpr_sd_945131,social,8,"Анна Николаевна, пенсионерка, работает в библиотеке. Она получила наследство. Одну часть этих средств она разместила на банковском депозите, другую потратила на оформление договора страхования имущества. Анна Николаевна также взяла кредит на покупку земельного участка. Что из перечисленного относится к доходам Анны Николаевны? Запишите цифры, под которыми они указаны. 1) пенсия 2) заработная плата",Нет,Нет
vpr_sd_945868,social,8,"Семену пришло сообщение в социальной сети от его друга Петра: «Привет, Семен! Не выручишь деньгами до вторника? А то баланс на телефоне отрицательный, а срочно надо связаться с родителями. Скинь 500 рублей на номер ***». Какое действие следует предпринять Семену в данном случае? Поясните свой ответ.",Нет,Нет
vpr_sd_945434,social,8,Рассмотрите три изображения. 1) 2) 3) Какая форма (область) духовной культуры может быть проиллюстрирована данными изображениями? Объясните: а) что отличает данную форму (область) от других форм (областей) духовной культуры; б) как данная форма (область) духовной культуры влияет на воспитание людей.,Нет,Да
vpr_sd_944328,social,8,"В ходе социологического опроса жителям государства Z предложили ответить на вопрос: «Какой из следующих подходов к проблеме прав человека более приемлем для Вас?». Результаты опроса (в % от числа отвечавших) представлены в графическом виде. Сформулируйте одно существенное различие в позициях групп опрошенных. Выскажите предположение о том, чем объясняется это различие.",Нет,Нет
vpr_sd_945042,social,8,"Рената решила взять кредит. Какая информация позволит сделать вывод о том, что это решение было обдуманно и хорошо спланировано? Запишите цифры, под которыми указаны два соответствующих предложения. 1) Желание взять кредит возникло после просмотра странички известной телеведущей в социальных сетях. 2) Рената не сможет погасить кредит без ограничения обязательных расходов на приобретение продуктов ",Нет,Нет
vpr_sd_945150,social,8,"Американскому экономисту, лауреату Нобелевской премии по экономике Полу Самуэльсону принадлежит следующее высказывание: «Вопросы: что? как? и для кого? производить не составляли бы проблемы, если бы ресурсы не были ограничены». 1. Дайте своё объяснение смысла высказывания. 2. Как Вы думаете, почему развитие бизнеса важно для экономики страны и развития общества?",Нет,Нет
vpr_sd_945615,social,8,"Глебу позвонил мужчина, который представился специалистом брокерской компании. Он рассказал о том, что компания вкладывает средства клиентов в высокодоходные ценные бумаги ведущих мировых корпораций. Глеб давно хотел получать доход, поэтому с радостью по телефону открыл инвестиционный счёт и перевёл на него деньги. Он доверил брокеру управление своими средствами и стал ждать поступления ежемесячно",Нет,Нет
vpr_sd_945821,social,8,"Рассмотрите три фотографии. 1) 2) 3) Какая организация осуществляет услуги, изображённые на карте? Объясните: а) какие услуги изображены на каждом изображении? б) какое значение для человека имеют данного услуги?",Нет,Да
vpr_sd_945500,social,8,Рассмотрите три изображения. 1) 2) 3) Какая форма (область) духовной культуры может быть проиллюстрирована данными фотографиями? Объясните: а) что отличает данную форму (область) духовной культуры от других; б) в чём заключается познавательная функция данной формы (области) духовной культуры.,Нет,Да
vpr_sd_945931,social,8,"Рассмотрите три фотографии. 1) 2) 3) Какая деятельность объединяет людей, изображённых на фотографиях? Объясните: а) какие средства каждый из них выбирает для достижения цели? б) какое значение для человека имеют данного рода занятия?",Нет,Да
vpr_sd_945494,social,8,"Рассмотрите три изображения. 1) 2) 3) Какое моральное качество личности объединяет поступки людей более молодого возраста, изображённых на фотографиях? Объясните: а) что отличает мораль от других форм (областей) духовной культуры; б) как мораль регулирует поведение человека.",Нет,Да
vpr_sd_944665,social,8,В 2019 г. Всероссийский центр изучения общественного мнения (ВЦИОМ) в рамках реализации федерального проекта «Спорт — норма жизни» представил данные социологического опроса для определения мотивации населения различных возрастных групп в занятиях физической культурой. Опрошенные ответили на вопрос: «Ради какой цели Вы в первую очередь занимаетесь физкультурой и спортом?» Результаты опроса (в % от ,Нет,Нет
vpr_sd_945465,social,8,"Установите соответствие между действиями и элементами статуса обучающегося: к каждому элементу, данному в первом столбце, подберите соответствующий элемент из второго столбца. ДЕЙСТВИЯ А) посещать предусмотренные учебным планом или индивидуальным учебным планом учебные занятия Б) выполнять индивидуальный учебный план В) бесплатно пользоваться библиотечно−информационными ресурсами образовательной о",Нет,Нет
vpr_sd_945116,social,8,"Крупная компания по предоставлению услуг сотовой связи открывает филиалы в регионах. Какие из перечисленных факторов производства относятся к капиталу как к фактору производства? Запишите цифры, под которыми они указаны. 1) земля, арендованная под строительство вышек сотовой связи 2) оборудование по настройке сотовой связи 3) инвестиции, выделенные правительством региона на развитие сотовой связи ",Нет,Нет
vpr_sd_944782,social,8,"Рассмотрите три изображения. 1) 2) 3) Что объединяет людей, изображённых на фотографиях? Объясните: а) в чём может состоять творчество людей, изображённых на фотографиях; б) какое значение для общества имеет творчество.",Нет,Да
vpr_sd_945912,social,8,Ученице 8 класса Екатерине пришло SMS-сообщение от неизвестного абонента о необходимости перевести 200 рублей на указанный номер телефона. Какое действие следует предпринять Екатерине в данном случае? Поясните свой ответ.,Нет,Нет
vpr_sd_945421,social,8,"В выходной день Екатерине Марковне срочно понадобились деньги. Банк был закрыт, поэтому она пошла к банкомату, хотя не помнила, как им пользоваться. К радости женщины у банкомата оказался любезный молодой человек, который помог Екатерине Марковне вставить в банкомат карточку и набрал под её диктовку пин-код. Какие опасные с точки зрения безопасности личных финансов действия совершила Екатерина Мар",Нет,Нет
vpr_sd_945435,social,8,"Ученице 9 класса Лизе пришло СМС-сообщение от неизвестного абонента: «Пополняя счёт на телефоне моей матери, я случайно перепутала номер. Пожалуйста, верните мне 350 рублей». Далее в СМС-сообщении указывается номер телефона, который отличается от номера, с которого пришло сообщение, и совсем не похож на номер мобильного телефона Лизы. В чём состоит опасность данной ситуации для личных финансов Лиз",Нет,Нет
vpr_sd_945601,social,8,"Студентка Ирина Н. получила в социальной сети от своей подруги сообщение: «Привет, пошла покупать подарок Косте на день рождения и поняла, что оставила деньги дома. Сбрось мне 2 тысячи на мой новый номер телефона, а я завтра верну тебе в институте». В чём состоит опасность данной ситуации для личных финансов Ирины Н.? Как ей правильно поступить в данной ситуации?",Нет,Нет
vpr_sd_945455,social,8,"Совершеннолетнему Ринату, получающему пенсию по инвалидности, пришло СМС−сообщение о том, что ему будут перечислены 15 000 рублей от благотворительного фонда. Но предварительно он должен оплатить комиссию в 500 рублей за перевод средств. В чём состоит опасность данной ситуации для личных финансов Рината? Как ему правильно поступить в данной ситуации?",Нет,Нет
vpr_sd_945842,social,8,Ученик десятого класса Никита С. оформил в банке «Нептун» дебетовую карту. Банк предложил ему для удобства использования карты подключить интернет-банкинг. В чём состоит удобство пользования интернет-банкингом? Укажите одно любое удобство. Какие правила безопасности необходимо соблюдать Никите С. при пользовании интернет-банкингом? Укажите одно любое правило.,Нет,Нет
vpr_sd_945495,social,8,Ученице 8 класса Гульнаре на аккаунт в социальной сети пришло уведомление: «Привет! Твой аккаунт участвовал в розыгрыше билетов на концерт твоей любимой певицы ***. Для получения билета необходимо перевести на электронный кошелёк организатора всего 100 рублей». В чём состоит опасность данной ситуации для личных финансов Гульнары? Как ей правильно поступить в данной ситуации?,Нет,Нет
vpr_sd_945742,social,8,"Лидия Ивановна оказалась в сложной жизненной ситуации: её отец попал в аварию и срочно понадобились деньги на операцию. В банке ей предложили кредит под 15% годовых, при условии если она предоставит определенный список документов. Напротив банка располагался Кредитный союз «Выручаю», где ей предложили необходимую сумму под 1,5% в день при условии предоставления одного только паспорта и в этот же д",Нет,Нет
vpr_sd_945555,social,8,Совершеннолетнему Гейдару по электронной почте пришло письмо: «Только сегодня! Только сейчас! Только для Вас суперпредложение! Переведите средства на электронный кошелёк ***. Через 2 часа на Ваш счёт вернётся удвоенная сумма». В чём состоит опасность данной ситуации для личных финансов Гейдара? Как ему правильно поступить в данной ситуации?,Нет,Нет
vpr_sd_945561,social,8,"Супруги Шмелёвы преподают в школе. Их дети выросли, создали свои семьи и живут отдельно. Часть своих доходов супруги объединяют, а часть оставляют на личные расходы. Средства семейного бюджета расходуются в первую очередь на приобретение еды, одежды, лекарств, оплату транспортных и коммунальных услуг. Сбережения размещаются на депозите в банке. Супруги владеют собственным домом, на приусадебном уч",Нет,Нет
vpr_sd_945924,social,8,"Александру Петровичу позвонил человек, который представился работником банка, и сообщил о том, что зарегистрирована попытка несанкционированного снятия большой суммы с его банковского счёта. Звонивший предложил сверить персональные данные и указать номер счёта. Какое действие следует предпринять Александру Петровичу в данном случае? Поясните свой ответ.",Нет,Нет
vpr_sd_944843,social,8,"Семнадцатилетняя Ирина хотела заработать и потому искала работу, график которой можно было бы совместить с учёбой в колледже. В Интернете она нашла предложение следующего содержания: «Работа в удобное время. Набор текста. 1 лист — 75 рублей. Количество листов зависит только от Вашего желания. Для получения первого заказа Вы должны перечислить 500 рублей на электронный кошелёк работодателя! Торопит",Нет,Нет
vpr_sd_945902,social,8,"Совершеннолетнему Роману Р. пришло SMS-сообщение от неизвестного абонента: «Уважаемый клиент! Ваша карта заблокирована, была попытка несанкционированного снятия денег. Для возобновления пользования счётом сообщите по телефону *** данные по Вашей карте: № и PIN-код. В ближайшее время вопрос будет решён. Банк Д.». Какое действие следует предпринять Роману Р. в данном случае? Поясните свой ответ.",Нет,Нет
vpr_sd_945401,social,8,"Студент Борис получил в социальной сети от своего друга сообщение: «Привет, пришёл покупать Петру подарок на день рождения и понял, что мне не хватает 700 рублей. Сбрось мне на карту, а я завтра верну.» В чём состоит опасность данной ситуации для личных финансов Бориса? Как ему правильно поступить в данной ситуации?",Нет,Нет
vpr_sd_945475,social,8,"Дмитрию позвонила женщина, которая представилась специалистом брокерской компании. Женщина рассказала о том, что компания вкладывает средства клиентов в высокодоходные ценные бумаги ведущих мировых корпораций. Дмитрию было предложено по телефону открыть инвестиционный счёт и перевести на него деньги, а брокер будет управлять ими и ежемесячно перечислять Дмитрию полученный доход. В чём состоит опас",Нет,Нет
vpr_sd_945848,social,8,"Совершеннолетней Ксении Ярославовне на смартфон пришло сообщение: «Уважаемая Ксения Ярославовна, наш банк, клиентом которого Вы являетесь, проводил розыгрыш 1 млн. рублей, вы оказались победителем. Для подтверждения вашей готовности принять денежный приз пройдите по ссылке ниже в ваш аккаунт в интернет-банкинге нашего банка и нажмите кнопку согласия. После этого Вам на счет будет перечислен выигры",Нет,Нет
vpr_sd_945708,social,8,"Пенсионер Иван Иванович решил приобрести новую стиральную машину, однако собственных накоплений ему не хватало. Его внимание привлекла реклама, размещённая рядом с магазином бытовой техники, моментальных кредитов без поручителей. И Иван Иванович решил воспользоваться этим предложением. Объясните, в чём заключается опасность подобных предложений по кредитам. Какие действия нужно предпринять, чтобы ",Нет,Нет
vpr_sd_945788,social,8,"Совершеннолетней Антонине Арсеньевне досталась в наследство крупная сумма денег. Её брат, работающий брокером, посоветовал открыть индивидуальный инвестиционный счет и вложиться в ценные бумаги. Какие ценные бумаги Вы знаете? Укажите любые два примера ценных бумаг. Укажите одно имущественное право, которое дает своему владельцу любая из них.",Нет,Нет
vpr_sd_944916,social,8,"Совершеннолетнему Петру Р. поступил звонок от неизвестного абонента о том, что он просрочил платёж по кредиту и должен заплатить пеню. Поэтому Петру Р. необходимо сообщить неизвестному абоненту номер своего банковского счёта. В чём состоит опасность данной ситуации для личных финансов Петра Р.? Как ему правильно поступить в данной ситуации?",Нет,Нет
vpr_sd_945010,social,8,Совершеннолетний Сергей В. искал аксессуар для своего автомобиля. В одном из Интернет-магазинов данный предмет продавался по очень низкой цене. Заказ предполагал только один способ оплаты: полную предоплату — отправку денег на электронный кошёлек. Оцените ситуацию с точки зрения возможности достижения цели Сергея В. Как ему правильно поступить в данной ситуации?,Нет,Нет
vpr_sd_944829,social,8,"Захар пришёл в банкомат, чтобы снять наличные. В процессе выполнения операции произошёл сбой, и банкомат не вернул карточку её владельцу. Какое действие следует предпринять Захару? Объясните свой ответ.",Нет,Нет
vpr_sd_945728,social,8,"Сидору П. в наследство от бабушки досталась половина квартиры в соседнем городе. Он продал эту часть второму наследнику за 1,3 млн руб. Доход был неожиданным, и Сидор не хотел сгоряча принимать решение, как лучше распорядиться деньгами, а решил пока положить их в банк под проценты. его друг, Арнольд предложил ему разместить деньги в недавно появившейся организации «К.», которая обещала через месяц",Нет,Нет
vpr_sd_944910,social,8,"Василию Кузьмичу срочно понадобились деньги, и он пошёл к банкомату. Ему показалось, что на выбранном им банкомате рядом с отделением для приёма карт было установлено какое-то дополнительное устройство. В помещении, где установлены банкоматы, толпились люди. Два человека оказались за спиной Василия Кузьмича, который набрал пин-код карты, забыв прикрыть рукой клавиатуру, и получил деньги. В чём сос",Нет,Нет
vpr_sd_945862,social,8,"Екатерина Александровна получила SMS-сообщение от банка, клиентом которого она является, о переводе определенной суммы денег с её банковской карты на неизвестный ей счёт. Какое действие следует предпринять Екатерине Александровне в данном случае? Поясните свой ответ.",Нет,Нет
vpr_sd_945762,social,8,"Листая ленту в социальной сети Аркадий увидел просьбу о помощи ребенку, которому требуется срочная операция, иначе он умрет. В обращении был указан номер карты, на которую можно перечислить материальную помощь. В чём состоит опасность данной ситуации для личных финансов Аркадия? Как ему правильно поступить в данной ситуации, если он хочет знаться благотворительностью?",Нет,Нет
vpr_sd_944763,social,8,Совершеннолетний Сергей В. искал аксессуар для своего автомобиля. В одном из Интернет−магазинов данный предмет продавался по очень низкой цене. Заказ предполагал только один способ оплаты: полную предоплату — отправку денег на электронный кошёлек. Оцените ситуацию с точки зрения возможности достижения цели Сергея В. Как ему правильно поступить в данной ситуации?,Нет,Нет
vpr_sd_945541,social,8,"Совершеннолетней Альбине пришло СМС-сообщение от неизвестного абонента: «Уважаемый клиент! Ваша карта заблокирована, была попытка несанкционированного снятия денег. Для возобновления пользования счётом сообщите по телефону*** данные по Вашей карте: № и ПИН-код. В ближайшее время вопрос будет решён. Банк Д.». В чём состоит опасность данной ситуации для личных финансов Альбины? Как ей правильно пост",Нет,Нет
vpr_sd_945748,social,8,"Молодой человек Марк работает охранником в магазине. Из своей заработной платы он откладывает каждый месяц по 10 тыс. руб. на образование. Сбережения Марк хранит дома. За год он сумел накопить 120 тыс. руб. За это же время, как показала официальная статистика, цены выросли на 10%. Как называется данное экономическое явление? Что необходимо сделать Марку, что бы его накопления не обесценивались?",Нет,Нет
vpr_sd_944990,social,8,"Елене позвонил мужчина, который представился специалистом брокерской компании. Мужчина рассказал о том, что компания вкладывает средства клиентов в высокодоходные ценные бумаги ведущих мировых корпораций. Елене было предложено по телефону открыть инвестиционный счёт и перевести на него деньги, а брокер будет управлять ими и ежемесячно перечислять Елене полученный доход. В чём состоит опасность дан",Нет,Нет
vpr_sd_944823,social,8,"Семья Крапивушкиных состоит из пяти человек: супругов Галины и Дениса, двоих их сыновей и матери Галины. Супруги работают врачами в городской больнице, дети учатся в школе, бабушка получает пенсию. Часть своих доходов члены семьи объединяют, а часть оставляют на личные расходы. Средства семейного бюджета расходуются в первую очередь на приобретение еды, одежды, лекарств, оплату транспортных и комм",Нет,Нет
vpr_sd_945090,social,8,Совершеннолетний Валерий Ф. искал мебель для своего кабинета. В одном из Интернет-магазинов понравившийся ему комплект мебели продавался по очень низкой цене. Заказ предполагал только один способ оплаты — полную предоплату — отправку денег на электронный кошелёк. Как должен поступить Валерий Ф. в такой ситуации? Объясните свой ответ.,Нет,Нет
vpr_sd_945635,social,8,"Совершеннолетнему Кириллу Н. пришло СМС-сообщение: «На Ваш счёт поступил перевод в размере 10 000 рублей. Чтобы получить эти деньги, необходимо в течение 3 часов оплатить комиссию 500 рублей. Если Вы не успеете, то денежные средства вернутся отправителю». В чём состоит опасность данной ситуации для личных финансов Кирилла Н.? Как ему правильно поступить в данной ситуации?",Нет,Нет
vpr_sd_945070,social,8,"Елене позвонил мужчина, который представился специалистом брокерской компании. Мужчина рассказал о том, что компани вкладывает средства клиентов в высокодоходные ценные бумаги ведущих мировых корпораций. Елене было предложено по телефону открыть инвестиционный счёт и перевести на него деньги, а брокер будет управлять ими и ежемесячно перечислять Елене полученный доход. В чём состоит опасность данн",Нет,Нет
vpr_sd_944789,social,8,Совершеннолетний Сергей К. нашёл на сайте Интернет-магазина аксессуар для своего автомобиля. Сергею было предложено перевести деньги за товар с помощью одного из электронных кошельков с указанием секретного номера отправления. В чём состоит опасность данной ситуации для личных финансов Сергея К.? Как с точки зрения безопасности личных финансов должен поступить Сергей К. в данном случае?,Нет,Нет
vpr_sd_944863,social,8,"Елена Юрьевна пришла к банкомату, чтобы снять наличные. В процессе выполнения операции произошёл сбой, и банкомат выдал вместо запрашиваемой тысячи рублей пять тысяч рублей. Какое действие следует предпринять Елене Юрьевне? Объясните свой ответ.",Нет,Нет
vpr_sd_944883,social,8,"Студентка Земфира получила в социальной сети от своей подруги сообщение: «Привет, пошла покупать подарок другу на день рождения и поняла, что оставила деньги дома. Сбрось мне 3,5 тысячи на мой новый номер телефона, а я завтра верну их тебе в институте». В чём состоит опасность данной ситуации для личных финансов Земфиры? Как ей правильно поступить в данной ситуации?",Нет,Нет
vpr_sd_944849,social,8,"16-летний Георгий искал работу, график которой можно было бы совместить с учёбой в колледже. В Интернете он нашёл предложение следующего содержания: «Работа в удобное время. Набор текста. 1 лист — 100 рублей. Количество листов зависит только от Вашего желания. Для получения первого заказа Вы должны перечислить 400 рублей на электронный кошелёк работодателя! Торопитесь! Осталось 9 вакансий!». В чём",Нет,Нет
vpr_sd_945802,social,8,"Совершеннолетней Анне Ф. пришло СМС−сообщение со следующим текстом: Поздравляем! Вы выиграли новый автомобиль BMW, для получения приза свяжитесь с нами по номеру ***. Позвонив по телефону, Анна узнала, что ей необходимо уплатить небольшую сумму в качестве таможенной пошлины за растаможивание автомобиля и получила номер карты, на которую нужна перевести сумму. Какое действие следует предпринять Анн",Нет,Нет
vpr_sd_945521,social,8,"Совершеннолетней Галине М. поступил звонок из банка о необходимости погасить просроченный кредит. Галина заявила звонившему, что не брала никаких кредитов. Звонивший, сославшись на то, что возможен сбой в системе банка, попросил Галину для проверки назвать номер своего счёта и контрольные цифры выданной на него пластиковой карты. В чём состоит опасность данной ситуации для личных финансов Галины М",Нет,Нет
vpr_sd_945056,social,8,"Семья Гвоздикиных состоит из пяти человек: супругов Людмилы и Вадима и их троих детей-школьников. Вадим офицер, Людмила учитель английского языка. Доходы всех членов семьи складываются и совместно расходуются. Около 30% бюджета отводится на организацию досуга (посещение кино, театров, музеев) и занятия спортом. Сбережения размещаются на депозите в банке. Семья владеет собственной квартирой, загоро",Нет,Нет
vpr_sd_944783,social,8,"В выходной день Анне Петровне срочно понадобились деньги. Банк был закрыт, поэтому она пошла к банкомату, хотя не помнила, как им пользоваться. К радости женщины у банкомата оказался любезный молодой человек, который помог Анне Петровне вставить в банкомат карточку и набрал под её диктовку пин-код. Какие опасные с точки зрения безопасности личных финансов действия совершила Анна Петровна? Как ей с",Нет,Нет
vpr_sd_945461,social,8,"Семья Мудровых состоит из трёх человек: супругов Ирины и Сергея и их дочери−дошкольницы. Ирина домохозяйка, Сергей офицер в отставке, получает пенсию и преподаёт литературу в школе. Часть своих доходов члены семьи объединяют, а часть оставляют на личные расходы. Около 35% бюджета отводится на организацию досуга: посещение театров, музеев, приобретение абонементов в консерваторию. Сбережения размещ",Нет,Нет
vpr_sd_945575,social,8,"В выходной день Марии Петровне срочно понадобились деньги. Банк был закрыт, поэтому она пошла к банкомату, хотя не помнила, как им пользоваться. У банкомата Мария Петровна, увидела мужчину средних лет и попросила его вставить в банкомат карточку и набрать под её диктовку пин-код. Какие опасные с точки зрения безопасности личных финансов действия совершила Мария Петровна? Как ей следовало поступить",Нет,Нет
vpr_sd_944809,social,8,"17-летняя Кира хотела заработать и потому искала работу, график которой можно было бы совместить с учёбой в колледже. В Интернете она нашла предложение следующего содержания: «Работа в удобное время. Набор текста. 1 лист — 80 рублей. Количество листов зависит только от Вашего желания. Для получения первого заказа Вы должны перечислить 300 рублей на электронный кошелёк работодателя! Торопитесь! Ост",Нет,Нет
vpr_sd_945828,social,8,15−летней Александре Е. на день рождения родители подарили 5 тысяч рублей. Александра решила отложить подаренные средства и накопить на новый смартфон. По совету отца она обратилась в банк X для открытия там вклада (депозита). С какого возраста в России разрешено самостоятельно вносить денежные средства в кредитные организации и распоряжаться ими? Что необходимо учесть Александре при выборе банка ,Нет,Нет
vpr_sd_945882,social,8,"14-летнему Ивану родители оформили дебетовую банковскую карту. Теперь они могут перечислять ему денежные средства безналичным способом. Укажите какие преимущества дает такая форма хранения и пользования денежными средствами Ивану. Дайте Ивану один любой совет, что необходимо учитывать при использовании данной карты, чтобы не стать жертвой мошенников.",Нет,Нет
vpr_sd_944956,social,8,"Семья Климовых состоит из пяти человек: супругов Галины и Дениса, двоих их сыновей и матери Галины. Супруги работают врачами в городской больнице, дети учатся в школе, бабушка получает пенсию. Средства семейного бюджета расходуются в первую очередь на приобретение еды, одежды, лекарств, оплату транспортных и коммунальных услуг. Сбережения размещаются на депозите в банке. Семья владеет квартирой, г",Нет,Нет
vpr_sd_944869,social,8,Алевтине предложили вложить все её сбережения в привилегированные акции одного предприятия — кондитерской фабрики. Какое финансово грамотное действие следует предпринять Алевтине в данном случае? Объясните свой ответ.,Нет,Нет
vpr_sd_945782,social,8,"Петр учится в 10-ом классе. Он хочет купить новый смартфон определенной модели и марки, но у него не хватает накопленных денег. Тогда он начинает искать данную модель смартфона в интернете. На одном из сайтов Петр нашел данную модель со стоимостью в три раза ниже, чем в магазине. Единственным условиям, которое насторожило Петра было требование внести 100% предоплаты на электронный кошелек. Какое д",Нет,Нет
vpr_sd_944996,social,8,"Семья Луковых состоит из пяти человек: супругов Игоря и Лидии и их троих детей. Лидия работает продавцом в магазине, Игорь, офицер в отставке, получает пенсию и преподаёт ОБЖ в школе. Доходы всех членов семьи складываются и совместно расходуются. 80% денежных средств идёт на питание и жизненно необходимые услуги (медицину, транспорт оплату коммунальных услуг). Семья владеет собственным домом, на п",Нет,Нет
