ID,Предмет,Класс,Задание,ЕстьАудио,ЕстьКартинки
vpr_sd_945702,math,5,Объём воды в бочке составляет 95 л. В какое количество полных четырёхлитровых банок можно разлить воду из бочки?,Нет,Нет
vpr_sd_945667,math,5,"Из пшеницы получается 80% муки. Сколько тонн пшеницы смололи, если получили 2,4 т муки?",Нет,Нет
vpr_sd_946042,math,5,"Ночью к мосту через речку подошла семья: мальчик, мама, папа и бабушка. Мост выдерживает только двоих. Двигаться они могут со скоростью того, кто идёт медленнее, и при этом у них обязательно должен быть фонарик. За какое наименьшее время семья сможет переправиться на противоположный берег, если в одиночку для перехода через мост требуется: мальчику — 2 минуты, папе — 1 минута, маме — 5 минут, бабу",Нет,Нет
vpr_sd_945967,math,5,На диаграмме показан средний балл участников 10 стран в тестировании учащихся 8-го класса по математике в 2007 году (по 1000-балльной шкале). Используя диаграмму ответьте на вопрос.,Нет,Нет
vpr_sd_945974,math,5,"Ниже приведены данные о количестве различных отметок по математике за четвёртую четверть в разных классах одной школы. Используя эти данные, ответь на вопросы. Класс | Отметка «3» | Отметка «4» | Отметка «5» // 4 «А» | 6 | 11 | 6 // 4 «Б» | 2 | 13 | 8 // 4 «В» | 5 | 12 | 5 // 4 «Г» | 7 | 9 | 10",Нет,Нет
vpr_sd_945959,math,5,"На диаграмме показана среднемесячная температура воздуха в Минске за каждый месяц 2003 года. По горизонтали указываются месяцы, по вертикали — температура в градусах Цельсия. Используя диаграмму, ответьте на вопрос.",Нет,Да
vpr_sd_945962,math,5,"На диаграмме показан средний балл участников 10 стран в тестировании учащихся 4-го класса, по естествознанию в 2007 году (по 1000-балльной шкале). Используя диаграмму, ответьте на вопрос.",Нет,Да
vpr_sd_945976,math,5,"Ниже приведены данные за три года о количестве дождливых дней в июне-октябре в Старом Осколе. Используя эти данные, ответь на вопрос. Месяц | 2013 год | 2014 год | 2015 год // Июнь | 11 | 6 | 8 // Июль | 8 | 3 | 8 // Август | 9 | 5 | 0 // Сентябрь | 13 | 4 | 1 // Октябрь | 7 | 3 | 5",Нет,Нет
vpr_sd_945953,math,5,На игре КВН судьи поставили следующие оценки командам за конкурсы. Команда | Баллы за конкурс «Приветствие» | Баллы за конкурс «СТЭМ» | Баллы за музыкальный конкурс // «АТОМ» | 28 | 22 | 25 // «Шумы» | 29 | 20 | 23 // «Топчан» | 26 | 21 | 27 // «Лёлек и Болек» | 24 | 24 | 29,Нет,Нет
vpr_sd_945955,math,5,"В таблице показано распределение медалей на Летних Олимпийских играх 1980 года в Москве среди команд, занявших первые пять мест по количеству золотых медалей. Места | Команды | Медали // Золотые | Серебряные | Бронзовые // 1 | СССР | 80 | 69 | 46 // 2 | ГДР | 47 | 37 | 42 // 3 | Болгария | 8 | 16 | 17 // 4 | Куба | 8 | 7 | 5 // 5 | Италия | 8 | 3 | 4",Нет,Нет
vpr_sd_945963,math,5,"На диаграмме показано распределение выплавки цинка (в тысячах тонн) в 11 странах мира за 2009 год. Среди представленных стран первое место по выплавке цинка занимало Марокко, одиннадцатое место — Болгария. Используя диаграмму, ответьте на вопрос.",Нет,Да
vpr_sd_945960,math,5,"На диаграмме показана средняя температура воздуха в Минске за каждый месяц 2003 года. По горизонтали указываются месяцы, по вертикали — средняя температура в градусах Цельсия. Используя диаграмму, ответьте на вопрос.",Нет,Да
vpr_sd_945983,math,5,"Чемпионат по хоккею проходил в четыре круга. Алексей следил за количеством заброшенных шайб своих любимых команд и записывал результаты в таблицу. Используя данные этой таблицы, ответь на вопрос. Номер игрового круга | «Металлург» | «Салават Юлаев» | «Ак Барс» // Первый круг | 32 | 35 | 29 // Второй круг | 40 | 45 | 34 // Третий круг | 37 | 38 | 30 // Четвёртый круг | 44 | 31 | 46",Нет,Нет
vpr_sd_945872,math,5,"Запишите цифрами число 11,5 млн.",Нет,Нет
vpr_sd_945782,math,5,"Пионеры прошли 75 км по местам боевой славы. В первый день они прошли всего расстояния, а во второй всего расстояния. Сколько километров они прошли за эти два дня?",Нет,Нет
vpr_sd_945750,math,6,Вычислите: 37 – 29 + 159 − 86.,Нет,Нет
vpr_sd_946116,math,6,"Когда прочитали 75 страниц, то осталось прочитать книги. Сколько страниц в книге?",Нет,Нет
vpr_sd_946110,math,6,"На рисунке изображены кружка и чайник. Высота кружки составляет 0,1 м. Определите примерную высоту чайник в метрах (с точностью до десятых). Считайте, что фотографии выполнены с одинакового расстояния при одном и том же увеличении .",Нет,Да
vpr_sd_945727,math,6,"На диаграмме показаны отчет о тратах семьи за неделю. Определите, сколько было всего потрачено денег, если на развлечения было истрачено 4000 рублей? Единицы измерения писать не нужно.",Нет,Да
vpr_sd_946170,math,6,Найдите значение выражения при,Нет,Нет
vpr_sd_945793,math,6,"На координатной прямой отмечены точки A, B и C. Установите соответствие между точками и их координатами. ТОЧКИ | КООРДИНАТЫ // A | 1) // B | 2) // C | 3) // | 4) // | 5) В таблице под каждой буквой укажите номер соответствующей координаты без пробелов, запятых или других дополнительных символов . Ответ: A | B | C // | |",Нет,Да
vpr_sd_945863,math,6,Вычислите: Запишите решение и ответ.,Нет,Нет
vpr_sd_945909,math,6,"В семье Михайловых пятеро детей — три мальчика и две девочки. Выберите верные утверждения и запишите в ответе их номера без пробелов, запятых или других дополнительных символов. 1) У каждой девочки в семье Михайловых есть две сестры. 2) Дочерей у Михайловых не меньше трёх. 3) Большинство детей в семье Михайловых — мальчики. 4) У каждого мальчика в семье Михайловых сестёр и братьев поровну.",Нет,Нет
vpr_sd_946057,math,6,"Толя, выполняя физические упражнения, тратит на выполнение приседаний 25% времени, 40% от оставшегося времени уходят на бег. Определите, сколько времени уходит у Толи на выполнение физических упражнений, если на бег он тратит 120 минут. Ответ дайте в минутах.",Нет,Нет
vpr_sd_945802,math,6,"Игральный кубик прокатили по столу. На рисунке изображён след кубика. Отметьте на рисунке место, в котором грань с шестью точками соприкасалась со столом. У кубика сумма значений на противоположных сторонах равна семи.",Нет,Да
vpr_sd_946047,math,6,"На суде каждый из троих подсудимых обвинял одного из двух других. Оказалось, что первый был единственным, кто говорил правду. Если бы каждый стал обвинять другого из них (но не себя), то второй был бы единственным, кто сказал правду. Кто виновен?",Нет,Нет
vpr_sd_945768,math,6,Вычислите: (31 − 12) · (32 − 62).,Нет,Нет
vpr_sd_945744,math,6,Вычислите: – 73 + 24 – 58 + 96.,Нет,Нет
vpr_sd_945743,math,6,Вычислите: (53 − 27 – 14) : (41 − 29).,Нет,Нет
vpr_sd_945759,math,6,Вычислите: (63 − 75) · (110 − 115).,Нет,Нет
vpr_sd_945755,math,6,Вычислите: (54 − 75) : 7.,Нет,Нет
vpr_sd_945713,math,6,Вычислите: Ответ дайте в виде неправильной дроби. Ответ:,Нет,Нет
vpr_sd_946175,math,6,Число 23 является искомого числа. Найдите это число.,Нет,Нет
vpr_sd_946124,math,6,"Число уменьшили на четверть, и получилось 99. Найдите исходное число.",Нет,Нет
vpr_sd_946133,math,6,"Число уменьшили в семь раз, и получилось 15. Найдите исходное число.",Нет,Нет
vpr_sd_946129,math,6,Число 56 является искомого числа. Найдите это число.,Нет,Нет
vpr_sd_946126,math,6,"Число увеличили на треть, и получилось 164. Найдите исходное число.",Нет,Нет
vpr_sd_945665,math,6,Найдите значение выражения при и Ответ:,Нет,Нет
vpr_sd_945671,math,6,Найдите значение выражения при Ответ дайте в виде неправильной дроби. Ответ:,Нет,Нет
vpr_sd_946171,math,6,Найдите положительное решение уравнения,Нет,Нет
vpr_sd_945675,math,6,Найдите значение выражения при Ответ:,Нет,Нет
vpr_sd_945741,math,6,Вычислите: – 54 : (66 – 84).,Нет,Нет
vpr_sd_946135,math,6,Число 72 является искомого числа. Найдите это число.,Нет,Нет
vpr_sd_946085,math,6,"На рисунке изображены гитара и скрипка. Длина скрипки составляет 55 см. Определите примерную длину гитары в метрах (с точностью до десятых). Считайте, что фотографии выполнены с одинакового расстояния при одном и том же увеличении .",Нет,Да
vpr_sd_945729,math,6,"На диаграмме представлен отчет о тратах семьи за прошедший месяц. По данным диаграммы, определите, сколько рублей потратила семья на развлечения, если известно, что на одежду было истрачено 9750 рублей?",Нет,Да
vpr_sd_946136,math,6,"Таня заведует складом. На складе у нее есть 12 старинных патефонов, 4 железные кровати и 14 телефонов. Выберите верные утверждения и запишите в ответе их номера без пробелов, запятых или других дополнительных символов. 1) У Тани на складе преимущественно хранятся телефоны. 2) Старинных патефонов и телефонов в сумме хранится не менее 27. 3) Старинных патефонов и железных кроватей в сумме столько же",Нет,Нет
vpr_sd_946071,math,6,"Ванадий собрался в поход на лыжах. В первый день он прошел 25% пути, а во второй день — на 10% больше, чем в первый. Определите, сколько осталось пройти Ванадию, если он запланировал всего пройти 540 км?",Нет,Нет
vpr_sd_945900,math,6,"Игральный кубик прокатили по столу. На рисунке изображён след кубика. Отметьте на рисунке место, в котором грань с четырьмя точками соприкасалась со столом. Считайте, что сумма чисел на противоположных сторонах кубика равна 7.",Нет,Да
vpr_sd_946012,math,6,"Докажите, что произведение любых пяти последовательных чисел делится на 30.",Нет,Нет
vpr_sd_946113,math,6,Девочка прочитала книгу за 360 минут. Сколько времени она читала книги?,Нет,Нет
vpr_sd_946167,math,6,"У Андрея было 7 монет достоинством 5 рублей, 6 монет достоинством 2 рубля и 13 монет достоинством в 1 рубль. Выберите верные утверждения и запишите в ответе их номера без пробелов, запятых или других дополнительных символов. 1) В сумме у Андрея было не больше 60 рублей. 2) Меньше всего у Андрея было монет достоинством 5 рублей. 3) Монет достоинством 2 и 5 рублей у Андрея было столько же, сколько и",Нет,Нет
vpr_sd_946143,math,6,"Завод за месяц выпустил 350 стиральных машин, 475 пылесосов и 830 утюгов. Выберите верные утверждения и запишите в ответе их номера без пробелов, запятых или других дополнительных символов. 1) В течение месяца завод преимущественно выпускал утюги. 2) Стиральных машин и пылесосов в сумме завод выпустил больше, чем утюгов. 3) За месяц завод выпустил не более 1660 бытовых приборов. 4) Меньше всего за",Нет,Нет
vpr_sd_946062,math,6,"Тарас взял в долг у приятеля в сентябре. Каждый месяц, начиная с октября, он выплачивает 25% от оставшейся суммы. Определите, какую сумму взял в долг у своего приятеля Тарас, если он заплатил в ноябре 3000 руб.",Нет,Нет
vpr_sd_945815,math,6,"На рис. 1 изображены два прямоугольника. Они разбивают плоскость на четыре части. На свободном поле справа, обозначенном как рис. 2, нарисуйте два прямоугольника так, чтобы они разбивали плоскость на пять частей.",Нет,Да
vpr_sd_945817,math,6,"На рис. 1 на клетчатой бумаге изображены фигуры, симметричные относительно изображённой прямой. Нарисуйте на рис. 2 фигуру, симметричную заштрихованной фигуре относительно данной прямой.",Нет,Да
vpr_sd_946049,math,6,"Друзья Алеша, Боря и Витя учатся в одном классе. Один из них ездит домой от школы на автобусе, другой — на трамвае, а третий — на троллейбусе. Однажды после уроков Алёша пошёл проводить своего друга до остановки автобуса. Когда мимо них проходил троллейбус, третий друг крикнул из окна: «Боря, ты забыл в школе тетрадку!» Кто на чем ездит домой?",Нет,Нет
vpr_sd_946039,math,6,"Докажите, что среди любых натуральных чисел найдутся два числа таких, что их разность делится на n .",Нет,Нет
vpr_sd_945736,math,6,Вычислите: (123 − 49 – 83) : (186 − 195).,Нет,Нет
vpr_sd_945679,math,6,"Число уменьшили в три раза, и получилось 42. Найдите исходное число.",Нет,Нет
vpr_sd_946105,math,6,"На рисунке изображены жираф и трехэтажный дом. Высота жирафа составляет 5 м. Определите примерную высоту дома в метрах (с точностью до целых). Считайте, что фотографии выполнены с одинакового расстояния при одном и том же увеличении .",Нет,Да
vpr_sd_945914,math,6,На диаграмме показаны результаты контрольной работы по математике в 6«В» классе. По вертикальной оси указано число учеников. Сколько человек писали эту контрольную работу?,Нет,Да
vpr_sd_946166,math,6,Найдите отрицательное решение уравнения,Нет,Нет
vpr_sd_946149,math,6,"В январе 14 дней шел легкий снег, 8 дней шла метель, 9 дней была ясная и солнечная погода. Запишите в ответе номера верных утверждений без пробелов и знаков препинания. 1) Меньше всего дней шла метель. 2) Дней, когда шел легкий снег на 5 больше, чем дней, когда была ясная и солнечная погода. 3) В январе снег шел 21 день. 4) Ясная и солнечная погода была в общем не дольше недели. Ответ запишите без",Нет,Да
vpr_sd_946077,math,6,"Цены на крабов сначала понизились на 20%, а затем повысились на 25%. Сколько изначально стоили крабы, если после повышения цен они стоили 150 руб.? Запишите решение и ответ.",Нет,Нет
vpr_sd_946013,math,6,"Коля и Петя купили одинаковые беговые лыжи. Сколько стоит одна пара лыж, если Петя уплатил стоимость лыж трёхрублёвыми купюрами, Коля — пятирублёвыми, а всего они дали в кассу меньше 10 купюр?",Нет,Нет
vpr_sd_945764,math,6,На диаграмме представлены данные о количестве посетителей шахматного клуба за неделю. По вертикали указано количество посетителей. Сколько человек посетило клуб в будние дни?,Нет,Да
vpr_sd_946159,math,6,"Вагоноремонтный завод отремонтировал за месяц 16 пассажирских вагонов, 23 грузовых вагонов и 5 локомотивов. Выберите верные утверждения и запишите в ответе их номера без пробелов, запятых или других дополнительных символов. 1) За месяц завод отремонтировал не меньше 39 вагонов. 2) Большинство вагонов, которые ремонтировал завод, были пассажирскими. 3) После окончания ремонта, каждый локомотив смож",Нет,Нет
vpr_sd_946067,math,6,"Цена на вальтрап сначала понизилась на 25%, после чего понизилась еще на 20%. Найдите разность между первоначальной и конечной ценой, если после всех превращений вальтрап стал стоить 12000 руб.",Нет,Нет
vpr_sd_946027,math,6,"Двое играют в следующую игру. Имеется три кучки камней: в первой — 10, во второй — 15, в третьей — 20. За ход разрешается разбить любую кучку на две меньшие; проигрывает тот, кто не сможет сделать ход. Кто выиграет?",Нет,Нет
vpr_sd_945773,math,6,Вычислите: −3 · (72 − 138).,Нет,Нет
vpr_sd_946115,math,6,"За 2 часа автобус проезжает 110 километров. Автобус находился в пути часа. Сколько километров он проехал, если его скорость не менялась? В ответе укажите только число .",Нет,Нет
vpr_sd_946132,math,6,"По итогам четверти Кондратий получил 4 «пятёрки», 7 «четверок» и 3 «тройки». Выберите верные утверждения и запишите в ответе их номера без пробелов, запятых или других дополнительных символов. 1) Кондратий закончил четверть «хорошистом». 2) Из всех оценок, больше всего Кондратий получил «четверок». 3) «Пятёрой» и «троек» у Кондратия меньше, чем четверок. 4) У Кондратия в школе 14 предметов.",Нет,Нет
vpr_sd_946065,math,6,"Бригада рабочих за первый день сделала 25% от запланированного количества деталей, а во второй день — 40% от оставшегося количества. Определите, сколько деталей запланировала сделать бригада рабочих, если во второй день они сделали 120 деталей.",Нет,Нет
vpr_sd_946028,math,6,"На чудо-яблоне растут бананы и ананасы. За один раз разрешается сорвать два плода. Если сорвать два банана или два ананаса, то вырастет ещё один ананас, а если сорвать банан и ананас, то вырастет банан. В итоге остался один плод. Какой это плод, если неизвестно, сколько бананов и ананасов росло вначале?",Нет,Нет
vpr_sd_945742,math,6,Вычислите: – 96 : (54 – 62).,Нет,Нет
vpr_sd_946088,math,6,"На рисунке изображены две карты. Длина большей составляет 0,8 м, а ее ширина 0,5 м. Определите примерную площадь меньшей карты в метрах квадратных (с точностью до десятых).",Нет,Да
vpr_sd_945732,math,6,"На диаграмме показано время, которые ребята тратят на дорогу от дома до школы. По вертикали указано время в минутах. Сколько ребят тратят на дорогу от 14 до 24 минут? В ответе укажите только число.",Нет,Да
vpr_sd_945664,math,6,Найдите значение выражения при и,Нет,Нет
vpr_sd_946153,math,6,"В семье Таракановых 8 детей — 5 мальчиков и 3 девочки. На праздник им подарили 5 шоколадок, 12 конфет и 2 пирожных. Выберите верные утверждения и запишите в ответе их номера без пробелов, запятых или других дополнительных символов. 1) Каждый ребенок сможет получить по 3 подарка. 2) Если каждый мальчик получит по конфете, то каждая девочка сможет получить как минимум по 2 конфеты. 3) Дети получили ",Нет,Нет
vpr_sd_946068,math,6,"На конец воскресенья в магазине было 220 шкафов. В понедельник было продано 40 шкафов. Определите, сколько стало шкафов в магазине, если во вторник их количество пополнилось в размере 40% от оставшихся после продажи в понедельник 40 шкафов.",Нет,Нет
vpr_sd_946051,math,6,"В бутылке, стакане, кувшине и банке находятся молоко, лимонад, квас и вода, причём вода и молоко не в бутылке, сосуд с лимонадом стоит между кувшином и сосудом с квасом, в банке не лимонад и не вода. Стакан стоит около банки и сосуда с молоком. В какой сосуд налита каждая из жидкостей?",Нет,Нет
vpr_sd_946120,math,6,"Число увеличили на 36, и оно составило от исходного числа. Найдите исходное число.",Нет,Нет
vpr_sd_946086,math,6,На рисунке изображены лягушка и утка. Длина лягушки составляет 9 см. Определите примерную длину утки в метрах (с точностью до сотых).,Нет,Да
vpr_sd_945739,math,6,"На диаграмме представлены результаты некоторых ребят, писавших тест по физике. По вертикальной оси указаны баллы. Назовите сумму баллов ребят, набравших менее 75 баллов.",Нет,Да
vpr_sd_946138,math,6,"Даня красил пластиковых солдатиков. Треть из них он покрасил в черный цвет, половину от оставшихся он покрасил в в синий, а оставшуюся шестерку — в зеленый. Выберите верные утверждения и запишите в ответе их номера без пробелов, запятых или других дополнительных символов. 1) У Дани было поровну солдатиков каждого цвета. 2) Солдатиков синего цвета у Дани было больше 7. 3) Черных и зеленых солдатико",Нет,Нет
vpr_sd_946066,math,6,"Цена на носки выросла сначала на 24%, а затем еще на 16%. Определите разность между конечной и первоначальной ценой, если изначально цена составляла 200 руб.",Нет,Нет
vpr_sd_945808,math,6,"На рис. 1 изображены два прямоугольника. Они разбивают плоскость на четыре части. На свободном поле справа, обозначенном как рис. 2, нарисуйте два прямоугольника так, чтобы они разбивали плоскость на шесть частей.",Нет,Да
vpr_sd_946038,math,6,"Докажите что, среди любых натуральных чисел найдутся хотя бы два числа, которые при делении на n дают одинаковые остатки.",Нет,Нет
vpr_sd_945749,math,6,Вычислите: 91 − 108 + 13 − 49.,Нет,Нет
vpr_sd_946125,math,6,"Число уменьшили на четверть, и получилось 120. Найдите исходное число.",Нет,Нет
vpr_sd_946118,math,6,Сыну 10 лет. Его возраст составляет треть возраста отца. Сколько лет отцу?,Нет,Нет
vpr_sd_946123,math,6,Число 77 увеличили на этого же числа. Найдите полученное число.,Нет,Нет
vpr_sd_945806,math,6,"На рис. 1 изображены три круга. Они разбивают плоскость на шесть частей. На свободном поле справа, обозначенном как рис. 2, нарисуйте три круга так, чтобы они разбивали плоскость на пять частей.",Нет,Да
vpr_sd_946172,math,6,"Число увеличили в четыре раза, и получилось 100. Найдите исходное число.",Нет,Нет
vpr_sd_945767,math,6,На диаграмме представлены данные о количестве посетителей литературного клуба за неделю. По вертикали указано количество посетителей. Назовите среднее количество посетителей за один день в выходные дни.,Нет,Да
vpr_sd_946155,math,6,"В цветочном магазине продается 6 роз, 4 тюльпана, 4 гвоздики и 5 орхидей. Выберите верные утверждения и запишите в ответе их номера без пробелов, запятых или других дополнительных символов. 1) Меньше всего в магазине продается тюльпанов. 2) Покупатель сможет приобрести 5 букетов, состоящих из розы и тюльпана. 3) Роз продается больше, чем орхидей. 4) Тюльпанов продается не меньше, чем гвоздик.",Нет,Нет
vpr_sd_946056,math,6,"Фома, выполняя свою домашнюю работу, тратит на выполнение задания по математике 60% времени, 20% от оставшегося времени у него уходит на задание по литературе. Определите, сколько всего времени уходит у Фомы на выполнение домашнего задания, если на выполнение задания по литературе у него уходит 40 минут. Ответ укажите в минутах.",Нет,Нет
vpr_sd_946094,math,6,"На рисунке изображены мопс и овчарка. Длина мопса составляет 0,4 м. Определите примерную длину овчарки в метрах (с точностью до десятых). Считайте, что фотографии выполнены с одинакового расстояния при одном и том же увеличении .",Нет,Да
vpr_sd_946163,math,6,"В магазине продаются 5 стиральных машин, 7 утюгов, 3 печатные машинки и 8 планшетов. Выберите верные утверждения и запишите в ответе их номера без пробелов, запятых или других дополнительных символов. 1) Утюгов и планшетов вместе продается в 3 раза больше, чем стиральных машин. 2) Наборов, состоящих из печатной машинки, планшета и стиральной машинки, сможет приобрести 3 покупателя. 3) Всего в мага",Нет,Нет
vpr_sd_946082,math,6,"Велосипед стоил 7500 руб. Сначала цену снизили на 15%, а потом эту сниженную цену повысили на 15%. Сколько стал стоить велосипед после повышения цены? Запишите решение и ответ.",Нет,Нет
vpr_sd_946044,math,6,"На даче поселились пятеро мальчиков: Андрюша, Боря, Володя, Гена и Дима. Все были разного возраста: одному был 1 год, другому — 2 года, остальным 3, 4 и 5 лет. Володя был самым маленьким, Диме было столько лет, сколько Андрюше и Гене вместе. Сколько лет Боре? Возраст кого еще из мальчиков можно определить?",Нет,Нет
vpr_sd_945756,math,6,Вычислите: 5 · (74 − 93).,Нет,Нет
vpr_sd_945745,math,6,Вычислите: 81 : (76 – 67).,Нет,Нет
vpr_sd_945753,math,6,Вычислите: 32 – 41 + 54 – 73.,Нет,Нет
vpr_sd_945754,math,6,Вычислите: 18 – 92 + 108 – 9.,Нет,Нет
vpr_sd_945774,math,6,Вычислите: 4 · (43 − 150).,Нет,Нет
vpr_sd_945761,math,6,Вычислите: (39 − 57) : (27 − 18).,Нет,Нет
vpr_sd_945751,math,6,Вычислите: – 190 + 39 – 84 + 235.,Нет,Нет
vpr_sd_946099,math,6,"На рисунке изображены корова и свинья. Длина тела свиньи составляет 1,2 м. Определите примерную длину тела коровы в метрах (с точностью до десятых).",Нет,Да
vpr_sd_945908,math,6,"На координатной прямой отмечены точки A , B и C . Установите соответствие между точками и их координатами. ТОЧКИ | КООРДИНАТЫ // A | 1) 2,105 // B | 2) // C | 3) // | 4) // | 5) 2,9 В таблице под каждой буквой укажите номер соответствующей координаты без пробелов, запятых или других дополнительных символов . Ответ: A | B | C // | |",Нет,Да
vpr_sd_946156,math,6,"В рыбном прилавке на витрине лежат подряд 4 карпа, 3 окуня, 2 лосося и 5 селедок. Выберите верные утверждения и запишите в ответе их номера без пробелов, запятых или других дополнительных символов. 1) Лососей ровно в 2 раза меньше, чем селедок. 2) Карпы лежат между окунями и селедкой. 3) Больше всего в прилавке продается селедки. 4) Придя в магазин, покупатель сможет приобрести 2 набора, состоящих",Нет,Нет
vpr_sd_946053,math,6,"Ирина дала в долг подруге 60 000 руб. в ноябре. Каждый месяц, начиная с декабря, подруга выплачивает ей 30% от оставшейся суммы долга. Определите, сколько останется выплатить подруге Ирины после того, как она отдаст часть денег в январе.",Нет,Нет
vpr_sd_946015,math,6,"Чтобы узнать, является ли число 1601 простым, его стали последовательно делить на 2, 3, 5 и т. д. На каком простом числе можно прекратить испытания?",Нет,Нет
vpr_sd_946101,math,6,"На рисунке изображены шкаф и кресло. Высота шкафа составляет 2,1 м. Определите примерную высоту кресла в метрах (с точностью до десятых). Считайте, что фотографии выполнены с одинакового расстояния при одном и том же увеличении .",Нет,Да
vpr_sd_946104,math,6,"На рисунке изображены стол и табуретка. Высота табуретки составляет 0,6 м. Определите примерную высоту стола в метрах (с точностью до десятых). Единицы измерения указывать не нужно. Считайте, что фотографии выполнены с одинакового расстояния при одном и том же увеличении .",Нет,Да
vpr_sd_946107,math,6,"На рисунке изображены крокодил и фура. Длина крокодила составляет 5,2 м. Определите примерную длину фуры в метрах (с точностью до целых). Считайте, что фотографии выполнены с одинакового расстояния при одном и том же увеличении .",Нет,Да
vpr_sd_946084,math,6,"На рисунке изображены багет и булка. Длина багета составляет 48 см. Определите примерную длину булки в метрах (с точностью до десятых). Считайте, что фотографии выполнены с одинакового расстояния при одном и том же увеличении .",Нет,Да
vpr_sd_946095,math,6,"На рисунке изображены небольшая лодка и парусная яхта. Длина лодки составляет 3,7 м. Определите примерную длину яхты в метрах (с точностью до целых). Считайте, что фотографии выполнены с одинакового расстояния при одном и том же увеличении .",Нет,Да
vpr_sd_945794,math,6,"На координатной прямой отмечены точки A , B и C . Установите соответствие между точками и их координатами. ТОЧКИ | КООРДИНАТЫ // A | 1) // B | 2) // C | 3) // | 4) // | 5) В таблице под каждой буквой укажите номер соответствующей координаты без пробелов, запятых или других дополнительных символов . Ответ: A | B | C // | |",Нет,Да
vpr_sd_946144,math,6,"Паша — прекрасный художник. Пять его картин выставлены в Лувре, еще девять — в Эрмитаже, семь его картин купил коллекционер Никита. Выберите верные утверждения и запишите в ответе их номера без пробелов, запятых или других дополнительных символов. 1) В музеях находится Пашиных картин больше, чем у Никиты. 2) Меньше всего картин находится у коллекционера. 3) Картин в Эрмитаже не менее десяти. 4) Ни",Нет,Нет
vpr_sd_946148,math,6,"На парковке стоят 52 мотоцикла, 86 легковых автомобиля и 33 микроавтобусов. Выберите верные утверждения и запишите в ответе их номера без пробелов, запятых или других дополнительных символов. 1) На парковке расположилось не менее 171 единиц транспорта. 2) Большую часть парковочных мест занимают легковые автомобили. 3) Мотоциклов и микроавтобусов столько же, сколько и легковых автомобилей. 4) Микро",Нет,Нет
vpr_sd_946160,math,6,"Фермерское хозяйство поставило на рынок 14 тонн клубники, 12 тонн вишни, 15 тонн огурцов и 13 тонн морковки. Выберите верные утверждения и запишите в ответе их номера без пробелов, запятых или других дополнительных символов. 1) Фермерское хозяйство поставило на 2 тонны овощей больше, чем ягод. 2) Меньше всего фермерское хозяйство поставило морковки. 3) Хозяйство поставило на рынок не больше 26 тон",Нет,Нет
vpr_sd_946137,math,6,"Вера складывает фигурки из бумаги. Всего у нее получилось 66 фигурок, из которых 27 лошадей, а остальные — голуби. Выберите верные утверждения и запишите в ответе их номера без пробелов, запятых или других дополнительных символов. 1) Вера сложила одинаковое количество лошадей и голубей. 2) Вера сложила не менее 40 голубей. 3) Вера преимущественно складывала бумажных голубей. 4) У Веры получилось г",Нет,Нет
vpr_sd_946052,math,6,"Борис взял в долг у приятеля в августе 40000 руб. Начиная с сентября, каждый месяц он выплачивает приятелю 18% от оставшейся суммы долга. Определите, сколько останется выплатить Борису, после того, как он отдаст часть денег в октябре.",Нет,Нет
vpr_sd_946055,math,6,"Альпинист собрался взобраться на пик, путь к которому составляет 5000 м. В первый день он преодолел 30% маршрута, а во второй день — на 20% больше, чем в первый. Определите, какую часть маршрута составляет пройденный путь от запланированного. Ответ дайте в процентах.",Нет,Нет
vpr_sd_946078,math,6,"Евграфий взял у приятеля взаймы 20000 руб. в декабре. Каждый месяц, начиная с января, он выплачивает 20% от оставшейся суммы долга. Сколько денег он заплатит приятелю в феврале?",Нет,Нет
vpr_sd_946059,math,6,"Николай в апреле весил 100 кг. В мае он сбросил 10 кг., а в июне он стал весить еще на 30% меньше, по сравнению с маем. Определите, сколько процентов от апрельского веса составляет вес Николая в июне.",Нет,Нет
vpr_sd_946076,math,6,"Цены на яблоки сначала выросли на 60%, а затем понизились на 20%. Сколько изначально стоили яблоки, если после понижения цен они стали стоить 128 руб? Запишите решение и ответ.",Нет,Нет
vpr_sd_946074,math,6,"Финголфин отправился в поход протяженностью 600 лиг. В первый день он прошел 25% от запланированного пути, а во второй день он прошел 20% от оставшегося расстояния. Сколько лиг прошел Финголфин во второй день?",Нет,Нет
vpr_sd_945810,math,6,"На рис. 1 изображены два круга. Они разбивают плоскость на четыре части. На свободном поле справа, обозначенном как рис. 2, нарисуйте два круга так, чтобы они разбивали плоскость на три части.",Нет,Да
vpr_sd_945807,math,6,"На рис. 1 изображены два одинаковых квадрата. Они разбивают плоскость на четыре части. На свободном поле справа, обозначенном как рис. 2, нарисуйте два квадрата так, чтобы они разбивали плоскость на две части.",Нет,Да
vpr_sd_945796,math,6,"Игральный кубик прокатили по столу. На рисунке изображён след кубика. Отметьте на рисунке места, в которых грань с одной точкой соприкасалась со столом.",Нет,Да
vpr_sd_946010,math,6,"К числу 15 припишите слева и справа по одной цифре так, чтобы полученное число делилось на 15.",Нет,Нет
vpr_sd_946021,math,6,"На доске написаны 10 единиц и 10 двоек. За ход можно стереть две любые цифры и, если они были одинаковыми, написать 2, а если разными — 1. Если последняя оставшаяся на доске цифра — 1, то выиграл первый игрок, если 2 — то второй. Кто при правильной игре выиграет?",Нет,Нет
vpr_sd_946033,math,6,"Можно ли 25 рублей разменять десятью купюрами по 1, 3 и 5 рублей?",Нет,Нет
vpr_sd_946032,math,6,"Доказать, что из любых трёх целых чисел можно найти два, сумма которых чётна.",Нет,Нет
vpr_sd_946017,math,6,"Вася и Петя выписывают 12-значное число, ставя цифры по очереди, начиная со старшего разряда. Докажите, что какие 6ы цифры он не писал, Петя всегда сможет добиться, чтобы получившееся число делилось на 4.",Нет,Нет
vpr_sd_946037,math,6,"Есть четыре камня, разной массы. За какое наименьшее число взвешиваний на весах без гирь можно найти самый тяжёлый и лёгкий камни?",Нет,Нет
vpr_sd_946008,math,6,"Вася написал на доске пример на умножение двух двузначных чисел, а затем заменил в нем все цифры на буквы, причём одинаковые цифры — на одинаковые буквы, а разные — на разные. В итоге у него получилось АБ · ВГ = ДДЕЕ . Докажите, что он где-то ошибся.",Нет,Нет
vpr_sd_946045,math,6,"Племя людоедов поймало Робинзона Крузо. Вождь сказал: «Мы рады бы отпустить тебя, но по нашему закону ты должен сказать какое-нибудь утверждение. Если оно окажется истинным, мы съедим тебя. Если оно окажется ложным, тебя съест наш ручной лев.» Что сказать Робинзону, чтобы людоеды его отпустили?",Нет,Нет
vpr_sd_945905,math,6,"На доске написано число. Олег играет в арифметическую игру: он может либо стереть последнюю цифру написанного числа, либо прибавить к написанному числу число 2018 и записать полученный результат, стерев предыдущее число. Может ли Олег, действуя таким образом, в конце концов получить число 1? Если да, покажите как; если нет, объясните почему.",Нет,Нет
vpr_sd_946019,math,6,"Докажите, что произведение любых трёх последовательных натуральных чисел делится на 6.",Нет,Нет
vpr_sd_946043,math,6,"12-вeдёрная бочка наполнена керосином. Как разлить его на две равные части, пользуясь пятивeдёрной и восьмиведёpной бочками?",Нет,Нет
vpr_sd_946064,math,6,"Петр собрался в путешествие на велосипеде. В первый день он проехал 20% от всего пути, а во второй — на 15% меньше, чем в первый день. Определите, сколько осталось проехать Петру, если длина его маршрута составляет 720 км.",Нет,Нет
vpr_sd_946040,math,6,"Как, имея лишь два сосуда ёмкостью 5 и 7 л, налить из крана 6 л воды?",Нет,Нет
vpr_sd_945762,math,6,Вычислите: (63 − 84) : (14 − 21).,Нет,Нет
vpr_sd_946117,math,6,В книге 320 страниц. Петя прочитал книги. Сколько ему страниц осталось прочитать?,Нет,Нет
vpr_sd_946093,math,6,"На рисунке изображены мотоцикл и автобус. Длина автобуса составляет 10 м. Определите примерную длину мотоцикла в метрах (с точностью до десятых). Единицы измерений указывать не нужно. Считайте, что фотографии выполнены с одинакового расстояния при одном и том же увеличении .",Нет,Да
vpr_sd_945738,math,6,"На диаграмме представлены результаты некоторых ребят, писавших тест по биологии. По вертикальной оси указаны баллы. Назовите средний балл ребят, набравших больше 75 баллов.",Нет,Да
vpr_sd_945740,math,6,Вычислите: 97 – 88 – 39 + 42.,Нет,Нет
vpr_sd_946108,math,6,"На рисунке изображены скелеты человека и собаки. Известно, что высота скелета человека 1,8 м. Определите примерную высоту скелета собаки в метрах (с точностью до десятых).",Нет,Да
vpr_sd_946141,math,6,"Коллекция нумизмата Александра пополнилась десятью монетами: двумя из Канады, тремя из США, четырьмя из Италии и одной из Польши. Выберите верные утверждения и запишите в ответе их номера без пробелов, запятых или других дополнительных символов. 1) Монет из Америки Александр получил больше, чем из Европы. 2) Монет из Польши Александр получил меньше всего. 3) Монет из США Александр получил вдове ме",Нет,Нет
vpr_sd_945746,math,6,Вычислите: 49 : (84 – 91).,Нет,Нет
vpr_sd_946098,math,6,"На рисунке изображены утка и лягушка. Длина утки составляет 0,4 м. Определите примерную длину лягушки в метрах (с точностью до десятых).",Нет,Да
vpr_sd_945728,math,6,"На диаграмме показано время выполнения домашней работы учеником 6 класса. По вертикали указано время в минутах. На сколько минут больше времени уходит у ученика на выполнение математики и русского вместе, чем на все остальные предметы?",Нет,Да
vpr_sd_946063,math,6,"Кондратий дал в долг своему другу некоторую сумму денег в марте. Начиная с апреля, друг выплачивает ему 20% от оставшейся суммы долга каждый месяц. Определите, сколько одолжил другу Кондратий, если в мае он получил 5400 руб.",Нет,Нет
vpr_sd_946070,math,6,"Цена на лопату резко повысилась на 15%, после чего понизилась на 20%. Определите, сколько стоила лопата изначально, если после всех изменений она стала стоить 92 руб?",Нет,Нет
vpr_sd_946061,math,6,"Яхта «Гайда» прошла в первую неделю 28% от запланированного пути, а во вторую — на 16% меньше, чем в первую. Определите, сколько км прошла яхта за первые 2 недели, если всего длина маршрута составляет 6400 км.",Нет,Нет
vpr_sd_946075,math,6,"На начало понедельника на складе было 120 холодильников. В конце рабочего дня на складе осталось 75% от первоначального количества холодильников. Определите, сколько процентов от первоначального количества холодильников, оказалось на складе после того, как туда завезли еще 60 единиц товара.",Нет,Нет
vpr_sd_946073,math,6,"Феанор прошел в первый день своего пути 20% от запланированного маршрута, во второй день он прошел 24% от оставшегося маршрута. Определите, сколько всего запланировал пройти Феанор, если во второй день он прошел 24 км?",Нет,Нет
vpr_sd_946048,math,6,"Продавец должен за неделю продать товара на сумму 80000 руб. В первый день он продал товара на 20% от запланированной суммы, а во второй — на сумму, составляющую 124% от выручки за первый день. Определите, сколько процентов составляют вырученные им деньги от запланированной выручки.",Нет,Нет
vpr_sd_946069,math,6,"Мотоцикл стоил 56000 руб. Сначала цену повысили на 24%, а затем еще на 30%. Определите, сколько стал стоить мотоцикл после второго повышения цены.",Нет,Нет
vpr_sd_946072,math,6,"В мае билеты на самолет до Амстердама стоили 17000 руб. В июне цены выросли на 20%, а в июле понизилась и стали 15300 руб. На сколько процентов понизились цены в июле?",Нет,Нет
vpr_sd_945911,math,6,"Хоккейные коньки стоили 4500 руб. Сначала цену снизили на 20%, а потом эту сниженную цену повысили на 20%. Сколько стали стоить коньки после повышения цены? Запишите решение и ответ.",Нет,Нет
vpr_sd_946083,math,6,"Лодка стоила 24000 руб. Сначала цену повысили на 12%, затем эту повышенную цену повысили еще на 12%. Сколько стала стоить лодка после второго повышения цены? Запишите решение и ответ.",Нет,Нет
vpr_sd_946054,math,6,"Путник собрался пройти 40 км. В первый день он прошел 25% от назначенного пути, а во второй день — на 20% меньше, чем в первый, определите, сколько процентов составляет оставшаяся часть пути от первоначальной.",Нет,Нет
vpr_sd_946058,math,6,"Георгий в декабре весил 72 кг. В январе он стал весить на 10% больше, а в феврале он прибавил в весе еще на 18 кг. Определите, сколько процентов от декабрьского веса составляет вес Георгия в феврале.",Нет,Нет
vpr_sd_946079,math,6,"Кира взяла у подруги взаймы 35000 руб. в мае. Каждый месяц, начиная с июня, она выплачивает 35% от оставшейся суммы долга. Сколько денег она заплатит подруге в июле?",Нет,Нет
vpr_sd_945913,math,6,"На рисунке изображены автобус и автомобиль. Длина автомобиля равна 4,2 м. Какова примерная длина автобуса? Ответ дайте в сантиметрах.",Нет,Да
vpr_sd_945733,math,6,"На диаграмме показано время, которые ребята тратят на дорогу от дома до школы. По вертикали указано время в минутах. Сколько минут в среднем тратят ребята на дорогу от дома до школы?",Нет,Да
vpr_sd_946034,math,6,"Даны шесть чисел: 1, 2, 3, 4, 5, 6. Разрешается к любым двум из них прибавлять 1. Можно ли все числа сделать равными?",Нет,Нет
vpr_sd_945917,math,6,Вычислите: −2 · (54 − 129).,Нет,Нет
vpr_sd_946134,math,6,Число 110 является искомого числа. Найдите это число.,Нет,Нет
vpr_sd_945782,math,6,На диаграмме показаны виды кровли домов жителей поселка. По вертикальной оси указано количество домов. Сколько домов в данном поселке?,Нет,Да
vpr_sd_946114,math,6,За 1 час автобус проезжает 60 километров. Автобус находился в пути часа. Сколько километров он проехал?,Нет,Нет
vpr_sd_945757,math,6,Вычислите: (7 − 13) · (192 − 184).,Нет,Нет
vpr_sd_945758,math,6,Вычислите: (87 – 68 – 22) : 3.,Нет,Нет
vpr_sd_945775,math,6,Вычислите: 6 · (25 − 131).,Нет,Нет
vpr_sd_945748,math,6,Вычислите: (84 − 120) : 36.,Нет,Нет
vpr_sd_946067,math,7,"Евграфий взял у приятеля взаймы 20000 руб. в декабре. Каждый месяц, начиная с января, он выплачивает 20% от оставшейся суммы долга. Сколько денег он заплатит приятелю в феврале?",Нет,Нет
vpr_sd_945958,math,7,"Суточная норма потребления витамина С для взрослого человека составляет 60 мг. Один помидор в среднем содержит 17 мг витамина С. Сколько процентов суточной нормы витамина С получил человек, съевший один помидор? Ответ округлите до целого числа.",Нет,Нет
vpr_sd_945283,math,7,"На диаграмме представлен отчет о тратах семьи за прошедший месяц. По данным диаграммы, определите, сколько денег потратила семья на одежду, если известно, что на коммунальные услуги было истрачено 7000 рублей?",Нет,Да
vpr_sd_945303,math,7,"На диаграмме показаны результаты проверочной работы, проведенной в 6 «В» классе. По вертикальной оси указано число учеников. Назовите средний балл тех, кто получил за эту работу оценку ниже «4».",Нет,Да
vpr_sd_944746,math,7,"На рисунке изображён график линейной функции. Напишите формулу, которая задаёт эту линейную функцию.",Нет,Да
vpr_sd_944730,math,7,"На рисунке изображён график прямой. Напишите формулу, которая задаёт эту прямую.",Нет,Да
vpr_sd_944665,math,7,"Прочтите текст. Масса самой большой планеты Солнечной системы — Юпитера — в 318 раз больше массы Земли. Вокруг многих планет движутся их спутники, которые также удерживаются вблизи планет силами тяготения. Спутник нашей Земли — Луна — самое близкое к нам небесное тело. Расстояние между Луной и Землёй равно в среднем 380 000 км. Масса Луны в 81 раз меньше массы Земли. Чем меньше масса планеты, тем ",Нет,Нет
vpr_sd_944661,math,7,"Прочтите текст. Банковский вклад — сумма денег, переданная вкладчиком банку с целью получить доход в виде процентов. Проценты на сумму вклада начисляются со дня, следующего за днем её поступления в банк, до дня закрытия вклада. Обычно вкладчик имеет возможность выбрать схему начисления процентов: либо изымать их по истечении периодов выплаты процентов, либо присоединять их к общей сумме вклада, ув",Нет,Да
vpr_sd_944675,math,7,"Прочтите текст. Байкал — самое глубокое озеро на планете. Наибольшая глубина Байкала — 1642 метра. Байкал находится в Сибири между Иркутской областью и Республикой Бурятия. Живописные берега озера тянутся на 2000 километров, а площадь водной поверхности составляет 31 722 кв. км. Прибрежные территории отличаются уникальным разнообразием флоры и фауны. Вода в Байкале удивительно прозрачна: видно дно",Нет,Нет
vpr_sd_944659,math,7,"Прочтите текст. Калория — количество теплоты, необходимое для нагревания 1 грамма воды на 1 градус Цельсия при стандартном атмосферном давлении. Калория (обозначается: кал) может быть выражена в джоулях: 1 кал = 4,1868 Дж точно, 1000 калорий обозначается ккал. Калория применяется при оценках энергетической ценности («калорийности») пищевых продуктов. На упаковках пищевой продукции, продаваемая на ",Нет,Нет
vpr_sd_945529,math,7,Упростите выражение и найдите его значение при В ответ запишите полученное число.,Нет,Нет
vpr_sd_945105,math,7,Упростите выражение и найдите его значение при и В ответе запишите найденное значение.,Нет,Нет
vpr_sd_944715,math,7,Отметьте и подпишите на координатной прямой точки и,Нет,Нет
vpr_sd_945098,math,7,"Два внешних угла треугольника при разных вершинах равны. Периметр треугольника равен 78 см, а одна из сторон равна 18 см. Найдите две другие стороны треугольника. Ответ запишите в виде двух чисел, идущих подряд, без лишних знаков.",Нет,Да
vpr_sd_945092,math,7,"Высоты, проведенные к боковым сторонам АВ и АС остроугольного равнобедренного треугольника АВС , пересекаются в точке М . Найдите углы треугольника, если угол ВМС равен 140°.",Нет,Нет
vpr_sd_944682,math,7,"Прочтите текст. Темный эльф шел по тоннелям в поисках древнего города. Первые 2 часа он передвигался со скоростью 5 миль/ч, после чего его дорога пошла под гору, и скорость начала постепенно увеличиваться, достигнув спустя 3 часа 7 миль/ч. Внезапно путник попал в засаду, которую ему устроили пещерные тролли. Поняв, что драться с превосходящим его по численности противником не стоит, эльф бросился ",Нет,Да
vpr_sd_944689,math,7,"Прочтите текст. Группа искателей приключений наткнулась на пещеру, доверху набитую сокровищами. К несчастью для авантюристов драгоценности ревностно охранялись драконом, который неустанно следил за тем, чтобы ни одной монетки не пропало из его чертогов. Поэтому, завидев путешественников, он незамедлительно обдал их обжигающим пламенем. Струя пламени извергалась из его пасти в течение 90 секунд. Пе",Нет,Да
vpr_sd_944804,math,7,"Поезд, двигаясь равномерно со скоростью 86 км/ч, проезжает мимо пешехода, идущего в том же направлении параллельно путям со скоростью 6 км/ч, за 18 секунд. Найдите длину поезда в метрах.",Нет,Нет
vpr_sd_944813,math,7,"Два бегуна одновременно стартовали в одном направлении из одного и того же места круговой трассы в беге на несколько кругов. Спустя один час, когда одному из них оставалась 1 км до окончания первого круга, ему сообщили, что второй бегун прошёл первый круг 20 минут назад. Найдите скорость первого бегуна, если известно, что она на 8 км/ч меньше скорости второго.",Нет,Нет
vpr_sd_944817,math,7,"Из двух городов одновременно навстречу друг другу отправились два велосипедиста. Проехав некоторую часть пути, первый велосипедист сделал остановку на 30 минут, а затем продолжил движение до встречи со вторым велосипедистом. Расстояние между городами составляет 144 км, скорость первого велосипедиста равна 24 км/ч, скорость второго — 28 км/ч. Определите расстояние от города, из которого выехал втор",Нет,Нет
vpr_sd_945858,math,7,Вычислите: Ответ запишите в виде несократимой дроби. Ответ:,Нет,Нет
vpr_sd_944768,math,7,Найдите значение выражения,Нет,Нет
vpr_sd_945792,math,7,Учёный Комаров выезжает из Москвы на конференцию в Санкт-Петербургский университет. Работа конференции начинается в 8:30. В таблице дано расписание ночных поездов Москва — Санкт-Петербург. Номер поезда | Отправление из Москвы | Прибытие в Санкт-Петербург // 032АВ | 22:50 | 05:48 // 026А | 23:00 | 06:30 // 002А | 23:55 | 07:55 // 004А | 23:59 | 08:00 Путь от вокзала до университета занимает полтора,Нет,Нет
vpr_sd_945897,math,7,Белка может развивать скорость до 5 м/с. Выразите эту скорость в километрах в час (км/ч).,Нет,Нет
vpr_sd_946061,math,7,"В мае билеты на самолет до Амстердама стоили 17000 руб. В июне цены выросли на 20%, а в июле понизилась и стали 15300 руб. На сколько процентов понизились цены в июле? В ответ запишите число.",Нет,Нет
vpr_sd_945360,math,7,"В магазине лежат 3 сосиски, 4 луковицы, 5 яиц и 2 ананаса. В магазин пришли 3 девочки и 2 мальчика. Выберите верные утверждения и запишите в ответе их номера. 1) Каждая девочка сможет приобрести ананас и сосиску. 2) Каждый из покупателей сможет приобрести по яйцу. 3) Если каждый из мальчиков купит по луковице, то оставшихся луковиц хватит каждой девочке. 4) Меньше всего магазин продает ананасов.",Нет,Нет
vpr_sd_945260,math,7,"На диаграмме показана средняя цена нефти в 2014 году по месяцам (в долларах США за 1 баррель). Сколько в 2014 году было месяцев, когда средняя цена нефти превышала 92 доллара за баррель?",Нет,Да
vpr_sd_945599,math,7,При каком значении x значения выражений и равны?,Нет,Нет
vpr_sd_944655,math,7,"Прочтите текст. Наталкинское золоторудное месторождение — золоторудное месторождение, находящееся в Тенькинском районе Магаданской области на площади Яно-Колымской складчатой системы. Расположено в 390 км от Магадана в долине р. Омчак между ручьями Геологический и Глухарь. Месторождение относится к золото-кварцевым объектам штокверкового типа. Рудное поле Наталкинского месторождения площадью 40 км",Нет,Нет
vpr_sd_945528,math,7,Упростите выражение найдите его значение при В ответ запишите полученное число.,Нет,Нет
vpr_sd_944712,math,7,"Из точки А (1, −1) опущен перпендикуляр на ось ординат. Найдите ординату основания перпендикуляра.",Нет,Нет
vpr_sd_945431,math,7,В треугольнике два угла равны 72° и 42°. Найдите его третий угол. Ответ дайте в градусах.,Нет,Нет
vpr_sd_944687,math,7,"Прочитайте текст. Отряд всадников на ящерах выехал из подземного города Мензоберранзана в полдень с начальной скоростью 15 км/ч. В течение первых 20 минут они двигались с этой скоростью, затем они решили ускориться и за 40 минут набрали скорость в 25 км/ч. Внезапно лидер группы заметил необычные следы на полу пещеры и приказал отряду двигаться вдоль них, постепенно снижая скорость, таким образом, ",Нет,Да
vpr_sd_944818,math,7,"Первые 5 часов автомобиль ехал со скоростью 60 км/ч, следующие 3 часа — со скоростью 100 км/ч, а последние 4 часа — со скоростью 75 км/ч. Найдите среднюю скорость автомобиля на протяжении всего пути.",Нет,Нет
vpr_sd_945865,math,7,Вычислите: Ответ запишите в виде несократимой дроби. Ответ: |,Нет,Нет
vpr_sd_945671,math,7,"В таблице приведены размеры штрафов за превышение максимальной разрешённой скорости, зафиксированное с помощью средств автоматической фиксации, установленных на территории России на 1 января 2013 года. Превышение скорости, км/ч | 11 − 20 | 21 − 40 | 41 − 60 | 61 и более // Размер штрафа, руб. | 100 | 300 | 1000 | 2500 Какой штраф должен заплатить владелец автомобиля, зафиксированная скорость котор",Нет,Нет
vpr_sd_945912,math,7,"Трактор едет по дороге, проезжая 10 метров за каждую секунду. Выразите скорость трактора в километрах в час. В ответе укажите число.",Нет,Нет
vpr_sd_945970,math,7,"В начале учебного года в школе было 840 учащихся, а к концу года их стало 966. На сколько процентов увеличилось за год число учащихся?",Нет,Нет
vpr_sd_945357,math,7,"Вагоноремонтный завод отремонтировал за месяц 16 пассажирских вагонов, 23 грузовых вагона и 5 локомотивов. Выберите верные утверждения и запишите в ответе их номера без пробелов, запятых или других дополнительных символов. 1) За месяц завод отремонтировал не меньше 39 вагонов. 2) Большинство вагонов, которые ремонтировал завод, были пассажирскими. 3) После окончания ремонта каждый локомотив сможет",Нет,Нет
vpr_sd_945205,math,7,"На диаграмме показано содержание питательных веществ в какао-порошке. Определите по диаграмме, содержание каких веществ наименьшее. Ответ напишите в той форме, что и на диаграмме. * — к прочему относятся вода, витамины и минеральные вещества.",Нет,Да
vpr_sd_944668,math,7,"Прочтите текст. Площадь Каспийского моря меняется в зависимости от сезонности. Например, когда уровень водной поверхности находится на отметке 27 метров, то водоем занимает площадь в 370 тысяч квадратных километров. Это практически 45 % от объема пресноводных озер на Земле. Объём воды — 69 400 км³. Каспий также имеет неоднородную глубину. На севере максимальная глубина Каспийского моря лишь около ",Нет,Нет
vpr_sd_945525,math,7,Упростите выражение и найдите его значение при В ответе запишите найденное значение.,Нет,Нет
vpr_sd_944717,math,7,На клетчатой бумаге с размером клетки 1 х 1 изображена фигура. Найдите её площадь.,Нет,Да
vpr_sd_945477,math,7,В треугольнике два угла равны 43° и 88°. Найдите его третий угол. Ответ дайте в градусах.,Нет,Нет
vpr_sd_944676,math,7,"Прочтите текст. Мотоциклист начал движение в 15:00 и в 15:15 разогнался до 50 км/ч. За следующие 15 минут он разогнался еще на 20 км/ч, затем он полчаса двигался с постоянной скоростью, после чего его маршрут пошел в гору, из-за чего скорость начала падать, пока к 16:15 не достигла 40 км/ч. После чего дорога пошла под гору, и мотоциклист сумел разогнаться до 110 км/ч за следующие 15 минут. Далее т",Нет,Да
vpr_sd_944796,math,7,"Поезд, двигаясь равномерно со скоростью 141 км/ч, проезжает мимо идущего в том же направлении параллельно путям со скоростью 6 км/ч пешехода за 8 секунд. Найдите длину поезда в метрах.",Нет,Нет
vpr_sd_944666,math,7,"Прочтите текст. В 1654 г. Отто Герике в г. Магдебурге, чтобы доказать существование атмосферного давления, провёл такой опыт. Он выкачал воздух из полости между двумя металлическими полушариями, сложенными вместе. Давление атмосферы так сильно прижало полушария друг к другу, что их не могли разорвать восемь пар лошадей. Силу F (в ньютонах), сжимающую полушария, вычисляют по формуле F = P · S , где",Нет,Нет
vpr_sd_945736,math,7,"В таблице приведены расстояния от Солнца до четырёх планет Солнечной системы. Какая из этих планет ближе всех к Солнцу? Планета | Венера | Нептун | Уран | Юпитер // Расстояние (в км) | 1,082 · 10 8 | 4,497 · 10 9 | 2,871 · 10 9 | 7,781 · 10 8 1) Венера 2) Нептун 3) Уран 4) Юпитер",Нет,Нет
vpr_sd_945903,math,7,"При движении мотоцикл за три часа проходит путь, равный 180 км. С какой скоростью движется мотоцикл? В ответе единицы измерения писать не нужно.",Нет,Нет
vpr_sd_946065,math,7,"Цены на яблоки сначала выросли на 60%, а затем понизились на 20%. Сколько изначально стоили яблоки, если после понижения цен они стали стоить 128 руб?",Нет,Нет
vpr_sd_945351,math,7,"Книжное издательство за неделю напечатало 790 книг художественной литературы и 219 учебной. Выберите верные утверждения и запишите в ответе их номера. 1) Издательство напечатало художественных книг в 4 раза больше, чем учебных. 2) За неделю издательство напечатало более 1008 книг. 3) Большинство выпущенных за неделю книг составляет учебная литература. 4) За 2 недели, работая с той же производитель",Нет,Нет
vpr_sd_945286,math,7,"На диаграмме показано время, которые ребята тратят на дорогу от дома до школы. По вертикали указано время в минутах. Сколько в среднем тратят ребята на дорогу от дома до школы?",Нет,Да
vpr_sd_945114,math,7,"Упростите выражение и найдите его значение при a = −1,5. В ответе запишите найденное значение.",Нет,Нет
vpr_sd_944716,math,7,"На клетчатой бумаге с размером клетки 1 см x 1 см отмечены точки А , В и С . Найдите расстояние от точки А до прямой ВС . Ответ выразите в сантиметрах.",Нет,Нет
vpr_sd_944853,math,7,"В треугольнике ABC проведена биссектриса AL , угол ALC равен 121°, угол ABC равен 101°. Найдите угол ACB . Ответ дайте в градусах.",Нет,Нет
vpr_sd_944839,math,7,"Поезд, двигаясь равномерно со скоростью 75 км/ч, проезжает мимо пешехода, идущего параллельно путям со скоростью 3 км/ч навстречу поезду, за 30 секунд. Найдите длину поезда в метрах.",Нет,Нет
vpr_sd_944774,math,7,Найдите значение выражения Ответ округлите до десятых.,Нет,Нет
vpr_sd_946153,math,7,"Куриные яйца в зависимости от их массы подразделяют на пять категорий: высшая, отборная, первая, вторая и третья. Используя данные, представленные в таблице, определите, к какой категории относится яйцо, массой 35,5 г. Категория | Масса одного яйца, г // Высшая | 75,0 и выше // Отборная | 65,0 − 74,9 // Первая | 55,0 − 64,9 // Вторая | 45,0 — 54,9 // Третья | 35,0 — 44,9 В ответе укажите номер пра",Нет,Нет
vpr_sd_945894,math,7,"Самолет пролетел путь, равный 720 км, в течение часа. Какова скорость самолета (в м/с)? В ответе укажите число.",Нет,Нет
vpr_sd_945998,math,7,"Товар на распродаже уценили на 20%, при этом он стал стоить 680 р. Сколько стоил товар до распродажи?",Нет,Нет
vpr_sd_945330,math,7,"Во время диспансеризации в школе измерили рост учащихся. Оказалось, что рост каждого одиннадцатиклассника больше 180 см и меньше 195 см. Выберите утверждения, которые верны при указанных условиях, и запишите в ответе их номера без разделительных знаков. 1. В этой школе обязательно найдется одиннадцатиклассник ростом ровно 173 см. 2. Рост любого одиннадцатиклассника в этой школе меньше 195 см. 3. В",Нет,Нет
vpr_sd_945268,math,7,"В семье трое детей. Сын Артем составил диаграмму возрастов членов семьи. Определите по диаграмме, на сколько лет Артем старше своей младшей сестры. В ответе укажите число.",Нет,Да
vpr_sd_945589,math,7,Найдите корень уравнения,Нет,Нет
vpr_sd_945910,math,7,"На клетчатой бумаге с размером клетки 1 см × 1 см отмечены три точки: A , B и C . Найдите расстояние от точки A до прямой BC . В ответе укажите число.",Нет,Нет
vpr_sd_944845,math,7,"В треугольнике ABC проведена биссектриса AL, угол ALC равен 112°, угол ABC равен 106°. Найдите угол ACB. Ответ дайте в градусах.",Нет,Нет
vpr_sd_944833,math,7,"Два человека одновременно отправляются из одного и того же места по одной дороге на прогулку до опушки леса, находящейся в 4 км от места отправления. Один идёт со скоростью 2,7 км/ч, а другой — со скоростью 4,5 км/ч. Дойдя до опушки, второй с той же скоростью возвращается обратно. На каком расстоянии от точки отправления произойдёт их встреча?",Нет,Нет
vpr_sd_945730,math,7,"В таблице приведены расстояния от Солнца до четырёх планет Солнечной системы. Какая из этих планет дальше всех от Солнца? Планета | Юпитер | Меркурий | Сатурн | Венера // Расстояние (в км) | 7,781 · 10 8 | 5,79 · 10 7 | 1,427 · 10 9 | 1,082 · 10 8 1) Юпитер 2) Меркурий 3) Сатурн 4) Венера",Нет,Нет
vpr_sd_946054,math,7,"Бригада рабочих за первый день сделала 25% от запланированного количества деталей, а во второй день — 40% от оставшегося количества. Определите, сколько деталей запланировала сделать бригада рабочих, если во второй день они сделали 120 деталей. В ответ запишите только число.",Нет,Нет
vpr_sd_945363,math,7,"В классе учатся 7 девочек и 6 мальчиков. По результатам контрольной в классе получилось 1 двойку, 2 тройки, 7 четверок и 3 пятерки. Выберите верные утверждения и запишите в ответе их номера. 1) Четверки получили только мальчики. 2) Учеников, которые получили оценку ниже «4», столько же, сколько и человек, получивших «5». 3) Меньше всего в классе «2». 4) Вместе «4» и «5» в классе в 5 раз больше, че",Нет,Нет
vpr_sd_945294,math,7,"На диаграмме представлены данные о количестве посетителей литературного клуба за неделю. По вертикали указано количество посетителей. Насколько больше человек посетило клуб в будние дни, чем в выходные?",Нет,Да
vpr_sd_944657,math,7,"Прочтите текст. Кузнецкий угольный бассейн или сокращённо Кузбасс является одним из самых крупных угольных месторождений мира, расположен на юге Западной Сибири, в основном на территории Кемеровской области, в неглубокой котловине между горными массивами Кузнецкого Алатау, Горной Шории и невысоким Салаирским кряжем. Угольный бассейн расположен в зоне с резким континентальным климатом, который хара",Нет,Нет
vpr_sd_945547,math,7,Найдите значение выражения при,Нет,Нет
vpr_sd_945512,math,7,"На клетчатой бумаге с размером клетки 1 см x 1 см отмечены точки А , В и С . Найдите расстояние от точки А до середины отрезка ВС . Ответ выразите в сантиметрах. В ответ впишите только число.",Нет,Нет
vpr_sd_945476,math,7,В треугольнике два угла равны 36° и 73°. Найдите его третий угол. Ответ дайте в градусах.,Нет,Нет
vpr_sd_944684,math,7,"Прочтите текст. В 12:00 аэростат начал движение и к 12:30 достиг скорости в 50 миль в час. Затем встречный ветер начал снижать скорость дирижабля, и спустя час она была уже на 10 миль в час меньше той, что была достигнута за первые полчаса пути. После того, как ветер стих, воздушное судно начало снова ускоряться, и спустя полтора часа его скорость была 60 миль в час. До четырех часов дня дирижабль",Нет,Да
vpr_sd_944800,math,7,"Три бригады изготовили вместе 248 деталей. Известно, что вторая бригада изготовила деталей в 4 раза больше, чем первая, и на 5 деталей меньше, чем третья. На сколько деталей больше изготовила третья бригада, чем первая?",Нет,Нет
vpr_sd_945764,math,7,В таблице даны результаты олимпиад по русскому языку и биологии в 11 «А» классе. Номер ученика | Балл по русскому языку | Балл по биологии // 5005 | 30 | 83 // 5006 | 94 | 90 // 5011 | 61 | 87 // 5015 | 38 | 81 // 5018 | 72 | 55 // 5020 | 96 | 55 // 5025 | 41 | 76 // 5027 | 63 | 82 // 5029 | 99 | 58 // 5032 | 71 | 35 // 5041 | 38 | 97 // 5042 | 97 | 60 // 5043 | 67 | 60 // 5048 | 34 | 90 // 5054 |,Нет,Нет
vpr_sd_945896,math,7,"Трамвай движется со скоростью 20 м/с. Какое расстояние он пройдет за время, равное 20 с? Ответ дайте в километрах.",Нет,Нет
vpr_sd_946030,math,7,Первого апреля цену на набор елочных игрушек снизили на 10%. Первого мая цену на этот набор ещё раз снизили на 20%. После этого набор стал стоить 2880 рубля. Сколько стоил набор 31 марта? В ответ запишите только число.,Нет,Нет
vpr_sd_945242,math,7,"Завуч школы подвёл итоги контрольной работы по математике в 9-х классах. Результаты представлены на круговой диаграмме. Какое из утверждений относительно результатов контрольной работы неверно , если всего в школе 120 девятиклассников? 1) Более половины учащихся получили отметку «3». 2) Около четверти учащихся отсутствовали на контрольной работе или получили отметку «2». 3) Отметку «4» или «5» пол",Нет,Да
vpr_sd_944679,math,7,"Прочтите текст. Первые полчаса пути поезд разгонялся от 0 до 90 км/ч, затем следующие 15 минут он двигался с достигнутой скоростью. Когда дорога пошла в гору, его скорость начала снижаться и спустя полчаса достигла 40 км/ч, после чего начался спуск, в процессе которого скорость поезда увеличилась до 110 км/ч за 15 минут, затем дорога выровнялась, и поезд прошел этот участок пути с достигнутой скор",Нет,Да
vpr_sd_944835,math,7,"Первые 500 км автомобиль ехал со скоростью 100 км/ч, следующие 100 км — со скоростью 50 км/ч, а последние 165 км — со скоростью 55 км/ч. Найдите среднюю скорость автомобиля на протяжении всего пути.",Нет,Нет
vpr_sd_944760,math,7,Найдите значение выражения:,Нет,Нет
vpr_sd_945793,math,7,Студент Сидоров выезжает из Наро-Фоминска в Москву на занятия в университет. Занятия начинаются в 9:30. В таблице приведено расписание утренних электропоездов от станции Нара до Киевского вокзала в Москве. Отправление от ст. Нара | Прибытие на Киевский вокзал // 6:35 | 7:59 // 7:05 | 8:23 // 7:28 | 8:30 // 7:34 | 8:57 Путь от вокзала до университета занимает 35 минут. Укажите время отправления от ,Нет,Нет
vpr_sd_945902,math,7,"Морская водомерка может развивать скорость до 3,6 км/ч. Выразите эту скорость в метрах в секунду (м/с). В ответе укажите число.",Нет,Нет
vpr_sd_946042,math,7,"Путник собрался пройти 40 км. В первый день он прошел 25% от назначенного пути, а во второй день — на 20% меньше, чем в первый, определите, сколько процентов составляет оставшаяся часть пути от первоначальной. В ответ запишите только число.",Нет,Нет
vpr_sd_945333,math,7,"В ящике стола лежит 4 синих и 5 черных ручек. Выберите верные утверждения и запишите в ответе их номера. 1. Среди любых 4 ручек обязательно будет хотя бы одна синяя. 2. Если достать 3 ручки, то все они могут оказаться одного цвета. 3. Среди любых 7 ручек обязательно найдется 3 черных ручки. 4. Среди любых 6 ручек обязательно найдется 2 синих ручки.",Нет,Нет
vpr_sd_945293,math,7,На диаграмме представлены данные о количестве посетителей шахматного клуба за неделю. По вертикали указано количество посетителей. Сколько человек посетило клуб в будние дни?,Нет,Да
vpr_sd_944671,math,7,"Прочтите текст. Глубина океанов достигает нескольких километров. Поэтому на дне океана огромное давление. Давление равномерно увеличивается с глубиной и, например, на глубине 10 км составляет около 100 000 000 Па. Человек при специальной тренировке может без особых предохранительных средств погружаться на глубины, где давление воды около 800 кПа. На больших глубинах, если не принять специальных ме",Нет,Нет
vpr_sd_945108,math,7,Упростите выражение и найдите его значение при В ответе запишите найденное значение. |,Нет,Нет
vpr_sd_945411,math,7,"В треугольнике ABC известно, что AD — биссектриса. Найдите угол BAD . Ответ дайте в градусах.",Нет,Нет
vpr_sd_944805,math,7,"Поезд, двигаясь равномерно со скоростью 44 км/ч, проезжает мимо пешехода, идущего в том же направлении параллельно путям со скоростью 4 км/ч, за 81 секунду. Найдите длину поезда в метрах.",Нет,Нет
vpr_sd_945791,math,7,"Для квартиры площадью 75 кв. м заказан натяжной потолок белого цвета. Стоимость работ по установке натяжных потолков приведена в таблице. Цвет потолка | Цена в рублях за 1 м 2 (в зависмости от площали помещения) // | до 10 м 2 | от 11 до 30 м 2 | от 31 до 60 м 2 | свыше 60 м 2 // белый | 1200 | 1000 | 800 | 600 // цветной | 1350 | 1150 | 950 | 750 Какова стоимость заказа, если действует сезонная с",Нет,Нет
vpr_sd_945884,math,7,"Пешеход движется со скоростью 2,5 м/с. Какой путь он пройдет за 20 мин? Ответ дайте в километрах.",Нет,Нет
vpr_sd_946043,math,7,"Альпинист собрался взобраться на пик высотой 5000 м. В первый день он преодолел 30% маршрута, а во второй день — на 20% больше, чем в первый. Определите, какой процент от маршрута составляет пройденный путь от запланированного. В ответ запишите только число.",Нет,Нет
vpr_sd_945359,math,7,"В семье Таракановых 8 детей — 5 мальчиков и 3 девочки. На праздник им подарили 5 шоколадок, 12 конфет и 2 пирожных. Выберите верные утверждения и запишите в ответе их номера. 1) Каждый ребенок сможет получить по 3 подарка. 2) Если каждый мальчик получит по конфете, то каждая девочка сможет получить как минимум по 2 конфеты. 3) Дети получили не меньше 6 шоколадок. 4) Каждый мальчик сможет получить ",Нет,Нет
vpr_sd_945207,math,7,"На диаграмме показано содержание питательных веществ в какао, молочном шоколаде, фасоли и сливочных сухарях. Определите по диаграмме, в каком продукте содержание углеводов наибольшее. Ответ напишите в именительном падеже. * — к прочему относятся вода, витамины и минеральные вещества.",Нет,Да
vpr_sd_945521,math,7,"Найдите значение выражения при b = 2,6.",Нет,Нет
vpr_sd_944820,math,7,"Дима и Саша выполняют одинаковый тест. Дима отвечает за час на 12 вопросов теста, а Саша — на 22. Они одновременно начали отвечать на вопросы теста, и Дима закончил свой тест позже Саши на 75 минут. Сколько вопросов содержит тест?",Нет,Нет
vpr_sd_945774,math,7,"В таблице приведены расстояния от Солнца до четырёх планет Солнечной системы. Какая из этих планет ближе всех к Солнцу? Планета | Юпитер | Марс | Сатурн | Нептун // Расстояние (в км) | 7,781 · 10 8 | 2,280 · 10 8 | 1,427 · 10 9 | 4,497 · 10 9 1) Юпитер 2) Марс 3) Сатурн 4) Нептун",Нет,Нет
vpr_sd_945899,math,7,"Грузовой лифт движется со скоростью 2,5 м/с. За какое время лифт переместится на расстояние 50 м? Ответ дайте в секундах.",Нет,Нет
vpr_sd_946053,math,7,"Петр собрался в путешествие на велосипеде. В первый день он проехал 20% от всего пути, а во второй — на 15% меньше, чем в первый день. Определите, сколько осталось проехать Петру, если длина его маршрута составляет 720 км. В ответ запишите только число.",Нет,Нет
vpr_sd_945356,math,7,"В зоопарке 7 слонов, весящих 3 тонны, 3 слона, весящих 4 тонны, 4 слона, весящих 1 тонну, и 1 слон, весящий 5 тонн. Выберите верные утверждения и запишите в ответе их номера. 1) Если измерить общую массу всех слонов по 4 тонны, слона по 5 тонн, 4 слона массой в 1 тонну и общую массу всех слонов по 3 тонны, то измерительные приборы покажут одинаковое значение. 2) Если каждый слон может везти на себ",Нет,Нет
vpr_sd_945235,math,7,"Учитель математики подвел итоги контрольной работы по алгебре среди учащихся 9-х классов. Результаты представлены на диаграмме. Сколько примерно учащихся получили отметку «4» и «5», если всего в этих классах учатся 200 учащихся? В ответе укажите номер правильного варианта. 1) 120 2) 50 3) 60 4) 140",Нет,Да
vpr_sd_945435,math,7,"В треугольнике ABC проведена биссектриса AL, угол ALC равен 58°, угол ABC равен 31°. Найдите угол ACB. Ответ дайте в градусах.",Нет,Нет
vpr_sd_944678,math,7,"Прочтите текст. Моторная лодка в 11:00 отошла от причала с начальной скоростью 7 миль/ч и к 12:00 достигла скорости в 9 миль/ч. Затем встречное течение начало снижать скорость лодки, и спустя час она была уже на 2 мили/ч меньше той, что была достигнута за первый час пути. После того, как рулевой сумел подобрать правильный курс, лодка начала снова разгоняться, и спустя полтора часа ее скорость была",Нет,Да
vpr_sd_944753,math,7,"Найдите значение выражения 6,4 − 7 · (−3,3).",Нет,Нет
vpr_sd_946172,math,7,"В таблице приведены нормативы по прыжкам с места для учеников 11 класса. | Мальчики | Девочки // Отметка | «5» | «4» | «3» | «5» | «4» | «3» // Расстояние, см | 230 | 220 | 200 | 185 | 170 | 155 Какую оценку получит девочка, прыгнувшая на 167 см? Ответ укажите цифрой.",Нет,Нет
vpr_sd_945898,math,7,Велосипедист движется со скоростью 18 км/ч. Какой путь он проедет за 10 мин? Ответ дайте в метрах.,Нет,Нет
vpr_sd_946058,math,7,"Мотоцикл стоил 56000 руб. Сначала цену повысили на 24%, а затем еще на 30%. Определите, сколько стал стоить мотоцикл после второго повышения цены. В ответ запишите только число.",Нет,Нет
vpr_sd_945331,math,7,"В ящике лежит 5 левых и 5 правых перчаток. Выберите утверждения, которые верны при указанных условиях, и запишите в ответе их номера без пробелов, запятых или других дополнительных символов. 1. Если достать 4 перчатки, то среди них обязательно будет правая перчатка. 2. Если достать 6 перчаток, то среди них будет правая перчатка. 3. Если достать 3 перчатки, то среди них обязательно найдется пара — ",Нет,Нет
vpr_sd_944726,math,7,"На клетчатой бумаге с размером клетки 1см x 1см отмечены точки А , В и С . Найдите расстояние от точки А до середины отрезка ВС . Ответ выразите в сантиметрах.",Нет,Нет
vpr_sd_945437,math,7,"В треугольнике ABC проведена биссектриса AL, угол ALC равен 78°, угол ABC равен 52°. Найдите угол ACB. Ответ дайте в градусах.",Нет,Нет
vpr_sd_944825,math,7,"Расстояние между городами A и B равно 750 км. Из города A в город B со скоростью 50 км/ч выехал первый автомобиль, а через три часа после этого навстречу ему из города B выехал со скоростью 70 км/ч второй автомобиль. На каком расстоянии от города A автомобили встретятся?",Нет,Нет
vpr_sd_945756,math,7,В таблице даны результаты олимпиад по физике и обществознанию в 11 «А» классе. Номер ученика | Балл по физике | Балл по обществознанию // 5005 | 42 | 78 // 5006 | 88 | 41 // 5011 | 90 | 51 // 5015 | 79 | 79 // 5018 | 41 | 47 // 5020 | 66 | 78 // 5025 | 44 | 80 // 5027 | 73 | 69 // 5029 | 30 | 95 // 5032 | 92 | 40 // 5041 | 51 | 83 // 5042 | 69 | 87 // 5043 | 68 | 48 // 5048 | 86 | 59 // 5054 | 77 ,Нет,Нет
vpr_sd_945366,math,7,"Фермерское хозяйство поставило на рынок 14 тонн брусники, 12 тонн черники, 15 тонн огурцов и 13 тонн морковки. Выберите верные утверждения и запишите в ответе их номера без пробелов, запятых или других дополнительных символов. 1) Фермерское хозяйство поставило на 2 тонны овощей больше, чем ягод. 2) Меньше всего фермерское хозяйство поставило морковки. 3) Хозяйство поставило на рынок не больше 26 т",Нет,Нет
vpr_sd_945292,math,7,На диаграмме представлены данные о количестве посетителей шашечного клуба за неделю. По вертикали указано количество посетителей. Сколько человек посетило клуб с четверга по субботу?,Нет,Да
vpr_sd_945501,math,7,"На клетчатой бумаге с размером клетки 1 × 1 изображён треугольник ABC . Найдите длину его высоты, опущенной на сторону AC .",Нет,Да
vpr_sd_944683,math,7,"Прочтите текст. К трём часам дня 27 июня воздух прогрелся до +30°С, а затем температура начала быстро снижаться и за три часа опустилась на 15 градусов. Повеяло вечерней прохладой. Температура опускалась всё медленнее, и к девяти часам вечера воздух остыл до 12°. К полуночи неожиданно потеплело на 6 градусов, но ветер снова сменил направление, и к 3 часам ночи температура воздуха опустилась до 15 ",Нет,Да
vpr_sd_944843,math,7,"Костя и Руслан выполняют одинаковый тест. Костя отвечает за час на 19 вопросов теста, а Руслан — на 20. Они одновременно начали отвечать на вопросы теста, и Костя закончил свой тест позже Руслана на 9 минут. Сколько вопросов содержит тест?",Нет,Нет
vpr_sd_945729,math,7,"В таблице представлены цены (в рублях) на некоторые товары в трёх магазинах. Магазин | Консервированый горошек (за банку) | Домашний творог (за кг) | Сыр (за кг) // «Караван» | 36 | 1000 | 256 // «Народный» | 30 | 930 | 258 // «Камея» | 32 | 950 | 260 Лидия Михайловна хочет купить 3 банки консервированного горошка, 1 кг домашнего творога и 0,5 кг сыра. В каком магазине стоимость такой покупки буде",Нет,Нет
vpr_sd_945895,math,7,"Какое расстояние пробегает серая лисица за время, равное 20 мин, если ее скорость равна 15 м/с? Ответ дайте в километрах.",Нет,Нет
vpr_sd_945354,math,7,"На парковке стоят 52 мотоцикла, 86 легковых автомобиля и 33 микроавтобусов. Выберите верные утверждения и запишите в ответе их номера. 1) На парковке расположилось не менее 171 единиц транспорта. 2) Большую часть парковочных мест занимают легковые автомобили. 3) Мотоциклов и микроавтобусов столько же, сколько и легковых автомобилей. 4) Микроавтобусов на парковке не менее 34. Ответ введите без проб",Нет,Нет
vpr_sd_945915,math,7,"На диаграмме показано содержание питательных веществ в овсяном печенье. *К прочему относятся вода, витамины и минеральные вещества. Определите по диаграмме, сколько примерно жиров содержится в 100 г овсяного печенья. В ответе запишите целое число.",Нет,Да
vpr_sd_944663,math,7,"Прочтите текст. Переплата по кредиту — это сумма, которую выплачивают банку сверх того, что было получено в кредит. Например, пусть клиент обращается к банку за кредитом в 100 тысяч рублей на два месяца, и за пользование деньгами в течение этого срока должен будет уплатить 10 тысяч рублей. Если стоимость рассмотрения кредитной заявки 500 рублей, а за обслуживание счета банк берет 250 рублей в меся",Нет,Нет
vpr_sd_945563,math,7,Упростите выражение и найдите его значение при a = −1. В ответ запишите полученное число.,Нет,Нет
vpr_sd_944691,math,7,"Прочтите текст. Первые полчаса пути поезд разгонялся до 80 км/ч, затем следующий час он двигался с достигнутой скоростью. Когда дорога пошла в гору, его скорость начала снижаться, и спустя час достигла 50 км/ч, после чего начался спуск, в процессе которого скорость поезда увеличилась до 90 км/ч за полчаса, затем дорога выровнялась, и поезд прошел этот участок пути с достигнутой скоростью за час. С",Нет,Да
vpr_sd_944802,math,7,"Два бегуна одновременно стартовали в одном направлении из одного и того же места круговой трассы в беге на несколько кругов. Спустя один час, когда одному из них оставался 1 км до окончания первого круга, ему сообщили, что второй бегун прошёл первый круг 15 минут назад. Найдите скорость первого бегуна, если известно, что она на 6 км/ч меньше скорости второго.",Нет,Нет
vpr_sd_945881,math,7,"Какое расстояние пробегает страус за 3 минуты, если его скорость равна 72 км/ч? Ответ запишите в метрах.",Нет,Нет
vpr_sd_945349,math,7,"У Саурона было несколько колец. Три кольца он дал эльфам — для добра их гордого, семь колец он дал пещерным гномам — для труда их горного, девять колец дал он людям Средиземья — для служенья черного и бесстрашия в сражениях смертоносно твердого, а одно — всесильное, он оставил себе, Властелину Мордора. Выберите верные утверждения и запишите в ответе их номера без пробелов, запятых или других допол",Нет,Нет
vpr_sd_945094,math,7,"Отрезки AB и DC лежат на параллельных прямых, а отрезки AC и BD пересекаются в точке M . Найдите MC , если AB = 10, DC = 25, AC = 56.",Нет,Нет
vpr_sd_944677,math,7,"Прочтите текст. Самолет оторвался от земли и начал набирать скорость. Первые 200 км он сумел разогнаться до 650 км/ч. После чего двигался с достигнутой скоростью следующие 100 км. Затем пилот получил приказ пропустить более крупный самолет, поэтому следующие 50 км его скорость снижалась до 450 км/ч, после чего он летел с той же скоростью еще 100 км. Когда самолет прошел мимо, пилот начал набирать ",Нет,Нет
vpr_sd_944824,math,7,"Два оператора, работая вместе, могут набрать текст газеты объявлений за 8 ч. Если первый оператор будет работать 3 ч, а второй 12 ч, то они выполнят только 75% всей работы. За какое время может набрать весь текст каждый оператор, работая отдельно?",Нет,Нет
vpr_sd_945752,math,7,В таблице даны результаты олимпиад по математике и биологии в 10 «А» классе. Номер ученика | Балл по математике | Балл по биологии // 5005 | 69 | 30 // 5006 | 72 | 71 // 5011 | 32 | 95 // 5015 | 39 | 82 // 5018 | 58 | 52 // 5020 | 31 | 65 // 5025 | 87 | 76 // 5027 | 87 | 73 // 5029 | 84 | 32 // 5032 | 67 | 85 // 5041 | 72 | 86 // 5042 | 69 | 83 // 5043 | 46 | 34 // 5048 | 71 | 49 // 5054 | 49 | 51,Нет,Нет
vpr_sd_945981,math,7,"Кисть, которая стоила 240 рублей, продаётся с 25%-й скидкой. При покупке двух таких кистей покупатель отдал кассиру 500 рублей. Сколько рублей сдачи он должен получить?",Нет,Нет
vpr_sd_945325,math,7,"В ящике лежит 9 левых и 9 правых перчаток. Выберите утверждения, которые верны при указанных условиях, и запишите в ответе их номера без разделительных знаков. 1. Если достать 11 перчаток, то среди них обязательно окажется 2 пары. 2. Если достать 8 перчаток, то среди них обязательно будет правая перчатка. 3. Если достать 10 перчаток, то среди них обязательно будет левая перчатка. 4. Если достать 3",Нет,Нет
vpr_sd_945285,math,7,"На диаграмме показано время, которые ребята тратят на дорогу от дома до школы. По вертикали указано время в минутах. Сколько ребят тратят на дорогу от 14 до 24 минут?",Нет,Да
vpr_sd_945508,math,7,"На клетчатой бумаге с размером клетки 1 см × 1 см отмечены точки А , В и С . Найдите расстояние от точки А до прямой BC . Ответ выразите в сантиметрах.",Нет,Нет
vpr_sd_945418,math,7,В треугольнике два угла равны 48° и 65°. Найдите его третий угол. Ответ дайте в градусах.,Нет,Нет
vpr_sd_944695,math,7,"Прочтите текст. Утром 18 сентября, в 10:00, метеостанция зафиксировала температуру воздуха +14°С. Спустя два часа синоптики обнаружили, что температура резко упала до +8°С, а по прошествии еще двух часов, столбик термометра показывал уже +5°С, после чего воздух начал прогреваться, и уже к 16:00 температура достигла 10°С. Время неумолимо шло к вечеру, и температура в 18:00 упала до +9°С, а в 20:00 ",Нет,Да
vpr_sd_944836,math,7,"По двум параллельным железнодорожным путям в одном направлении следуют товарный и пассажирский поезда, скорости которых равны соответственно 40 км/ч и 60 км/ч. Длина товарного поезда равна 1600 метрам. Найдите длину пассажирского поезда, если время, за которое он прошёл мимо товарного поезда, равно 6 минутам.",Нет,Нет
vpr_sd_945668,math,7,"В таблице приведены нормативы по прыжкам в длину с места для 11 класса. | Мальчики | Мальчики | Мальчики | Девочки | Девочки | Девочки // Отметка | «3» | «4» | «5» | «3» | «4» | «5» // Дальность (в см) | 200 | 220 | 230 | 155 | 170 | 185 Какую отметку получит мальчик, прыгнувший на 215 см? В ответе укажите номер правильного варианта. 1) неудовлетворительно 2) «3» 3) «4» 4) «5»",Нет,Нет
vpr_sd_945968,math,7,"Товар на распродаже уценили на 20%, при этом он стал стоить 520 р. Сколько рублей стоил товар до распродажи?",Нет,Нет
vpr_sd_945341,math,7,"Завод за месяц выпустил 350 стиральных машин, 475 пылесосов и 830 утюгов. Выберите верные утверждения и запишите в ответе их номера. 1) В течение месяца завод преимущественно выпускал утюги. 2) Стиральных машин и пылесосов в сумме завод выпустил больше, чем утюгов. 3) За месяц завод выпустил не более 1660 бытовых приборов. 4) Меньше всего завод выпустил пылесосов.",Нет,Нет
vpr_sd_944851,math,7,"В треугольнике ABC проведена биссектриса AL, угол ALC равен 62°, угол ABC равен 47°. Найдите угол ACB. Ответ дайте в градусах.",Нет,Нет
vpr_sd_944819,math,7,"Три бригады изготовили вместе 266 деталей. Известно, что вторая бригада изготовила деталей в 4 раза больше, чем первая, и на 5 деталей меньше, чем третья. На сколько деталей больше изготовила третья бригада, чем первая.",Нет,Нет
vpr_sd_945100,math,7,"Упростите выражение и найдите его значение при c = 0,5. В ответе запишите найденное значение.",Нет,Нет
vpr_sd_945829,math,7,Вычислите: (ответ запишите в виде дроби) Ответ:,Нет,Нет
vpr_sd_945664,math,7,"В таблице представлены нормативы по технике чтения в третьем классе. Отметка | Количество прочитанных слов в минуту // I и II четверти | III и IV четверти // «2» | 59 и менее | 69 и менее // «3» | 60 — 69 | 70 − 79 // «4» | 70 — 79 | 80 — 89 // «5» | 80 и более | 90 и более Какую отметку получит третьеклассник, прочитавший в ноябре 82 слова за минуту? В ответе укажите номер правильного варианта. 1",Нет,Нет
vpr_sd_945890,math,7,"Поезд движется со скоростью 15 м/с. Какое расстояние он пройдет за время, равное 30 с? Ответ дайте в километрах.",Нет,Нет
vpr_sd_945995,math,7,"Городской бюджет составляет 45 млн. р., а расходы на одну из его статей составили 12,5%. Сколько рублей потрачено на эту статью бюджета?",Нет,Нет
vpr_sd_945352,math,7,"На витрине канцелярского магазина лежит 23 простых карандаша, 17 шариковых ручек, 20 линеек. Выберите верные утверждения и запишите в ответе их номера. 1) Простых карандашей и ручек вместе в 2 раза больше, чем линеек. 2) Класс, состоящий из 15 ребят, смог приобрести набор из каждого предложенного в магазине товара. 3) В магазине продается не больше 19 линеек.* 4) Большую часть от предложенного асс",Нет,Нет
vpr_sd_945280,math,7,На диаграмме показано время выполнения домашней работы учеником 6 класса. По вертикали указано время в минутах. Сколько минут в среднем он тратит на выполнение домашнего задания по математике и истории вместе?,Нет,Да
vpr_sd_944719,math,7,"Из точки А (4, −2) опущен перпендикуляр на ось абсцисс. Найдите абсциссу основания перпендикуляра.",Нет,Нет
vpr_sd_944855,math,7,"В треугольнике ABC проведена биссектриса AL, угол ALC равен 138°, угол ABC равен 131°. Найдите угол ACB. Ответ дайте в градусах.",Нет,Нет
vpr_sd_944686,math,7,"Прочтите текст. Велосипедист начал движение в 14:00 и в 14:15 разогнался до 20 км/ч. За следующие 15 минут он разогнался еще на 5 км/ч, затем еще четверть часа он двигался с постоянной скоростью, после чего его маршрут пошел в гору, из-за чего скорость начала падать, пока к 15:00 не упала до 10 км/ч. После чего дорога пошла под гору, и велосипедист сумел разогнаться до 30 км/ч за следующие 15 мину",Нет,Да
vpr_sd_945679,math,7,"В таблице даны рекомендуемые суточные нормы потребления (в г/сутки) жиров, белков и углеводов детьми от 1 года до 14 лет и взрослыми. Вещество | Дети от 1 года до 14 лет | Мужчины | Женщины // Жиры | 40 − 97 | 70 − 154 | 60 − 102 // Белки | 36 − 87 | 65 − 117 | 58 − 87 // Углеводы | 170 − 420 | 257 − 586 Какой вывод о суточном потреблении жиров женщиной можно сделать, если по подсчётам диетолога в",Нет,Нет
vpr_sd_945324,math,7,"В ящике лежит 6 левых и 6 правых перчаток. Выберите утверждения, которые верны при указанных условиях, и запишите в ответе их номера. 1. Если достать 5 перчаток, то среди них обязательно будет правая перчатка. 2. Если достать 7 перчаток, то среди них обязательно будет правая перчатка. 3. Если достать 3 перчатки, то среди них обязательно найдется пара — правая и левая. 4. Если достать 9 перчаток, т",Нет,Нет
vpr_sd_945223,math,7,"На диаграмме показано содержание питательных веществ в какао, молочном шоколаде, фасоли и сушёных белых грибах. Определите по диаграмме, в каком продукте содержание жиров находится в пределах от 15% до 25%. Ответ напишите в именительном падеже. *К прочему относятся вода, витамины и минеральные вещества.",Нет,Да
vpr_sd_945601,math,7,"Решите уравнение Если корней несколько, запишите их в ответ без пробелов в порядке возрастания.",Нет,Нет
vpr_sd_945442,math,7,"В треугольнике ABC проведена биссектриса AL, угол ALC равен 41°, угол ABC равен 26°. Найдите угол ACB. Ответ дайте в градусах.",Нет,Нет
vpr_sd_944680,math,7,"Прочтите текст. Гигантский звездный крейсер класса «Разрушитель» начал свое движение от Сатурна с начальной скоростью 2 парсеков в неделю. За первые 10 пк он разогнался до 4 парсеков в неделю, после чего он попал в пояс астероидов, и за следующие 15 пк его скорость опустилась до 1 пк в неделю. Пройдя этот сложный участок, корабль начал разгоняться, и за 5 пк он разогнался до 7 парсеков в неделю, а",Нет,Да
vpr_sd_944822,math,7,"Две трубы наполняют бассейн за 6 часов 18 минут, а одна первая труба наполняет бассейн за 9 часов. За сколько часов наполняет бассейн одна вторая труба?",Нет,Нет
vpr_sd_945960,math,7,"В начале года число абонентов телефонной компании «Запад» составляло 400 тыс. чел., а в конце года их стало 500 тыс. чел. На сколько процентов увеличилось за год число абонентов этой компании?",Нет,Нет
vpr_sd_945327,math,7,"Кондитер испек 45 рогаликов. Известно, что 10 рогаликов он полил глазурью и 15 рогаликов посыпал сахарной пудрой. Некоторые рогалики могут быть одновременно и с глазурью, и с сахарной пудрой. Выберите утверждения, которые верны при указанных условиях без пробелов, запятых или других дополнительных символов. 1. Рогаликов, на которых есть и глазурь, и сахарная пудра, не может оказаться меньше 14. 2.",Нет,Нет
vpr_sd_945275,math,7,"На диаграмме показано, сколько посетителей было в краеведческом музее в течение недели. Сколько детей побывало в музее в субботу и воскресенье в сумме?",Нет,Да
vpr_sd_944834,math,7,"Первые 300 км автомобиль ехал со скоростью 60 км/ч, следующие 300 км — со скоростью 100 км/ч, а последние 300 км — со скоростью 75 км/ч. Найдите среднюю скорость автомобиля на протяжении всего пути.",Нет,Нет
vpr_sd_945954,math,7,"В городе 70 000 жителей, причем 39% — это пенсионеры. Сколько примерно человек составляет эта категория жителей? Ответ округлите до тысяч.",Нет,Нет
vpr_sd_945992,math,7,Акции предприятия распределены между государством и частными лицами в отношении 3:5. Общая прибыль предприятия после уплаты налогов за год составила 32 млн. р. Какая сумма из этой прибыли должна пойти на выплату частным акционерам? Ответ укажите в рублях.,Нет,Нет
vpr_sd_946071,math,7,"Велосипед стоил 7500 руб. Сначала цену снизили на 15%, а потом эту сниженную цену повысили на 15%. Сколько стал стоить велосипед после повышения цены? Запишите решение и ответ.",Нет,Нет
vpr_sd_946003,math,7,"Блюдце, которое стоило 40 рублей, продаётся с 10%-й скидкой. При покупке 10 таких блюдец покупатель отдал кассиру 500 рублей. Сколько рублей сдачи он должен получить?",Нет,Нет
vpr_sd_945510,math,7,"На клетчатой бумаге с размером клетки 1 см × 1 см отмечены точки A , B и C . Найдите расстояние от точки A до середины отрезка BC . Ответ выразите в сантиметрах.",Нет,Нет
vpr_sd_945103,math,7,"Упростите выражение и найдите его значение при c = −1,5. В ответе запишите найденное значение.",Нет,Нет
vpr_sd_945755,math,7,"В таблице приведены расстояния от Солнца до четырёх планет Солнечной системы. Какая из этих планет ближе всех к Солнцу? Планета | Венера | Марс | Сатурн | Юпитер // Расстояние (в км) | 1,082 · 10 8 | 2,28 · 10 8 | 1,427 · 10 9 | 7,781 · 10 8 1) Венера 2) Марс 3) Сатурн 4) Юпитер",Нет,Нет
vpr_sd_945950,math,7,"Средний вес мальчиков того же возраста, что и Толя, равен 56 кг. Вес Толи составляет 140 % от среднего веса. Сколько килограммов весит Толя?",Нет,Нет
vpr_sd_945345,math,7,"К празднику бабушка напекла 12 пирожков с рыбой, 17 с мясом, 14 с картошкой и грибами. Выберите верные утверждения и запишите в ответе их номера без пробелов, запятых или других дополнительных символов. 1) Бабушка испекла не менее 44 пирожков. 2) Больше всего получилось пирожков с картошкой и грибами. 3) Меньше всего бабушка напекла пирожков с рыбой. 4) Если к бабушке пришли в гости 6 человек, то ",Нет,Нет
vpr_sd_945278,math,7,"На диаграмме показаны результаты опроса. Сколько людей затруднилось ответить, если известно, что было опрошено 100 человек?",Нет,Да
vpr_sd_945560,math,7,"Упростите выражение найдите его значение при c = 0,5. В ответ запишите полученное число.",Нет,Нет
vpr_sd_946140,math,7,"В таблице приведены нормативы по бегу на 30 метров для учащихся 9-х классов. | Мальчики | Девочки // Отметка | «5» | «4» | «3» | «5» | «4» | «3» // Время, секунды | 4,6 | 4,9 | 5,3 | 5,0 | 5,5 | 5,9 Какую отметку получит девочка, пробежавшая эту дистанцию за 5,92 секунды? В ответе укажите номер правильного варианта. 1) Отметка «5». 2) Отметка «4». 3) Отметка «3». 4) Норматив не выполнен.",Нет,Нет
vpr_sd_945913,math,7,"Ежемесячная плата за телефон составляет 280 рублей в месяц. Сколько рублей составит ежемесячная плата за телефон, если она вырастет на 5%?",Нет,Нет
vpr_sd_945358,math,7,"В семье Степановых 7 детей — 3 мальчика и 4 девочки. На праздник им на всех подарили 6 апельсинов, 3 яблока и 5 лимонов. Выберите верные утверждения и запишите в ответе их номера без пробелов, запятых или других дополнительных символов. 1) Если каждый мальчик получит по яблоку, то хотя бы одна девочка сможет тоже получить яблоко. 2) Каждый ребенок сможет получить по 2 подарка. 3) Меньше всего дети",Нет,Нет
vpr_sd_945546,math,7,Найдите значение выражения если,Нет,Нет
vpr_sd_945095,math,7,"Отрезки AB и DC лежат на параллельных прямых, а отрезки AC и BD пересекаются в точке M . Найдите MC , если AB = 13, DC = 65, AC = 42.",Нет,Нет
vpr_sd_944807,math,7,"Игорь и Паша красят забор за 18 часов. Паша и Володя красят этот же забор за 20 часов, а Володя и Игорь — за 30 часов. За сколько минут мальчики покрасят забор, работая втроём?",Нет,Нет
vpr_sd_945250,math,8,Отметьте на координатной прямой числа и,Нет,Нет
vpr_sd_946150,math,8,Упростите выражение и найдите его значение при В ответ запишите полученное число.,Нет,Нет
vpr_sd_946128,math,8,Найдите значение выражения при,Нет,Нет
vpr_sd_946124,math,8,"Найдите значение выражения при a = −74, x = −10.",Нет,Нет
vpr_sd_945992,math,8,Найдите значение выражения,Нет,Нет
vpr_sd_946016,math,8,Найдите корень уравнения,Нет,Нет
vpr_sd_945396,math,8,На пост председателя школьного совета претендовали два кандидата. В голосовании приняли участие 189 человек. Голоса между кандидатами распределились в отношении 2:7. Сколько голосов получил победитель?,Нет,Нет
vpr_sd_945204,math,8,"Агроном Фёдор Михалыч каждый понедельник осуществляет замер температуры почвы для определения наиболее благоприятных условий для посадки картофеля. Известно, что идеальные условия для посадки клубней — это температура почвы — 7−8 градусов Цельсия. Определите по графику, когда нужно сажать картофель. Чем можно объяснить повышение температуры в течение месяца? Что может навредить урожаю?",Нет,Нет
vpr_sd_945933,math,8,"В трёх салонах сотовой связи один и тот же смартфон продаётся в кредит на разных условиях. Условия приведены в таблице. Салон | Стоимость смартфона (руб.) | Первоначальный взнос (в % от стоимости) | Срок кредита (мес.) | Сумма ежемесячного платежа (руб.) // Эпсилон | 19 200 | 25 | 6 | 2780 // Дельта | 20 700 | 30 | 12 | 1300 // Омикрон | 21 100 | 5 | 12 | 1700 Определите, в каком из салонов покупк",Нет,Нет
vpr_sd_945791,math,8,Укажите номер верного утверждения. 1) Окружность имеет бесконечно много центров симметрии. 2) Прямая не имеет осей симметрии. 3) Правильный пятиугольник имеет пять осей симметрии. 4) Квадрат не имеет центра симметрии.,Нет,Нет
vpr_sd_945384,math,8,"Площадь земель фермерского хозяйства, отведённых под посадку сельскохозяйственных культур, составляет 42 гектара и распределена между зерновыми и техническими культурами в отношении 3 : 4 соответственно. Сколько гектаров занимают технические культуры?",Нет,Нет
vpr_sd_945889,math,8,"Потребление электроэнергии измеряется в киловатт-часах (кВт · ч). Жирными точками показано потребление электроэнергии в некоторой стране в течение 2016 года в миллиардах кВт · ч. Для наглядности точки соединены линиями. Данные округлены до 5 млрд кВт · ч. На диаграмме видно, что потребление электроэнергии в середине года существенно ниже, чем в начале и конце года. Чем это можно объяснить? Можно л",Нет,Нет
vpr_sd_945940,math,8,"В трёх салонах сотовой связи один и тот же телефон продаётся в кредит на разных условиях. Условия даны в таблице. Салон | Цена телефона (руб.) | Первоначальный взнос (в % от цены) | Срок кредита (мес.) | Сумма ежемесячного платежа (руб.) // Эпсилон | 15 400 | 25 | 12 | 1390 // Дельта | 16 200 | 5 | 6 | 3240 // Омикрон | 16 000 | 25 | 12 | 1350 Определите, в каком из салонов покупка обойдётся дешев",Нет,Нет
vpr_sd_945783,math,8,"Какие из данных утверждений верны? Запишите их номера. 1) Через точку, не лежащую на данной прямой, можно провести прямую, перпендикулярную этой прямой. 2) Треугольник со сторонами 1, 2, 4 существует. 3) Сумма квадратов диагоналей прямоугольника равна сумме кубов всех его сторон. 4) Если расстояние от точки до прямой меньше 1, то и длина любой наклонной, проведенной из данной точки к прямой, меньш",Нет,Нет
vpr_sd_945229,math,8,"В парке отдыха создали бассейн для большого и глубокого пруда, задумав его в форме идеального круга, радиус которого равен 1 км. Залив фундамент водой и создав все необходимые условия для создания микрофлоры, ответственные за проект затеяли разместить на нем две лодочные станции, чтобы все желающие могли насладиться прогулками по воде. Их решили расположить в диаметрально противоположных точках. К",Нет,Нет
vpr_sd_945322,math,8,"Конструкторы горки на детской площадке получали слишком много жалоб на горку DCB . Её называли слишком экстремальной для детей и не раз просили сделать последнюю поменьше, сделав наклон не настолько крутым. Известно так же, что горка выполнена в виде прямоугольного треугольника, его гипотенуза равна 7 м. Более того, конструкторы уже составили план по уменьшению горки: согласно их расчётам, при уме",Нет,Нет
vpr_sd_945810,math,8,"Отрезки AB и CD — диаметры окружности с центром O . Найдите периметр треугольника AOD , если известно, что CB = 13 см, AB = 16 см.",Нет,Нет
vpr_sd_945835,math,8,"Прямая AD , перпендикулярная медиане ВМ треугольника АВС , делит угол ВАС пополам. Найдите сторону АС , если сторона АВ равна 3.",Нет,Нет
vpr_sd_945800,math,8,"В равнобедренной трапеции основания равны 12 и 27, острый угол равен Найдите ее периметр.",Нет,Нет
vpr_sd_945842,math,8,В треугольнике АВС углы А и С равны 20° и 60° соответственно. Найдите угол между высотой ВН и биссектрисой BD угла ABC .,Нет,Нет
vpr_sd_946108,math,8,"В прямоугольном треугольнике ABC с гипотенузой AB провели высоту CD и биссектрису CL . Найдите угол DCL , если угол CAB равен 25°. Запишите решение и ответ.",Нет,Нет
vpr_sd_945398,math,8,"В школе французский язык изучают 162 учащихся, что составляет 18 % от числа всех учащихся школы. Сколько учащихся в школе?",Нет,Нет
vpr_sd_945399,math,8,"Магазин делает пенсионерам скидку. Десяток яиц стоит в магазине 40 рублей, а пенсионер заплатил за них 35 рублей 60 копеек. Сколько процентов составила скидка для пенсионера?",Нет,Нет
vpr_sd_945336,math,8,"На координатной прямой отмечены числа a , b и c . Отметьте на прямой какую-нибудь точку x так, чтобы при этом выполнялись четыре условия: и",Нет,Нет
vpr_sd_945263,math,8,На координатной прямой отмечены числа x и y . Отметьте на прямой точку,Нет,Нет
vpr_sd_946053,math,8,"На рисунке изображён график прямой. Напишите формулу, которая задаёт эту прямую.",Нет,Нет
vpr_sd_946067,math,8,"На рисунке изображён график линейной функции. Напишите формулу, которая задаёт эту линейную функцию.",Нет,Нет
vpr_sd_946139,math,8,Упростите выражение и найдите его значение при В ответе запишите найденное значение.,Нет,Нет
vpr_sd_945852,math,8,"Первый рабочий за час делает на 5 деталей больше, чем второй, и выполняет заказ, состоящий из 180 деталей, на 3 часа быстрее, чем второй рабочий, выполняющий такой же заказ. Сколько деталей в час делает второй рабочий?",Нет,Нет
vpr_sd_945252,math,8,"У Лены три набора, в каждом из которых одинаковое количество ручек (больше 1). У Юли несколько (больше 1) наборов ручек, по 5 штук в каждом. Можно ли разложить все ручки Юли и Лены в k наборов по k ручек в каждом ( k > 3)?",Нет,Нет
vpr_sd_945880,math,8,Найдите значения выражения,Нет,Нет
vpr_sd_945902,math,8,"Решите уравнение Если корней несколько, запишите их в ответ без пробелов в порядке возрастания.",Нет,Нет
vpr_sd_945863,math,8,"Из двух городов одновременно навстречу друг другу отправились два велосипедиста. Проехав некоторую часть пути, первый велосипедист сделал остановку на 30 минут, а затем продолжил движение до встречи со вторым велосипедистом. Расстояние между городами составляет 144 км, скорость первого велосипедиста равна 24 км/ч, скорость второго — 28 км/ч. Определите расстояние от города, из которого выехал втор",Нет,Нет
vpr_sd_945857,math,8,"Первый рабочий за час делает на 10 деталей больше, чем второй, и выполняет заказ, состоящий из 60 деталей, на 3 часа быстрее, чем второй рабочий, выполняющий такой же заказ. Сколько деталей в час делает второй рабочий?",Нет,Нет
vpr_sd_945856,math,8,"Из А в В одновременно выехали два автомобилиста. Первый проехал с постоянной скоростью весь путь. Второй проехал первую половину пути со скоростью, меньшей скорости первого автомобилиста на 11 км/ч, а вторую половину пути проехал со скоростью 66 км/ч, в результате чего прибыл в В одновременно с первым автомобилистом. Найдите скорость первого автомобилиста, если известно, что она больше 40 км/ч.",Нет,Нет
vpr_sd_945388,math,8,"В школе французский язык изучают 117 учащихся, что составляет 26% от числа всех учащихся школы. Сколько учащихся в школе?",Нет,Нет
vpr_sd_945271,math,8,На координатной прямой отмечены числа a и b . Отметьте на прямой точку a · b .,Нет,Нет
vpr_sd_945328,math,8,"Годовое производство пшеницы — это суммарная масса всех сортов пшеницы, выращенная в стране в течение года. Обычно измеряется в млн тонн. Урожайность пшеницы (в ц/га) — масса пшеницы в центнерах по отношению к общей площади посевных площадей в гектарах. На диаграмме показано производство пшеницы в млн. тонн в четырёх странах: во Франции, в Аргентине, в США и в Австралии за шесть лет, начиная с 200",Нет,Нет
vpr_sd_945947,math,8,"В трёх салонах сотовой связи один и тот же телефон продаётся в кредит на разных условиях. Условия даны в таблице. Салон | Цена телефона (руб.) | Первоначальный взнос (в % от цены) | Срок кредита (мес.) | Сумма ежемесячного платежа (руб.) // Эпсилон | 11 100 | 20 | 12 | 870 // Дельта | 12 500 | 15 | 6 | 1820 // Омикрон | 12 700 | 25 | 6 | 1620 Определите, в каком из салонов покупка обойдётся дешевл",Нет,Нет
vpr_sd_945362,math,8,"Петя, Вика, Катя, Игорь, Антон, Полина бросили жребий — кому начинать игру. Найдите вероятность того, что начинать игру должен будет мальчик.",Нет,Нет
vpr_sd_945711,math,8,"Свежие фрукты содержат 80% воды, а высушенные — 28%. Сколько сухих фруктов получится из 288 кг свежих фруктов? Ответ дайте в кг.",Нет,Нет
vpr_sd_945724,math,8,"На клетчатой бумаге с размером клетки 1 см × 1 см отмечены точки A , B и C . Найдите расстояние от точки A до середины отрезка BC . Ответ выразите в сантиметрах.",Нет,Нет
vpr_sd_945753,math,8,В треугольнике Найдите высоту,Нет,Нет
vpr_sd_945798,math,8,"Укажите номер верного утверждения. 1) Если расстояние между центрами двух окружностей равно сумме их диаметров, то эти окружности касаются. 2) Вписанные углы окружности равны. 3) Если вписанный угол равен 30°, то дуга окружности, на которую опирается этот угол, равна 60°. 4) Через любые четыре точки, не принадлежащие одной прямой, проходит единственная окружность.",Нет,Нет
vpr_sd_945316,math,8,"Лист жести имеет форму прямоугольника, длина которого на 10 см больше ширины. По углам этого листа вырезали квадраты со стороной 5 см и сделали коробку. Найдите размеры листа жести в сантиметрах, если объем коробки равен 1000 см 3 . Объем коробки равен произведению ее длины, ширины и высоты.",Нет,Нет
vpr_sd_945274,math,8,"На диаграмме показаны графики движения трёх велосипедистов: Фёдора, Алексея и Михаила. Они устроили дружеский заезд в парке, желая насладиться свежим воздухом и звуками прекрасной природы. Общая протяженность парка равна 10 километрам. На горизонтальной оси откладывается время от старта велосипедистов в минутах, а на вертикальной оси расстояние от старта в метрах. Рассмотрите диаграмму и прочтите ",Нет,Нет
vpr_sd_945831,math,8,AC и BD — диаметры окружности с центром O . Угол ACB равен 79°. Найдите угол AOD . Ответ дайте в градусах.,Нет,Нет
vpr_sd_945253,math,8,"Задумано несколько (не обязательно различных) натуральных чисел. Эти числа и их все возможные суммы (по 2, по 3 и т. д.) выписывают на доску в порядке неубывания. Если какое-то число n , выписанное на доску, повторяется несколько раз, то на доске оставляется одно такое число n , а остальные числа, равные n , стираются. Например, если задуманы числа 1, 3, 3, 4, то на доске будет записан набор 1, 3,",Нет,Нет
vpr_sd_945759,math,8,"В треугольнике ABC AC = BC , AB = 8, Найдите AC .",Нет,Нет
vpr_sd_946113,math,8,"Дан треугольник ABC . Известно, что AB = BC = 25, АС = 40. Найдите синус угла А .",Нет,Нет
vpr_sd_945776,math,8,"Какие из данных утверждений верны? Запишите их номера. 1) Против большей стороны треугольника лежит меньший угол. 2) Существует квадрат, который нельзя вписать в окружность. 3) Площадь трапеции равна произведению средней линии на высоту. 4) Через любые четыре точки, не принадлежащие одной прямой, проходит единственная окружность.",Нет,Нет
vpr_sd_945310,math,8,"Главный декоратор захотел изобразить свое новое творение в виде треугольников и вписанных в них окружностей. Чтобы создать настоящий шедевр, он захотел сделать все с математической точностью. Для этого помогите ему найти отрезки, на которые точки касания вписанной окружности делят стороны треугольника, если стороны треугольника равны соответственно a , b и с , а полупериметр треугольника p , чтобы",Нет,Нет
vpr_sd_945319,math,8,"Длина садового участка, имеющего форму прямоугольника, на 10 м больше его ширины. Его площадь решили увеличить на 400 м 2 . Для этого длину увеличили на 10 м, а ширину — на 2 м. Найдите площадь нового участка в м 2 .",Нет,Нет
vpr_sd_945767,math,8,В треугольнике ABC угол C равен 90° Найдите,Нет,Нет
vpr_sd_945756,math,8,"В треугольнике ABC угол C равен 90°, AB = 8, BC = 4. Найдите",Нет,Нет
vpr_sd_945758,math,8,"В треугольнике ABC AC = BC = 8, Найдите АВ .",Нет,Нет
vpr_sd_945760,math,8,"В треугольнике ABC угол C равен 90°, Найдите",Нет,Нет
vpr_sd_945748,math,8,Один острый угол прямоугольного треугольника в 4 раза больше другого. Найдите больший острый угол. Ответ дайте в градусах.,Нет,Нет
vpr_sd_945749,math,8,Найдите острый угол между биссектрисами острых углов прямоугольного треугольника. Ответ дайте в градусах.,Нет,Нет
vpr_sd_945757,math,8,"В треугольнике ABC AC = BC = 5, Найдите АВ .",Нет,Нет
vpr_sd_945762,math,8,"В треугольнике ABC угол C равен 90°, АС = 4, Найдите АВ .",Нет,Нет
vpr_sd_945761,math,8,"В треугольнике ABC угол C равен 90°, АВ = 8. Найдите АС .",Нет,Нет
vpr_sd_945750,math,8,"Угол между биссектрисой и медианой прямоугольного треугольника, проведенными из вершины прямого угла, равен 14°. Найдите меньший угол этого треугольника. Ответ дайте в градусах.",Нет,Нет
vpr_sd_945936,math,8,"На соревнованиях по прыжкам в воду судьи выставили оценки от 0 до 10 трём спортсменам. Результаты приведены в таблице. Номер спортсмена | k | I судья | II судья | III судья | IV судья | V судья | VI судья | VII судья // 1 | 7 | 8,5 | 7,0 | 7,7 | 5,4 | 7,7 | 8,1 | 5,8 // 2 | 9,5 | 6,3 | 5,4 | 6,6 | 8,5 | 6,3 | 7,7 | 6,5 // 3 | 8 | 8,3 | 7,8 | 7,1 | 7,7 | 6,8 | 7,5 | 5,4 Итоговый балл вычисляется сл",Нет,Нет
vpr_sd_945688,math,8,Смешали некоторое количество 13-процентного раствора некоторого вещества с таким же количеством 17-процентного раствора этого вещества. Сколько процентов составляет концентрация получившегося раствора?,Нет,Нет
vpr_sd_945720,math,8,"На клетчатой бумаге с размером клетки 1 см x 1 см отмечены точки А , В и С . Найдите расстояние от точки А до середины отрезка ВС . Ответ выразите в сантиметрах. В ответ впишите только число.",Нет,Нет
vpr_sd_945404,math,8,"В школе 124 учеников изучало французский язык, что составляет 25% от числа всех учеников. Сколько учеников учится в школе?",Нет,Нет
vpr_sd_945266,math,8,"На координатной прямой отметьте на прямой точки x и y , если и",Нет,Нет
vpr_sd_945706,math,8,"Свежие фрукты содержат 88% воды, а высушенные — 30%. Сколько требуется свежих фруктов для приготовления 72 кг высушенных фруктов?",Нет,Нет
vpr_sd_946112,math,8,"Укажите номер верного утверждения. 1) Если в параллелограмме две стороны равны, то такой параллелограмм является ромбом. 2) Если в четырёхугольнике две диагонали равны и перпендикулярны, то такой четырёхугольник — квадрат. 3) Если в ромбе диагонали равны, то такой ромб является квадратом. 4) Углы при меньшем основании трапеции тупые.",Нет,Нет
vpr_sd_946114,math,8,"У стекольщика есть квадратное стекло. Сторона квадрата равна 40 см. Нужно вырезать из этого стекла восьмиугольник, у которого все стороны равны и все углы равны. Для этого нужно наметить линии и по этим линиям отрезать от квадрата четыре одинаковых прямоугольных треугольника по углам (см. рис.). Найдите приближённо длину катета одного такого треугольника в миллиметрах, считая, что равен 1,41.",Нет,Нет
vpr_sd_945830,math,8,"Прямая, параллельная стороне AC треугольника ABC , пересекает стороны AB и BC в точках M и N соответственно. Найдите BN , если MN = 13, AC = 65, NC = 28.",Нет,Нет
vpr_sd_945969,math,8,Найдите значение выражения:,Нет,Нет
vpr_sd_945392,math,8,"Площадь земель фермерского хозяйства, отведённых под посадку сельскохозяйственных культур, составляет 42 га и распределена между зерновыми и техническими культурами в отношении 3 : 4. Сколько гектаров занимают технические культуры?",Нет,Нет
vpr_sd_945324,math,8,"Сток реки — это объём воды, который река выносит через своё устье в мировой океан за секунду. В таблице представлены данные об 5 реках мира, крупнейших по стоку. Река | Сток (м 3 /с) // Амазонка | 219 000 // Брахмапутра | 19 200 // Енисей | 18 600 // Конго | 41 800 // Ла-Плата | 25 700 Какой вывод, исходя из данных в таблице, можно сделать про полноводность Амазонки? По каким еще показателям можно",Нет,Нет
vpr_sd_945943,math,8,"На соревнованиях по прыжкам в воду судьи выставили оценки от 0 до 10 трём спортсменам. Результаты приведены в таблице. Номер спортсмена | k | I судья | II судья | III судья | IV судья | V судья | VI судья | VII судья // 1 | 8 | 7,0 | 7,7 | 6,8 | 8,4 | 6,2 | 5,5 | 6,5 // 2 | 7,5 | 8,4 | 6,9 | 5,1 | 8,3 | 7,3 | 7,6 | 6,7 // 3 | 9 | 5,5 | 7,2 | 5,0 | 7,2 | 5,2 | 5,9 | 7,0 Итоговый балл вычисляется сл",Нет,Нет
vpr_sd_945372,math,8,"В каждой десятой банке кофе согласно условиям акции есть приз. Призы распределены по банкам случайно. Варя покупает банку кофе в надежде выиграть приз. Найдите вероятность того, что Варя не найдет приз в своей банке.",Нет,Нет
vpr_sd_945695,math,8,Одиннадцать одинаковых рубашек дешевле куртки на 1%. На сколько процентов тринадцать таких же рубашек дороже куртки?,Нет,Нет
vpr_sd_945716,math,8,"На клетчатой бумаге с размером клетки 1×1 отмечены три точки: A , B и C . Найдите расстояние от точки A до прямой BC .",Нет,Нет
vpr_sd_945744,math,8,"В треугольнике ABC угол C равен 90°, CH − высота, угол A равен Найдите",Нет,Нет
vpr_sd_945785,math,8,Укажите номер верного утверждения. 1) Центром симметрии прямоугольника является точка пересечения биссектрис. 2) Центром симметрии ромба является точка пересечения его диагоналей. 3) Правильный пятиугольник имеет десять осей симметрии. 4) Центром симметрии равнобедренной трапеции является точка пересечения ее диагоналей.,Нет,Нет
vpr_sd_945226,math,8,"Лист жести имеет форму прямоугольника, длина которого на 20 см больше ширины. По углам этого листа вырезали квадраты со стороной 7 см и сделали коробку. Найдите длину и ширину листа жести в сантиметрах, если объем коробки равен 1253 см 3 , считая, что равен 5,57. Объем коробки равен произведению ее длины, ширины и высоты.",Нет,Нет
vpr_sd_945154,math,8,"На диаграмме показаны позиции в рейтинге популярности трёх крупных автозаправок: Парнефть, Талнефть и Улнефть. На горизонтальной оси месяцы, а на вертикальной оси позиция в рейтинге. Рассмотрите диаграмму и прочтите сопровождающий текст. Парнефть — крупная компания, основной политикой которой является напыщенность. Ее товары были всегда популярны, но доступны далеко не всем. Из-за этого выявить те",Нет,Нет
vpr_sd_945832,math,8,"Высота треугольника разбивает его основание на два отрезка с длинами 8 и 9. Найдите длину этой высоты, если известно, что другая высота треугольника точкой пересечения делит первую высоту пополам.",Нет,Нет
vpr_sd_945849,math,8,"Первый рабочий за час делает на 13 деталей больше, чем второй, и выполняет заказ, состоящий из 208 деталей, на 8 часов быстрее, чем второй рабочий, выполняющий такой же заказ. Сколько деталей в час делает второй рабочий?",Нет,Нет
vpr_sd_945284,math,8,"На доске написано более 27, но менее 45 целых чисел. Среднее арифметическое этих чисел равно −5, среднее арифметическое всех положительных из них равно 9, а среднее арифметическое всех отрицательных из них равно −18. Каких чисел написано больше: положительных или отрицательных?",Нет,Нет
vpr_sd_945982,math,8,Вычислите: Ответ запишите в виде несократимой дроби. Ответ:,Нет,Нет
vpr_sd_945403,math,8,"В школе французский язык изучают 167 учащихся, что составляет 25% от числа всех учащихся школы. Сколько учащихся в школе?",Нет,Нет
vpr_sd_945342,math,8,"На координатной прямой отмечены числа a и b . Отметьте на прямой какую-нибудь точку x так, чтобы при этом выполнялись три условия: и",Нет,Нет
vpr_sd_945326,math,8,"На рисунке представлен график движения автомобилиста из Кахамарки в Уарас (Перу), расстояние между которыми можно принять за 600 км. На горизонтальной оси отложено время, а на вертикальной оси — расстояние от Кахамарки в километрах. Для вашего удобства график представлен в виде ломанной линии. Проанализировав график, опишите поездку (оцените наличие или отсутствие дорожных происшествий, остановок,",Нет,Нет
vpr_sd_945932,math,8,"В трёх салонах сотовой связи один и тот же смартфон продаётся в кредит на разных условиях. Условия приведены в таблице. Салон | Стоимость смартфона (руб.) | Первоначальный взнос (в % от стоимости) | Срок кредита (мес.) | Сумма ежемесячного платежа (руб.) // Эпсилон | 23 600 | 30 | 12 | 1650 // Дельта | 25 300 | 20 | 6 | 3600 // Омикрон | 26 500 | 30 | 6 | 3140 Определите, в каком из салонов покупк",Нет,Нет
vpr_sd_945379,math,8,"В фирме такси в данный момент свободно 20 машин: 9 черных, 4 желтых и 7 зеленых. По вызову выехала одна из машин, случайно оказавшаяся ближе всего к заказчику. Найдите вероятность того, что к нему приедет желтое такси.",Нет,Нет
vpr_sd_945686,math,8,"Имеются два сосуда. Первый содержит 30 кг, а второй — 15 кг раствора кислоты различной концентрации. Если эти растворы смешать, то получится раствор, содержащий 34% кислоты. Если же смешать равные массы этих растворов, то получится раствор, содержащий 46% кислоты. Сколько килограммов кислоты содержится в первом сосуде?",Нет,Нет
vpr_sd_945777,math,8,"Какие из данных утверждений верны? Запишите их номера. 1) Если три угла одного треугольника соответственно равны трём углам другого треугольника, то такие треугольники подобны. 2) В любом прямоугольнике диагонали взаимно перпендикулярны. 3) У равностороннего треугольника есть центр симметрии. 4) Если в параллелограмме диагонали равны, то этот параллелограмм — квадрат.",Нет,Нет
vpr_sd_945314,math,8,"Дизайнер, чтобы дополнить прекрасный рисунок в виде равнобедренного треугольника на стене заказчика, решил провести прямую. Автор рисунка, являясь большим любителем геометрии, решил провести её следующим образом: она пройдёт через вершину угла при основании и разделит исходный треугольник на два треугольника, каждый из которых также является равнобедренным. Помогите дизайнеру найти углы исходного ",Нет,Нет
vpr_sd_945193,math,8,"На диаграмме показаны изменения количества телезрителей различных театров: театра юношеского творчества, комедийного и кукольного. На горизонтальной оси отложены месяцы просмотров, а на вертикальной оси — количество посетителей в тысячах. Рассмотрите диаграмму и прочтите сопровождающий текст. Кукольный театр всегда был достаточно скромным: в основном его посещали семьи с детьми и люди сильно в воз",Нет,Нет
vpr_sd_945265,math,8,"На координатной прямой отметьте точки x и y , если и",Нет,Нет
vpr_sd_945950,math,8,"В трёх салонах сотовой связи один и тот же телефон продаётся в кредит на разных условиях. Условия даны в таблице. Салон | Цена телефона (руб.) | Первоначальный взнос (в % от цены) | Срок кредита (мес.) | Сумма ежемесячного платежа(руб.) // Эпсилон | 20000 | 15 | 12 | 1620 // Дельта | 21000 | 10 | 6 | 3400 // Омикрон | 19000 | 20 | 12 | 1560 Определите, в каком из салонов покупка обойдётся дешевле ",Нет,Нет
vpr_sd_945367,math,8,"В лыжных гонках участвуют 11 спортсменов из России, 6 спортсменов из Норвегии и 3 спортсмена из Швеции. Порядок, в котором спортсмены стартуют, определяется жребием. Найдите вероятность того, что первым будет стартовать спортсмен из России.",Нет,Нет
vpr_sd_945697,math,8,"Изюм получается в процессе сушки винограда. Сколько килограммов винограда потребуется для получения 20 килограммов изюма, если виноград содержит 90% воды, а изюм содержит 5% воды?",Нет,Нет
vpr_sd_945723,math,8,"На клетчатой бумаге с размером клетки 1см x 1см отмечены точки А , В и С . Найдите расстояние от точки А до середины отрезка ВС . Ответ выразите в сантиметрах.",Нет,Нет
vpr_sd_945763,math,8,"В треугольнике ABC угол C равен 90°, ВС = 4. Найдите АС .",Нет,Нет
vpr_sd_945782,math,8,"Какие из данных утверждений верны? Запишите их номера. 1) Две окружности пересекаются, если радиус одной окружности больше радиуса другой окружности. 2) Если при пересечении двух прямых третьей прямой внутренние накрест лежащие углы равны, то эти прямые параллельны. 3) У равнобедренного треугольника есть центр симметрии. 4) Около любого правильного многоугольника можно описать более одной окружнос",Нет,Нет
vpr_sd_945279,math,8,"На диаграмме показана загруженность дорог в городе Санкт-Петербург в течение трёх дней. В четверг, пятницу и в субботу. На горизонтальной оси откладывают время суток в часах, а на вертикальной оси оценка пробок от приложения 2Гис по 10-балльной шкале. В утро четверга движение было очень плотным. Это связано с тем, что в обед обещали аномальные осадки и многие решили выехать сильно заранее, лишь бы",Нет,Нет
vpr_sd_945864,math,8,"Чтобы накачать в бак 117 л воды, требуется на 5 минут больше времени, чем на то, чтобы выкачать из него 96 л воды. За одну минуту можно выкачать на 3 л воды больше, чем накачать. Сколько литров воды накачивается в бак за минуту?",Нет,Нет
vpr_sd_945285,math,8,"В турнире по шахматам принимают участие мальчики и девочки. За победу в шахматной партии начисляют 1 очко, за ничью — 0,5 очка, за проигрыш — 0 очков. По правилам турнира каждый участник играет с каждым другим дважды. Сколько девочек могло принимать участие в турнире, если известно, что их в 9 раз меньше, чем мальчиков, и что мальчики набрали в сумме ровно в четыре раза больше очков, чем девочки?",Нет,Нет
vpr_sd_945394,math,8,"Площадь земель фермерского хозяйства, отведённых под посадку сельскохозяйственных культур, составляет 36 га и распределена между зерновыми и овощными культурами в отношении 2:7 соответственно. Сколько гектаров занимают овощные культуры?",Нет,Нет
vpr_sd_945320,math,8,"На рисунке изображен график среднемесячной продолжительности светового дня в некоторой столице. В каком полушарии находится данный город? В каком климатическом поясе он расположен? Напишите два-три предложения, в которых кратко выскажите и обоснуйте своё мнение по этим вопросам.",Нет,Нет
vpr_sd_945953,math,8,В таблице указаны средние цены (в рублях) на некоторые основные продукты питания в трех городах России (по данным на начало 2010 года). Наименование продукта | Тверь | Липецк | Барнаул // Пшеничный хлеб (батон) | 11 | 12 | 14 // Молоко (1 литр) | 26 | 23 | 25 // Картофель (1 кг) | 9 | 13 | 16 // Сыр (1 кг) | 240 | 215 | 260 // Мясо (говядина) (1 кг) | 260 | 280 | 300 // Подсолнечное масло (1 литр),Нет,Нет
vpr_sd_945696,math,8,Смешали некоторое количество 15−процентного раствора некоторого вещества с таким же количеством 19−процентного раствора этого вещества. Сколько процентов составляет концентрация получившегося раствора?,Нет,Нет
vpr_sd_945718,math,8,"На клетчатой бумаге с размером клетки 1 см x 1 см отмечены точки А , В и С . Найдите расстояние от точки А до прямой ВС . Ответ выразите в сантиметрах.",Нет,Нет
vpr_sd_945755,math,8,"В треугольнике ABC угол C равен 90°, Найдите косинус внешнего угла при вершине",Нет,Нет
vpr_sd_945318,math,8,"Цветок Лотоса возвышается над тихим озером на полфута. Когда порыв ветра отклонил цветок от прежнего места на 2 фута, цветок скрылся под водой. Определите глубину озера в футах.",Нет,Нет
vpr_sd_945192,math,8,"На диаграмме показаны изменения количества телезрителей различных каналов: спортивного, музыкального и подростково-развлекательного. На горизонтальной оси отложены месяцы просмотров, а на вертикальной оси — количество телезрителей в тысячах. Рассмотрите диаграмму и прочтите сопровождающий текст. Музыкальный канал всегда стабильно смотрели подростки и домохозяйки. Более того в середине осени случил",Нет,Нет
vpr_sd_945860,math,8,"Катер прошёл от одной пристани до другой, расстояние между которыми по реке равно 48 км, сделал стоянку на 20 мин и вернулся обратно через после начала поездки. Найдите скорость течения реки, если известно, что скорость катера в стоячей воде равна 20 км/ч.",Нет,Нет
vpr_sd_945293,math,8,"Маша задумала трёхзначное число. Сумма цифр этого числа равна 7, а сумма квадратов цифр равна 27. Если из задуманного числа вычесть 396, то получится число, записанное теми же цифрами, что и задуманное, но в обратном порядке. Какое число задумала Маша?",Нет,Нет
vpr_sd_945321,math,8,"На рисунке изображен график среднемесячной продолжительности светого дня в крупном городе некоторого государства. В каком полушарии находится данный город? Может ли он быть близок к экватору? Напишите два-три предложения, в которых кратко выскажите и обоснуйте своё мнение по этим вопросам.",Нет,Нет
vpr_sd_946148,math,8,Упростите выражение найдите его значение при В ответ запишите полученное число.,Нет,Нет
vpr_sd_945375,math,8,"В мешке содержатся жетоны с номерами от 5 до 54 включительно. Какова вероятность, того, что извлеченный наугад из мешка жетон содержит двузначное число?",Нет,Нет
vpr_sd_945698,math,8,"Имеются два сосуда. Первый содержит 30 кг, а второй − 20 кг раствора кислоты различной концентрации. Если эти растворы смешать, то получится раствор, содержащий 68% кислоты. Если же смешать равные массы этих растворов, то получится раствор, содержащий 70% кислоты. Сколько килограммов кислоты содержится в первом сосуде?",Нет,Нет
vpr_sd_945198,math,8,"На диаграмме показаны изменения позиции в музыкальных чартах в жанре хип-хоп трёх исполнителей: Halsey, Billie Eilish и Dua Lipa. На горизонтальной оси отложены месяцы, а на вертикальной оси — позиция. Рассмотрите диаграмму и прочтите сопровождающий текст. Billie Eilish, получив 5 премий Грэмми в конце января, разумеется, занимала самые высокие позиции в чартах. Её треки становились самыми популяр",Нет,Нет
vpr_sd_945869,math,8,"Расстояние между пристанями А и В равно 80 км. Из А в В по течению реки отправился плот, а через 2 часа вслед за ним отправилась яхта, которая, прибыв в пункт В , тотчас повернула обратно и возвратилась в А . К этому времени плот прошел 22 км. Найдите скорость яхты в неподвижной воде, если скорость течения реки равна 2 км/ч. Ответ дайте в км/ч.",Нет,Нет
vpr_sd_945280,math,8,"Мастер делает за один час целое число деталей, большее 5, а ученик — на 2 деталей меньше. Мастер выполняет заказ за целое число часов, а два ученика вместе — на час быстрее. Из какого числа деталей состоит заказ?",Нет,Нет
vpr_sd_945901,math,8,Найдите значения выражения ИЛИ Найдите значения выражения,Нет,Нет
vpr_sd_945397,math,8,"Площадь земель фермерского хозяйства, отведённых под посадку сельскохозяйственных культур, составляет 24 га и распределена между зерновыми и овощными культурами в отношении 5 : 3 соответственно. Сколько гектаров занимают зерновые культуры?",Нет,Нет
vpr_sd_945264,math,8,"На координатной прямой отмечены числа a и b . Отметьте на прямой точку c , если",Нет,Нет
vpr_sd_945333,math,8,"На графике отражено изменение количества телезрителей спортивного футбольного канала, транслирующего исключительно российский футбол (Российская Премьер-лига, Футбольная национальная лига, матчи сборной), в течение 2018 года. Количество людей измеряется в тысячах. На диаграмме видно, что число зрителей резко увеличилось в июне, а в июле достигло своего пика. Как вы думаете, с каким футбольным собы",Нет,Нет
vpr_sd_945929,math,8,"На соревнованиях по прыжкам в воду судьи выставили оценки от 0 до 10 трём спортсменам. Результаты приведены в таблице. Номер спортсмена | K* | I судья | II судья | III судья | IV судья | V судья | VI судья | VII судья // 1 | 7,5 | 5,2 | 6,0 | 5,2 | 7,0 | 7,2 | 8,4 | 8,5 // 2 | 9 | 7,9 | 6,6 | 6,8 | 5,7 | 7,9 | 6,6 | 5,0 // 3 | 8 | 7,9 | 7,4 | 5,9 | 5,5 | 5,4 | 5,1 | 6,7 * К — коэффициент сложности",Нет,Нет
vpr_sd_945361,math,8,Из каждых 1000 электрических лампочек 5 бракованных. Какова вероятность купить исправную лампочку?,Нет,Нет
vpr_sd_945699,math,8,"В 2008 году в городском квартале проживало 40000 человек. В 2009 году, в результате строительства новых домов, число жителей выросло на 1%, а в 2010 году — на 9% по сравнению с 2009 годом. Сколько человек стало проживать в квартале в 2010 году?",Нет,Нет
vpr_sd_945751,math,8,"В треугольнике ABC угол C равен 90°, угол A равен 30°, Найдите высоту CH .",Нет,Нет
vpr_sd_945231,math,8,"В Древнем Египте, как это и положено, строили пирамиду-гробницу для фараона Среднего царства. Если наклонить одну из сторон пирамиды так, чтобы она стала перпендикулярна полу, то она будет иметь форму равностороннего треугольника со стороной 150 метров. В этой стене строителям требуется проделать отверстие для возможности пройти внутрь и обустроить усыпальницу. Известно, что полученный проход имее",Нет,Нет
vpr_sd_945875,math,8,"Из пункта А в пункт В , расстояние между которыми 19 км, вышел пешеход. Через полчаса навстречу ему из пункта В вышел турист и встретил пешехода в 9 км от В . Турист шёл со скоростью, на 1 км/ч большей, чем пешеход. Найдите скорость пешехода, шедшего из А .",Нет,Нет
vpr_sd_945210,math,8,"На графике показано изменение средних баллов при подготовке к экзамену по английскому языку. Система оценивания следующая: можно получить от 162 до 230 баллов. Набрав 200−230 баллов, экзаменуемый получит сертификат уровня C2. Набрав 180−199 баллов, сдающий получит сертификат уровня C1. Баллы ниже означают провал. На диаграмме видно, что оценки студента в течение года колеблются. О чём это может го",Нет,Нет
vpr_sd_945955,math,8,В таблице указаны средние цены (в рублях) на некоторые основные продукты питания в трех городах России (по данным на начало 2010 года). Наименование продукта | Белгород | Екатеринбург | Омск // Пшеничный хлеб (батон) | 11 | 16 | 16 // Молоко (1 литр) | 23 | 27 | 24 // Картофель (1 кг) | 10 | 16 | 16 // Сыр (1 кг) | 205 | 270 | 260 // Мясо (говядина) | 240 | 300 | 295 // Подсолнечное масло (1 литр),Нет,Нет
vpr_sd_946143,math,8,Упростите выражение и найдите его значение при,Нет,Нет
vpr_sd_945356,math,8,"В соревнованиях по художественной гимнастике участвуют три гимнастки из России, три гимнастки из Украины и четыре гимнастки из Белоруссии. Порядок выступлений определяется жеребьёвкой. Найдите вероятность того, что первой будет выступать гимнастка из России.",Нет,Нет
vpr_sd_946118,math,8,"Свежие абрикосы содержат 88% воды, а сушеные абрикосы (курага) — 30%. Сколько требуется свежих абрикосов для приготовления 72 кг кураги?",Нет,Нет
vpr_sd_945803,math,8,"Укажите номер верного утверждения. 1) Если при пересечении двух прямых третьей прямой соответственные углы равны 65°, то эти две прямые параллельны. 2) Любые две прямые имеют не менее одной общей точки. 3) Через любую точку проходит не более одной прямой. 4) Любые три прямые имеют не менее одной общей точки.",Нет,Нет
vpr_sd_945230,math,8,"В парке отдыха создали бассейн для большого голубого пруда, задумав его в форме идеального круга, радиус которого равен 2 км. Залив фундамент водой и создав все необходимые условия для создания микрофлоры, ответственные за проект затеяли разместить на нем две лодочные станции, чтобы все желающие могли насладиться прогулками по воде. Их решили расположить в диаметрально противоположных точках пруда",Нет,Нет
vpr_sd_945807,math,8,Большее основание равнобедренной трапеции равно 34. Боковая сторона равна 14. Синус острого угла равен Найдите меньшее основание.,Нет,Нет
vpr_sd_945865,math,8,"Моторная лодка прошла 36 км по течению реки и вернулась обратно, потратив на весь путь 5 часов. Скорость течения реки равна 3 км/ч. Найдите скорость лодки в неподвижной воде.",Нет,Нет
vpr_sd_945257,math,8,"Красный карандаш стоит 18 рублей, синий — 14 рублей. Нужно купить карандаши, имея всего 495 рублей и соблюдая дополнительное условие: число синих карандашей не должно отличаться от числа красных карандашей больше чем на пять. Какое наибольшее число карандашей можно купить при таких условиях?",Нет,Нет
vpr_sd_945401,math,8,"Площадь земель фермерского хозяйства, отведённая под посадку сельскохозяйственных культур, составляет 49 га и распределена между зерновыми культурами и картофелем в отношении 2:5 соответственно. Сколько гектаров занимают зерновые культуры?",Нет,Нет
vpr_sd_945209,math,8,"На графике изображено потребление газа в небольшом городе по месяцам в течение года. По горизонтальной оси отложены месяцы, по вертикальной оси — потребление газа в тыс. кубометров. Проанализируйте данные графика и ответьте на вопросы: «В каком полушарии предположительно находится город? Можно ли что-то сказать про суровость зим в этом городе?» Напишите 2-3 предложения, в которых кратко выскажите ",Нет,Нет
vpr_sd_946130,math,8,"Найдите значение выражения при a = 75, b =15.",Нет,Нет
vpr_sd_945369,math,8,"Из 900 новых флеш-карт в среднем 54 не пригодны для записи. Какова вероятность того, что случайно выбранная флеш-карта пригодна для записи?",Нет,Нет
vpr_sd_945703,math,8,Четыре одинаковые рубашки дешевле куртки на 8%. На сколько процентов пять таких же рубашек дороже куртки?,Нет,Нет
vpr_sd_945726,math,8,"На клетчатой бумаге с размером клетки 1х1 отмечены три точки A , B и C . Найдите расстояние от точки A до середины отрезка BC .",Нет,Нет
vpr_sd_945752,math,8,"В треугольнике ABC AH − высота, Найдите",Нет,Нет
vpr_sd_945795,math,8,"Укажите номер верного утверждения. 1) Если в параллелограмме диагонали равны, то этот параллелограмм — квадрат. 2) Если диагонали параллелограмма делят его углы пополам, то этот параллелограмм — ромб. 3) Если один из углов, прилежащих к стороне параллелограмма, равен 50°, то другой угол, прилежащий к той же стороне, равен 50°. 4) Если сумма трех углов выпуклого четырехугольника равна 200°, то его ",Нет,Нет
vpr_sd_945317,math,8,"Две башни, одна высотой 40 футов, а другая — 30 футов, расположены на расстоянии 50 футов одна от другой. К расположенному между ними колодцу слетают одновременно с обеих башен две птички, и летя с одинаковой скоростью, одновременно прибывают к колодцу. Найти расстояние от колодца до башен в футах.",Нет,Нет
vpr_sd_945153,math,8,"На диаграмме показаны позиции в рейтинге популярности трёх крупных производителей технеки: Ching Quah, Funny Valentine и Vitek. На горизонтальной оси месяцы, а на вертикальной оси позиция в рейтинге. Рассмотрите диаграмму и прочтите сопровождающий текст. Компания Vitek является ветераном рынка и всегда радовала своих покупателей хорошим качествм продукции. Ее рейтинг постоянно был достаточно высок",Нет,Нет
vpr_sd_945811,math,8,"Отрезки AB и CD — диаметры окружности с центром O . Найдите периметр треугольника AOD , если известно, что CB = 11 см, AB = 17 см.",Нет,Нет
vpr_sd_945854,math,8,"Баржа прошла по течению реки 48 км и, повернув обратно, прошла ещё 36 км, затратив на весь путь 6 часов. Найдите собственную скорость баржи, если скорость течения реки равна 5 км/ч.",Нет,Нет
vpr_sd_945295,math,8,"На складе находятся музыкальные центры двух типов. Музыкальный центр первого типа весит 12 кг, второго типа — 15 кг. Музыкальный центр первого типа стоит 8000 рублей, музыкальный центр второго типа — 12000 рублей. Общий вес музыкальных центров равен 321 кг. Найдите минимальную и максимальную возможные суммарные стоимости находящихся на складе музыкальных центров.",Нет,Нет
vpr_sd_945802,math,8,"Укажите номер верного рассуждения. 1) Если угол равен 45°, то вертикальный с ним угол равен 45°. 2) Любые две прямые имеют ровно одну общую точку. 3) Через любые три точки проходит ровно одна прямая. 4) Если расстояние от точки до прямой меньше 1, то и длина любой наклонной, проведенной из данной точки к прямой, меньше 1.",Нет,Нет
vpr_sd_945788,math,8,"Укажите номер верного утверждения. 1) Около любого ромба можно описать окружность. 2) В любой треугольник можно вписать не более одной окружности. 3) Центром окружности, описанной около треугольника, является точка пересечения биссектрис. 4) Центром окружности, вписанной в треугольник, является точка пересечения серединных перпендикуляров к его сторонам.",Нет,Нет
vpr_sd_945778,math,8,"Какие из данных утверждений верны? Запишите их номера. 1) На плоскости существует единственная точка, равноудалённая от концов отрезка. 2) В любой треугольник можно вписать окружность и притом только одну. 3) Если в параллелограмме две смежные стороны равны, то такой параллелограмм является квадратом. 4) Если один угол треугольника больше 120°, то два других его угла больше 30°.",Нет,Нет
vpr_sd_945797,math,8,"Укажите номер верного утверждения. 1) В треугольнике против меньшего угла лежит большая сторона. 2) Если один угол треугольника больше 120°, то два других его угла меньше 30°. 3) Если все стороны треугольника меньше 1, то и хотя бы одна его высота больше 1. 4) Сумма острых углов прямоугольного треугольника не превосходит 90°.",Нет,Нет
vpr_sd_945312,math,8,"Для школьной площадки выделен прямоугольный участок земли определенной площади. Если его заменить квадратным участком той же площади , то потребуется меньше материала для его отгораживания. Для этого надо длину участка уменьшить на 12 м, а ширину увеличить на 10 м. Чему равна сторона квадратного участка в метрах?",Нет,Нет
vpr_sd_945309,math,8,"Разработчик заданий для ВПР, раздумывая над очередной задачей, захотел вписать в равнобедренный треугольник цвета шартрёз алую окружность. В этом треугольнике основание равно 10 см, а боковая сторона равна 13 см. Помогите ему найти радиус алой окружности, вписанной в этот треугольник.",Нет,Нет
vpr_sd_945829,math,8,"Отрезки AB и DC лежат на параллельных прямых, а отрезки AC и BD пересекаются в точке M . Найдите MC , если AB = 10, DC = 25, AC = 56 .",Нет,Нет
vpr_sd_945833,math,8,"Медианы треугольника пересекаются в точке Найдите длину медианы, проведённой к стороне если угол BAC равен 47°, угол равен 133°,",Нет,Нет
vpr_sd_945903,math,8,"Площадь земель фермерского хозяйства, отведённых под посадку сельскохозяйственных культур, составляет 72 га и распределена между зерновыми и зернобобовыми культурами в отношении соответственно. Сколько гектаров занимают зернобобовые культуры?",Нет,Нет
vpr_sd_945330,math,8,"В таблице представлены данные о населении и о годовой добыче нефти в 2018 году в четырех странах, которые являются мировыми лидерами по нефтедобыче. Страна | Население, тыс. чел. | Добыча нефти, млн баррелей | Удельная нефтедобыча, баррелей/чел. // Китай | 1 395 814 | 1533 | 1,1 // США | 333 337 | 4271 | 12,8 // Бразилия | 209 737 | 1022 | 4,9 // Россия | 146 781 | 3906 | 26,6 Какие факторы влияют",Нет,Нет
vpr_sd_945691,math,8,"Изюм получается в процессе сушки винограда. Сколько килограммов винограда потребуется для получения 82 килограммов изюма, если виноград содержит 90% воды, а изюм содержит 5% воды?",Нет,Нет
vpr_sd_945712,math,8,На клетчатой бумаге с размером клетки 1 х 1 изображена фигура. Найдите её площадь.,Нет,Нет
vpr_sd_945220,math,8,"На лесопилке из круглых бревен требуется изготовить прямоугольный брус наибольшей площади поперечного сечения (см. рис.). Диаметр окружности бревна равен 7. Найдите стороны поперечного сечения бруса, приняв",Нет,Нет
vpr_sd_945874,math,8,"Из пунктов А и В , расстояние между которыми 19 км, вышли одновременно навстречу друг другу два пешехода и встретились в 9 км от А . Найдите скорость пешехода, шедшего из А , если известно, что он шёл со скоростью, на 1 км/ч большей, чем пешеход, шедший из В , и сделал в пути получасовую остановку.",Нет,Нет
vpr_sd_945294,math,8,"Паша задумал трёхзначное число. Сумма цифр этого числа равна 8, а сумма квадратов цифр этого числа равна 24. Если из задуманного числа вычесть 198, то получится число, записанное теми же цифрами, что и задуманное, но в обратном порядке. Какое число задумал Паша?",Нет,Нет
vpr_sd_945331,math,8,"Валово́й внутренний продукт (ВВП) — суммарная стоимость всех товаров и услуг, произведённых за год во всех отраслях экономики на территории государства. С помощью ВВП экономисты оценивают состояние экономики, объём финансовой сферы и производства, направленного на потребление. ВВП отражает успешность хозяйственной и активность экономической деятельности страны. На диаграмме показано изменение ВВП ",Нет,Нет
vpr_sd_945935,math,8,"На соревнованиях по прыжкам в воду судьи выставили оценки от 0 до 10 трём спортсменам. Результаты приведены в таблице. Номер спортсмена | K* | I судья | II судья | III судья | IV судья | V судья | VI судья | VII судья // 1 | 9 | 6,6 | 5,6 | 6,5 | 7,6 | 5,7 | 8,3 | 6,7 // 2 | 8,5 | 7,3 | 6,6 | 6,0 | 6,9 | 7,1 | 5,8 | 6,3 // 3 | 7 | 5,5 | 8,1 | 7,9 | 5,6 | 5,1 | 8,1 | 7,7 * К — коэффициент сложности",Нет,Нет
vpr_sd_945376,math,8,"Коля выбирает трехзначное число. Найдите вероятность того, что оно делится на 5.",Нет,Нет
vpr_sd_945344,math,8,"На координатной прямой отмечены числа a и b . Отметьте на прямой какую-нибудь точку x так, чтобы при этом выполнялись два условия:",Нет,Нет
vpr_sd_945201,math,8,"На графике показана загруженность морского порта в некоторой стране, являющейся популярным направлением для туристов. На горизонтальной оси отложены дни, а на вертикальной оси — среднее количество тысяч человек в день, воспользовавшихся круизным лайнером. Турист и мореплаватель Евгений очень не любит суету и большие скопления народа. Поэтому, выбирая очередную страну для отдыха, он решил посмотрет",Нет,Нет
vpr_sd_945722,math,8,"На клетчатой бумаге с размером клетки 1 × 1 изображён треугольник ABC . Найдите длину его высоты, опущенной на сторону AC .",Нет,Нет
vpr_sd_945786,math,8,"Какие из следующих утверждений верны? 1) Если катет и гипотенуза прямоугольного треугольника равны соответственно 6 и 10, то второй катет этого треугольника равен 8. 2) Любые два равнобедренных треугольника подобны. 3) Любые два прямоугольных треугольника подобны. 4) Треугольник ABC , у которого AB = 3, BC = 4, AC = 5, является тупоугольным. Если утверждений несколько, запишите их номера в порядке",Нет,Нет
vpr_sd_945299,math,8,"Если построить солдат по 11 человек в шеренге, то последняя шеренга окажется неполной. Если же построить их по 10 человек в шеренге, то все шеренги окажутся полными, но их число будет больше на 2. Если же построить тех же солдат в шеренги по 7 в каждой, то последняя шеренга опять будет неполной, а число шеренг увеличится еще на 10. Сколько всего солдат?",Нет,Нет
vpr_sd_945360,math,8,"В лыжных гонках участвуют 11 спортсменов из России, 6 спортсменов из Норвегии и 3 спортсмена из Швеции. Порядок, в котором спортсмены стартуют, определяется жребием. Найдите вероятность того, что первым будет стартовать спортсмен не из России.",Нет,Нет
vpr_sd_945702,math,8,"В 2008 году в городском квартале проживало человек. В 2009 году, в результате строительства новых домов, число жителей выросло на а в 2010 году на по сравнению с 2009 годом. Сколько человек стало проживать в квартале в 2010 году?",Нет,Нет
vpr_sd_945787,math,8,"Какие из следующих утверждений верны? 1) Если площади фигур равны, то равны и сами фигуры. 2) Площадь трапеции равна произведению суммы оснований на высоту. 3) Если две стороны треугольника равны 4 и 5, а угол между ними равен 30°, то площадь этого треугольника равна 10. 4) Если две смежные стороны параллелограмма равны 4 и 5, а угол между ними равен 30°, то площадь этого параллелограмма равна 10.",Нет,Нет
vpr_sd_945302,math,8,"На диаграмме показаны средние баллы по дисциплине функциональный анализ на первом курсе бакалавриата экономики трёх студентов в городе Санкт-Петербург: Ивана, Глеба и Ярослава. На горизонтальной оси отложены месяцы обучения, а на вертикальной оси — оценка в десятибалльной системе. Рассмотрите диаграмму и прочтите сопровождающий текст. Глеб не очень любил математику и перестал посещать как лекции, ",Нет,Нет
vpr_sd_945325,math,8,"Запас воды в озере — среднегодовой объём воды в кубических километрах. В таблице представлены данные о 5 озёрах мира, крупнейших по запасам воды. Озеро | Запас воды (км 3 ) // Байкал | 23 600 // Верхнее | 12 100 // Гурон | 3560 // Каспийское море | 78 200 // Мичиган | 4900 По каким еще показателям, помимо запаса воды, можно сравнить озера? Назовите третье по запасу воды озеро. Объясните важность з",Нет,Нет
vpr_sd_945928,math,8,"На соревнованиях по прыжкам в воду судьи выставили оценки от 0 до 10 трём спортсменам. Результаты приведены в таблице. Номер спортсмена | K* | I судья | II судья | III судья | IV судья | V судья | VI судья | VII судья // 1 | 9 | 6,4 | 7,0 | 5,9 | 6,6 | 6,0 | 8,5 | 5,9 // 2 | 8,5 | 6,4 | 6,6 | 6,2 | 5,5 | 6,8 | 7,4 | 6,0 // 3 | 7,5 | 8,4 | 8,5 | 8,3 | 6,9 | 7,7 | 6,6 | 7,0 * К — коэффициент сложнос",Нет,Нет
vpr_sd_945159,math,8,"На диаграмме показаны цены на трансферном рынке трех футболистов: Мексес, Коровкин и Петухов. На горизонтальной оси месяцы, а на вертикальной оси стоимость футболиста в миллионах евро. Рассмотрите диаграмму и прочтите сопровождающий текст. Петухов провел посредственный сезон в очень сильном чемпионате. Это связано с тем, что в прошлом году он блеснул на чемпионате мира, поэтому один богатый клуб н",Нет,Нет
vpr_sd_945843,math,8,"Прямая AD , перпендикулярная медиане ВМ треугольника АВС , делит её пополам. Найдите сторону АС , если сторона АВ равна 4.",Нет,Нет
vpr_sd_942937,okr,4,Рассмотри карту мира. На ней буквами А и Б отмечены два материка. Карта составлена по состоянию на 01.01.2025 Запиши название каждого материка в отведённое для этого поле. Название материка А | Название материка Б // |,Нет,Да
vpr_sd_944425,okr,4,"Составь два правила сохранения здоровья и правильного поведения человека из приведённых частей фраз: для этого к каждой позиции первого столбца подбери соответствующую позицию из второго столбца. НАЧАЛО ФРАЗЫ А) Чтобы избежать несчастного случая на воде, Б) Во время катания на гидроцикле ПРОДОЛЖЕНИЕ ФРАЗЫ 1) отойди как можно дальше от берега. 2) надень спасательный жилет. 3) купайся только в специ",Нет,Нет
vpr_sd_943350,okr,4,"Известно, что все краски обладают различными свойствами, например, одни разводятся водой, другие специальным растворителем, одни ложатся на бумагу прозрачным слоем, другие — плотным, одни высыхают быстро, другие долго. Сергей, Марина и Виктор изучали скорость высыхания различных красок. Для этого они решили провести опыт. Ребята подготовили кисти, три вида красок и белые бумажные салфетки, чтобы с",Нет,Нет
vpr_sd_944808,okr,4,"Рассмотри знаки, изображённые на рисунках, и ответь на вопросы. А Б В",Нет,Нет
vpr_sd_943029,okr,4,"Рассмотри рисунок, на котором изображён магазин новогодних украшений. Карнавальные костюмы в сундуке могут быть изготовлены из ткани. Они отмечены на рисунке стрелкой с соответствующей надписью. Покажи на рисунке стрелкой любой предмет (любую деталь) из бумаги и любой предмет (любую деталь) из пластмассы. Подпиши название соответствующего материала рядом с каждой стрелкой.",Нет,Нет
vpr_sd_945191,okr,4,Рассмотри карту России. На ней буквами А и Б отмечены две природные зоны. Карта составлена по состоянию на 01.01.2018 Запиши название каждой природной зоны в отведённое для этого поле. Название природной зоны А | Название природной зоны Б // |,Нет,Да
vpr_sd_944786,okr,4,"Составь два правила сохранения здоровья человека из приведённых частей фраз: для этого к каждой позиции первого столбца подбери соответствующую позицию из второго столбца. НАЧАЛО ФРАЗЫ А) Чтобы избежать травм при падении сосулек с крыши во время оттепели, Б) Чтобы сохранять чистоту природы, ПРОДОЛЖЕНИЕ ФРАЗЫ 1) не ходи близко к стенам домов. 2) не бросай мусор в водоёмы и реки. 3) не ешь снег, не ",Нет,Нет
vpr_sd_943330,okr,4,"На фотографиях изображены предметы, с которыми работают представители определённых профессий. Выбери одну из фотографий и запиши букву, под которой она приведена. Представители какой профессии работают с изображённым(-и) на выбранной фотографии предметом(-ами)? Если ты знаешь много профессий, представители которых работают с выбранным(-и) тобой предметом(-ами), назови любую из них. Какую работу вы",Нет,Да
vpr_sd_942250,okr,4,"Рассмотри рисунок, на котором изображён магазин игрушек. Качели могут быть изготовлены из металла. Они отмечены на рисунке стрелкой с соответствующей надписью. Покажи на рисунке стрелкой любой предмет (любую деталь) из ткани и любой предмет (любую деталь) из резины. Подпиши название соответствующего материала рядом с каждой стрелкой.",Нет,Нет
vpr_sd_942251,okr,4,На интернет-сайтах погоды можно встретить подобные таблицы. Изучи прогноз погоды на трое суток по приведённой ниже таблице. Выбери верные утверждения об ожидаемой погоде на эти трое суток и запиши в строку ответа их номера. 1) В пятницу в течение суток будет дуть ветер одного направления. 2) В четверг днём ожидается дождь. 3) В пятницу днём будет самая высокая температура воздуха за все трое суток,Нет,Нет
vpr_sd_942244,okr,4,Рассмотри карту мира. На ней буквами А и Б отмечены два материка. Карта составлена по состоянию на 01.01.2018 Запиши название каждого материка в отведённое для этого поле. Название материка А | Название материка Б // |,Нет,Да
vpr_sd_942247,okr,4,"Рассмотри изображение человека. Покажи стрелками и подпиши затылок , колено и сердце человека так, как показано на примере.",Нет,Нет
vpr_sd_942240,okr,4,"Составь два правила сохранения здоровья человека из приведённых частей фраз: для этого к каждой позиции первого столбца подбери соответствующую позицию из второго столбца. НАЧАЛО ФРАЗЫ А) Чтобы поддерживать гигиену кожи, Б) Чтобы в сильный мороз избежать обморожения лица, ПРОДОЛЖЕНИЕ ФРАЗЫ 1) регулярно принимай душ. 2) воспользуйся защитным кремом. 3) подбирай удобную одежду и обувь. Запишите в от",Нет,Нет
vpr_sd_942241,okr,4,"Известно, что для прорастания семян необходимы определённые условия. Инна решила выяснить, как на прорастание семян влияет наличие воздуха. Для этого она взяла два стакана и положила в каждый стакан по десять зёрен пшеницы, заранее отобранных для проращивания. В один стакан она налила немного воды так, чтобы вода только прикрыла зёрна, а другой наполнила водой доверху. Оба стакана она поставила на",Нет,Нет
vpr_sd_942238,okr,4,"На фотографиях изображены предметы, с которыми работают представители одной из профессий. Что это за профессия? Какую работу выполняют люди этой профессии? Чем работа людей этой профессии полезна обществу? А) Б) В)",Нет,Да
vpr_sd_942239,okr,4,"14 августа у бабушки Алексея день рождения. В этот день вся большая семья собирается в доме бабушки и дедушки в деревне — это семейная традиция. 2025 Обведи эту дату в календаре. Запиши, на какой день недели приходилась эта дата в 2025 году. Как ты думаешь, почему важно, чтобы все члены семьи поддерживали семейные традиции?",Нет,Нет
vpr_sd_942232,okr,4,"10.1. Запиши название региона: республики, или области, или края, или города, или автономного округа, в котором ты живёшь. 10.2. В какой природной зоне расположен твой регион? Как называется главный город твоего региона? Какие известные люди живут или жили в твоём регионе (укажи не менее двух известных людей)? Напиши об одном из известных твоих земляков. Чем он прославил свой регион?",Нет,Нет
vpr_sd_943506,okr,4,"Рассмотри рисунок, на котором изображён двор с колодцем. Тачка изготовлена из металла. Она отмечена на рисунке стрелкой с соответствующей надписью. Покажи на рисунке стрелкой любой предмет (любую деталь) из камня и любой предмет (любую деталь) из дерева. Подпиши название соответствующего материала рядом с каждой стрелкой.",Нет,Да
vpr_sd_944104,okr,4,На интернет-сайтах погоды можно встретить подобные таблицы. Изучи прогноз погоды на трое суток по приведённой ниже таблице. Выбери верные утверждения об ожидаемой погоде на эти трое суток и запиши в строку ответа их номера. 1) В среду осадков не ожидается. 2) Влажность воздуха в четверг днём будет выше 94%. 3) Температура воздуха во вторник и среду не опустится ниже –6 ºС. 4) В течение всех трёх с,Нет,Нет
vpr_sd_945237,okr,4,"Рассмотри изображение человека. Покажи стрелками и подпиши печень, икру и подбородок человека так, как показано на примере.",Нет,Да
vpr_sd_944154,okr,4,"Если правильно подобрать к началу каждой фразы из первого столбца продолжение фразы из второго столбца, то получится правило, помогающее человеку сохранить здоровье и жизнь. Составь два правила из приведённых частей фраз: для этого к каждой позиции первого столбца подбери соответствующую позицию из второго столбца. НАЧАЛО ФРАЗЫ А) Чтобы не получить удар током, Б) Чтобы не переохладить гортань и лё",Нет,Нет
vpr_sd_945388,okr,4,"В жаркий солнечный день Андрей решил провести опыт с нагреванием воды. Он взял две ёмкости: высокий металлический кувшин и широкую металлическую миску, налил в них одинаковое количество холодной воды одинаковой температуры, закрыл крышками, вынес на улицу и поставил обе ёмкости рядом друг с другом на солнце.",Нет,Нет
vpr_sd_945251,okr,4,"На фотографиях изображены предметы, с которыми работают представители разных профессий. Выбери ОДНУ из фотографий и запиши букву, под которой она приведена. Представители какой профессии работают с изображёнными на выбранной фотографии предметами? Если ты знаешь много профессий, представители которых работают с выбранными тобой предметами, назови одну любую из них. Какую работу выполняют люди этой",Нет,Да
vpr_sd_944837,okr,4,"1 апреля отмечается Международный день птиц. Обведи эту дату в календаре. 2020 Запиши, на какой день недели приходится эта дата в 2020 году. Какие птицы обитают в твоей местности? Укажите не менее двух видов птиц. Почему птицы нуждаются в защите и помощи человека? (Напиши ответ объёмом до пяти предложений.)",Нет,Нет
vpr_sd_945766,okr,4,"10.1. Запиши название региона: республики, или области, или края, или автономного округа, в котором ты живёшь. 10.2. Как называется главный город твоего региона? 10.3. Производством каких товаров или продуктов известен твой регион? Какие растения могут встретиться в природе твоего региона (назови не менее трёх растений)? Опиши одно из этих растений. Как это растение используется людьми.",Нет,Нет
vpr_sd_942216,okr,4,"Рассмотри рисунок, на котором изображена комната. Внутренняя часть окна может быть изготовлена из стекла. Она отмечена на рисунке стрелкой с соответствующей надписью. Покажи на рисунке стрелкой любой предмет (любую деталь) из ткани, и предмет (любую деталь) из дерева. Подпиши название материала рядом с каждой стрелкой.",Нет,Нет
vpr_sd_942217,okr,4,"На интернет-сайтах погоды можно встретить подобные таблицы. Изучи прогноз погоды на трое суток по приведённой ниже таблице. Выбери верные утверждения об ожидаемой погоде на эти трое суток и запиши в строку ответа их номера. 1) В понедельник ожидаются сильные дожди. 2) Ночь в понедельник будет самой холодной в течение трёх суток. 3) Во вторник вечером будет дуть ветер такого же направления, как и в",Нет,Нет
vpr_sd_942213,okr,4,"Рассмотри изображение человека. Покажи стрелками и подпиши стопу , лёгкие и бедренную кость человека так, как показано на примере.",Нет,Нет
vpr_sd_942214,okr,4,"Составь два правила сохранения здоровья и правильного поведения человека из приведённых частей фраз: для этого к каждой позиции первого столбца подбери соответствующую позицию из второго столбца. НАЧАЛО ФРАЗЫ А) Чтобы избежать переохлаждения во время прогулки, Б) Чтобы не заразиться во время эпидемии гриппа, ПРОДОЛЖЕНИЕ ФРАЗЫ 1) нужно одеваться по погоде. 2) нужно регулярно делать оздоровительную ",Нет,Нет
vpr_sd_942215,okr,4,"Карина решила провести опыт с выращиванием газона. Она выделила для посадки два расположенных рядом одинаковых участка земли. Один из участков весь день освещался солнцем, а другой был заслонён от солнца кустами и деревьями. На каждом из участков Карина сняла слой почвы, насыпала небольшой слой песка, чтобы вода не задерживалась на поверхности, и сверху насыпала специальный садовый грунт. После эт",Нет,Нет
vpr_sd_942204,okr,4,"На фотографиях изображены люди разных профессий за работой. Выбери ОДНУ из фотографий и запиши букву, под которой она приведена. Представитель какой профессии изображён на выбранной фотографии? Какую работу выполняют люди этой профессии? Какие материалы / какое оборудование используют представители этой профессии в работе?",Нет,Да
vpr_sd_942205,okr,4,"С 1962 года 12 апреля в нашей стране отмечается День космонавтики, а с 2011 года этот день отмечается во всём мире как Международный день полёта человека в космос. 2024 Обведи эту дату в календаре. Запиши, на какой день недели приходилась эта дата в 2024 году. Почему эта дата особенно важна для нашей страны? (Напиши ответ объёмом до пяти предложений.)",Нет,Нет
vpr_sd_942206,okr,4,"10.1. Запиши название региона: республики, или области, или края, или города, или автономного округа, в котором ты живёшь. 10.2. Что изображено на гербе твоего региона? Как называется главный город твоего региона? Какие природные или культурно-исторические достопримечательности есть в твоём регионе (укажи не менее двух)? Напиши об одной из этих достопримечательностей.",Нет,Нет
vpr_sd_942293,okr,4,"Рассмотри рисунок, на котором изображён спортивный магазин. Шахматы могут быть изготовлены из дерева. Они отмечены на рисунке стрелкой с соответствующей надписью. Покажи на рисунке стрелкой любой предмет (любую деталь) из металла и любой предмет (любую деталь) из пластмассы. Подпиши название соответствующего материала рядом с каждой стрелкой.",Нет,Нет
vpr_sd_942294,okr,4,На интернет-сайтах погоды можно встретить подобные таблицы. Изучи прогноз погоды на трое суток. Выбери все верные утверждения об ожидаемой погоде на эти трое суток и запиши в строку ответа их номера. 1) В воскресенье южный ветер изменится на юго-восточный. 2) С утра до вечера субботы влажность воздуха существенно не изменится. 3) На протяжении трёх суток ожидается выпадение осадков в виде снега. 4,Нет,Нет
vpr_sd_942290,okr,4,"Рассмотри изображение человека. Покажи стрелками и подпиши шею , бедро и лопаткe человека так, как показано на примере.",Нет,Нет
vpr_sd_942291,okr,4,"Составь два правила сохранения здоровья человека из приведённых частей фраз: для этого к каждой позиции первого столбца подбери соответствующую позицию из второго столбца. НАЧАЛО ФРАЗЫ А) Чтобы избежать укуса змеи во время похода в лес, Б) Чтобы во время купания в море тебя не ужалила медуза, ПРОДОЛЖЕНИЕ ФРАЗЫ 1) старайся не купаться после шторма. 2) надевай плотные брюки и высокие сапоги. 3) наде",Нет,Нет
vpr_sd_942284,okr,4,"Павел решил провести наблюдения за движением стальных шариков по наклонной поверхности. Он взял две доски длиной по 50 см и установил их на площадке под разным углом к земле. Затем Павел взял два одинаковых стальных шарика, отметил на каждой доске точку «Старт» на одинаковом расстоянии от верхней части доски и стал одновременно пускать шарики по каждой из досок с этой точки.",Нет,Нет
vpr_sd_942281,okr,4,"На фотографиях изображены предметы, с которыми работают представители определённых профессий. Выбери одну из фотографий и запиши букву, под которой она приведена. Представители какой профессии работают с изображённым(-⁠и) на выбранной фотографии предметом(-⁠ами)? Если ты знаешь много профессий, представители которых работают с выбранным(-⁠и) тобой предметом(-⁠ами), назови любую из них. Какую работ",Нет,Да
vpr_sd_942282,okr,4,"20 апреля у дедушки Лены день рождения. В этот день Лена с родителями всегда приезжают в гости к дедушке и бабушке. 2025 Обведи эту дату в календаре. Запиши, на какой день недели приходится эта дата в 2025 году. Как ты думаешь, почему для ребёнка полезно общение с пожилыми людьми (бабушками и дедушками)? (Напиши ответ объёмом до пяти предложений.)",Нет,Нет
vpr_sd_945878,okr,4,На интернет-сайтах погоды можно встретить подобные таблицы. Внимательно изучи прогноз погоды на трое суток. Выбери верные утверждения об ожидаемой погоде на эти трое суток и запиши в строку ответа их номера. 1) В течение трёх суток будет наблюдаться облачная погода с прояснениями. 2) Самой холодной ожидается ночь в понедельник. 3) В ночь с субботы на воскресенье будет дуть северо-восточный ветер. ,Нет,Да
vpr_sd_945869,okr,4,"Внимательно изучи по таблице прогноз погоды на трое суток. Прочитай утверждения о погоде, которая снимется в указанные сутки. Выбери неверные утверждения, запиши их номера в специально отведенную строку. 1) В субботу будет преобладать западный ветер. 2) Самая низкая температура воздуха ожидается в воскресенье ночью. 3) Вечером в субботу и вечером в воскресенье влажность воздуха будет одинаковая. 4",Нет,Да
vpr_sd_945871,okr,4,"Внимательно изучи по таблице прогноз погоды на трое суток. Прочитай утверждения о погоде, которая ожидается в указанные сутки. Выбери верные утверждения, запиши их номера в специально отведённую строку. 1) Самая высокая влажность воздуха ожидается в четверг утром. 2) Самое прохладное утро будет в четверг. 3) Во вторник утром без зонта не обойтись. 4) Северо-западный ветер будет преобладать во все ",Нет,Да
vpr_sd_945875,okr,4,"Внимательно изучи по таблице прогноз погоды на трое суток. Прочитай утверждения о погоде, которая ожидается в указанные сутки. Выбери неверные утверждения, запиши их номера в специально отведённую строку. 1) На протяжении трёх суток снега не ожидается. 2) В каждый из указанных дней недели в какое-либо время суток будет температура воздуха 0 °C. 3) Южный ветер будет дуть ночью в четверг и утром в п",Нет,Да
vpr_sd_945687,okr,4,"Внимательно изучи по таблице прогноз погоды на трое суток. Прочитай утверждения о погоде, которая снимется в указанные сутки. Выбери неверные утверждения, запиши их номера в специально отведенную строку. 1) В воскресенье направление ветра будет изменчиво. 2) В пятницу будет преобладать северо-западный ветер. 3) В субботу днём температура будет выше, чем в остальные дни. 4) В воскресенье ночью пого",Нет,Да
vpr_sd_945726,okr,4,На интернет-сайтах погоды можно встретить подобные таблицы. Внимательно изучи прогноз погоды на трое суток. Выбери верные утверждения об ожидаемой погоде на эти трое суток и запиши в строку ответа их номера. 1) В среду днём ожидается ясная погода. 2) В течение трёх суток температура воздуха будет повышаться. 3) Утром в среду ветер сменится с южного на юго-западный. 4) Максимальная за трое суток вл,Нет,Да
vpr_sd_945681,okr,4,"Внимательно изучи по таблице прогноз погоды на трое суток. Прочитай утверждения о погоде, которая ожидается в указанные сутки. Выбери верные утверждения, запиши их номера в специально отведенную строку. 1) В понедельник будет преобладать восточный ветер. 2) В воскресенье температура не опустится ниже нуля. 3) Самая высокая температура ожидается в понедельник днём. 4) С субботы на воскресенье влажн",Нет,Да
vpr_sd_945873,okr,4,"Внимательно изучи по таблице прогноз погода на трое суток. Прочитай утверждения о погоде, которая ожидается в указанные сутки. Выбери неверные утверждения, запиши их номера в специально отведённую строку. 1) В среду ветер будет переменным. 2) В понедельник может понадобиться зонт. 3) Прогнозируемые показатели облачности и атмосферных осадков во вторник и среду одинаковые. 4) Среда будет более жарк",Нет,Да
vpr_sd_945680,okr,4,"Внимательно изучи по таблице прогноз погоды на трое суток. Прочитай утверждения о погоде, которая ожидается в указанные сутки. Выбери верные утверждения, запиши их номера в специально отведённую строку. 1) Во вторник вечером осадков не ожидается. 2) В среду температура достигнет 24 °C. 3) На протяжении вторника и среды будет преобладать северо-западный ветер. 4) Самая низкая влажность воздуха ожид",Нет,Да
vpr_sd_945865,okr,4,"Внимательно изучи по таблице прогноз погоды на трое суток. Прочитай утверждения о погоде, которая ожидается в указанные сутки. Выбери верные утверждения, запиши их номера в специально отведенную строку. 1) В воскресенье ожидается переменный ветер. 2) Влажность воздуха в понедельник не превысит 90%. 3) В субботу выпадет снег, который не растает до понедельника. 4) Самая низкая утренняя температура ",Нет,Да
vpr_sd_945864,okr,4,"Внимательно изучи по таблице прогноз погоды на трое суток. Прочитай утверждения о погоде, которая ожидается в указанные сутки. Выбери неверные утверждения, запиши их номера в специально отведённую строку. 1) На протяжении трёх суток показатели влажности воздуха не будут превышать 60%. 2) На протяжении трёх суток сохранится жаркая погода. 3) Показатели облачности и атмосферных осадков в указанные д",Нет,Да
vpr_sd_945691,okr,4,На интернет-сайтах погоды можно встретить подобные таблицы. Внимательно изучи прогноз погоды на трое суток. Выбери верные утверждения об ожидаемой погоде на эти трое суток и запиши в строку ответа их номера. 1) С понедельника на вторник направление ветра не изменится. 2) В понедельник температура опустится ниже нуля. 3) В среду не ожидается осадков. 4) Во вторник днём влажность воздуха не превысит,Нет,Да
vpr_sd_944200,okr,4,"На интернет-сайтах погоды можно встретить подобные таблицы. Изучи прогноз погоды на трое суток. Выбери верные утверждения об ожидаемой погоде на эти трое суток и запиши в строку ответа их номера. 1) В среду температура воздуха не превысит 30 °C. 2) В четверг будет дуть юго-западный ветер. 3) Самая большая влажность воздуха ожидается утром, в один из дней наблюдения. 4) На протяжении всех трёх суто",Нет,Да
vpr_sd_944180,okr,4,"На интернет-сайтах погоды можно встретить подобные таблицы. Изучи прогноз погоды на трое суток. Выбери верные утверждения об ожидаемой погоде на эти трое суток и запиши в строку ответа их номера. 1) В среду самая низкая температура будет –22 °C. 2) Во вторник днём будет солнечно. 3) В четверг, во второй половине дня, влажность воздуха не изменится. 4) Под утро в среду северо-западный ветер перемен",Нет,Да
vpr_sd_945720,okr,4,На интернет-сайтах погоды можно встретить подобные таблицы. Внимательно изучи прогноз погоды на трое суток. Выбери верные утверждения об ожидаемой погоде на эти трое суток и запиши в строку ответа их номера. 1) В среду снегопады прекратятся. 2) Вторник будет самым тёплым из трёх суток. 3) В ночь со среды на четверг ветер поменяет своё направление. 4) На протяжении трёх суток влажность воздуха мало,Нет,Да
vpr_sd_945243,okr,4,"Владислав проводил наблюдения за растворением веществ в воде. Он взял два одинаковых стакана, налил в них одинаковое количество воды: в один стакан горячую, в другой холодную. В каждый стакан он положил по одному кусочку сахара. Оба стакана Владислав поставил на стол и стал наблюдать за растворением сахара. Сравни условия растворения сахара в описанном опыте. Подчеркни в каждой строке одно из выде",Нет,Нет
vpr_sd_945281,okr,4,"Вера проводила наблюдения за прорастанием семян. Чтобы выяснить, как влажность влияет на прорастание семян, она взяла два стакана, положила в каждый стакан по 10 одинаковых семян гороха. На дно одного из стаканов она положила влажную тряпочку. Оба стакана Вера оставила в классе на столе и каждый день смачивала тряпочку в одном стакане небольшим количеством воды. Через несколько дней семена в стака",Нет,Нет
vpr_sd_945117,okr,4,"Артём проводил наблюдения за прорастанием семян гороха и появившимися ростками. Чтобы выяснить, влияет ли освещённость на скорость прорастания, он взял два стакана, положил в каждый из них несколько одинаковых семян гороха и залил водой из одной бутылки так, чтобы семена были полностью в воде. Оба стакана Артём поставил на стол под лампу дневного освещения, но один из них заслонил от лампы картонн",Нет,Нет
vpr_sd_945215,okr,4,"Степан решил провести опыт с таянием льда. Он достал из морозильника одинаковые кусочки льда, приготовленные с помощью специальной формы, и положил несколько кусочков в кастрюлю с холодной водой и столько же кусочков в кастрюлю с таким же количеством горячей воды. Через некоторое время лёд в горячей воде растаял. Позже растаял лёд в холодной воде. Сравни условия таяния льда в разных кастрюлях в оп",Нет,Нет
vpr_sd_943471,okr,4,"При засушивании фруктов влага из них испаряется и фрукты теряют вес. Роман решил провести опыт с засушиванием яблок. Он взял несколько одинаковых яблок и разделил их на две одинаковые по весу части. Одну часть яблок Роман нарезал тонкими кусочками и положил на первый поднос, а другую часть яблок он нарезал толстыми кусочками и положил на второй поднос. Подносы он поставил в комнате рядом друг с др",Нет,Нет
vpr_sd_945169,okr,4,"Олеся решила провести опыт с кипячением воды. Она взяла две одинаковые по форме ёмкости — металлические кастрюли, налила в них с помощью мерного стакана одинаковое количество холодной воды одинаковой температуры. Затем Олеся закрыла одну из ёмкостей крышкой, а другую оставила открытой и поставила на две одинаковые конфорки электроплиты, включив одновременно одинаковый режим нагревания на обеих кон",Нет,Нет
vpr_sd_944676,okr,4,"Антон решил дома провести опыт с таянием льда. Для этого он взял два одинаковых кусочка льда, которые приготовил в морозильнике с помощью специальной ячеистой формы для льда. Один кусочек он положил на стеклянное блюдце и поставил блюдце на стол, а другой — на деревянную дощечку и положил её на стол рядом блюдцем",Нет,Нет
vpr_sd_942310,okr,4,"Рассмотри рисунок, на котором изображён спортивный магазин. Рюкзак может быть изготовлен из ткани. Он отмечен на рисунке стрелкой с соответствующей надписью. Покажи на рисунке стрелкой любой предмет (любую деталь) из металла и любой предмет (любую деталь) из дерева. Подпиши название соответствующего материала рядом с каждой стрелкой.",Нет,Нет
vpr_sd_942311,okr,4,"На интернет-сайтах погоды можно встретить подобные таблицы. Изучи прогноз погоды на трое суток. Выбери все верные утверждения об ожидаемой погоде на эти трое суток и запиши в строку ответа их номера. 1) В среду будет холоднее, чем в остальные дни. 2) В понедельник утром будет дуть западный ветер. 3) Во вторник влажность воздуха утром будет меньше, чем днём. 4) В среду ожидаются осадки в виде снега",Нет,Нет
vpr_sd_942304,okr,4,Рассмотри карту мира. На ней буквами А и Б отмечены два материка. Карта составлена по состоянию на 01.01.2016 Запиши название каждого материка в отведённое для этого поле. Название материка А | Название материка Б // |,Нет,Да
vpr_sd_942307,okr,4,"Рассмотри изображение человека. Покажи стрелками и подпиши локоть , бедро и рёбра человека так, как показано на примере.",Нет,Нет
vpr_sd_942300,okr,4,"Составь два правила сохранения здоровья человека из приведённых частей фраз: для этого к каждой позиции первого столбца подбери соответствующую позицию из второго столбца. НАЧАЛО ФРАЗЫ А) Если незнакомый человек предлагает куда-то с ним пойти, Б) Если на улице к тебе подбежала незнакомая собака, ПРОДОЛЖЕНИЕ ФРАЗЫ 1) надень спасательный жилет. 2) не соглашайся и срочно позвони родителям. 3) не надо",Нет,Нет
vpr_sd_942298,okr,4,"На фотографиях изображены предметы, которые используют представители одной профессии. Представители какой профессии используют изображённые на фотографиях предметы? Какую работу выполняют люди этой профессии? Чем работа людей этой профессии полезна обществу? А Б В",Нет,Да
vpr_sd_942299,okr,4,"12 декабря в России отмечается День Конституции Российской Федерации. 2025 Обведи эту дату в календаре. Запиши, на какой день недели приходилась эта дата в 2025 году. Согласно Конституции РФ, Президент России избирается всенародным голосованием. Почему важно, чтобы в выборах главы государства приняли участие все граждане, имеющие право голоса? (Напиши ответ объёмом до пяти предложений.)",Нет,Нет
vpr_sd_942292,okr,4,"10.1. Запиши название региона: республики, или области, или края, или автономного округа, в котором ты живёшь. 10.2. Что изображено на гербе твоего региона? Как называется главный город твоего региона? Какие звери встречаются в природе твоего региона (укажи не менее трёх зверей)? Опиши одного из этих зверей. Чем питается этот зверь?",Нет,Нет
vpr_sd_944702,okr,4,"Рассмотри рисунок, на котором изображены коньки на льду. Лёд может быть изготовлен из воды. Он отмечен на рисунке стрелкой с соответствующей надписью. Покажи на рисунке стрелкой любой предмет (любую деталь) из металла и любой предмет (любую деталь) из кожи. Подпиши название соответствующего материала рядом с каждой стрелкой.",Нет,Да
vpr_sd_944435,okr,4,"Рассмотри рисунок, на котором изображён двор с колодцем. Дорожка от колодца выложена из камня. Она отмечена на рисунке стрелкой с соответствующей надписью. Покажи на рисунке стрелкой любой предмет (любую деталь) из резины и любой предмет (любую деталь) из металла. Подпиши название соответствующего материала рядом с каждой стрелкой.",Нет,Да
vpr_sd_944494,okr,4,"Рассмотри рисунок, на котором изображён магазин новогодних украшений. Маска может быть изготовлена из пластмассы. Она отмечена на рисунке стрелкой с соответствующей надписью. Покажи на рисунке стрелкой любой предмет (любую деталь) из картона и любой предмет (любую деталь) из дерева. Подпиши название соответствующего материала рядом с каждой стрелкой.",Нет,Да
vpr_sd_945226,okr,4,"Рассмотри рисунок, на котором изображена стоянка туристов. Лавка изготовлена из дерева. Она отмечена на рисунке стрелкой с соответствующей надписью. Покажи на рисунке стрелкой любой предмет (любую деталь) из резины и любой предмет (любую деталь) из ткани. Подпиши название соответствующего материала рядом с каждой стрелкой.",Нет,Да
vpr_sd_943325,okr,4,"Рассмотри рисунок, на котором изображены предметы с садового участка. Цветочный горшок может быть изготовлен из глины. Он отмечен на рисунке стрелкой с соответствующей надписью. Покажи на рисунке стрелкой любой предмет (любую деталь) из дерева и любой предмет (любую деталь) из пластика. Подпиши название соответствующего материала рядом с каждой стрелкой.",Нет,Да
vpr_sd_945338,okr,4,"Рассмотри рисунок, на котором изображена кухня. Ваза изготовлена из стекла. Она отмечена на рисунке стрелкой с соответствующей надписью. Покажи на рисунке стрелкой любой предмет (любую деталь) из металла и любой предмет (любую деталь) из дерева. Подпиши название соответствующего материала рядом с каждой стрелкой.",Нет,Да
vpr_sd_945348,okr,4,"Рассмотри рисунок, на котором изображена стоянка туристов. Котелок изготовлен из металла. Он отмечен на рисунке стрелкой с соответствующей надписью. Покажи на рисунке стрелкой любой предмет (любую деталь) из дерева и любой предмет (любую деталь) из резины. Подпиши название соответствующего материала рядом с каждой стрелкой.",Нет,Да
vpr_sd_943707,okr,4,"Рассмотри рисунок, на котором изображён автомобиль. Крышка фары автомобиля может быть изготовлена из пластика. Она отмечена на рисунке стрелкой с соответствующей надписью. Покажи на рисунке стрелкой любой предмет (любую деталь) из металла и любой предмет (любую деталь) из резины. Подпиши название соответствующего материала рядом с каждой стрелкой.",Нет,Да
vpr_sd_944418,okr,4,"Рассмотри рисунок, на котором изображена беседка в саду. Фонарь может быть изготовлен из стекла Он отмечен на рисунке стрелкой с соответствующей надписью. Покажи на рисунке стрелкой любой предмет (любую деталь) из дерева и любой предмет (любую деталь) из металла. Подпиши название соответствующего материала рядом с каждой стрелкой.",Нет,Да
vpr_sd_945180,okr,4,"Рассмотри рисунок, на котором изображён живой уголок. Горшок для цветов изготовлен из глины. Он отмечен на рисунке стрелкой с соответствующей надписью. Покажи на рисунке стрелкой любой предмет (любую деталь) из металла и любой предмет (любую деталь) из стекла. Подпиши название соответствующего материала рядом с каждой стрелкой.",Нет,Да
vpr_sd_943248,okr,4,"Рассмотри рисунок, на котором изображён спортивный магазин. Шины велосипеда могут быть изготовлены из резины. Они отмечены на рисунке стрелкой с соответствующей надписью. Покажи на рисунке стрелкой любой предмет (любую деталь) из металла и любой предмет (любую деталь) из ткани. Подпиши название соответствующего материала рядом с каждой стрелкой.",Нет,Да
vpr_sd_943205,okr,4,"Рассмотри рисунок, на котором изображён автомобиль. Крышка фары автомобиля может быть изготовлена из пластика. Она отмечена на рисунке стрелкой с соответствующей надписью. Покажи на рисунке стрелкой любой предмет (любую деталь) из стекла и любой предмет (любую деталь) из ткани. Подпиши название соответствующего материала рядом с каждой стрелкой.",Нет,Да
vpr_sd_943299,okr,4,"Рассмотри рисунок, на котором изображена стоянка туристов. Гитара изготовлена из дерева. Она отмечена на рисунке стрелкой с соответствующей надписью. Покажи на рисунке стрелкой любой предмет (любую деталь) из металла и любой предмет (любую деталь) из ткани. Подпиши название соответствующего материала рядом с каждой стрелкой.",Нет,Да
vpr_sd_943690,okr,4,"Рассмотри рисунок, на котором изображён автобус на остановке. Крышка фары автобуса может быть изготовлена из пластика. Она отмечена на рисунке стрелкой с соответствующей надписью. Покажи на рисунке стрелкой любой предмет (любую деталь) из дерева и любой предмет (любую деталь) из резины. Подпиши название соответствующего материала рядом с каждой стрелкой.",Нет,Да
vpr_sd_944207,okr,4,"Рассмотри рисунок, на котором изображён школьный кабинет. Корпус проектора может быть изготовлен из пластмассы. Он отмечен на рисунке стрелкой с соответствующей надписью. Покажи на рисунке стрелкой любой предмет (любую деталь) из дерева и любой предмет (любую деталь) из стекла. Подпиши название соответствующего материала рядом с каждой стрелкой.",Нет,Да
vpr_sd_945695,okr,4,"Внимательно рассмотри рисунки предметов. Это изображения посуды и столовых приборов. Стрелкой с надписью «стекло» отмечен стакан, который может быть сделан из этого материала. По образцу отметь любой предмет, который может быть сделан из глины, и любой предмет, который может быть сделан из металла.",Нет,Да
vpr_sd_945886,okr,4,"Внимательно рассмотри рисунки предметов. Это изображения канцелярских принадлежностей. Стрелкой с надписью «пластик» отмечен калькулятор, который может быть сделан из этого материала. По образцу отметь любой предмет, который может быть сделан из бумаги, и любой предмет, который может быть сделан из дерева.",Нет,Да
vpr_sd_945692,okr,4,"Внимательно рассмотри рисунки предметов. Это изображения канцелярских принадлежностей. Стрелкой с надписью «резина» отмечен ластик, который может быть сделан из этого материала. По образцу отметь любой предмет, который может быть сделан из бумаги, и любой предмет, который может быть сделан из пластика.",Нет,Да
vpr_sd_945893,okr,4,"Внимательно рассмотри рисунок, на котором изображён автобус на остановке. Крышка фары автобуса может быть изготовлена из пластика. Она отмечена на рисунке стрелкой с соответствующей надписью. Какие предметы или детали среди изображённых на рисунке могут быть сделаны из дерева, а какие — из резины? Укажи на рисунке стрелкой любой предмет (деталь) из дерева и любой предмет (деталь) из резины. Подпиш",Нет,Да
vpr_sd_945888,okr,4,"Внимательно рассмотри рисунок, на котором изображена комната. Внутренняя часть окна может быть изготовлена из стекла. Она отмечена на рисунке стрелкой с соответствующей надписью. Какие предметы или детали среди изображённых на рисунке могут быть сделаны из металла, а какие — из бумаги? Укажи на рисунке стрелкой любой предмет (деталь) из металла и любой предмет (деталь) из бумаги. Подпиши название ",Нет,Да
vpr_sd_945890,okr,4,"Внимательно рассмотри рисунки предметов. Это изображения канцелярских принадлежностей. Стрелкой с надписью «дерево» отмечена линейка, которая может быть сделана из этого материала. По образцу отметь любой предмет, который может быть сделан из пластика и любой предмет, который может быть сделан из бумаги.",Нет,Да
vpr_sd_945880,okr,4,"Внимательно рассмотри рисунки предметов. Это изображения канцелярских принадлежностей. Стрелкой с надписью «резина» отмечен ластик, который может быть сделан из этого материала. По образцу отметь любой предмет, который может быть сделан из дерева, и любой предмет, который может быть сделан из металла.",Нет,Да
vpr_sd_945891,okr,4,"Внимательно рассмотри рисунки предметов. Это изображения спортивного инвентаря. Стрелкой с надписью «дерево» отмечены лыжи, которые могут быть сделаны из этого материала. По образцу отметь любой предмет, который может быть сделан из пластика, и любой предмет (или его часть), который может быть сделан из металла.",Нет,Да
vpr_sd_945694,okr,4,"Внимательно рассмотри рисунки предметов. Это изображения спортивного инвентаря. Стрелкой с надписью «металл» отмечена гиря, которая может быть сделана из этого материала. По образцу отметь любой предмет, который может быть сделан из дерева, и любой предмет (или его часть), который может быть сделан из пластика.",Нет,Да
vpr_sd_945731,okr,4,"Внимательно рассмотри рисунок, на котором изображена детская комната. Внутренняя часть окна может быть изготовлена из стекла. Она отмечена на рисунке стрелкой с соответствующей надписью. Какие предметы или детали среди изображённых на рисунке могут быть сделаны из металла, а какие — из дерева? Укажи на рисунке стрелкой любой предмет (деталь) из металла и любой предмет (деталь) из дерева. Подпиши н",Нет,Да
vpr_sd_945881,okr,4,"Внимательно рассмотри рисунки предметов. Это изображения игрушек. Стрелкой с надписью «дерево» отмечены кубики, которые могут быть сделаны из этого материала. По образцу отметь любой предмет, который может быть сделан из металла, и любой предмет, который может быть сделан из пластика.",Нет,Да
vpr_sd_944187,okr,4,"Рассмотри рисунок, на котором изображён школьный спортзал. Его стена может быть изготовлена из бетона. Она отмечена на рисунке стрелкой с соответствующей надписью. Покажи на рисунке стрелкой любой предмет (любую деталь) из дерева и любой предмет (любую деталь) из стекла. Подпиши название соответствующего материала рядом с каждой стрелкой.",Нет,Да
vpr_sd_945689,okr,4,"Внимательно рассмотри рисунки предметов. Это изображения садовых и огородных инструментов и принадлежностей. Стрелкой с надписью «металл» отмечена лейка, которая может быть сделана из этого материала. По образцу отметь любой предмет (или его часть), который может быть сделан из пластика, и любой предмет (или его часть), который может быть сделан из стекла.",Нет,Да
vpr_sd_945725,okr,4,"Внимательно рассмотри рисунок, на котором изображён рабочий стол. Книга может быть изготовлена из бумаги. Она отмечена на рисунке стрелкой с соответствующей надписью. Какие предметы или детали среди изображённых на рисунке могут быть сделаны из металла, а какие — из стекла? Укажи на рисунке стрелкой любой предмет (деталь) из металла и любой предмет (деталь) из стекла. Подпиши название соответствую",Нет,Да
vpr_sd_945887,okr,4,"Внимательно рассмотри рисунки предметов. Это изображения посуды и столовых приборов. Стрелкой с надписью «металл» отмечена ложка, которая может быть сделана из этого материала. По образцу отметь любой предмет, который может быть сделан из стекла, и любой предмет, который может быть сделан из глины.",Нет,Да
vpr_sd_944762,okr,4,"Рассмотри рисунок, на котором изображена стоянка туристов. Рюкзак может быть изготовлен из ткани. Он отмечен на рисунке стрелкой с соответствующей надписью. Покажи на рисунке стрелкой любой предмет (любую деталь) из металла и любой предмет (любую деталь) из дерева. Подпиши название соответствующего материала рядом с каждой стрелкой.",Нет,Да
vpr_sd_944402,okr,4,На интернет-сайтах погоды можно встретить подобные таблицы. Изучи прогноз погоды на трое суток по приведённой ниже таблице. Выбери верные утверждения об ожидаемой погоде на эти трое суток и запиши в строку ответа их номера. 1) В течение трёх суток ожидаются дожди. 2) Самая низкая температура воздуха во вторник будет утром. 3) В понедельник в течение суток будет дуть ветер одного направления. 4) В ,Нет,Нет
vpr_sd_943125,okr,4,"Рассмотри изображение человека. Покажи стрелками и подпиши поясницу, колено и желудок человека так, как показано на примере.",Нет,Да
vpr_sd_942993,okr,4,"Составь два правила сохранения здоровья человека из приведённых частей фраз: для этого к каждой позиции первого столбца подбери соответствующую позицию из второго столбца. НАЧАЛО ФРАЗЫ А) Чтобы поддерживать нормальную работу своего сердца, Б) Чтобы успевать сделать все намеченные дела, ПРОДОЛЖЕНИЕ ФРАЗЫ 1) нужно больше играть в настольные игры. 2) нужно регулярно делать оздоровительную гимнастику ",Нет,Нет
vpr_sd_945159,okr,4,"Ольга проводила наблюдения за прорастанием семян. Чтобы выяснить, влияет ли температура на прорастание семян, она взяла два стакана, положила в каждый из них влажную тряпочку и по 10 одинаковых семян гороха. Один из стаканов она убрала в холодильник, а другой — в кухонный шкаф и стала наблюдать, не забывая каждый день смачивать тряпочки в обоих стаканах небольшим количеством воды. Вскоре Ольга обн",Нет,Нет
vpr_sd_944814,okr,4,"Начало опыта Окончание опыта Ольга проводила наблюдения за прорастанием семян гороха. Чтобы выяснить,влияет ли температура на прорастание, она взяла два стакана, положила в каждый из них влажную тряпочку и по десять одинаковых семян гороха. Один из стаканов она оставила в классе на столе, накрыв коробкой, а другой убрала в холодильник и стала наблюдать. Вскоре Ольга обнаружила, что в стакане на ст",Нет,Нет
vpr_sd_944144,okr,4,"На фотографиях изображены технические средства, с которыми работают представители разных профессий. Выбери ОДНУ из фотографий и запиши букву, которой она обозначена. Представители какой профессии работают с изображёнными на выбранной фотографии техническими средствами? Если ты знаешь много профессий, представители которых работают с выбранным(-и) тобой техническим(-и) средством(-ами), назови любую",Нет,Да
vpr_sd_943835,okr,4,"16 мая в мире отмечается Международный день света. 2020 Запиши, на какой день недели приходится эта дата в 2020 году. Исследованиям света и изобретениям в области световых технологий уделяется большое внимание учёных всего мира. Как ты думаешь, каким образом свет влияет на нашу повседневную жизнь, а также на окружающий мир? (Напиши ответ объёмом до пяти предложений).",Нет,Нет
vpr_sd_944146,okr,4,"10.1. Запиши название региона: республики, или области, или края, или города, или автономного округа, в котором ты живёшь. Как называется главный город твоего региона? 10.2. Каких сельскохозяйственных животных разводят в твоём регионе? Какие растения встречаются в природе твоего региона (укажи не менее трёх растений)? Опиши одно из этих растений. Как это растение используется людьми?",Нет,Нет
vpr_sd_944772,okr,4,На интернет-сайтах погоды можно встретить подобные таблицы. Изучи прогноз погоды на трое суток. Выбери все верные утверждения об ожидаемой погоде на эти трое суток и запиши в строку ответа их номера. 1) В четверг возможны осадки. 2) Самой тёплой за трое суток ожидается ночь в среду. 3) В течение вторника ветер будет дуть в одном направлении. 4) В четверг влажность воздуха превысит 70%.,Нет,Нет
vpr_sd_945749,okr,4,Рассмотри карту. На ней буквами А и Б отмечены две природные зоны. Карта составлена по состоянию на 01.01.2017 Запиши название каждой природной зоны в отведённое для этого поле. Название природной зоны А | Название природной зоны Б // |,Нет,Да
vpr_sd_944648,okr,4,"Рассмотри изображение человека. Покажи стрелками и подпиши локоть, лодыжку и кишечник человека так, как показано на примере.",Нет,Да
vpr_sd_942624,okr,4,Составь два правила сохранения здоровья и правильного поведения человека из приведённых частей фраз: для этого к каждой позиции первого столбца подбери соответствующую позицию из второго столбца. НАЧАЛО ФРАЗЫ А) При небольшом обморожении рекомендуется Б) При небольшом ожоге кожи рекомендуется ПРОДОЛЖЕНИЕ ФРАЗЫ 1) обливать поражённую часть тела холодной водой. 2) наложить на поражённую часть тела с,Нет,Нет
vpr_sd_945462,okr,4,"Начало опыта Окончание опыта Лена проводила наблюдения за прорастанием семян гороха. Чтобы выяснить, влияет ли наличие света на прорастание, она взяла два стакана, положила в каждый из них влажную тряпочку и по десять одинаковых семян гороха. Один из стаканов она оставила в классе на столе, другой убрала в тёмный шкаф и стала наблюдать. Вскоре Лена обнаружила, что семена проросли в обоих стаканах",Нет,Нет
vpr_sd_945633,okr,4,"На фотографиях изображены люди разных профессий за работой. Выбери ОДНУ из фотографий и запиши букву, под которой она приведена. Представитель какой профессии изображён на фотографии? Какую работу выполняют люди этой профессии? Чем работа людей этой профессии полезна обществу?",Нет,Да
vpr_sd_943688,okr,4,"1 сентября в России отмечается День знаний. 2020 Обведи эту дату в календаре. Запиши, на какой день недели приходится эта дата в 2020 году. Как ты думаешь, почему важно, чтобы государство уделяло большое внимание развитию образования? (Напиши ответ объёмом до пяти предложений.)",Нет,Нет
vpr_sd_945217,okr,4,"10.1. Запиши название района города, в котором ты живёшь. 10.2. Что изображено на гербе твоего города? Кого принято считать основателем твоего города? Какие музеи находятся в твоём городе (укажи не менее двух)? Напиши о своём посещении одного из этих музеев (какие экспонаты представлены, что тебя больше всего заинтересовало, что понравилось).",Нет,Нет
vpr_sd_942797,okr,4,"Рассмотри рисунок, на котором изображён двор с колодцем. Шланг может быть изготовлен из резины. Он отмечен на рисунке стрелкой с соответствующей надписью. Покажи на рисунке стрелкой любой предмет (любую деталь) из металла и любой предмет (любую деталь) из дерева. Подпиши название соответствующего материала рядом с каждой стрелкой.",Нет,Да
vpr_sd_944462,okr,4,На интернет-сайтах погоды можно встретить подобные таблицы. Изучи прогноз погоды на трое суток. Выбери все верные утверждения об ожидаемой погоде на эти трое суток и запиши в строку ответа их номера. 1) Влажность воздуха в течение всех трёх суток будет колебаться в пределах от 60% до 70%. 2) Во вторник в течение суток ожидается дождь. 3) В среду будет преобладать восточный ветер. 4) В понедельник ,Нет,Нет
vpr_sd_942640,okr,4,"Рассмотри изображение человека. Покажи стрелками и подпиши бедро, головной мозг и большой палец руки человека так, как показано на примере.",Нет,Да
vpr_sd_945625,okr,4,"Полина решила провести опыт с растворимостью соли в воде. Чтобы выяснить, влияет ли количество соли на скорость её растворения, она взяла два одинаковых прозрачных стакана, заполнила их наполовину тёплой водой с температурой 40 °C. В первый стакан Полина насыпала одну чайную ложку соли, а во второй — три чайные ложки. Оба стакана она оставила на столе и стала наблюдать за растворением соли. Сравни",Нет,Нет
vpr_sd_945485,okr,4,"На фотографиях изображены люди разных профессий за работой. Выбери одну из фотографий и запиши букву, под которой она приведена. Представитель какой профессии изображён на выбранной фотографии? Какую работу выполняют люди этой профессии? Чем работа людей этой профессии полезна обществу?",Нет,Да
vpr_sd_945634,okr,4,"Артём вместе со своими родителями 6 июля отправляется в путешествие. Обведи эту дату в календаре. Запиши, на какой день недели приходится эта дата в 2018 году. Как ты думаешь, почему важно, чтобы в семье родители и дети вместе проводили свободное время? (Напиши ответ объёмом до пяти предложений.) 2018",Нет,Нет
vpr_sd_945635,okr,4,"10.1. Запиши название региона: республики, или области, или края, или города, или автономного округа, в котором ты живёшь. 10.2. Какая река или какое озеро, побережье какого моря или какие горы есть в твоём регионе? Как называется главный город твоего региона? Какие памятники истории и культуры находятся в твоём регионе? Напиши об одном из этих памятников.",Нет,Нет
vpr_sd_942277,okr,4,На интернет-сайтах погоды можно встретить подобные таблицы. Изучи прогноз погоды на трое суток. Выбери верные утверждения об ожидаемой погоде на эти трое суток и запиши в строку ответа их номера. 1) Во вторник температура воздуха не опустится ниже 9 °C. 2) В среду в течение суток будет дуть юго-восточный ветер. 3) Влажность воздуха в четверг днём будет самая низкая за трое суток. 4) В четверг утро,Нет,Нет
vpr_sd_942278,okr,4,Рассмотри карту мира. На ней буквами А и Б отмечены два материка. Карта составлена по состоянию на 01.01.2021 Запиши название каждого материка в отведённое для этого поле. Название материка А | Название материка Б // |,Нет,Да
vpr_sd_942273,okr,4,"Рассмотри изображение человека. Покажи стрелками и подпиши ладонь , плечо и сердце человека так, как показано на примере.",Нет,Нет
vpr_sd_942274,okr,4,"Составь два правила сохранения здоровья человека из приведённых частей фраз: для этого к каждой позиции первого столбца подбери соответствующую позицию из второго столбца. НАЧАЛО ФРАЗЫ А) Чтобы реже простужаться, Б) Чтобы сохранить хорошее зрение, ПРОДОЛЖЕНИЕ ФРАЗЫ 1) ходи осторожно, не спеша. 2) регулярно принимай прохладный душ. 3) делай гимнастику для глаз в перерывах между занятиями. Запишите ",Нет,Нет
vpr_sd_942275,okr,4,"При засушивании фруктов влага из них испаряется и фрукты теряют вес. Мария решила провести опыт с засушиванием яблок. Она взяла несколько яблок, нарезала их кусочками одинаковой толщины и разделила получившиеся кусочки на две одинаковые по весу части. Каждую часть Мария разложила на отдельном подносе и поставила подносы рядом друг с другом на стол в углу комнаты. Она регулярно переворачивала кусоч",Нет,Нет
vpr_sd_942265,okr,4,"28 мая свой день рождения отмечает Всероссийское военно-патриотическое общественное движение «Юнармия». Обведи эту дату в календаре. 2025 Запиши, на какой день недели приходится эта дата в 2025 году. Дисциплинированность — важное качество юнармейцев. Как ты думаешь, почему любому человеку важно быть дисциплинированным? (Напиши ответ объёмом до пяти предложений.)",Нет,Нет
vpr_sd_942266,okr,4,"10.1. Запиши название региона: республики, или области, или края, или автономного округа, в котором ты живёшь. 10.2. Чем наиболее известен твой регион? Как называется главный город твоего региона? Какие растения встречаются в природе твоего региона (укажи не менее трёх растений)? Опиши одно любое из этих растений. Как это растение используется людьми?",Нет,Нет
vpr_sd_942996,okr,4,На интернет-сайтах погоды можно встретить подобные таблицы. Изучи прогноз погоды на трое суток по приведённой ниже таблице. Выбери верные утверждения об ожидаемой погоде на эти трое суток и запиши в строку ответа их номера. 1) На протяжении трёх суток самая высокая температура воздуха будет во вторник днём. 2) В понедельник ночью и утром будет дуть северный ветер. 3) Влажность воздуха не будет мен,Нет,Нет
vpr_sd_944699,okr,4,"Рассмотри изображение человека. Покажи стрелками и подпиши шею, желудок и указательный палец человека так, как показано на примере.",Нет,Да
vpr_sd_942976,okr,4,"Составь два правила сохранения здоровья человека из приведённых частей фраз: для этого к каждой позиции первого столбца подбери соответствующую позицию из второго столбца. НАЧАЛО ФРАЗЫ А) Чтобы утром, отправляясь в школу, ничего не забыть, Б) Чтобы спокойно отдохнуть и крепко уснуть, ПРОДОЛЖЕНИЕ ФРАЗЫ 1) полезно поиграть вечером в компьютерные игры. 2) полезно поиграть вечером в настольные игры. 3",Нет,Нет
vpr_sd_945309,okr,4,"Алина решила провести опыт с выращиванием газона. Она выделила для посадки два расположенных рядом одинаковых участка земли, не заслонённых от солнца кустами или деревьями. На обоих участках Алина сняла слой почвы, насыпала небольшой слой песка, чтобы вода не задерживалась на поверхности, и сверху насыпала разрыхлённую почву. При этом на одном из участков Алина добавила в почву удобрения, а на дру",Нет,Нет
vpr_sd_945452,okr,4,"День российской печати отмечается в нашей стране 13 января. 2020 Запиши, на какой день недели приходится эта дата в 2020 году. Как ты думаешь, зачем издают газеты и журналы? (Напиши ответ объёмом до пяти предложений.)",Нет,Нет
vpr_sd_944744,okr,4,"10.1. Запиши название региона: республики, или области, или края, или города, или автономного округа, в котором ты живёшь. 10.2. Каких сельскохозяйственных животных разводят в твоём регионе? Как называется главный город твоего региона? Какие растения встречаются в природе твоего региона (укажи не менее трёх растений)? Опиши одно из этих растений. Как это растение используется людьми?",Нет,Нет
vpr_sd_944631,okr,4,"Рассмотри рисунок, на котором изображён магазин канцелярских товаров. Витринная тумба может быть изготовлена из дерева. Она отмечена на рисунке стрелкой с соответствующей надписью. Покажи на рисунке стрелкой любой предмет (любую деталь) из пластмассы и любой предмет (любую деталь) из бумаги. Подпиши название соответствующего материала рядом с каждой стрелкой.",Нет,Да
vpr_sd_943987,okr,4,На интернет-сайтах погоды можно встретить подобные таблицы. Внимательно изучи прогноз погоды на трое суток. Выбери верные утверждения об ожидаемой погоде на эти трое суток и запиши в строку ответа их номера. 1) Самым холодным из трёх дней ожидается вторник. 2) В четверг ночью и утром будет дуть северо-восточный ветер. 3) Влажность воздуха во вторник не будет превышать 70%. 4) В среду весь день буд,Нет,Нет
vpr_sd_944009,okr,4,"Рассмотри изображение человека. Покажи стрелками и подпиши висок, колено и позвоночник человека так, как показано на примере.",Нет,Да
vpr_sd_945461,okr,4,"Составь два правила сохранения здоровья человека из приведённых частей фраз: для этого к каждой позиции первого столбца подбери соответствующую позицию из второго столбца. НАЧАЛО ФРАЗЫ А) Чтобы не потеряться и не заблудиться в лесу, Б) Чтобы не получить удар током, ПРОДОЛЖЕНИЕ ФРАЗЫ 1) не трогай руками электрические розетки. 2) надень непромокаемую обувь. 3) не ходи туда без сопровождения взрослых",Нет,Нет
vpr_sd_945253,okr,4,"Михаил проводил наблюдения за появлением плесени на ягодах крыжовника, которые он собрал на своей даче. Чтобы выяснить влияние температуры на развитие плесени, он взял два одинаковых блюдца и положил на каждое блюдце по 10 свежих ягод. Одно блюдце он поместил в кухонный шкаф, а другое убрал в холодильник и стал наблюдать. Через несколько дней Михаил обнаружил, что сначала плесень появилась на ягод",Нет,Нет
vpr_sd_945143,okr,4,"1 мая в нашей стране отмечается Праздник Весны и Труда. 2020 Обведи эту дату в календаре. Запиши, на какой день недели приходится эта дата в 2020 году. Как ты думаешь, почему важно, чтобы человек был трудолюбивым? (Напиши ответ объёмом до пяти предложений.)",Нет,Нет
vpr_sd_945765,okr,4,"10.1. Запиши название региона: республики, или области, или края, или автономного округа, в котором ты живёшь. 10.2. Как называется главный город твоего региона? 10.3. Какие река или озеро, побережье какого моря или какие горы есть в твоём регионе? Какие памятники истории и культуры находятся в твоём регионе? Расскажи об одном из этих памятников.",Нет,Нет
vpr_sd_943846,okr,4,"Рассмотри рисунок, на котором изображён спортивный магазин. Самокат изготовлен из металла. Он отмечен на рисунке стрелкой с соответствующей надписью. Покажи на рисунке стрелкой любой предмет (любую деталь) из пластмассы и любой предмет (любую деталь) из резины. Подпиши название соответствующего материала рядом с каждой стрелкой.",Нет,Да
vpr_sd_944157,okr,4,На интернет-сайтах погоды можно встретить подобные таблицы. Изучи прогноз погоды на трое суток. Выбери верные утверждения об ожидаемой погоде на эти трое суток и запиши в строку ответа их номера. 1) Во вторник ожидается самая холодная ночь. 2) В понедельник вечером будет дуть северо-западный ветер. 3) На протяжении всех трёх суток влажность воздуха не превысит 60%. 4) В среду утром будет идти дожд,Нет,Нет
vpr_sd_945255,okr,4,"Рассмотри изображение человека. Покажи стрелками и подпиши стопу, шею и рёбра человека так, как показано на примере.",Нет,Да
vpr_sd_943714,okr,4,"Составь два правила сохранения здоровья человека из приведённых частей фраз: для этого к каждой позиции первого столбца подбери соответствующую позицию из второго столбца. НАЧАЛО ФРАЗЫ А) Чтобы избежать травм при падении различных предметов во время сильного ветра, Б) Чтобы не перегреться, находясь на улице в жаркую солнечную погоду, ПРОДОЛЖЕНИЕ ФРАЗЫ 1) старайся находиться в местах, защищённых кр",Нет,Нет
vpr_sd_945653,okr,4,"В жаркий солнечный день Алёна решила провести опыт с испарением воды. Она взяла две одинаковые по форме ёмкости — металлические кастрюли, налила в них одинаковое количество тёплой воды одинаковой температуры и поставила одну кастрюлю на освещённое солнцем место, а другую в прохладное тенистое место. Через некоторое время Алёна заметила, что в кастрюле, находящейся на солнце, воды осталось меньше, ",Нет,Нет
vpr_sd_945318,okr,4,"8 февраля в России отмечается День российской науки. Обведи эту дату в календаре. Запиши, на какой день недели приходится эта дата в 2018 году. В нашей стране работают и постоянно открываются новые научные институты и центры с самым современным оборудованием. Как ты думаешь, почему государство уделяет большое внимание развитию науки? (Напиши ответ объёмом до пяти предложений.) 2018",Нет,Нет
vpr_sd_944166,okr,4,"10.1. Запиши название региона: республики, или области, или края, или города, или автономного округа, в котором ты живёшь. 10.2. Как называется главный город твоего региона / район, в котором ты живёшь? 10.3. Производством каких товаров известен твой регион? Какие памятники природы или памятники истории и культуры находятся в твоём регионе? Расскажи об одном из этих памятников.",Нет,Нет
vpr_sd_943119,okr,4,"Рассмотри рисунок, на котором изображён двор с колодцем. Крыша над колодцем может быть изготовлена из металла. Она отмечена на рисунке стрелкой с соответствующей надписью. Покажи на рисунке стрелкой любой предмет (любую деталь) из дерева и любой предмет (любую деталь) из стекла. Подпиши название соответствующего материала рядом с каждой стрелкой.",Нет,Да
vpr_sd_942721,okr,4,На интернет-сайтах погоды можно встретить подобные таблицы. Изучи прогноз погоды на трое суток по приведённой ниже таблице. Выбери верные утверждения об ожидаемой погоде на эти трое суток и запиши в строку ответа их номера. 1) В течение вторника ветер изменит своё направление с юго-восточного на северо-восточное. 2) В среду в течение суток ожидаются кратковременные дожди. 3) Влажность воздуха в че,Нет,Нет
vpr_sd_944441,okr,4,"Рассмотри изображение человека. Покажи стрелками и подпиши шею, ладонь и печень человека так, как показано на примере.",Нет,Да
vpr_sd_943740,okr,4,"Составь два правила сохранения здоровья человека из приведённых частей фраз: для этого к каждой позиции первого столбца подбери соответствующую позицию из второго столбца. НАЧАЛО ФРАЗЫ А) Чтобы пища лучше усваивалась организмом, Б) Чтобы в сильный мороз избежать обморожения лица, ПРОДОЛЖЕНИЕ ФРАЗЫ 1) чисти зубы два раза в день. 2) старайся всегда есть спокойно, без спешки. 3) пользуйся защитным кр",Нет,Нет
vpr_sd_943316,okr,4,"Николай решил сравнить скорости прохождения горячей и холодной воды через слой почвы. Для этого он взял два одинаковых стеклянных стакана, две воронки и бумажные салфетки. Из бумажных салфеток Николай изготовил фильтры и положил их в воронки. Затем он насыпал в обе воронки одинаковое количество почвенной смеси для комнатных растений и поставил под каждую воронку стакан. В одну воронку он налил 50 ",Нет,Нет
vpr_sd_944390,okr,4,"День российской печати отмечается в нашей стране 13 января. 2005 Запиши, на какой день недели приходилась эта дата в 2005 году. Как ты думаешь, почему люди читают газеты и журналы? (Напиши ответ объёмом до пяти предложений.)",Нет,Нет
vpr_sd_945319,okr,4,"10.1. Запиши название региона: республики, или области, или края, или автономного округа, в котором ты живёшь. 10.2. В какой природной зоне расположен твой регион? Как называется главный город твоего региона? Какие музеи находятся в твоём регионе (укажи не менее двух музеев)? Напиши о своём посещении одного из этих музеев (какие экспонаты там представлены, что тебя больше всего заинтересовало, что",Нет,Нет
vpr_sd_942694,okr,4,"Рассмотри рисунок, на котором изображён спортивный магазин. Гиря изготовлена из металла. Она отмечена на рисунке стрелкой с соответствующей надписью. Покажи на рисунке стрелкой любой предмет (любую деталь) из ткани и любой предмет (любую деталь) из пластмассы. Подпиши название соответствующего материала рядом с каждой стрелкой.",Нет,Да
vpr_sd_945355,okr,4,"В жаркий солнечный день Алексей решил провести опыт с нагреванием воды. Он взял две одинаковые ёмкости — металлические кастрюли, налил в них различное количество холодной воды из-под крана, закрыл крышками, вынес их на улицу и поставил обе кастрюли рядом друг с другом на солнце. Через некоторое время Алексей измерил температуру воды в обеих кастрюлях. В кастрюле с меньшим количеством воды температ",Нет,Нет
vpr_sd_945350,okr,4,"В жаркий солнечный день Алексей решил провести опыт с нагреванием воды. Он взял две одинаковые ёмкости — металлические кастрюли, налил в них различное количество холодной воды одинаковой температуры, закрыл крышками, вынес на улицу и поставил обе кастрюли рядом друг с другом на солнце. Через некоторое время Алексей измерил температуру воды в обеих кастрюлях. В кастрюле с меньшим количеством воды т",Нет,Нет
vpr_sd_943612,okr,4,"Каждый год в третье воскресенье июня в нашей стране отмечается День медицинского работника. 2020 Обведи эту дату в календаре. Запиши, на какой день недели приходится эта дата в 2020 году. Почему деятельность медицинских работников важна для каждого человека? (Напиши ответ объёмом до пяти предложений.)",Нет,Нет
vpr_sd_942925,okr,4,"10.1. Запиши название региона: республики, или области, или края, или города, или автономного округа, в котором ты живёшь. Как называется главный город твоего региона? 10.2. Что изображено на гербе твоего региона? Какие природные или культурно-исторические достопримечательности есть в твоём регионе (укажи не менее двух)? Напиши об одной из этих достопримечательностей.",Нет,Нет
vpr_sd_942848,okr,4,"Рассмотри рисунок, на котором изображена беседка в саду. Дорожка вокруг клумбы может быть изготовлена из камня. Она отмечена на рисунке стрелкой с соответствующей надписью. Покажи на рисунке стрелкой любой предмет (любую деталь) из металла и любой предмет (любую деталь) из ткани. Подпиши название соответствующего материала рядом с каждой стрелкой.",Нет,Нет
vpr_sd_943641,okr,4,"Рассмотри рисунок, на котором изображён кабинет. Внутренняя часть окна может быть изготовлена из стекла. Она отмечена на рисунке стрелкой с соответствующей надписью. Покажи на рисунке стрелкой любой предмет (любую деталь) из дерева и любой предмет (любую деталь) из пластика. Подпиши название соответствующего материала рядом с каждой стрелкой.",Нет,Да
vpr_sd_943172,okr,4,На интернет-сайтах погоды можно встретить подобные таблицы. Изучи прогноз погоды на трое суток по приведённой ниже таблице. Выбери верные утверждения об ожидаемой погоде на эти трое суток и запиши в строку ответа их номера. 1) В течение трёх суток ожидается ясная солнечная погода без осадков. 2) Во вторник днём будет самая высокая температура воздуха за все трое суток. 3) В четверг будет преоблада,Нет,Нет
vpr_sd_942964,okr,4,"Рассмотри фотографии баобаба, ламы, монстеры и носорога . Запиши название каждого из этих животных рядом с номером фотографии, на которой оно изображено. ЖИВОТНЫЕ А) Баобаб Б) Лама В) Монстера Г) Носорог ФОТОГРАФИИ 1) 2) 3) 4) Запишите в ответ цифры, расположив их в порядке, соответствующем буквам: A | Б | В | Г // | | |",Нет,Да
vpr_sd_942965,okr,4,"Рассмотри карту мира. На ней буквами А и Б отмечены два материка. Карта составлена по состоянию на 01.01.2025 Рассмотри фотографии баобаба, ламы, монстеры и носорога . 1) 2) 3) 4) Какие из этих растений произрастают и какие животные обитают в естественной среде (не в ботаническом саду или зоопарке) на материке А, а какие — на материке Б? Запиши номера фотографий с изображением этих растений и живо",Нет,Да
vpr_sd_944595,okr,4,"Составь два правила сохранения здоровья и правильного поведения человека из приведённых частей фраз: для этого к каждой позиции первого столбца подбери соответствующую позицию из второго столбца. НАЧАЛО ФРАЗЫ А) Чтобы избежать инфекции, Б) Чтобы не переохладить гортань и лёгкие в сильный мороз, ПРОДОЛЖЕНИЕ ФРАЗЫ 1) бросай мусор только в урну. 2) дыши спокойно, не делай резких глубоких вдохов. 3) м",Нет,Нет
vpr_sd_945263,okr,4,"10.1. Запиши название региона: республики, или области, или края, или автономного округа, в котором ты живёшь. 10.2. В какой природной зоне расположен твой регион? Как называется главный город твоего региона? Какие ещё города, кроме главного города, есть в твоём регионе (укажи не менее трёх городов)? Напиши об одном из этих городов. Чем известен этот город в России или твоём регионе?",Нет,Нет
vpr_sd_942635,okr,4,На интернет-сайтах погоды можно встретить подобные таблицы. Изучи прогноз погоды на трое суток. Выбери все верные утверждения об ожидаемой погоде на эти трое суток и запиши в строку ответа их номера. 1) Во вторник будет преобладать облачная погода без осадков. 2) В среду ожидается юго-восточный ветер. 3) В четверг ожидается похолодание. 4) На протяжении всех трёх суток влажность воздуха не превыси,Нет,Да
vpr_sd_944577,okr,4,"Рассмотри изображение человека. Покажи стрелками и подпиши голень, локоть и головной мозг человека так, как показано на примере.",Нет,Да
vpr_sd_945644,okr,4,"5 июня — Всемирный день окружающей среды. В этот день в России отмечают День эколога. Обведи эту дату в календаре. Запиши, на какой день недели приходится эта дата в 2018 году. Почему охране окружающей среды в настоящее время уделяется пристальное внимание во всех развитых странах мира? (Напиши ответ объёмом до пяти предложений). 2018",Нет,Нет
vpr_sd_943265,okr,4,"Рассмотри рисунок, на котором изображён спортивный магазин. Лыжи могут быть изготовлены из дерева. Они отмечены на рисунке стрелкой с соответствующей надписью. Покажи на рисунке стрелкой любой предмет (любую деталь) из резины и любой предмет (любую деталь) из ткани. Подпиши название соответствующего материала рядом с каждой стрелкой.",Нет,Да
vpr_sd_944769,okr,4,"Составь два правила сохранения здоровья человека из приведённых частей фраз: для этого к каждой позиции первого столбца подбери соответствующую позицию из второго столбца. НАЧАЛО ФРАЗЫ А) Чтобы избежать травм при падении различных предметов во время сильного ветра, Б) Чтобы не переохладиться после физической нагрузки, ПРОДОЛЖЕНИЕ ФРАЗЫ 1) надень непромокаемую обувь. 2) старайся находиться в местах",Нет,Нет
vpr_sd_944770,okr,4,"Михаил решил провести опыт с таянием льда. Он достал из морозильника два одинаковых кусочка льда, приготовленных с помощью специальной формы, и положил каждый из них в отдельный стеклянный стакан. В один из стаканов Михаил налил небольшое количество воды комнатной температуры, а другой наполнил до краёв такой же водой. Через некоторое время растаял кусочек льда в стакане, полном воды. Позже растая",Нет,Нет
vpr_sd_943227,okr,4,"На фотографиях изображены технические средства, на которых работают представители разных профессий. Выбери ОДНУ из фотографий и запиши букву, которой она обозначена. Представители какой профессии работают с изображёнными на выбранной фотографии техническими средствами? Если ты знаешь много профессий, представители которых работают с выбранным(-и) тобой техническим(-и) средством(-ами), назови любую",Нет,Да
vpr_sd_945216,okr,4,"Международный день детской книги отмечается 2 апреля в день рождения Г. Х. Андерсена. Обведи эту дату в календаре. Запиши, на какой день недели приходится эта дата в 2018 году. Невозможно представить себе человека, который бы не читал в детстве сказок, рассказов, повестей. Какую роль играет книга в твоей жизни? (Напиши ответ объёмом до пяти предложений.) 2018",Нет,Нет
vpr_sd_943212,okr,4,"Составь два правила сохранения здоровья человека из приведённых частей фраз: для этого к каждой позиции первого столбца подбери соответствующую позицию из второго столбца. НАЧАЛО ФРАЗЫ А) Чтобы избежать инфекции в полости рта, Б) Чтобы сохранять чистоту улиц, ПРОДОЛЖЕНИЕ ФРАЗЫ 1) бросай мусор только в урну. 2) регулярно чисти зубы. 3) не ходи по льду во время оттепели. Запишите в ответ цифры, расп",Нет,Нет
vpr_sd_945504,okr,4,"Рассмотри рисунок, на котором изображена детская площадка. Детские игрушки могут быть изготовлены из пластмассы. Они отмечены на рисунке стрелкой с соответствующей надписью. Покажи на рисунке стрелкой любой предмет (любую деталь) из металла и любой предмет (любую деталь) из дерева. Подпиши название соответствующего материала рядом с каждой стрелкой.",Нет,Да
vpr_sd_943189,okr,4,На интернет-сайтах погоды можно встретить подобные таблицы. Изучи прогноз погоды на трое суток по приведённой ниже таблице. Выбери верные утверждения об ожидаемой погоде на эти трое суток и запиши в строку ответа их номера. 1) В четверг днём будет облачная погода с прояснениями. 2) В течение трёх суток температура воздуха будет выше 0 °C. 3) Во вторник днём и вечером ожидается южный ветер. 4) В ср,Нет,Нет
vpr_sd_945293,okr,4,"Рассмотри изображение человека. Покажи стрелками и подпиши шею, поясницу и лёгкое человека так, как показано на примере.",Нет,Да
vpr_sd_943648,okr,4,"Составь два правила сохранения здоровья человека из приведённых частей фраз: для этого к каждой позиции первого столбца подбери соответствующую позицию из второго столбца. НАЧАЛО ФРАЗЫ А) Если попал в грозу, Б) Если ураганный ветер застал тебя в городе, ПРОДОЛЖЕНИЕ ФРАЗЫ 1) следует выключить мобильный телефон. 2) надень тёплую шапку. 3) не подходи к рекламным щитам, столбам, деревьям и шатким конс",Нет,Нет
vpr_sd_944492,okr,4,"24 января 2019 года в мире впервые отмечался Международный день образования, который с этого дня отмечается каждый год. 2019 Запиши, на какой день недели приходилась эта дата в 2019 году. Как ты думаешь, почему образование необходимо каждому современному человеку? (Напиши ответ объёмом до пяти предложений.)",Нет,Нет
vpr_sd_945685,okr,4,"Внимательно изучи по таблице прогноз погоды на трое суток. Прочитай утверждения о погоде, которая ожидается в указанные сутки. Выбери неверные утверждения, запиши их номера в специально отведённую строку. 1) Во вторник температура будет выше, чем в остальных днях. 2) В понедельник не ожидается осадков. 3) Влажность воздуха в среду превысит 60%. 4) Во вторник будет преобладать южный ветер.",Нет,Да
vpr_sd_946115,okr,4,"Далее представлены изображения полярной совы, ламы, Виктории Регии и секвойи . Запиши на строчках ниже название каждого из этих растений и животных рядом с номером фотографии, на которой оно изображено. 1) 2) 3) 4) ЖИВОТНЫЕ А) Полярная сова Б) Лама В) Виктория Регия Г) Секвойя ФОТОГРАФИИ 1) Фотография 1 2) Фотография 2 3) Фотография 3 4) Фотография 4 Запишите в ответ цифры, расположив их в порядке",Нет,Да
vpr_sd_946070,okr,4,"Рассмотри карту мира. На ней буквами А и Б отмечены два материка. Карта составлена по состоянию на 01.01.2017 Далее представлены фотографии жирафа, бобра, яка и носорога . 1) 2) 3) 4) Какие из этих животных обитают в естественной среде (не в зоопарке) на материке А, а какие — на материке Б? Запиши номера фотографий с изображением этих животных. Запишите в ответ цифры, расположив их в порядке, соот",Нет,Да
vpr_sd_945840,okr,4,"Рассмотри изображение человека. Так же, как на примере слева отмечено ухо, на изображении справа покажи стрелками и подпиши подмышечную впадину, колено и сердце человека.",Нет,Да
vpr_sd_945826,okr,4,"Ученики 4-го класса проводили опыты с целью изучения свойств воды. Они хотели выяснить, влияет ли количество воды на скорость, с которой вещество растворяется в этой воде. Ребята взяли два стеклянных стакана, в каждый стакан насыпали по столовой ложке крупной соли. В один стакан налили холодной воды, чтобы она только покрыла соль, а в другой — полный стакан воды той же температуры и перемещали сод",Нет,Да
vpr_sd_945288,okr,4,"Рассмотри знаки, изображённые на рисунках. Как ты думаешь, что, кроме формы, объединяет все эти знаки? Какое правило отражает каждый из этих знаков? Напиши эти правила.",Нет,Да
vpr_sd_944194,okr,4,"Руслан изучал скорость закипания разного количества воды в электрическом чайнике. Он налил в пустой электрочайник мощностью 1 КВт три стакана холодной воды из крана, включил чайник и засёк время до его автоматического отключения при кипении. Руслан вылил из чайника воду, дал ему остыть и налил шесть стаканов холодной воды из крана. Он снова включил электрочайник и снова засёк время до его отключен",Нет,Нет
vpr_sd_946017,okr,4,"Ученики 4-го класса проводили опыты с целью изучения свойств воды. Они хотели выяснить, влияет ли температура окружающей среды на скорость, с которой вода из твёрдого состояния полностью переходит в жидкое. Ребята взяли два стеклянных стакана и в каждый положили по одинаковому кубику льда. Один стакан они оставили на парте, другой поставили на батарею. Если бы ученики захотели выяснить, влияет ли ",Нет,Да
vpr_sd_945568,okr,4,"Рассмотри знаки, изображённые на рисунках, и ответь на вопросы. А | Б | В",Нет,Да
vpr_sd_945793,okr,4,"На фотографиях изображены предметы, с которыми работают представители разных профессий. Выбери ОДНУ из фотографий и запиши её номер. Представители какой профессии работают с изображёнными на выбранной фотографии предметами? Если ты знаешь много профессий, представители которых работают с выбранным(-и) тобой предметом(-ами), назови любую из них . Какую работу выполняют люди этой профессии? Чем рабо",Нет,Да
vpr_sd_943784,okr,4,"День матери — международный праздник в честь матерей. В России его официально отмечают в последнее воскресенье ноября. Обведи эту дату в календаре. Запиши, на какое число приходится этот день в 2021 году. Как ты думаешь, почему этот день важен для каждого человека? (Напиши ответ объёмом до пяти предложений.)",Нет,Да
vpr_sd_946132,okr,4,"10.1. Запиши название региона: республики, или области, или края, или города, или автономного округа, в котором ты живёшь. 10.2. Запиши название столицы или главного административного города твоего региона. 10.3. Как называется населённый пункт, в котором ты живёшь? Запиши название, в ответе укажи вид населённого пункта (город, село, посёлок, деревня). Какие отрасли экономики развиты в регионе, в ",Нет,Нет
vpr_sd_944461,okr,4,"Рассмотри рисунок, на котором изображён спортивный магазин. Шлем хоккеиста изготовлен из пластмассы. Он отмечен на рисунке стрелкой с соответствующей надписью. Покажи на рисунке стрелкой любой предмет (любую деталь) из металла и любой предмет (любую деталь) из резины. Подпиши название соответствующего материала рядом с каждой стрелкой.",Нет,Да
vpr_sd_945399,okr,4,На интернет-сайтах погоды можно встретить подобные таблицы. Изучи прогноз погоды на трое суток. Выбери верные утверждения об ожидаемой погоде на эти трое суток и запиши в строку ответа их номера без запятых и иных знаков препинания. 1) Температура воздуха во вторник будет около 0 °C. 2) В среду будет преобладать южный ветер. 3) В среду и четверг ожидается ясная погода. 4) На протяжении всех трёх с,Нет,Нет
vpr_sd_945153,okr,4,"Рассмотри изображение человека. Покажи стрелками и подпиши ягодицу, сердце и указательный палец человека так, как показано на примере.",Нет,Да
vpr_sd_944509,okr,4,"14 марта во многих странах мира отмечают Международный день рек. 2020 Запиши, на какой день недели приходится эта дата в 2020 году. Какую роль играют реки в жизни человека? Как ты думаешь, почему необходимо беречь воду? (Напиши ответ объёмом до пяти предложений.)",Нет,Нет
vpr_sd_943457,okr,4,Рассмотри карту мира. На ней буквами А и Б отмечены два материка. Карта составлена по состоянию на 01.01.2023 Запиши название каждого материка в отведённое для этого поле. Название материка А | Название материка Б // |,Нет,Да
vpr_sd_945515,okr,4,Рассмотри карту России. На ней буквами А и Б отмечены две природные зоны. Карта составлена по состоянию на 01.01.2019 Запиши название каждой природной зоны в отведённое для этого поле. Название природной зоны А | Название природной зоны Б // |,Нет,Да
vpr_sd_944670,okr,4,Рассмотри карту мира. На ней буквами А и Б отмечены два материка. Карта составлена по состоянию на 01.01.2019 Запиши название каждой природной зоны в отведённое для этого поле. Название материка А | Название материка Б // |,Нет,Да
vpr_sd_945831,okr,4,"Начало опыта Окончание опыта Варя проводила наблюдения за прорастанием семян гороха. Чтобы выяснить, влияет ли влажность на их прорастание, она взяла два стакана, положила в каждый по десять одинаковых семян гороха. Во второй стакан она предварительно поместила мокрую тряпочку. Оба стакана Варя оставила в классе на столе. Сравни условия прорастания семян гороха в двух разных стаканах в описанном э",Нет,Нет
vpr_sd_945378,okr,4,"В жаркий солнечный день Карина решила провести опыт с испарением воды. Она взяла две различные по форме ёмкости: металлическую кружку и металлическую миску, налила в них одинаковое количество тёплой воды одинаковой температуры, вынесла на улицу и поставила обе ёмкости рядом друг с другом на солнце.",Нет,Нет
vpr_sd_944100,okr,4,"Рассмотри изображение человека. Покажи стрелками и подпиши локоть, стопу и бедренную кость человека так, как показано на примере.",Нет,Да
vpr_sd_945186,okr,4,"Составь два правила сохранения здоровья человека из приведённых частей фраз: для этого к каждой позиции первого столбца подбери соответствующую позицию из второго столбца. НАЧАЛО ФРАЗЫ А) Чтобы не переохладиться, выходя на улицу в холодную погоду, Б) Чтобы избежать отравления, ПРОДОЛЖЕНИЕ ФРАЗЫ 1) во время ходьбы передвигайся аккуратно, не спеша. 2) надень тёплую одежду. 3) не принимай лекарства б",Нет,Нет
vpr_sd_943622,okr,4,"Составь два правила сохранения здоровья человека из приведённых частей фраз: для этого к каждой позиции первого столбца подбери соответствующую позицию из второго столбца. НАЧАЛО ФРАЗЫ А) При переходе улицы, Б) На выставке или в залах музея, ПРОДОЛЖЕНИЕ ФРАЗЫ 1) не следует громко разговаривать. 2) нужно надеть шлем и наколенники. 3) следует слезть с велосипеда и вести его рядом, двигаясь пешком. З",Нет,Нет
vpr_sd_942641,okr,4,"Составь два правила сохранения здоровья и правильного поведения человека из приведённых частей фраз: для этого к каждой позиции первого столбца подбери соответствующую позицию из второго столбца. НАЧАЛО ФРАЗЫ А) Чтобы, загорая, не получить ожоги, Б) Чтобы избежать кишечной инфекции, ПРОДОЛЖЕНИЕ ФРАЗЫ 1) дыши спокойно, не делай резких глубоких вдохов. 2) употребляй только предназначенную для питья ",Нет,Нет
vpr_sd_945144,okr,4,"Составь два правила сохранения здоровья человека из приведённых частей фраз: для этого к каждой позиции первого столбца подбери соответствующую позицию из второго столбца. НАЧАЛО ФРАЗЫ А) Чтобы избежать отравления, Б) Чтобы, загорая, не получить ожоги, ПРОДОЛЖЕНИЕ ФРАЗЫ 1) надень тёплую одежду. 2) не ешь продукты с истекшим сроком годности. 3) чаще меняй положение тела, чтобы солнце светило на нег",Нет,Нет
vpr_sd_945444,okr,4,"Составь два правила сохранения здоровья человека из приведённых частей фраз: для этого к каждой позиции первого столбца подбери соответствующую позицию из второго столбца. НАЧАЛО ФРАЗЫ А) Чтобы избежать кишечной инфекции, Б) Чтобы укреплять здоровье и развивать силу мышц, ПРОДОЛЖЕНИЕ ФРАЗЫ 1) мой руки перед едой. 2) регулярно занимайся физкультурой. 3) надень головной убор. Запиши в таблицу выбран",Нет,Нет
vpr_sd_942684,okr,4,"Составь два правила сохранения здоровья человека из приведённых частей фраз: для этого к каждой позиции первого столбца подбери соответствующую позицию из второго столбца. НАЧАЛО ФРАЗЫ А) Если гроза застала тебя дома, Б) Если почувствовал запах газа, ПРОДОЛЖЕНИЕ ФРАЗЫ 1) не трогай электрические приборы мокрыми руками. 2) открой окна и двери, не зажигай огонь и не включай электроприборы. 3) плотно ",Нет,Нет
vpr_sd_942977,okr,4,"Полина решила провести опыт с выращиванием газонной травы. Она выделила для посадки два расположенных рядом одинаковых участка земли, не заслонённых от солнца кустами или деревьями. На каждом из участков Полина сняла слой почвы и насыпала небольшой слой песка, чтобы вода не задерживалась не поверхности. Затем на одном из участков она насыпала сверху почву с этого же участка, а на другом — специаль",Нет,Нет
vpr_sd_945317,okr,4,"На фотографиях изображены предметы, с которыми работают представители разных профессий. Выбери ОДНУ из фотографий и запиши букву, которой она обозначена. Представители какой профессии работают с изображёнными на выбранной фотографии предметами? Если ты знаешь много профессий, представители которых работают с выбранным(и) тобой предметом(-ами), назови одну любую из них. Какую работу выполняют люди ",Нет,Да
vpr_sd_945262,okr,4,"9 мая во всех городах России проходит торжественное шествие «Бессмертный полк». Обведи эту дату в календаре. Запиши, на какой день недели приходится эта дата в 2018 году. Кому посвящается это шествие? Почему оно важно для жителей России? (Напиши ответ объёмом до пяти предложений.) 2018",Нет,Нет
vpr_sd_945189,okr,4,"10.1. Запиши название региона: республики, или области, или края, или города, или автономного округа, в котором ты живёшь. 10.2. Какие товары (продукты) производятся в промышленности твоего региона? Как называется главный город твоего региона? Какие растения встречаются в природе твоего региона (укажи не менее трёх растений)? Опиши одно из этих растений. Как люди используют это растение?",Нет,Нет
vpr_sd_945378,physics,11,"Прочитайте текст и выполните задания 16—18. В зависимости от частоты колебаний электромагнитные волны оказывают различное действие на организм человека и используются для различных технических целей. Диапазон этих частот называют спектром электромагнитного излучения, он огромен — от нескольких десятков тысяч до 10 20 Гц. Частоту можно найти, зная длину волны, по формуле: ν(частота в герцах) = с(ск",Нет,Нет
vpr_sd_945978,physics,11,"Прочитайте перечень понятий, с которыми вы сталкивались в курсе физики: ток, радуга, притяжение электрических зарядов, интерференция, мираж, молния. Разделите эти понятия на две группы по выбранному вами признаку. Запишите в таблицу название каждой группы и понятия, входящие в эту группу. Название группы понятий | Перечень понятий // | // |",Нет,Нет
vpr_sd_945178,physics,11,"Велосипедист едет по прямому шоссе. На графике представлена зависимость проекции его скорости от времени. Выберите два утверждения, которые верно описывают движение велосипедиста. Запишите в ответ их номера. 1) Первые 10 секунд велосипедист движется равноускоренно, следующие 50 секунд — равномерно. 2) Максимальный модуль ускорения на всём пути движения велосипедиста равен 2,5 м/с 2 . 3) Через 40 с",Нет,Нет
vpr_sd_945338,physics,11,"Груз неподвижно расположен в углублении двойной горки. К грузу прикреплена нерастяжимая нить, за которую тянут в направлении вершины одной из горок. Как направлены силы, действующие на груз, если груз начал двигаться? Трением пренебречь.",Нет,Да
vpr_sd_945923,physics,11,"Прочитайте текст и вставьте пропущенные слова. Слова в ответе могут повторяться. 1) сохраняется 2) увеличивается 3) уменьшается Две летящих пули, сталкиваясь друг с другом, сцепляются. Полный импульс системы __________, полная механическая энергия __________. Если бы они оттолкнулись друг от друга, то полная механическая энергия __________.",Нет,Нет
vpr_sd_946025,physics,11,Закрытую бутылку с водой положили в холодильник. Выберете верные утверждения. 1) Молекулы воды стали двигаться быстрее. 2) Молекулы воды стали двигаться медленнее. 3) Давление внутри бутылки уменьшается. 4) Давление внутри бутылки увеличивается. 5) Температура воды в бутылке увеличивается. 6) Температура воды в бутылке уменьшается.,Нет,Нет
vpr_sd_945243,physics,11,"Выберете верный вариант. Ядро атома хрома содержит: 1. 24 нейтрона, 28 протонов 2. 52 протонов, 24 нейтронов 3. 24 протонов, 52 нейтронов 4. 28 нейтронов, 24 протона",Нет,Нет
vpr_sd_945484,physics,11,"На рисунках А, Б и В приведены спектры излучения атомарных газов А и В и газовой смеси Б. На основании анализа этих участков спектров можно сказать, что смесь газа содержит 1) только газы А и В 2) газы А, В и другие 3) газ А и другой неизвестный газ 4) газ В и другой неизвестный газ",Нет,Да
vpr_sd_945457,physics,11,"На уроке физики, посвящённому электрическим конденсаторам, учитель показывал опыт с плоским воздушным конденсатором ёмкостью 100 пФ, пластины которого находятся на расстоянии 20 мм друг от друга. В ходе опыта внутрь был вставлен тонкий металлический лист параллельно пластинам конденсатора и той же формы. Учитель менял положение пластины и определял ёмкость конденсатора. Изобразите график зависимос",Нет,Нет
vpr_sd_945220,physics,11,"В трансформаторе, изображённом на рисунке, на вход А подают переменное напряжение. На обмотках B, C и D возникает ЭДС индукции. Количество витков равно изображённому на рисунке. Расположите обмотки B, C и D в порядке возрастания ЭДС индукции. Запишите в ответе соответствующую последовательность цифр. 1) B 2) C 3) D",Нет,Да
vpr_sd_945294,physics,11,"Вес тела измеряют при помощи напольных весов. Погрешность измерения веса при помощи данных весов равна их цене деления. Запишите в ответ показаниях весов в килограммах (кг) с учётом погрешности измерений через точку с запятой. Например, если показания весов (51 ± 5) кг, то в ответе следует записать «51;5».",Нет,Да
vpr_sd_945412,physics,11,"К вертикально подвешенной пружине прикрепляют груз различной массы, вызывают вертикальные колебания груза и измеряют время 20 колебаний. Зависимость времени от массы груза представлена в таблице. Погрешность измерения массы Δ m = ±0,001 кг, времени Δ t = ±0,2 с. m , кг | 0,05 | 0,10 | 0,15 | 0,20 | 0,25 | 0,30 // t , c | 8,8 | 12,6 | 15,4 | 17,8 | 20,0 | 21,8 Коэффициент жёсткости пружины равен 1)",Нет,Нет
vpr_sd_946001,physics,11,"Вам необходимо исследовать, как зависит глубина погружения шариков в жидкость высокой плотности, от плотности шариков: — линейка; — весы; — стеклянная емкость с жидкостью; — набор шариков разной плотности. Опишите порядок проведения исследования. В ответе: 1. Зарисуйте или опишите экспериментальную установку. 2. Опишите порядок действий при проведении исследования.",Нет,Нет
vpr_sd_945274,physics,11,"Установите соответствие между примерами и физическими явлениями, которые эти при-меры иллюстрируют. Для каждого примера проявления физических явлений из первого столбца подберите соответствующее название физического явления из второго столбца. ПРИМЕРЫ А) через окно из дома можно смотреть на улицу Б) молния ФИЗИЧЕСКИЕ ЯВЛЕНИЯ 1) диффузия 2) переход механической энергии в тепловую 3) накопление элек",Нет,Нет
vpr_sd_945539,physics,11,"Сенсорный экран Сенсорный экран (тачскрин) — это устройство для ввода и вывода информации, осуществляющееся касанием в определённом месте экрана, то есть осуществляется интерактивное взаимодействие. На сегодняшний день по типу работы дисплея выделяются следующие конструкции: резистивные, ёмкостные, волновые. В ёмкостных тачскринах стеклянную основу покрывают слоем, который выполняет роль накопител",Нет,Да
vpr_sd_945663,physics,11,"Кометы Кометы Солнечной системы представляют собой бесформенные глыбы размером несколько километров, состоящие из льда вперемешку с пылевыми частицами. Поэтому их иногда называют «грязным снежком». Кометы движутся по очень вытянутым орбитам, находясь основное время далеко от Солнца, где остаются невидимыми. При приближении к Солнцу лёд под действием солнечного тепла начинает таять, испаряется и ул",Нет,Да
vpr_sd_945620,physics,11,"Электрические свойства тела человека. Поражение электрическим током. Тело человека представляет собой по своим электрофизическим свойствам солёный раствор (раствор электролита). Разные ткани человека характеризуются разной концентрацией раствора электролита и разным его составом. Поскольку внутриклеточная жидкость содержит ионы и хорошо проводит электрический ток, внутренние ткани тела человека об",Нет,Да
vpr_sd_945585,physics,11,"Прочитайте перечень понятий, с которыми Вы сталкивались в курсе физики. Конденсация, паскаль, килограмм, инерция, дифракция, радиоактивность, кулон, электронвольт. Разделите эти понятия на две группы по выбранному Вами признаку. Запишите в таблицу название каждой группы и понятия, входящие в эту группу. Название группы понятий | Перечень понятий // | // |",Нет,Да
vpr_sd_945301,physics,11,"Автомобиль движется по прямой улице. На графике представлена зависимость его ускорения от времени. Выберите два утверждения, которые верно описывают движение автомобиля, и запишите номера, под которыми они указаны. 1) Первые 2 с автомобиль движется равноускоренно, набирая скорость. 2) Первые 2 с автомобиль движется равноускоренно, сбрасывая скорость. 3) Максимальный модуль ускорения автомобиля за ",Нет,Нет
vpr_sd_946102,physics,11,"Санки равноускоренно скатываются по наклонной плоскости в поле силы тяжести. Нарисуйте все силы, действующие на санки и направление их ускорения.",Нет,Да
vpr_sd_945633,physics,11,"Прочитайте текст и вставьте пропущенные слова. Слова в ответе могут повторяться. 1) уменьшается 2) увеличивается 3) не изменяется Шарик, брошенный горизонтально с высоты Н с начальной скоростью υ 0 , упал на расстоянии L от точки бросания. Сопротивлением воздуха пренебречь. Кинетическая энергия шарика __________, потенциальная энергия шарика __________, скорость шарика __________.",Нет,Да
vpr_sd_945558,physics,11,Энергия на атомных электростанциях вырабатывается за счёт: 1) сгорания большого количества активированного угля; 2) деления ядер урана; 3) падающей с большой высоты воды; 4) слияния ядер водорода — дейтерия и трития.,Нет,Нет
vpr_sd_945489,physics,11,"На рисунке показаны спектры поглощения трёх смесей неизвестных газов (Х, Y и Z), а также спектры излучения известных газов 1 и 2. Какая из смесей не содержит газ 2? В качестве ответа запишите букву, обозначающую смесь газов.",Нет,Да
vpr_sd_945443,physics,11,"Между двумя населёнными пунктами, находящимися на разных берегах реки в 30 км друг от друга, курсирует грузопассажирское судно. Из пункта А в пункт Б вверх по течению судно идёт со скоростью 18 км/ч, а обратно — со скоростью 22,5 км/ч. В каждом пункте судно стоит полчаса. Изобразите график зависимости координаты судна от времени с моменты выхода их пункта А и до момента возвращения в него, приняв ",Нет,Нет
vpr_sd_945272,physics,11,"Вес тела измеряют при помощи весов. Погрешность измерения веса при помощи данных весов равна их цене деления. Запишите в ответ показания весов в граммах (г) с учётом погрешности измерений через точку с запятой. Например, если показания весов (510 ± 5) г, то в ответе следует записать «510;5».",Нет,Да
vpr_sd_945381,physics,11,"Вам необходимо исследовать, как зависит скорость затухания колебаний маятника от массы грузов: — секундомер; — весы; — жесткий штатив со съемными грузами; — набор грузов различной массы, которые можно прикреплять к штативу. Опишите порядок проведения исследования. В ответе: 1. Зарисуйте или опишите экспериментальную установку. 2. Опишите порядок действий при проведении исследования.",Нет,Нет
vpr_sd_946110,physics,11,"Установите соответствие между примерами и физическими явлениями, которые эти при-меры иллюстрируют. Для каждого примера проявления физических явлений из первого столбца подберите соответствующее название физического явления из второго столбца. ПРИМЕРЫ А) эхо в лесу Б) запись информации на магнитные диски ФИЗИЧЕСКИЕ ЯВЛЕНИЯ 1) электризация тела при трении 2) отражение звуковых волн 3) намагничивани",Нет,Нет
vpr_sd_945647,physics,11,"Роутер (маршрутизатор) Для работы мобильной связи, модемов, спутниковых систем и многих других устройств используются беспроводные технологии. Одним из примеров использования беспроводных технологий является Wi-Fi. Обязательным условием беспроводной связи устройства с сетью Интернет является наличие точки доступа — роутера или маршрутизатора. Связь между точкой доступа (роутером) и устройством осу",Нет,Да
vpr_sd_946105,physics,11,"Прочитайте текст и выполните задания 16—18. В 1831 г. — М. Фарадей обнаружил, что в замкнутом проводящем контуре при изменении магнитного поля возникает так называемый индукционный ток. При всяком изменении магнитного потока через проводящий замкнутый контур в этом контуре возникает электрический ток. Появление тока в замкнутом контуре при изменении магнитного поля, пронизывающего контур, свидетел",Нет,Нет
vpr_sd_945270,physics,11,"Во сколько раз абсолютное значение температуры плавления брома меньше абсолютного значения температуры плавления водорода? Ковалентная связь (от лат. co — «совместно» и vales — «имеющий силу») — химическая связь, образованная перекрытием (обобществлением) пары валентных электронных облаков. Обеспечивающие связь электронные облака (электроны) называются общей электронной парой. Термин ""ковалентная ",Нет,Нет
vpr_sd_945271,physics,11,"Является ли связь в молекуле O 3 неполярной? Объясните ответ. Ковалентная связь (от лат. co — «совместно» и vales — «имеющий силу») — химическая связь, образованная перекрытием (обобществлением) пары валентных электронных облаков. Обеспечивающие связь электронные облака (электроны) называются общей электронной парой. Термин ""ковалентная связь"" был впервые введён лауреатом Нобелевской премии Ирвинг",Нет,Нет
vpr_sd_945260,physics,11,"Пять металлических брусков (А, B, C, D, E) положили вплотную друг к другу, как показано на рисунке. Стрелки указывают направление теплопередачи от бруска к бруску. Температуры брусков в данный момент составляют 80 °C, 80 °C, 60 °C, 60 °C, 40 °C. Какой из брусков имеет температуру 40 °C?",Нет,Да
vpr_sd_945229,physics,11,"Автомобиль движется по прямой улице. На графике представлена зависимость его скорости от времени. Выберите два утверждения, которые верно описывают движение автомобиля, и запишите номера, под которыми они указаны. 1) Первые 3 с автомобиль стоит на месте, а затем движется равноускоренно. 2) Первые 3 с автомобиль движется равномерно, а затем — равноускоренно. 3) Максимальная скорость автомобиля за в",Нет,Нет
vpr_sd_946066,physics,11,"В момент времени 1 тело массы m было погружено на глубину h в стакан с жидкостью. Затем до момента времени 2 тело всплывало и остановилось на определенной глубине. Нарисуйте все силы, действовавшие на тело в момент времени 1 и в момент времени 2. Можно ли сказать, что между моментами 1 и 2 тело двигалось равноускоренно или равнозамедленно, если пренебречь сопротивлением жидкости?",Нет,Да
