ID,Предмет,Класс,Задание,ЕстьАудио,ЕстьКартинки
vpr_sd_944778,biology,7,"Определите тип питания организмов, приведённых в перечне. ПЕРЕЧЕНЬ ОРГАНИЗМОВ: 1) ясень 2) лотос 3) утконос 4) лисица 5) боярышник 6) аскарида Запишите цифры, под которыми организмы указаны в перечне, в соответствующую ячейку таблицы. Ответ: Автотрофный тип питания | Гетеротрофный тип питания // |",Нет,Нет
vpr_sd_946044,biology,7,"Верны ли следующие утверждения? А) Среди млекопитающих животных выделяют подкласс яйцекладущие, которые размножаются яйцами (утконос и ехидна). Б) Представители разных отрядов млекопитающих животных отличаются строением зубного аппарата. 1) верно только А 2) верно только Б 3) оба суждения верны 4) оба суждения неверны",Нет,Нет
vpr_sd_945910,biology,7,"Прочитайте текст. Выберите три предложения, в которых даны описания физиологического критерия вида животного электрический угорь. Запишите в таблицу цифры, под которыми они указаны. (1)Электрический угорь — единственный вид рыбы рода Electophorus , несмотря на внешнее сходство, не родственен настоящим угрям. (2)Эти рыбы населяют реки северо-восточной части Южной Америки и притоки среднего и нижнег",Нет,Нет
vpr_sd_945421,biology,7,"Известно, что норка европейская — хищное млекопитающее, имеющее плавательную перепонку между пальцами ног, является объектом пушного промысла. Используя эти сведения, выберите из приведённого ниже списка три утверждения, относящихся к описанию данных признаков этого животного. Запишите в ответе цифры, соответствующие выбранным ответам. 1) Ареал обитания европейской норки разорван. 2) Потомство из ",Нет,Нет
vpr_sd_946143,biology,7,"Установите соответствие между признаками и классами позвоночных животных, для которых они характерны. ПРИЗНАКИ | | КЛАССЫ // А) непостоянная температура тела Б) постоянно интенсивный обмен веществ В) отсутствие мочевого пузыря Г) сердце четырёхкамерное Д) неполная перегородка в желудочке сердца Е) наличие киля | | 1) Пресмыкающиеся 2) Птицы Запишите в таблицу выбранные цифры под соответствующими б",Нет,Нет
vpr_sd_945355,biology,7,"Установите последовательность расположения систематических групп изображённого животного, начиная с самой крупной. Используйте слова и словосочетания из предложенного списка. Запишите в таблицу цифры, под которыми они указаны. СПИСОК СЛОВ И СЛОВОСОЧЕТАНИЙ: 1) Сосальщики 2) Животные 3) Печеночный сосальщик 4) Плоские черви 5) Эхиностомиды Ответ: Царство | Тип | Класс | Отряд | Вид // | | | |",Нет,Нет
vpr_sd_945938,biology,7,Верны ли следующие утверждения? А. Непостоянную температуру тела имеют пресмыкающиеся и млекопитающие. Б. Постоянную температуру тела имеют птицы и млекопитающие. 1) верно только А 2) верно только Б 3) оба суждения верны 4) оба суждения неверны,Нет,Нет
vpr_sd_944766,biology,7,Верны следующие суждения о рыбах? А. У большинства рыб имеется плавательный пузырь. Б. Органами выделения у рыб служат зелёные железы. 1) верно только А 2) верно только Б 3) оба суждения верны 4) оба суждения неверны,Нет,Нет
vpr_sd_945471,biology,7,"Установите последовательность расположения систематических групп изображённого животного, начиная с самой крупной. Используйте слова и словосочетания из предложенного перечня. Запишите в таблицу цифры, под которыми они указаны. ПЕРЕЧЕНЬ СЛОВ И СЛОВОСОЧЕТАНИЙ: 1) Хордовые 2) Млекопитающие 3) Хищные 4) Волк обыкновенный 5) Животные Ответ: Царство | Тип | Класс | Отряд | Вид // | | | |",Нет,Да
vpr_sd_944769,biology,7,"Установите соответствие между характеристиками и классами членистоногих: к каждой позиции, данной в первом столбце, подберите соответствующую позицию из второго столбца. ХАРАКТЕРИСТИКИ | КЛАССЫ ЧЛЕНИСТОНОГИХ // А) Тело состоит из головогруди и брюшка. Б) Внутри класса количество ног непостоянно. В) Органы дыхания — трахеи. Г) Органы выделения — мальпигиевы сосуды. Д) Тело состоит из головы, груди ",Нет,Нет
vpr_sd_944813,biology,7,"Установите соответствие между характеристиками и классами членистоногих: к каждой позиции, данной в первом столбце, подберите соответствующую позицию из второго столбца. ХАРАКТЕРИСТИКИ | КЛАССЫ ЧЛЕНИСТОНОГИХ // А) Тело состоит из головы, груди и брюшка. Б) У части представителей класса в развитии имеется стадия куколки. В) Тело состоит из головогруди и брюшка. Г) Животные имеют четыре пары ходильн",Нет,Нет
vpr_sd_944775,biology,7,Какую функцию выполняют бронхи у птиц?,Нет,Нет
vpr_sd_945950,biology,7,"Определите тип питания организмов, приведённых в списке. СПИСОК ОРГАНИЗМОВ: 1) корова 2) сенная палочка 3) лягушка 4) белена 5) ламинария 6) секвойя Запишите цифры, под которыми указаны организмы в списке, в соответствующую ячейку таблицы. Ответ в каждую ячейку запишите в виде последовательности цифр, в порядке их возрастания. Ответ: Автотрофный тип питания | Гетеротрофный тип питания // |",Нет,Нет
vpr_sd_945982,biology,7,Верны ли следующие утверждения? А. Млекопитающие обладают радиальной симметрией тела. Б. Среди многоклеточных наиболее многочисленны позвоночные. 1) верно только А 2) верно только Б 3) оба суждения верны 4) оба суждения неверны,Нет,Нет
vpr_sd_943993,biology,7,"Рассмотрите фотографии с изображением различных объектов живой природы. Подпишите их названия, используя слова из предложенного списка: мхи, голосеменные, красные водоросли, плауновидные. A | Б | В | Г // | | |",Нет,Да
vpr_sd_943752,biology,7,Каково значение мхов в природе?,Нет,Нет
vpr_sd_944924,biology,7,"Выберите из предложенного списка и вставьте в текст пропущенные слова, используя для этого их цифровые обозначения. Впишите номера выбранных слов на места пропусков в тексте. Строение клетки Довольно распростран`нным явлением в природе является взаимовыгодная связь между _______(А) и растением. Такие отношения называются _______(Б). При этом нити грибницы тесно взаимодействуют с корнем дерева в ре",Нет,Нет
vpr_sd_944039,biology,7,"Приведите по три примера растений, относящихся к указанным классам. Запишите их названия в таблицу. Однодольные | Хвощовые // | // | // |",Нет,Нет
vpr_sd_944918,biology,7,"Установите соответствие между признаком растений и отделом, для которого этот признак характерен. Отдел 1) Моховидные 2) Папоротниковидные Признак растений А) отсутствие корней Б) развитая проводящая система В) наличие водоносных клеток Г) недоразвита проводящая система, поэтому размеры растения ограничены Д) спорофит преобладает над гаметофитом Запишите в ответ цифры, расположив их в порядке, соо",Нет,Да
vpr_sd_944642,biology,7,Установите последовательность появления организмов при формировании биоценоза на первично свободной территории. В ответе запишите соответствующую последовательность цифр. 1) лишайники 2) травы 3) мхи 4) кустарники 5) деревья,Нет,Нет
vpr_sd_945131,biology,7,"К какому отделу относят растение, схема расположения плодолистиков которого показана на рисунке? 1) Папоротниковидные 2) Моховидные 3) Покрытосеменные 4) Голосеменные",Нет,Да
vpr_sd_945111,biology,7,"Какой признак, показанный на схеме расположения плодолистиков, позволяет определить принадлежность растения к этому отделу? Почему?",Нет,Да
vpr_sd_943319,biology,7,"Рассмотрите изображения шести представителей мира грибов. Предложите основание, согласно которому их можно разделить на две группы по три представителя в каждой. Мукор Лисичка Мухомор Дрожжи Белый гриб Пеницилл Заполните таблицу: запишите в неё основание, по которому были разделены грибы, общее название для каждой группы грабов и перечислите грибы, которые вы отнесли к этой группе. Номер группы | ",Нет,Да
vpr_sd_944973,biology,7,"Рассмотрите фотографии с изображением различных объектов живой природы. Подпишите их названия, используя слова из предложенного списка: плауны, мхи, папоротники, покрытосеменные. А Б В Г A | Б | В | Г // | | |",Нет,Да
vpr_sd_944953,biology,7,"Три из изображённых на фотографиях объекта объединены общим признаком. Выпишите название объекта, «выпадающего» из общего ряда. Объясните свой выбор.",Нет,Да
vpr_sd_943309,biology,7,Каково значение гриба−мукора в жизни человека? Назовите одно из них.,Нет,Нет
vpr_sd_944940,biology,7,"Выберите из предложенного списка и вставьте в текст пропущенные слова, используя для этого их цифровые обозначения. Впишите номера выбранных слов на места пропусков в тексте. Дыхание растений Процесс дыхания растений протекает постоянно. В ходе этого процесса организм растения потребляет ___________ (А), а выделяет ___________ (Б). Ненужные газообразные вещества удаляются из растения путём диффузи",Нет,Да
vpr_sd_944087,biology,7,"Приведите по три примера растений, относящихся к указанным группам. Запишите их названия в таблицу. Лишайники | Семенные растения // | // | // |",Нет,Нет
vpr_sd_943306,biology,7,"Установите соответствие между характеристиками и группами растений: к каждой позиции, данной в первом столбце, подберите соответствующую позицию из второго столбца. ХАРАКТЕРИСТИКИ А) образуют торфяные отложения Б) из споры появляется зелёная нить, похожая на водоросль В) опыление происходит с помощью ветра Г) часто покрыты видоизменёнными листьями — хвоинками Д) широко распространены в засушливых ",Нет,Нет
vpr_sd_945146,biology,7,"Расположите в правильном порядке пункты инструкции по вегетативному размножению прививкой, после отбора нужного подвоя. В ответе запишите соответствующую последовательность цифр. 1) возьмите привой — однолетний побег с двумя−тремя почками или одну почку с частью древесины. 2) плотно обвяжите место прививки 3) подберите подходящий подвой — взрослое растение-сеянец 4) прикрепите привой к подвою 5) с",Нет,Нет
vpr_sd_943252,biology,7,"К какому классу относят растение, диаграмма цветка которого показано на рисунке 1? 1) Печёночники 2) Голосеменные 3) Двудольные 4) Папоротниковые",Нет,Да
vpr_sd_945087,biology,7,Верны ли следующие утверждения о грибах? А. Мицелий гриба способен к бесконечному росту. Б. Все грибы образуют плодовые тела. 1) верно только А 2) верно только Б 3) верны оба утверждения 4) оба утверждения неверны,Нет,Нет
vpr_sd_945058,biology,7,"Рассмотрите изображения шести представителей мира растений. Предложите основание, согласно которому эти растения можно разделить на две группы по три представителя в каждой. Заполните таблицу: запишите в неё основание, по которому были разделены растения, общее название для каждой группы растений и перечислите растения, которые вы отнесли к этой группе. Пастушья сумка Груша Шиповник Рябина Капуста",Нет,Да
vpr_sd_943971,biology,7,"Какой признак, показанный в формуле цветка (см. задание 9), позволяет определить принадлежность растения к этому классу? Почему?",Нет,Да
vpr_sd_944939,biology,7,"Вставьте в текст «Прорастание семян» пропущенные термины из предложенного перечня, используя для этого цифровые обозначения. Впишите номера выбранных слов на места пропусков в тексте, а затем выпишите их в таблицу. ПРОРАСТАНИЕ СЕМЯН Семена могут долго лежать в бумажных пакетиках, в мешках из ткани, в зернохранилищах, находясь в состоянии покоя и не прорастая. Прорастающие семена начинают активно д",Нет,Нет
vpr_sd_943774,biology,7,"Приведите по три примера растений, относящихся к семействам Злаковые и Лилейные. Запишите их названия в таблицу. Злаковые | Лилейные // | // | // |",Нет,Нет
vpr_sd_944926,biology,7,"Установите соответствие между семейством и классом покрытосеменных, к которому оно относится. СЕМЕЙСТВО А) Капустные (Крестоцветные) Б) Злаки В) Розоцветные Г) Пасленовые Д) Лилейные КЛАСС 1) Однодольные 2) Двудольные Запишите в ответ цифры, расположив их в порядке, соответствующем буквам: А | Б | В | Г | Д // | | | |",Нет,Нет
vpr_sd_945140,biology,7,"Расположите в правильном порядке пункты инструкции по проведению эксперимента, доказывающего потребление кислорода семенами при дыхании. В ответе запишите соответствующую последовательность цифр. 1) добавьте немного воды на дно банки 2) внесите зажжённую свечу в банку 3) накройте банку пластмассовой крышкой 4) положите в стеклянную банку семена 5) оставьте банку в таком состоянии на 24 часа",Нет,Нет
vpr_sd_945127,biology,7,"К какому классу относят растение, схема поперечного среза листа которого показана на рисунке? 1) Двудольные 2) Голосеменные 3) Однодольные 4) Папоротниковые",Нет,Да
vpr_sd_945107,biology,7,"Какой признак, показанный на схеме, позволяет определить принадлежность растения к этому классу? Почему?",Нет,Да
vpr_sd_945094,biology,7,Верны ли следующие суждения о процессах жизнедеятельности растений? А. При фотосинтезе растениями поглощается углекислый газ. Б. Световая энергия при фотосинтезе превращается в энергию химических связей органических веществ. 1) верно только А 2) верно только Б 3) верны оба суждения 4) оба суждения неверны,Нет,Да
vpr_sd_945074,biology,7,"Рассмотрите изображения шести представителей мира бактерий. Предложите основание, согласно которому этих бактерий можно разделить на две группы по три представителя в каждой. Клубеньковые бактерии Палочки Коха Бифидобактерии Столбнячные палочки Лактобактерии Вибрионы Холеры Заполните таблицу: запишите в неё основание, по которому были разделены бактерии, общее название для каждой группы бактерий и",Нет,Да
vpr_sd_943293,biology,7,Чем строение грибов сходно со строением животных? Назовите одну черту сходства.,Нет,Нет
vpr_sd_944678,biology,7,"Известно, что мох сфагнум — споровое растение. Используя эти сведения, выберите из приведённого ниже списка два утверждения, относящиеся к описанию данных признаков этого мха. Запишите в ответе цифры, соответствующие выбранным ответам. 1) Сфагнум не имеет цветков. 2) Листья у этого растения состоят из живых зелёных клеток и мёртвых прозрачных. 3) Стебель сфагнума обильно ветвится, образуя веточки ",Нет,Нет
vpr_sd_944086,biology,7,"Выберите из предложенного списка и вставьте в текст пропущенные слова, используя для этого их цифровые обозначения. Впишите номера выбранных слов на места пропусков в тексте. Папоротники Папоротники наших лесов — травянистые растения с крупными перистыми листьями. На нижней стороне листа образуются бурые бугорки, в которых созревают _______(А). Закрепление в почве у папоротников происходит с помощ",Нет,Нет
vpr_sd_943936,biology,7,"Установите соответствие между характеристиками и группами растений: к каждой позиции, данной в первом столбце, подберите соответствующую позицию из второго столбца. ХАРАКТЕРИСТИКИ А) образовали каменный уголь Б) образуют пыльцу В) имеют видоизменённый побег — корневище Г) формируют половые клетки на заростке Д) формируют семязачатки Е) не нуждаются в воде для оплодотворения ОТДЕЛЫ РАСТЕНИЙ 1) Голо",Нет,Нет
vpr_sd_943937,biology,7,"Установите последовательность действий при черенковании комнатных растений. В ответе запишите соответствующую последовательность цифр . 1) Выясните, какое из имеющихся у вас комнатных растений размножается черенками. 2) После образования 4–5 придаточных корней высадите черенок во влажную почву. 3) Накройте растение банкой. 4) Поставьте черенок в воду. 5) Осторожно срежьте острым ножом с выбранного",Нет,Нет
vpr_sd_945114,biology,7,"Какой признак, показанный на диаграмме цветка, позволяет определить принадлежность растения к этому классу? Почему?",Нет,Да
vpr_sd_945023,biology,7,"Рассмотрите схему, отражающую развитие животного мира Земли. 1 — Зелёные водоросли 2 — Красные водоросли 3 — Бурые водоросли 4 — Мхи 5 — Плауны 6 — Папоротники 7 — Хвощи 8 — Голосеменные 9 — Однодольные 10 — Двудольные Под каким номером на схеме указаны группы организмов, к которым относят изображённых на фотографиях животных? Запишите в таблицу номера соответствующих групп. Ламинария | Орляк обык",Нет,Да
vpr_sd_945003,biology,7,Какое из этих растений относят к споровым растениям?,Нет,Нет
vpr_sd_944964,biology,7,"Рассмотрите фотографии с изображением различных объектов живой природы. Подпишите их названия, используя слова из предложенного списка: папоротники, мхи, кишечнополостные, корненожки . А Б В Г A | Б | В | Г // | | |",Нет,Да
vpr_sd_944718,biology,7,Каково значение микоризы или грибокорня в жизни растений и грибов?,Нет,Нет
vpr_sd_944053,biology,7,"Известно, что пеницилл — род плесневых грибов, некоторые виды которого используются в пищевой промышленности. Используя эти сведения, выберите из приведённого ниже списка два утверждения, относящиеся к описанию данных признаков этого растения. Запишите в ответе цифры , соответствующие выбранным ответам. 1) Из некоторых видов пенецилла получают антибиотики. 2) Мицелий гриба в виде пушистого или зер",Нет,Да
vpr_sd_944910,biology,7,"ОСОБЕННОСТЬ ВИРУСОВ И БАКТЕРИЙ А) нет клеточной стенки Б) наследственный материал заключён в коль- цевой ДНК В) наследственный материал заключён в РНК Г) может иметь жгутик Д) внутриклеточный паразит Е) симбионт человека ПРЕДСТАВИТЕЛЬ 1) вирус иммунодефицита человека 2) кишечная палочка Запишите в ответ цифры, расположив их в порядке, соответствующем буквам: A | Б | В | Г | Д | Е // | | | | |",Нет,Нет
vpr_sd_945139,biology,7,"Установите правильную последовательность процессов, протекающих при фотосинтезе. 1) использование углекислого газа 2) образование кислорода 3) синтез углеводов 4) синтез молекул АТФ 5) возбуждение хлорофилла",Нет,Да
vpr_sd_945103,biology,7,"Какой признак, показанный на схеме развития пыльцевого зерна, позволяет определить принадлежность растения к этому классу? Почему?",Нет,Да
vpr_sd_945052,biology,7,"Рассмотрите изображения шести представителей мира растений. Предложите основание, согласно которому эти растения можно разделить на две группы по три представителя в каждой. Томат Белена Картофель Арахис Люпин Фасоль Заполните таблицу: запишите в неё основание, по которому были разделены растения, общее название для каждой группы растений и перечислите растения, которые вы отнесли к этой группе. Н",Нет,Да
vpr_sd_944040,biology,7,Какое из этих растений относят к высшим споровым растениям?,Нет,Нет
vpr_sd_944980,biology,7,"Рассмотрите фотографии с изображением представителей различных объектов природы. Подпишите их названия, используя слова из предложенного списка: хвощи, мхи, водоросли, папоротники. Занесите ответы в поля для ввода. А. Б. В. Г.",Нет,Да
vpr_sd_944960,biology,7,«Листья» одного из представленных организмов называются вайи. Назовите это организм. Поясните свой ответ.,Нет,Нет
vpr_sd_943995,biology,7,Чем строение пеницилла отличается от строения хлебных дрожжей? Назовите одно из них.,Нет,Нет
vpr_sd_944674,biology,7,"Известно, что ряска малая — плавающее растение. Используя эти сведения, выберите из приведённого ниже списка два утверждения, относящиеся к описанию данных признаков этого растения. Запишите в ответе цифры, соответствующие выбранным ответам. 1) Пластинки ряски имеют воздушные полости, благодаря чему не тонут в воде. 2) Её побег — округлая светло-зелёная пластинка диаметром 2–3 мм. 3) Растение ряск",Нет,Да
vpr_sd_944006,biology,7,"Выберите из предложенного списка и вставьте в текст пропущенные слова, используя для этого их цифровые обозначения. Впишите номера выбранных слов на места пропусков в тексте. Подсолнечник Подсолнечник — важнейшая продовольственная культура. Он относится к семейству _______(А). На верхушке его стебля расположено огромное соцветие _______(Б). Плод у подсолнечника — _______(В) с плотным околоплоднико",Нет,Нет
vpr_sd_944000,biology,7,"Установите соответствие между характеристиками и группами растений: к каждой позиции, данной в первом столбце, подберите соответствующую позицию из второго столбца. ХАРАКТЕРИСТИКИ А) сетчатое жилкование листьев Б) стержневая корневая система В) листья всегда простые Г) у некоторых представителей стебель образует соломину Д) встречаются как травянистые, так и древесные формы Е) количество частей цв",Нет,Нет
vpr_sd_945149,biology,7,Установите правильную последовательность стадий жизненного цикла мха (на примере кукушкиного льна) начиная с зиготы. 1) образование зиготы 2) образование половых клеток на листостебельном растении 3) образование коробочки на ножке 4) образование гаплоидных спор мейозом 5) образование листостебельного растения из споры,Нет,Нет
vpr_sd_945113,biology,7,"Какой признак, показанный на диаграмме цветка , позволяет определить принадлежность растения к этому классу? Почему?",Нет,Да
vpr_sd_943334,biology,7,"Верны ли следующие суждения о размножении папоротников? А. Развитие спор происходит в спорангиях на нижней стороне листовой пластинки. Б. В дальнейшем из спор формируются крошечные сердцевидные заростки, производящие половые клетки. 1) верно только А 2) верно только Б 3) оба суждения верны 4) оба суждения неверны",Нет,Нет
vpr_sd_943764,biology,7,"Рассмотрите изображения шести представителей мира живой природы. Предложите основание, согласно которому эти организмы можно разделить на две группы по три представителя в каждой. Морковь Ель Картофель Груша Дуб Подосиновик Заполните таблицу: запишите в неё основание, по которому были разделены организмы, общее название для каждой группы организмов и перечислите организмы, которые вы отнесли к это",Нет,Да
vpr_sd_945029,biology,7,"Рассмотрите изображения растений: лилия, маршанция, кубышка . Подпишите их названия под соответствующими изображениями. Название | | | // Среда обитания | | |",Нет,Да
vpr_sd_945009,biology,7,"Рассмотрите схему, отражающую развитие растительного мира Земли. 1 — Зелёные водоросли 2 — Красные водоросли 3 — Бурые водоросли 4 — Мхи 5 — Плауны 6 — Папоротники 7 — Хвощи 8 — Голосеменные 9 — Однодольные 10 — Двудольные Под каким номером на схеме указаны группы организмов, к которым относят изображённые на фотографиях растения? Запишите в таблицу номера соответствующих групп. Лилия | Маршанция ",Нет,Да
vpr_sd_944989,biology,7,Какое из перечисленных растений относится к споровым?,Нет,Нет
vpr_sd_944667,biology,7,"Известно, что лиственница — голосеменное хвойное растение. Используя эти сведения, выберите из приведённого ниже списка два утверждения, относящиеся к описанию данных признаков растения. Запишите в ответе цифры, соответствующие выбранным ответам. 1) Лиственница произрастает в умеренных и холодных областях Евразии и Северной Америки. 2) Листья лиственницы представлены тонкими игольчатыми образовани",Нет,Да
vpr_sd_944930,biology,7,"Выберите из предложенного списка и вставьте в текст пропущенные слова, используя для этого их цифровые обозначения. Строение грибов Большинство грибов — многоклеточные организмы, но есть и одноклеточные. Клеточная оболочка грибов содержит _______(А). Тело многоклеточного гриба состоит из тонких белых нитей, формирующих грибницу. Она также называется ______(Б), который может представлять собой одну",Нет,Нет
vpr_sd_943775,biology,7,"Установите соответствие между характеристиками и классами растений: к каждой позиции, данной в первом столбце, подберите соответствующую позицию из второго столбца. ХАРАКТЕРИСТИКИ А) проводящие пучки в стебле расположены «беспорядочно» Б) жизненные формы преимущественно травы В) две семядоли Г) мочковатая корневая система Д) сетчатое жилкование Е) есть камбий КЛАССЫ РАСТЕНИЙ 1) Однодольные 2) Двуд",Нет,Нет
vpr_sd_943355,biology,7,"Установите последовательность стадий развития мха, начиная с оплодотворения. В ответе запишите соответствующую последовательность цифр . 1) образование зиготы 2) прорастание спор в ветвящиеся зелёные нити 3) распространение спор ветром 4) формирование коробочки со спорами 5) развитие зелёных побегов с листьями",Нет,Нет
vpr_sd_943351,biology,7,"Рассмотрите изображения шести представителей мира грибов. Предложите основание, согласно которому их можно разделить на две группы по три представителя в каждой. Подберезовик Дубовик Мукор Дрожжи Гладыш Пеницилл Заполните таблицу: запишите в неё основание, по которому были разделены грибы, общее название для каждой группы грибов и перечислите грибы, которые вы отнесли к этой группе. Номер группы |",Нет,Да
vpr_sd_944994,biology,7,У какого из перечисленных растений образуется гаметофит — заросток?,Нет,Нет
vpr_sd_943758,biology,7,"Рассмотрите фотографии с изображением различных объектов живой природы. Подпишите их названия, используя слова из предложенного списка: покрытосеменные, папоротники, хвощи, мхи. A | Б | В | Г // | | |",Нет,Да
vpr_sd_944942,biology,7,"Выберите из предложенного списка и вставьте в текст пропущенные слова, используя для этого их цифровые обозначения. Впишите номера выбранных слов на места пропусков в тексте. Голосеменные растения Бóльшую часть произрастающих на территории России голосеменных растений обычно называют ___________ (А) из-за особого строения листьев. Стволы этих деревьев и кустарников богаты смолой. Она не позволяет ",Нет,Нет
vpr_sd_944644,biology,7,"Приведите по три примера растений, относящихся к группам насекомоопыляемых и ветроопыляемых растений. Запишите их названия в таблицу. Насекомоопыляемые | Ветроопыляемые // | // | // |",Нет,Нет
vpr_sd_943731,biology,7,"Установите соответствие между характеристиками и группами растений: к каждой позиции, данной в первом столбце, подберите соответствующую позицию из второго столбца. ХАРАКТЕРИСТИКИ А) первые наземные растения Б) наличие опыления В) формируют пыльцу Г) образуют плоды или шишки Д) оплодотворение происходит при участии воды Е) зародыш развивается под покровом оболочек ГРУППЫ РАСТЕНИЙ 1) Споровые 2) Се",Нет,Нет
vpr_sd_943348,biology,7,"К какому классу относят растение, диаграмма цветка которого показана на рисунке 1? 1) Сфагновые мхи 2) Хвойные 3) Двудольные 4) Папоротниковые",Нет,Да
vpr_sd_943347,biology,7,"Рассмотрите фотографии с изображением различных объектов живой природы. Подпишите их названия, используя слова из предложенного списка: зелёные водоросли, мхи, сумчатые грибы, красные водоросли. A | Б | В | Г // | | |",Нет,Да
vpr_sd_943711,biology,7,Верны ли следующие суждения о роли папоротникообразных? А. Особенно богаты папоротникообразными влажные тропические и субтропические леса. Б. Каменный уголь образовался из древних вымерших папоротникообразных. 1) верно только А 2) верно только Б 3) оба суждения верны 4) оба суждения неверны,Нет,Нет
vpr_sd_943303,biology,7,"Рассмотрите изображения шести представителей мира грибов. Предложите основание, согласно которому их можно разделить на две группы по три представителя в каждой. Масленок Волнушка Польский гриб Мухомор красный Белый гриб Груздь Заполните таблицу: запишите в неё основание, по которому были разделены грибы, общее название для каждой группы грабов и перечислите грибы, которые вы отнесли к этой группе",Нет,Да
vpr_sd_945036,biology,7,"Рассмотрите изображения растений: хлорелла, сосна, морковь . Подпишите их названия под соответствующими изображениями. Под каждым названием животного подпишите название среды обитания взрослой формы организма: наземно-воздушная, водная . Название | | | // Среда обитания | | |",Нет,Да
vpr_sd_944996,biology,7,Какое из этих растений относят к группе голосеменных?,Нет,Нет
vpr_sd_943765,biology,7,"Рассмотрите изображения растений: манжетка, рогоз, страусник . Подпишите их названия под соответствующими изображениями. Под каждым названием растения укажите среду его обитания: наземно-воздушная, водная . Название | | | // Среда обитания | | |",Нет,Да
vpr_sd_943767,biology,7,"Какое из этих растений (манжетка, рогоз, страусник) не относят к цветковым растениям?",Нет,Нет
vpr_sd_945038,biology,7,"Рассмотрите изображения растений: баранец обыкновенный, ламинария, свёкла . Подпишите их названия под соответствующими изображениями. Под каждым названием животного подпишите название среды обитания взрослой формы организма: наземно-воздушная, водная . Название | | | // Среда обитания | | |",Нет,Да
vpr_sd_944062,biology,7,"Рассмотрите изображения растений: ульва, кукушкин лён, кочедыжник . Подпишите их названия под соответствующими изображениями. Под каждым названием растения укажите среду его обитания: наземно-воздушная, водная. Название | | | // Среда обитания | | |",Нет,Да
vpr_sd_944056,biology,7,Какое из этих растений имеет настоящие органы?,Нет,Нет
vpr_sd_943888,biology,7,"Рассмотрите изображения растений: улотрикс, клевер, кукуруза . Подпишите их названия под соответствующими изображениями. Под каждым названием растения укажите среду его обитания: наземно-воздушная, водная. Название | | | // Среда обитания | | |",Нет,Да
vpr_sd_943897,biology,7,"Приведите по три примера организмов, относящихся к указанным группам. Запишите их названия в таблицу. Мхи | Шляпочные грибы // | // | // |",Нет,Нет
vpr_sd_943898,biology,7,"Установите соответствие между характеристиками и группами растений: к каждой позиции, данной в первом столбце, подберите соответствующую позицию из второго столбца. ХАРАКТЕРИСТИКИ А) размер редко превышает 10 см Б) имеют листья, стебли и корни В) имеют корневище Г) содержат водоносные клетки Д) некоторые виды образуют торф Е) в жизненном цикле есть заросток ОТДЕЛЫ РАСТЕНИЙ 1) Мхи 2) Папоротники",Нет,Нет
vpr_sd_945039,biology,7,"Рассмотрите изображения растений: можжевельник, плаун булавовидный, порфира . Подпишите их названия под соответствующими изображениями. Под каждым названием растения подпишите название среды обитания организма: наземно-воздушная, водная. Название | | | // Среда обитания | | |",Нет,Да
vpr_sd_944999,biology,7,У какого из перечисленных растений развиваются семена?,Нет,Нет
vpr_sd_945045,biology,7,"Рассмотрите изображения растений: кукушкин лён, ламинария, баклажан. Подпишите их названия под соответствующими изображениями. Под каждым названием растения укажите среду его обитания: наземно-воздушная, водная. Название | | | // Среда обитания | | |",Нет,Да
vpr_sd_945005,biology,7,"Кто из перечисленных организмов (кукушкин лён, ламинария, баклажан) относят к низшим растениям?",Нет,Нет
vpr_sd_945028,biology,7,"Рассмотрите изображения растений: фукус, укроп, хвощ полевой . Подпишите их названия под соответствующими изображениями. Под каждым названием растения подпишите название среды организма: наземно-воздушная, водная. Название | | | // Среда обитания | | |",Нет,Да
vpr_sd_944988,biology,7,У какого из перечисленных растений нет листьев?,Нет,Нет
vpr_sd_943966,biology,7,"Рассмотрите изображения растений: улотрикс, рис, боярышник . Подпишите их названия под соответствующими изображениями. Под каждым названием растения укажите среду его обитания: наземно-воздушная, водная. Название | | | // Среда обитания | | |",Нет,Да
vpr_sd_943960,biology,7,Для какого из этих растений характерна жизненная форма — кустарник?,Нет,Нет
vpr_sd_945041,biology,7,"Рассмотрите изображения растений: хлорелла, сосна, шиповник . Подпишите их названия под соответствующими изображениями. Под каждым названием растения укажите среду его обитания: наземно-воздушная, водная. Название | | | // Среда обитания | | |",Нет,Да
vpr_sd_945021,biology,7,"Рассмотрите схему, отражающую развитие животного мира Земли. 1) Зелёные водоросли; 2) Красные водоросли; 3) Бурые водоросли; 4) Мхи; 5) Плауны; 6) Папоротники; 7) Хвощи; 8) Голосеменные; 9) Однодольные; 10) Двудольные; Какими цифрами на схеме обозначены группы организмов, к которым относят изображённые на рисунках растения? Запишите в таблицу номера соответствующих групп. Хлорелла | Сосна | Шиповн",Нет,Да
vpr_sd_945001,biology,7,"Какое из этих растений (хлорелла, сосна, шиповник) относят к группе цветковых? Ответ запишите одним словом в именительном падеже.",Нет,Нет
vpr_sd_944030,biology,7,"Рассмотрите изображения растений: хламидомонада, фасоль обыкновенная, овсяница . Подпишите их названия под соответствующими изображениями. Под каждым названием растения укажите среду его обитания: наземно-воздушная, водная. Название | | | // Среда обитания | | |",Нет,Да
vpr_sd_944024,biology,7,У какого из этих растений сухой многосемянный плод?,Нет,Нет
vpr_sd_943344,biology,7,"Рассмотрите изображения растений: хламидомонада, можжевельник обыкновенный, паслён клубненосный . Подпишите их названия под соответствующими изображениями. Под каждым названием растения укажите среду его обитания: наземно-воздушная, водная. Название | | | // Среда обитания | | |",Нет,Да
vpr_sd_943346,biology,7,Какое из этих растений широко используется как декоративное?,Нет,Нет
vpr_sd_945037,biology,7,"Рассмотрите изображения растений: хлорелла, пихта, горох . Подпишите их названия под соответствующими изображениями. Под каждым названием животного подпишите название среды обитания взрослой формы организма: наземно-воздушная, водная . Название | | | // Среда обитания | | |",Нет,Да
vpr_sd_944997,biology,7,Какое из этих растений не имеет тканей и органов?,Нет,Нет
vpr_sd_945032,biology,7,"Рассмотрите изображения растений: щитовник, стрелолист, тисс . Подпишите их названия под соответствующими изображениями. Под каждым названием растения подпишите название среды обитания организма: наземно-воздушная, водная. Название | | | // Среда обитания | | |",Нет,Да
vpr_sd_944992,biology,7,Какое из перечисленных растений образует плоды?,Нет,Нет
vpr_sd_943296,biology,7,"Рассмотрите изображения растений: горох посевной, ламинария, страусник . Подпишите их названия под соответствующими изображениями. Под каждым названием растения укажите среду его обитания: наземно-воздушная, водная. Название | | | // Среда обитания | | |",Нет,Да
vpr_sd_943298,biology,7,Какое из этих растений относят к цветковым?,Нет,Нет
vpr_sd_945031,biology,7,"Рассмотрите изображения растений: кувшинка, сфагнум, тюльпан . Подпишите их названия под соответствующими изображениями. Под каждым названием растения подпишите название среды обитания организма: наземно-воздушная, водная. Название | | | // Среда обитания | | |",Нет,Да
vpr_sd_944991,biology,7,У какого из перечисленных растений отсутствуют корни?,Нет,Нет
vpr_sd_945043,biology,7,"Рассмотрите изображения растений: ламинария, орляк обыкновенный, кукуруза . Подпишите их названия под соответствующими изображениями. Под каждым названием животного подпишите название среды обитания взрослой формы организма: наземно-воздушная, водная . Название | | | // Среда обитания | | |",Нет,Да
vpr_sd_943747,biology,7,"Рассмотрите изображения растений: стрелолист, плаун, манжетка. Подпишите их названия под соответствующими изображениями. Под каждым названием растения укажите среду его обитания: наземно-воздушная, водная. Название | | | // Среда обитания | | |",Нет,Да
vpr_sd_943741,biology,7,"Какое из этих растений (Стрелолист, Манжетка, Плаун) не относят к цветковым растениям?",Нет,Нет
vpr_sd_943328,biology,7,"Рассмотрите изображения растений: капуста кочанная, ландыш майский, спирогира . Подпишите их названия под соответствующими изображениями. Под каждым названием растения укажите среду его обитания: наземно-воздушная, водная. Название | | | // Среда обитания | | |",Нет,Да
vpr_sd_943330,biology,7,Какое из этих растений относят к группе культурных растений?,Нет,Нет
vpr_sd_943998,biology,7,"Рассмотрите изображения растений: мятлик луговой, хламидомонада, арахис . Подпишите их названия под соответствующими изображениями. Под каждым названием растения укажите среду его обитания: наземно-воздушная, водная. Название | | | // Среда обитания | | |",Нет,Да
vpr_sd_943992,biology,7,Какое из этих растений широко используют в пищевой промышленности?,Нет,Нет
vpr_sd_943264,biology,7,"Рассмотрите изображения растений: спаржа, кладофора, цикорий . Подпишите их названия под соответствующими изображениями. Под каждым названием растения укажите среду его обитания: наземно-воздушная, водная. Название | | | // Среда обитания | | |",Нет,Да
vpr_sd_943266,biology,7,Какое из этих растений относят к семейству лилейных?,Нет,Нет
vpr_sd_945047,biology,7,"Рассмотрите изображения растений: ламинария, орляк обыкновенный, пшеница. Подпишите их названия под соответствующими изображениями. Под каждым названием растения укажите среду его обитания: наземно-воздушная, водная. Название | | | // Среда обитания | | |",Нет,Да
vpr_sd_945027,biology,7,"Рассмотрите схему, отражающую развитие растительного мира Земли. 1) Зелёные водоросли; 2) Красные водоросли; 3) Бурые водоросли; 4) Мхи; 5) Плауны; 6) Папоротники; 7) Хвощи; 8) Голосеменные; 9) Однодольные; 10) Двудольные; Какими цифрами на схеме обозначены группы организмов, к которым относят изображённые на рисунках растения? Запишите в таблицу номера соответствующих групп. Ламинария | Орляк обы",Нет,Да
vpr_sd_945007,biology,7,"Какое из этих растений (ламинария, орляк обыкновенный, пшеница) относят к низшим растениям? Ответ запишите одним словом в именительном падеже.",Нет,Нет
vpr_sd_943721,biology,7,"Рассмотрите изображения растений: филлофора, хламидомонада, пихта сицилийская. Подпишите их названия под соответствующими изображениями. Под каждым названием растения укажите среду его обитания: наземно-воздушная, водная. Название | | | // Среда обитания | | |",Нет,Да
vpr_sd_943723,biology,7,"Какое из этих растений (филлофора, хламидомонада, пихта сицилийская) относят к высшим растениям?",Нет,Нет
vpr_sd_943934,biology,7,"Рассмотрите изображения растений: филлофора, рябина, ковыль . Подпишите их названия под соответствующими изображениями. Под каждым названием растения укажите среду его обитания: наземно-воздушная, водная. Название | | | // Среда обитания | | |",Нет,Да
vpr_sd_943943,biology,7,"Приведите по три примера организмов, относящихся к указанным царствам. Запишите их названия в таблицу. Растения | Грибы // | // | // |",Нет,Нет
vpr_sd_945035,biology,7,"Рассмотрите изображения растений: щитовник, нителла, финиковая пальма . Подпишите их названия под соответствующими изображениями. Под каждым названием растения подпишите название среды обитания организма: наземно-воздушная, водная. Название | | | // Среда обитания | | |",Нет,Да
vpr_sd_944995,biology,7,Какое из перечисленных растений размножается при помощи семян?,Нет,Нет
vpr_sd_943248,biology,7,"Рассмотрите изображения растений: туя западная, кукушкин лён, спирогира . Подпишите их названия под соответствующими изображениями. Под каждым названием растения укажите среду его обитания: наземно-воздушная, водная. Название | | | // Среда обитания | | |",Нет,Да
vpr_sd_943250,biology,7,Какое из этих растений не имеет вегетативных органов?,Нет,Нет
vpr_sd_943280,biology,7,"Рассмотрите изображения растений: хвощ полевой, сфагнум, хлорелла . Подпишите их названия под соответствующими изображениями. Под каждым названием растения укажите среду его обитания: наземно-воздушная, водная. Название | | | // Среда обитания | | |",Нет,Да
vpr_sd_943282,biology,7,У какого из этих растений отсутствуют вегетативные органы?,Нет,Нет
vpr_sd_945033,biology,7,"Рассмотрите изображения растений: хламидомонада, ольха, лиственница . Подпишите их названия под соответствующими изображениями. Под каждым названием растения подпишите название среды обитания организма: наземно-воздушная, водная. Название | | | // Среда обитания | | |",Нет,Да
vpr_sd_944993,biology,7,У какого из перечисленных растений орган полового размножения — шишка?,Нет,Нет
vpr_sd_945030,biology,7,"Рассмотрите изображения растений: гингко, улотрикс, плющ . Подпишите их названия под соответствующими изображениями. Под каждым названием растения подпишите название среды обитания организма: наземно-воздушная, водная. Название | | | // Среда обитания | | |",Нет,Да
vpr_sd_944990,biology,7,Какое из перечисленных растений способно образовывать зооспоры?,Нет,Нет
vpr_sd_944078,biology,7,"Рассмотрите изображения растений: ульва, туя серебристая, плаун булавовидный . Подпишите их названия под соответствующими изображениями. Под каждым названием растения укажите среду его обитания: наземно-воздушная, водная. Название | | | // Среда обитания | | |",Нет,Да
vpr_sd_944072,biology,7,Какое из этих растений широко используется как декоративное растение?,Нет,Нет
vpr_sd_945034,biology,7,"Рассмотрите изображения растений: хвощ полевой, ряска, страусник . Подпишите их названия под соответствующими изображениями. Под каждым названием растения подпишите название среды обитания организма: наземно-воздушная, водная. Название | | | // Среда обитания | | |",Нет,Да
vpr_sd_943312,biology,7,"Рассмотрите изображения растений: брюква, пихта, спирогира . Подпишите их названия под соответствующими изображениями. Под каждым названием растения укажите среду его обитания: наземно-воздушная, водная. Название | | | // Среда обитания | | |",Нет,Да
vpr_sd_943314,biology,7,Какое из этих растений относят к группе кормовых?,Нет,Нет
vpr_sd_945046,biology,7,"Рассмотрите изображения растений: хвощ луговой, спирогира, горох посевной . Подпишите их названия под соответствующими изображениями. Под каждым названием растения подпишите название среды обитания взрослой формы организма: наземно-воздушная, водная. Название | | | // Среда обитания | | |",Нет,Да
vpr_sd_944025,biology,7,"Рассмотрите фотографии с изображением различных объектов живой природы. Подпишите их названия, используя слова из предложенного списка: зелёные водоросли, папоротники, покрытосеменные, мхи. A | Б | В | Г // | | |",Нет,Да
vpr_sd_945102,biology,7,"Какой признак, показанный схеме развития семязачатка, позволяет определить принадлежность растения к этому отделу? Почему?",Нет,Да
vpr_sd_943875,biology,7,"Рассмотрите фотографии с изображением различных объектов живой природы. Подпишите их названия, используя слова из предложенного списка: красные водоросли, папоротники, голосеменные, цветковые. A | Б | В | Г // | | |",Нет,Да
vpr_sd_944057,biology,7,"Рассмотрите фотографии с изображением различных объектов живой природы. Подпишите их названия, используя слова из предложенного списка: папоротниковые, однодольные, двудольные, хвойные. A | Б | В | Г // | | |",Нет,Да
vpr_sd_943726,biology,7,"С помощью какой женской клетки происходит размножение растения, изображенного на рисунке? Почему?",Нет,Да
vpr_sd_944073,biology,7,"Рассмотрите фотографии с изображением различных объектов живой природы. Подпишите их названия, используя слова из предложенного списка: хвойные, однодольные, двудольные, папоротниковые. A | Б | В | Г // | | |",Нет,Да
vpr_sd_945100,biology,7,"Какой признак, показанный на схеме, позволяет определить принадлежность растения к этому отделу? Почему?",Нет,Да
vpr_sd_943299,biology,7,"Рассмотрите изображения различных объектов живой природы. Подпишите их названия, используя слова из предложенного списка: однодольные, листостебельные мхи, папоротниковые, плауновые . A | Б | В | Г // | | |",Нет,Да
vpr_sd_945101,biology,7,"Какой признак, показанный схеме развития, позволяет определить принадлежность растения к этому отделу? Почему?",Нет,Да
vpr_sd_945105,biology,7,"Какой признак, показанный в формуле цветка, позволяет определить принадлежность растения к этому классу? Почему?",Нет,Да
vpr_sd_944041,biology,7,"Рассмотрите фотографии с изображением различных объектов живой природы. Подпишите их названия, используя слова из предложенного списка: однодольные, двудольные, хвойные, листостебельные мхи A | Б | В | Г // | | |",Нет,Да
vpr_sd_943945,biology,7,"Рассмотрите фотографии с изображением различных объектов живой природы. Подпишите их названия, используя слова из предложенного списка: хвощовые, однодольные, двудольные, хвойные. A | Б | В | Г // | | |",Нет,Да
vpr_sd_943710,biology,7,"Какой признак, показанный на диаграмме цветка (рис. 1), позволяет определить принадлежность растения к этому классу? Почему?",Нет,Да
vpr_sd_943271,biology,7,"Рассмотрите изображения шести представителей мира растений. Предложите основание, согласно которому их можно разделить на две группы по три представителя в каждой. Заполните таблицу: запишите в неё основание, по которому были разделены растения, общее название для каждой группы растений и перечислите растения, которые вы отнесли к этой группе. Номер группы | Какое основание позволило разделить рас",Нет,Да
vpr_sd_945059,biology,7,"Рассмотрите изображения шести представителей мира растений. Предложите основание, согласно которому эти растения можно разделить на две группы по три представителя в каждой. Ковыль Одуванчик Череда Репейник Клен Подмаренник Заполните таблицу: запишите в неё основание, по которому были разделены растения, общее название для каждой группы растений и перечислите растения, которые вы отнесли к этой гр",Нет,Да
vpr_sd_945069,biology,7,"Рассмотрите изображения шести представителей разных организмов. Предложите основание, согласно которому эти организмы можно разделить на две группы по три представителя в каждой. Ксантория Маршанция Кукушкин лен Кладония Сфагнум Уснея бородатая Заполните таблицу: запишите в неё основание, по которому были разделены организмы, общее название для каждой группы этих организмов и перечислите представи",Нет,Да
vpr_sd_943933,biology,7,"Рассмотрите изображения шести представителей мира грибов. Предложите основание, согласно которому их можно разделить на две группы по три представителя в каждой. Дубовик Бледная поганка Говорушка беловатая Мухомор Волнушка Вёшенка Заполните таблицу: запишите в неё основание, по которому были разделены грибы, общее название для каждой группы грибов и перечислите грибы, которые вы отнесли к этой гру",Нет,Да
vpr_sd_945057,biology,7,"Рассмотрите изображения шести представителей мира растений. Предложите основание, согласно которому эти растения можно разделить на две группы по три представителя в каждой. Мак Белена Акация Фасоль Хлопчатник Горох Заполните таблицу: запишите в неё основание, по которому были разделены растения, общее название для каждой группы растений и перечислите растения, которые вы отнесли к этой группе. Но",Нет,Да
vpr_sd_943895,biology,7,"Рассмотрите изображения шести организмов. Предложите основание, согласно которому их можно разделить на две группы по три представителя в каждой. Заполните таблицу: запишите в неё основание, по которому были разделены организмы, общее название для каждой группы организмов и перечислите организмы, которые вы отнесли к этой группе. Номер группы | Какое основание позволило разделить организмы? | Как ",Нет,Да
vpr_sd_943981,biology,7,"Рассмотрите изображения шести организмов. Предложите основание, согласно которому их можно разделить на две группы по три представителя в каждой. Пенициллин Мукор Бактерии кокки Кишечные палочки Бактерии спириллы Головня Заполните таблицу: запишите в неё основание, по которому были разделены организмы, общее название для каждой группы организмов и перечислите организмы, которые вы отнесли к этой г",Нет,Да
vpr_sd_943720,biology,7,"Рассмотрите изображения шести организмов. Предложите основание, согласно которому эти организмы можно разделить на две группы по три представителя в каждой. Пеницилл Мукор Кишечные палочки Бактерии вибрионы Бактерии спириллы Дрожжи Заполните таблицу: запишите в неё основание, по которому были разделены организмы, общее название для каждой группы организмов и перечислите организмы, которые вы отнес",Нет,Да
vpr_sd_945061,biology,7,"Рассмотрите изображения шести представителей мира растений. Предложите основание, согласно которому эти растения можно разделить на две группы по три представителя в каждой. Яблоня Сосна Одуванчик Береза Ива Ольха Заполните таблицу: запишите в неё основание, по которому были разделены растения, общее название для каждой группы растений и перечислите растения, которые вы отнесли к этой группе. Номе",Нет,Да
vpr_sd_945063,biology,7,"Рассмотрите изображения шести представителей мира растений. Предложите основание, согласно которому эти растения можно разделить на две группы по три представителя в каждой. Томат Вишня Слива Клюква Персик Виноград Заполните таблицу: запишите в неё основание, по которому были разделены растения, общее название для каждой группы растений и перечислите растения, которые вы отнесли к этой группе. Ном",Нет,Да
vpr_sd_944029,biology,7,"Рассмотрите изображения шести организмов. Предложите основание, согласно которому их можно разделить на две группы по три представителя в каждой. Дрожжи Пеницилл Малина Ламинария Кишечные палочки Хламидомонада Заполните таблицу: запишите в неё основание, по которому были разделены организмы, общее название для каждой группы организмов и перечислите организмы, которые вы отнесли к этой группе. Номе",Нет,Да
vpr_sd_945064,biology,7,"Рассмотрите изображения шести представителей мира растений. Предложите основание, согласно которому эти растения можно разделить на две группы по три представителя в каждой. Банан Береза Кукуруза Сосна Баобаб Медуница Заполните таблицу: запишите в неё основание, по которому были разделены растения, общее название для каждой группы растений и перечислите растения, которые вы отнесли к этой группе. ",Нет,Да
vpr_sd_943704,biology,7,"Рассмотрите изображения шести представителей мира растений. Предложите основание, согласно которому эти растения можно разделить на две группы по три представителя в каждой. Капуста Сосна Картофель Яблоня Ольха Мох сфагнум Заполните таблицу: запишите в неё основание, по которому были разделены организмы, общее название для каждой группы организмов и перечислите организмы, которые вы отнесли к этой",Нет,Да
vpr_sd_945065,biology,7,"Рассмотрите изображения шести представителей мира растений. Предложите основание, согласно которому эти растения можно разделить на две группы по три представителя в каждой. Финиковая пальма Рогоз Клен Лиственница Орляк Каштан Заполните таблицу: запишите в неё основание, по которому были разделены растения, общее название для каждой группы растений и перечислите растения, которые вы отнесли к этой",Нет,Да
vpr_sd_944077,biology,7,"Рассмотрите изображения шести представителей мира грибов. Предложите основание, согласно которому эти грибы можно разделить на две группы по три представителя в каждой. Рыжик Польский гриб Ежевик желтый Моховик Подгруздок Шампиньон Заполните таблицу: запишите в неё основание, по которому были разделены грибы, общее название для каждой группы грибов и перечислите грибы, которые вы отнесли к этой гр",Нет,Да
vpr_sd_944013,biology,7,"Рассмотрите изображения шести грибов. Предложите основание, согласно которому их можно разделить на две группы по три представителя в каждой. Гладыш Польский гриб Сыроежка Моховик Дубовик обыкновенный Шампиньон Заполните таблицу: запишите в неё основание, по которому были разделены грибы, общее название для каждой группы грибов и перечислите грибы, которые вы отнесли к этой группе. Номер группы | ",Нет,Да
vpr_sd_945066,biology,7,"Рассмотрите изображения шести представителей мира растений. Предложите основание, согласно которому эти растения можно разделить на две группы по три представителя в каждой. Лиственница Сосна Кактус Ольха Можжевельник Каштан Заполните таблицу: запишите в неё основание, по которому были разделены растения, общее название для каждой группы растений и перечислите растения, которые вы отнесли к этой г",Нет,Да
vpr_sd_945068,biology,7,"Рассмотрите изображения шести представителей мира растений. Предложите основание, согласно которому эти растения можно разделить на две группы по три представителя в каждой. Фукус Порфира Сосна Хлопчатник Сфагнум Ульва Заполните таблицу: запишите в неё основание, по которому были разделены растения, общее название для каждой группы растений и перечислите растения, которые вы отнесли к этой группе.",Нет,Да
vpr_sd_944061,biology,7,"Рассмотрите изображения шести организмов. Предложите основание, согласно которому их можно разделить на две группы по три представителя в каждой. Дрожжи Хлорелла Ель обыкновенная Картофель Бактерии спириллы Трюфель Заполните таблицу: запишите в неё основание, по которому были разделены организмы, общее название для каждой группы организмов и перечислите организмы, которые вы отнесли к этой группе.",Нет,Да
vpr_sd_945067,biology,7,"Рассмотрите изображения шести представителей мира растений. Предложите основание, согласно которому эти растения можно разделить на две группы по три представителя в каждой. Фасоль Кукуруза Пшеница Томат Ландыш Яблоня Заполните таблицу: запишите в неё основание, по которому были разделены растения, общее название для каждой группы растений и перечислите растения, которые вы отнесли к этой группе. ",Нет,Да
vpr_sd_943746,biology,7,"Рассмотрите изображения шести представителей мира живой природы. Предложите основание, согласно которому эти организмы можно разделить на две группы по три представителя в каждой. Свекла Береза Томат Груша Дуб Подосиновик Заполните таблицу: запишите в неё основание, по которому были разделены организмы, общее название для каждой группы организмов и перечислите организмы, которые вы отнесли к этой ",Нет,Да
vpr_sd_945056,biology,7,"Рассмотрите изображения шести представителей мира растений. Предложите основание, согласно которому эти растения можно разделить на две группы по три представителя в каждой. Калужница Шиповник Малина Морошка Ежевика Клубника Заполните таблицу: запишите в неё основание, по которому были разделены растения, общее название для каждой группы растений и перечислите растения, которые вы отнесли к этой г",Нет,Да
vpr_sd_944045,biology,7,"Рассмотрите изображения шести представителей мира растений. Предложите основание, согласно которому их можно разделить на две группы по три представителя в каждой. Рис Роза Ряска Кувшинка белая Платан восточный Хвощ полевой Заполните таблицу: запишите в неё основание, по которому были разделены растения, общее название для каждой группы растений и перечислите растения, которые вы отнесли к этой гр",Нет,Да
vpr_sd_943997,biology,7,"Рассмотрите изображения шести грибов. Предложите основание, согласно которому их можно разделить на две группы по три представителя в каждой. Опенок осенний Трутовик Головня Спорынья Масленок Ежевик желтый Заполните таблицу: запишите в неё основание, по которому были разделены грибы, общее название для каждой группы грибов и перечислите грибы, которые вы отнесли к этой группе. Номер группы | Какое",Нет,Да
vpr_sd_945073,biology,7,"Рассмотрите изображения шести представителей мира бактерий. Предложите основание, согласно которому эти бактерии можно разделить на две группы по три представителя в каждой. Стрептококк Диплококк Цепочки палочек Стафилококк Палочки с жгутиками Диплобациллы Заполните таблицу: запишите в неё основание, по которому были разделены бактерии, общее название для каждой группы растений и перечислите бакте",Нет,Да
vpr_sd_945070,biology,7,"Рассмотрите изображения шести представителей мира растений. Предложите основание, согласно которому эти растения можно разделить на две группы по три представителя в каждой. Орляк Сосна Хвощ полевой Ольха Сфагнум Картофель Заполните таблицу: запишите в неё основание, по которому были разделены растения, общее название для каждой группы растений и перечислите растения, которые вы отнесли к этой гру",Нет,Да
vpr_sd_943879,biology,7,"Рассмотрите изображения шести представителей мира грибов. Предложите основание, согласно которому их можно разделить на две группы по три представителя в каждой. Масленок Лисичка Польский гриб Мухомор красный Белый гриб Шампиньон Заполните таблицу: запишите в неё основание, по которому были разделены грибы, общее название для каждой группы грибов и перечислите грибы, которые вы отнесли к этой груп",Нет,Да
vpr_sd_945062,biology,7,"Рассмотрите изображения шести представителей мира растений. Предложите основание, согласно которому эти растения можно разделить на две группы по три представителя в каждой. Тополь Дуб Василек Кукуруза Мак Орхидея Заполните таблицу: запишите в неё основание, по которому были разделены растения, общее название для каждой группы растений и перечислите растения, которые вы отнесли к этой группе. Номе",Нет,Да
vpr_sd_944046,biology,7,"Рассмотрите изображения растений: ламинария, подсолнечник однолетний, щитовник мужской . Подпишите их названия под соответствующими изображениями. Под каждым названием растения укажите среду его обитания: наземно-воздушная, водная. Название | | | // Среда обитания | | |",Нет,Да
vpr_sd_945725,biology,7,"Установите последовательность расположения систематических групп изображённого животного, начиная с самой крупной. Используйте слова и словосочетания из предложенного списка. Запишите в таблицу цифры, под которыми они указаны. СПИСОК СЛОВ И СЛОВОСОЧЕТАНИЙ: 1) Насекомые 2) Животные 3) Чешуекрылые 4) Членистоногие 5) Капустная белянка Ответ: Царство | Тип | Класс | Отряд | Вид // | | | |",Нет,Нет
vpr_sd_946093,biology,7,"Вставьте в текст пропущенные термины из предложенного перечня, используя для этого их цифровые обозначения. Запишите в текст номера выбранных ответов, а затем получившуюся последовательность цифр (по тексту) впишите в приведённую ниже таблицу. Тело членистоногих Тело членистоногих состоит из ________(А). У представителей этого типа выделяют отделы: ______________(Б) и брюшко или голову, грудь и бр",Нет,Нет
vpr_sd_946175,biology,7,"Установите последовательность расположения систематических групп изображённого животного, начиная с самой крупной. Используйте слова и словосочетания из предложенного списка. Запишите в таблицу цифры, под которыми они указаны. СПИСОК СЛОВ И СЛОВОСОЧЕТАНИЙ: 1) Насекомые 2) Животные 3) Полужесткокрылые 4) Членистоногие 5) Клоп постельный Ответ: Царство | Тип | Класс | Отряд | Вид // | | | |",Нет,Нет
vpr_sd_944839,biology,7,"Установите соответствие между характеристиками и типами беспозвоночных: к каждой позиции, данной в первом столбце, подберите соответствующую позицию из второго столбца. ХАРАКТЕРИСТИКИ | ТИПЫ БЕСПОЗВОНОЧНЫХ // А) тело, состоящее из двух слоёв клеток Б) имеют стрекательные клетки В) обладают различными группами мышц Г) симметрия тела лучевая Д) наличие паренхимы в пространстве между органами Е) кише",Нет,Нет
vpr_sd_945527,biology,7,"Установите соответствие между характеристиками и классами хордовых: к каждой позиции, данной в первом столбце, подберите соответствующую позицию из второго столбца. ХАРАКТЕРИСТИКИ | КЛАССЫ ХОРДОВЫХ // А) кожа тонкая и голая Б) кожа сухая, тонкая, покрытая роговыми чешуями или костными пластинами В) дыхание кожное и лёгочное Г) оплодотворение внутреннее Д) развитие с превращением Е) трёхкамерное се",Нет,Нет
vpr_sd_945807,biology,7,"Установите соответствие между признаками животных и классами, для которых эти признаки характерны. ПРИЗНАКИ ЖИВОТНЫХ | | ОТДЕЛЫ // А) отсутствие плавательного пузыря Б) жабры открываются наружу жаберными щелями В) для некоторых видов характерны миграции во время нереста Г) жабры прикрыты жаберными крышками Д) как правило, есть плавательный пузырь Е) широко распространены в океанах, морях, реках, о",Нет,Нет
vpr_sd_945781,biology,7,"Установите соответствие между представителями животного царства и их особенностями. ОСОБЕННОСТИ | | ПРЕДСТАВИТЕЛИ // А) включают отряд клювоголовые Б) включают класс хрящевые В) дыхание в основном жаберное Г) дыхание лёгочное Д) развита боковая линия Е) у некоторых встречается теменной орган, воспринимающий световые сигналы | | 1) Рыбы 2) Рептилии Запишите в таблицу выбранные цифры под соответству",Нет,Нет
vpr_sd_946073,biology,7,"Установите соответствие между перечисленными характеристиками животных и животными, к которым они относятся. Для этого к каждому элементу первого столбца подберите позицию из второго столбца. Впишите в таблицу цифры выбранных ответов. ХАРАКТЕРИСТИКИ | | ЖИВОТНОЕ // А) сердце двухкамерное Б) дыхание лёгочное В) для размножения не требуется вода Г) тело покрыто чешуёй Д) есть боковая линия Е) два кр",Нет,Нет
vpr_sd_945825,biology,7,"Установите соответствие между признаком рыб и классом, для которого он характерен. ПРИЗНАК РЫБ | | КЛАСС // A) жаберные щели открываются наружу Б) рот смещён на брюшную сторону тела B) большинство представителей имеют плавательный пузырь Г) костный скелет Д) жабры прикрыты жаберными крышками | | 1) Хрящевые рыбы 2) Костные рыбы Запишите в таблицу выбранные цифры под соответствующими буквами. Ответ",Нет,Нет
vpr_sd_944857,biology,7,"Установите соответствие между характеристиками и классами хордовых: к каждой позиции, данной в первом столбце, подберите соответствующую позицию из второго столбца. ХАРАКТЕРИСТИКИ | КЛАССЫ ХОРДОВЫХ // А) размножаются в воде Б) оплодотворение внутреннее В) дыхание через лёгкие и влажную кожу Г) развитие прямое Д) сердце трёхкамерное Е) несмешение крови в сердце | 1) Земноводные 2) Птицы Запишите в ",Нет,Нет
vpr_sd_945840,biology,7,Верны ли следующие суждения: А. Птицы произошли от пресмыкающихся. Б. Среди предков человека есть древние кистеперые рыбы. 1) верно только А 2) верно только Б 3) верны оба суждения 4) оба суждения неверны,Нет,Нет
vpr_sd_945733,biology,7,"Поясните, какое значение имеют плавники рыб?",Нет,Нет
vpr_sd_946094,biology,7,"Определите по внешнему виду клюва птицы, чем она питается в естественной среде. 1) бесхвостыми земноводными 2) мелкими млекопитающими 3) летающими насекомыми 4) молодыми побегами 5) рыбой Запишите в ответе цифры, под которыми указаны выбранные характеристики.",Нет,Да
vpr_sd_945681,biology,7,"Установите последовательность расположения систематических групп изображённого животного, начиная с самой крупной. Используйте слова и словосочетания из предложенного списка. Запишите в таблицу цифры, под которыми они указаны. СПИСОК СЛОВ И СЛОВОСОЧЕТАНИЙ: 1) Насекомые 2) Животные 3) Стрекозы 4) Членистоногие 5) Дозорщик император Ответ: Царство | Тип | Класс | Отряд | Вид // | | | |",Нет,Да
vpr_sd_946131,biology,7,"Установите последовательность расположения систематических групп изображённого животного, начиная с самой крупной. Используйте слова и словосочетания из предложенного списка. Запишите в таблицу цифры, под которыми они указаны. СПИСОК СЛОВ И СЛОВОСОЧЕТАНИЙ: 1) Насекомые 2) Животные 3) Прямокрылые 4) Членистоногие 5) Саранча египетская Ответ: Царство | Тип | Класс | Отряд | Вид // | | | |",Нет,Да
vpr_sd_945515,biology,7,"Установите последовательность расположения систематических групп изображённого животного, начиная с самой крупной. Используйте слова и словосочетания из предложенного перечня. Запишите в таблицу цифры, под которыми они указаны. ПЕРЕЧЕНЬ СЛОВ И СЛОВОСОЧЕТАНИЙ: 1) Хордовые 2) Серая ворона 3) Животные 4) Воробьинообразные 5) Птицы Ответ: Царство | Тип | Класс | Отряд | Вид // | | | |",Нет,Да
vpr_sd_945919,biology,7,"Установите последовательность расположения систематических групп изображённого животного, начиная с самой крупной. Используйте слова и словосочетания из предложенного списка. Запишите в таблицу цифры, под которыми они указаны. СПИСОК СЛОВ И СЛОВОСОЧЕТАНИЙ: 1) Членистоногие 2) Животные 3) Широкопалый речной рак 4) Ракообразные 5) Десятиногие раки Ответ: Царство | Тип | Класс | Отряд | Вид // | | | ",Нет,Нет
vpr_sd_945955,biology,7,"Установите последовательность расположения систематических групп изображённого животного, начиная с самой крупной. Используйте слова и словосочетания из предложенного списка. Запишите в таблицу цифры, под которыми они указаны. СПИСОК СЛОВ И СЛОВОСОЧЕТАНИЙ: 1) Брюхоногие моллюски 2) Моллюски 3) Неогастроподы 4) Венозная рапана 5) Животные Ответ: Царство | Тип | Класс | Отряд | Вид // | | | |",Нет,Нет
vpr_sd_946055,biology,7,"Установите соответствие между перечисленными характеристиками животных и животными, к которым они относятся. Для этого к каждому элементу первого столбца подберите позицию из второго столбца. Впишите в таблицу цифры выбранных ответов. ХАРАКТЕРИСТИКИ | | ЖИВОТНОЕ // A) имеет один круг кровообращения Б) продукт выделения — мочевина В) дыхание кожно-лёгочное Г) имеет чешую Д) имеет чётко выраженные п",Нет,Нет
vpr_sd_945633,biology,7,"Установите соответствие между характеристиками и классами членистоногих: к каждой позиции, данной в первом столбце, подберите соответствующую позицию из второго столбца. ХАРАКТЕРИСТИКИ | КЛАССЫ ЧЛЕНИСТОНОГИХ // А) две пары усиков Б) количество конечностей непостоянно В) органы дыхания — трахеи и лёгочные мешки Г) пара сложных глаз Д) четыре пары конечностей Е) органы дыхания — жабры | 1) Паукообра",Нет,Нет
vpr_sd_945675,biology,7,"Установите соответствие между признаком и классом хордовых животных, для представителей которого этот признак характерен. ПРИЗНАК | | КЛАСС // А) отсутствие зубов Б) участие кожи в теплорегуляции В) участие в дыхании воздушных мешков Г) альвеолярное строение лёгких Д) заполнение костных полостей воздухом Е) наличие извилин и борозд в коре больших полушарий | | 1) Млекопитающие 2) Птицы Запишите в ",Нет,Нет
vpr_sd_945985,biology,7,"Установите соответствие между признаком и группой животных, для которой он характерен. ПРИЗНАК | | ГРУППА ЖИВОТНЫХ // A) хорда сохраняется у всех видов в течение жизни Б) головной мозг состоит из пяти отделов B) сердце состоит из камер Г) наличие пятипалой конечности Д) нервная трубка сохраняется у взрослых особей Е) нервная трубка преобразуется в головной и спинной мозг | | 1) бесчерепные 2) позв",Нет,Нет
vpr_sd_945498,biology,7,"Верны ли следующие суждения о моллюсках? А. Кальмары, каракатицы, осьминоги обитают в пресных водоёмах. Б. Беззубки и перловицы — паразиты. 1) верно только А 2) верно только Б 3) оба суждения верны 4) оба суждения неверны",Нет,Нет
vpr_sd_946113,biology,7,"Температура тела у птиц выше, чем у млекопитающих. Какие преимущества это дает птицам?",Нет,Нет
vpr_sd_946068,biology,7,"Определите по внешнему виду клюва птицы, чем она питается в естественной среде. 1) мелкими земноводными 2) мелкими млекопитающими 3) семенами 4) летающими насекомыми 5) зерном Запишите в ответе цифры, под которыми указаны выбранные характеристики.",Нет,Да
vpr_sd_946075,biology,7,"Вставьте в текст «Кишечнополостные» пропущенные термины из предложенного перечня, используя для этого цифровые обозначения. Зашипите в текст цифры выбранных ответов, а затем получившуюся последовательность цифр (по тексту) впишите в приведенную ниже таблицу. Кишечнополостные В пресных водоёмах иногда встречаются животные, похожие на стебельки растений. Это пресноводные гидры. По способу питания эт",Нет,Нет
vpr_sd_946119,biology,7,"Вставьте в текст пропущенные термины из предложенного перечня, используя для этого их цифровые обозначения. Запишите в текст номера выбранных ответов, а затем получившуюся последовательность цифр (по тексту) впишите в приведённую ниже таблицу. Медузы Медузы населяют моря и океаны. Их тело напоминает колокол, рот у медуз располагается на ___________ (А). Он окружен __________ (Б), открывается в киш",Нет,Нет
vpr_sd_945769,biology,7,"Установите последовательность расположения систематических групп изображённого животного, начиная с самой крупной. Используйте слова и словосочетания из предложенного списка. Запишите в таблицу цифры, под которыми они указаны. СПИСОК СЛОВ И СЛОВОСОЧЕТАНИЙ: 1) Насекомые 2) Животные 3) Жесткокрылые 4) Членистоногие 5) Семиточечная божья коровка Ответ: Царство | Тип | Класс | Отряд | Вид // | | | |",Нет,Да
vpr_sd_944680,biology,7,"Известно, что пшеница — травянистое однолетнее растение — является ведущей зерновой культурой. Используя эти сведения, выберите из приведенного ниже списка два утверждения, относящиеся к описанию данных признаков этого организма. Запишите в таблицу цифры, соответствующие выбранным ответам. 1) Однолетнее травянистое растение 30−150 см высотой. 2) Температурой, необходимой для прорастания семян пшен",Нет,Нет
vpr_sd_943275,biology,7,Установите последовательность появления на Земле основных групп растений в процессе эволюции. В ответе запишите соответствующую последовательность цифр . 1) псилофиты 2) одноклеточные зелёные водоросли 3) многоклеточные зелёные водоросли 4) папоротникообразные 5) голосеменные,Нет,Нет
vpr_sd_943323,biology,7,"Установите последовательность этапов размножения плесневого гриба мукора, начиная с формирования спорангиев. В ответе запишите соответствующую последовательность цифр . 1) распространение спор ветром 2) образование на мицелии особых приподнятых нитей с округлыми головками – спорангиями 3) развитие из спор неклеточного мицелия 4) вскрытие спорангиев 5) созревание в головках спор",Нет,Нет
vpr_sd_945124,biology,7,"К какому отделу относят растение, схема расположения плодолистиков которого показана на рисунке? 1) Покрытосеменные 2) Моховидные 3) Плауновидные 4) Хвощевидные",Нет,Да
vpr_sd_943972,biology,7,"Полина и Никита собрали и подготовили для гербария образцы растений. Для каждого растения им необходимо составить «паспорт», соответствующий положению этого растения в общей классификации организмов. Помогите ребятам записать в таблицу слова из предложенного списка в такой последовательности, чтобы получился «паспорт» растения. Список слов: 1) Покрытосеменные 2) Растения 3) Однодольные 4) Ежа сбор",Нет,Нет
vpr_sd_944084,biology,7,"Галина и Вячеслав собрали и подготовили для гербария образцы растений. Для каждого растения им необходимо составить «паспорт», соответствующий положению этого растения в общей классификации организмов. Помогите ребятам записать в таблицу слова из предложенного списка в такой последовательности, чтобы получился «паспорт» растения. Список слов: 1) Мать-и-мачеха 2) Двудольные 3) Мать-и-мачеха обыкнов",Нет,Нет
vpr_sd_943902,biology,7,"Анна и Данила собрали и подготовили для гербария образцы растений. Для каждого растения им необходимо составить «паспорт», соответствующий положению этого растения в общей классификации организмов. Помогите ребятам записать в таблицу слова из предложенного списка в такой последовательности, чтобы получился «паспорт» растения. Список слов: 1) Боярышник 2) Двудольные 3) Боярышник крупноплодный 4) Ра",Нет,Нет
vpr_sd_943886,biology,7,"Полина и Владимир собрали и подготовили для гербария образцы растений. Для каждого растения им необходимо составить «паспорт», соответствующий положению этого растения в общей классификации организмов. Помогите ребятам записать в таблицу слова из предложенного списка в такой последовательности, чтобы получился «паспорт» растения. Список слов: 1) Покрытосеменные 2) Растения 3) Двудольные 4) Редька ",Нет,Нет
vpr_sd_945122,biology,7,"К какому отделу относят растение, схема развития семязачатка которого показана на рисунке? 1) Голосеменные 2) Покрытосеменные 3) Моховидные 4) Папоротниковые",Нет,Да
vpr_sd_943715,biology,7,"Установите соответствие между характеристиками и группами растений: к каждой позиции, данной в первом столбце, подберите соответствующую позицию из второго столбца. ХАРАКТЕРИСТИКИ А) cемяпочки развиваются в завязи пестика Б) размножаются не только половым, но и вегетативным способом В) орган размножения — цветок Г) семяпочки лежат на чешуйках шишек Д) среди жизненных форм отсутствуют травы Е) семя",Нет,Нет
vpr_sd_944912,biology,7,"Установите соответствие между признаками организмов и группами, для которых они характерны. ГРУППЫ 1) грибы 2) лишайники ПРИЗНАКИ ОРГАНИЗМОВ А) выделяют в особое царство Б) тело представляет собой слоевище В) имеют плодовое тело Г) по способу питания — авто-гетеротрофы Д) вступают в симбиоз с корнями растений Е) представляют симбиоз грибов и водорослей Запишите в ответ цифры, расположив их в поряд",Нет,Да
vpr_sd_944908,biology,7,"Установите соответствие между признаком растения и систематической группой, для которой он характерен. ПРИЗНАК A) в цикле развития преобладает гаметофит Б) взрослое растение — спорофит B) споры образуются в коробочках Г) споры образуются в спорангиях на нижней стороне листьев Д) из споры развивается заросток Е) из споры развивается предросток (протонема) СИСТЕМАТИЧЕСКАЯ ГРУППА 1) Моховидные 2) Пап",Нет,Да
vpr_sd_945503,biology,7,"Вставьте в текст пропущенные термины из предложенного перечня, используя для этого их цифровые обозначения. Запишите в текст номера выбранных ответов, а затем получившуюся последовательность цифр (по тексту) впишите в приведённую ниже таблицу. Земноводные Земноводные обычно встречаются в пресных водоёмах и вблизи от них. Взрослые животные дышат кислородом воздуха при помощи ________(А) и растворён",Нет,Нет
vpr_sd_945609,biology,7,"Вставьте в текст пропущенные термины из предложенного перечня, используя для этого их цифровые обозначения. Запишите в текст номера выбранных ответов, а затем получившуюся последовательность цифр (по тексту) впишите в приведённую ниже таблицу. Ракообразные Ракообразные обитают преимущественно в водной среде и освоили практически все виды водоёмов. Ракообразные отличаются от других представителей т",Нет,Нет
vpr_sd_946049,biology,7,"Вставьте в текст «Черви» пропущенные термины из предложенного перечня, используя для этого цифровые обозначения. Запишите в текст цифры выбранных ответов, а затем получившуюся последовательность цифр (по тексту) впишите в приведённую ниже таблицу. Черви К основным типам червей относятся______________(А), круглые и кольчатые черви. У всех червей развита нервная система, состоящая из продольных нерв",Нет,Нет
vpr_sd_945943,biology,7,"Вставьте в текст пропущенные термины из предложенного перечня, используя для этого цифровые обозначения. Запишите в текст цифры выбранных ответов, а затем получившуюся последовательность цифр (по тексту) запишите в таблицу. Кишечнополостные Кишечнополостные — это двухслойные животные. Наружный слой__________(А), внутренний — энтодерма. Симметрия кишечнополостных__________(Б). Дышат всей поверхност",Нет,Нет
vpr_sd_945669,biology,7,"Вставьте в текст «Способы размножения организмов» пропущенные термины из предложенного перечня, используя для этого цифровые обозначения. Запишите в текст цифры выбранных ответов, а затем получившуюся последовательность цифр (по тексту) впишите в поле ответа. Способы размножения организмов В природе существует два основных способа размножения. Это____________(А) и бесполое. Первый осуществляется с",Нет,Нет
vpr_sd_944759,biology,7,"Известно, что жужелица садовая — ночной хищный жук, приносящий пользу садовоогородным участкам. Используя эти сведения, выберите из приведённого ниже списка три утверждения, относящихся к описанию данных признаков этого животного. Запишите в ответе цифры, соответствующие выбранным ответам. 1) Жужелица садовая — насекомое отряда Жесткокрылые, длина тела составляет 14–60 мм. 2) Распространена жужели",Нет,Нет
vpr_sd_946029,biology,7,"Установите соответствие между перечисленными характеристиками животных и животными, к которым они относятся. Для этого к каждому элементу первого столбца подберите позицию из второго столбца. Впишите в таблицу цифры выбранных ответов. ХАРАКТЕРИСТИКИ | | ЖИВОТНОЕ // А) при передвижении по суше не касается брюхом земли Б) артериальная и венозная кровь не смешиваются В) тело покрыто роговыми щитками ",Нет,Нет
vpr_sd_945560,biology,7,Верны ли следующие суждения о простейших? А. Инфузория-туфелька размножается путём деления. Б. Эвглена зелёная участвует в образовании известняка. 1) верно только А 2) верно только Б 3) оба суждения верны 4) оба суждения неверны,Нет,Нет
vpr_sd_945648,biology,7,Верны ли следующие суждения о простейших? А. Обыкновенная амёба не имеет постоянной формы тела. Б. Эвглена зелёная передвигается с помощью жгутика. 1) верно только А 2) верно только Б 3) оба суждения верны 4) оба суждения неверны,Нет,Нет
vpr_sd_945859,biology,7,"Известно, что крот обыкновенный — почвенное млекопитающее, питающееся животной пищей. Используя эти сведения, выберите из приведённого ниже списка три утверждения, относящиеся к описанию данных признаков этого животного. Запишите в таблицу цифры, соответствующие выбранным ответам. 1) Длина тела животных составляет 18–26,5 см, а масса — 170–319 г. 2) Взрослые животные неуживчивы друг с другом, напа",Нет,Нет
vpr_sd_946170,biology,7,"Определите тип питания организмов, приведённых в списке. СПИСОК ОРГАНИЗМОВ: 1) верблюжья колючка 2) утка 3) аскарида 4) ряска 5) акация 6) белый гриб Запишите цифры, под которыми указаны организмы в списке, в соответствующую ячейку таблицы. Ответ в каждую ячейку запишите в виде последовательности цифр, в порядке их возрастания. Ответ: Автотрофный тип питания | Гетеротрофный тип питания // |",Нет,Нет
vpr_sd_945613,biology,7,Какие функции у земноводных выполняет кожа? Назовите одну из этих функций.,Нет,Нет
vpr_sd_946082,biology,7,"Определите тип питания организмов, приведённых в списке. СПИСОК ОРГАНИЗМОВ: 1) ламинария 2) арбуз 3) бледная поганка 4) стафилококк 5) можжевельник 6) жираф Запишите цифры, под которыми указаны организмы в списке, в соответствующую ячейку таблицы. Ответ в каждую ячейку запишите в виде последовательности цифр, в порядке их возрастания. Ответ: Автотрофный тип питания | Гетеротрофный тип питания // |",Нет,Нет
vpr_sd_945472,biology,7,Верны ли следующие суждения о простейших? А. Малярийный паразит обитает в кишечнике человека. Б. Дизентерийная амёба обитает в кровеносных сосудах человека. 1) верно только А 2) верно только Б 3) оба суждения верны 4) оба суждения неверны,Нет,Нет
vpr_sd_944972,biology,7,"Рассмотрите фотографии с изображением различных объектов живой природы. Подпишите их названия, используя слова из предложенного списка: водоросли, мхи, папоротники, голосеменные. А Б В Г A | Б | В | Г // | | |",Нет,Да
vpr_sd_943279,biology,7,"Известно, что пастушья сумка – травянистое растение, используемое в кулинарии. Используя эти сведения, выберите из приведённого ниже списка два утверждения, относящиеся к описанию данных признаков этого растения. Запишите в ответе цифры , соответствующие выбранным ответам. 1) Плод пастушьей сумки — стручочек — имеет обратнотреугольно−сердцевидную форму. 2) Растёт пастушья сумка на насыпях, вдоль д",Нет,Да
vpr_sd_944941,biology,7,"Выберите из предложенного списка и вставьте в текст пропущенные слова, используя для этого их цифровые обозначения. Впишите номера выбранных слов на места пропусков в тексте. Испарение воды листом Поглощённый ___________ (А) почвенный раствор, состоящий из воды и минеральных веществ, по особым клеткам — ___________ (Б) — поступает в лист. Здесь часть воды используется в процессе фотосинтеза, а час",Нет,Да
vpr_sd_944904,biology,7,"Установите соответствие между особенностью размножения и отделом растений, для которого она характерна. ОСОБЕННОСТЬ РАЗМНОЖЕНИЯ А) преобладание гаметофита в цикле развития Б) преобладание бесполого поколения В) образование спор в коробочке (спорогоне) Г) развитие спорофита на гаметофите Д) образование гамет на заростке Е) образование предростка из споры ОТДЕЛ РАСТЕНИЙ 1) Моховидные 2) Папоротников",Нет,Нет
vpr_sd_945077,biology,7,"Верны ли следующие суждения о лишайниках? А. Лишайник — симбиотический организм, состоящий из мха и гриба. Б. Лишайники всем телом впитывают влагу из тумана, росы и дождей. 1) верно только А 2) верно только Б 3) оба суждения верны 4) оба суждения неверны",Нет,Нет
vpr_sd_944969,biology,7,"Рассмотрите фотографии с изображением различных объектов живой природы. Подпишите их названия, используя слова из предложенного списка: хвощи, папоротники, лишайники, покрытосеменные. А Б В Г A | Б | В | Г // | | |",Нет,Да
vpr_sd_944707,biology,7,"Каково значение плаунов, хвощей и папоротников в жизни человека?",Нет,Нет
vpr_sd_943903,biology,7,"Известно, что черноплодная рябина — это кустарник, являющийся ценной плодовой культурой. Используя эти сведения, выберите из приведённого ниже списка два утверждения, относящиеся к описанию данных признаков этого растения. Запишите в ответе цифры , соответствующие выбранным ответам. 1) К почвам рябина малотребовательна. 2) Созревает рябина в конце сентября, ягоды остаются на дереве до зимы. 3) Цве",Нет,Да
vpr_sd_943729,biology,7,"Выберите из предложенного списка и вставьте в текст пропущенные слова, используя для этого их цифровые обозначения. Впишите номера выбранных слов на места пропусков в тексте. Папоротники Папоротники — это ________(А) растения, поскольку размножаются с помощью специальных клеток, образующихся в специальных органах — сорусах. Из споры развивается ________(Б) — особая стадия развития папоротника, обр",Нет,Нет
vpr_sd_944922,biology,7,"Установите соответствие между водорослями и покрытосеменными растениями и признаками, характерными для этих растений. ПРИЗНАКИ А) Первые, наиболее древние растения. Б) Господствующая группа растений на Земле. В) Не имеют органов и тканей. Г) Имеют вегетативные и генеративные органы. Д) Имеют приспособления к опылению, распространению плодов и семян. Е) Тело состоит из одной или множества сходных к",Нет,Да
vpr_sd_943969,biology,7,"Установите последовательность стадий развития мха, начиная с попадания спор в почву. В ответе запишите соответствующую последовательность цифр . 1) образование коробочки со спорами 2) формирование органов полового размножения 3) оплодотворение, образование зиготы 4) прорастание спор в ветвящиеся зелёные нити 5) образование листостебельных растений",Нет,Нет
vpr_sd_945079,biology,7,Верны ли следующие суждения о хвойных растениях? А. Хвоя хвойных растений — это видоизменённые стебли. Б. На поверхности хвои отсутствуют устьица. 1) верно только А 2) верно только Б 3) оба суждения верны 4) оба суждения неверны,Нет,Нет
vpr_sd_945961,biology,7,"Вставьте в текст «Кишечнополостные» пропущенные термины из предложенного перечня, используя для этого цифровые обозначения. Запишите в текст цифры выбранных ответов, а затем получившуюся последовательность цифр (по тексту) впишите в приведённую ниже таблицу. Кишечнополостные Кишечнополостные — низшие__________(А) многоклеточные животные с __________(Б) симметрией тела. Наружный слой клеток образов",Нет,Нет
vpr_sd_945623,biology,7,"Известно, что краб камчатский — один из самых крупных видов ракообразных, обитатель дальневосточных морей. Используя эти сведения, выберите из приведённого ниже списка три утверждения, относящихся к описанию данных признаков этого животного. Запишите в ответе цифры, соответствующие выбранным ответам. 1) Краб дышит растворённым в воде кислородом. 2) Камчатский краб — раздельнополое животное. 3) Мяс",Нет,Нет
vpr_sd_945909,biology,7,"Установите соответствие между характеристиками кровеносной системы животных и их классами: к каждой позиции, данной в первом столбце, подберите соответствующую позицию из второго столбца. ХАРАКТЕРИСТИКИ КРОВЕНОСНОЙ СИСТЕМЫ | КЛАССЫ ЖИВОТНЫХ // А) В сердце содержится только венозная кровь. Б) Сердце образовано четырьмя камерами. В) В венах малого круга течёт артериальная кровь. Г) У животных имеетс",Нет,Нет
vpr_sd_944828,biology,7,"Верны ли следующие суждения о рыбах? А. Тело рыбы состоит из головы, туловища, конечностей и хвоста. Б. У рыб имеется такой орган, как боковая линия. 1) верно только А 2) верно только Б 3) оба суждения верны 4) оба суждения неверны",Нет,Нет
vpr_sd_945311,biology,7,"Установите последовательность расположения систематических групп изображённого животного, начиная с самой крупной. Используйте слова и словосочетания из предложенного списка. Запишите в таблицу цифры, под которыми они указаны. СПИСОК СЛОВ И СЛОВОСОЧЕТАНИЙ: 1) Ленточные черви 2) Животные 3) Бычий цепень 4) Плоские черви 5) Цепни, или циклофиллиды Ответ: Царство | Тип | Класс | Отряд | Вид // | | | ",Нет,Нет
vpr_sd_945428,biology,7,Верны ли следующие суждения о рыбах? А. К хрящевым рыбам принадлежат представители отрядов акул и скатов. Б. К кистепёрым рыбам относят латимерию. 1) верно только А 2) верно только Б 3) оба суждения верны 4) оба суждения неверны,Нет,Нет
vpr_sd_945553,biology,7,"Известно, что гадюка обыкновенная — наземное чешуйчатое пресмыкающееся, ведущее хищный образ жизни. Используя эти сведения, выберите из приведённого ниже списка три утверждения, относящихся к описанию данных признаков этого животного. Запишите в ответе цифры, соответствующие выбранным ответам. 1) У гадюки вдоль всей спины тянется зигзагообразная тёмная полоса. 2) Жертву гадюка выжидает в засаде, д",Нет,Нет
vpr_sd_945839,biology,7,"Установите последовательность расположения систематических групп изображённого животного, начиная с самой крупной. Используйте слова и словосочетания из предложенного списка. Запишите в таблицу цифры, под которыми они указаны. СПИСОК СЛОВ И СЛОВОСОЧЕТАНИЙ: 1) Многощетинковые (Полихеты) 2) Кольчатые черви 3) Животные 4) Зелёный нереис 5) Нереиды Ответ: Царство | Тип | Класс | Семейство | Вид // | |",Нет,Нет
vpr_sd_946161,biology,7,Установите соответствие между характеристиками и классами животных. ХАРАКТЕРИСТИКИ | | КЛАССЫ ЖИВОТНЫХ // А) к клеткам тела животного поступает смешанная кровь Б) в области грудины имеется киль В) конечности имеют развитую цевку Г) имеют непостоянную температуру тела Д) сердце трёхкамерное с неполной перегородкой в желудочке Е) хорошо развита забота о потомстве | | 1) Пресмыкающиеся 2) Птицы Запиш,Нет,Нет
vpr_sd_944866,biology,7,"Определите тип питания организмов, приведённых в перечне. ПЕРЕЧЕНЬ ОРГАНИЗМОВ: 1) удав 2) полынь 3) дуб 4) акула 5) порфира 6) журавль Запишите цифры, под которыми организмы указаны в перечне, в соответствующую ячейку таблицы. Ответ: Автотрофный тип питания | Гетеротрофный тип питания // |",Нет,Нет
vpr_sd_945947,biology,7,Какую функцию выполняют мальпигиевы сосуды у божьей коровки?,Нет,Нет
vpr_sd_945676,biology,7,"Определите тип питания организмов, приведённых в списке. СПИСОК ОРГАНИЗМОВ: 1) пеницилл 2) жаворонок 3) трипаносома 4) кедр 5) клевер 6) кукушкин лен Запишите цифры, под которыми указаны организмы в списке, в соответствующую ячейку таблицы. Ответ в каждую ячейку запишите в виде последовательности цифр, в порядке их возрастания. Ответ: Автотрофный тип питания | Гетеротрофный тип питания // |",Нет,Нет
vpr_sd_946026,biology,7,"Верны ли следующие суждения о сходстве и различиях человека и человекообразных обезьян? А. Человек способен к сознательному творчеству, а большинство обезьян — нет. Б. Человек и обезьяна обладают первой сигнальной системой. 1) верно только А 2) верно только Б 3) оба суждения верны 4) оба суждения неверны",Нет,Нет
vpr_sd_943310,biology,7,"Наталья и Василий собрали и подготовили для гербария образцы растений. Для каждого растения им необходимо составить «паспорт», соответствующий положению этого растения в общей классификации организмов. Помогите ребятам записать в таблицу слова из предложенного списка в такой последовательности, чтобы получился «паспорт» растения. Список слов: 1) Покрытосеменные 2) Двудольные 3) Горошек мышиный 4) ",Нет,Нет
vpr_sd_943989,biology,7,"Известно, что сфагнум болотный — споровое растение, обитающее в местах с очень высокой влажностью. Используя эти сведения, выберите из приведённого ниже списка два утверждения, относящиеся к описанию данных признаков этого растения. Запишите в ответе цифры , соответствующие выбранным ответам. 1) Сфагнум произрастает в заболоченных лесах, на болотах. 2) Растения ежегодно нарастают верхней частью, а",Нет,Да
vpr_sd_943958,biology,7,"Выберите из предложенного списка и вставьте в текст пропущенные слова, используя для этого их цифровые обозначения. Впишите номера выбранных слов на места пропусков в тексте. Мхи Мхи — это травянистые споровые растения. Споры созревают в особых органах — _______(А). При прорастании споры образуется тонкая _______(Б) нить, похожая на водоросль. В наших лесах встречаются зелёные мхи, например, кукуш",Нет,Нет
vpr_sd_944643,biology,7,"Установите последовательность этапов двойного оплодотворения у покрытосеменных растений. 1) проникновение спермиев в зародышевый мешок 2) перенос пыльцы на рыльце пестика 3) слияние ядра одного спермия с ядром яйцеклетки, другого спермия — со вторичным ядром зародышевого мешка 4) образование диплоидной зиготы и триплоидной клетки 5) прорастание пыльцевой трубки в семязачаток",Нет,Нет
vpr_sd_943268,biology,7,"К какому классу относят растение, лист которого показан на рисунке 1? 1) Папортниковые 2) Хвойные 3) Однодольные 4) Двудольные",Нет,Да
vpr_sd_945093,biology,7,"Верны ли следующие суждения о процессах жизнедеятельности растений? А. По сосудам растений передвигаются органические вещества. Б. По ситовидным трубкам передвигаются минеральные вещества, растворимые в воде. 1) верно только А 2) верно только Б 3) верны оба суждения 4) оба суждения неверны",Нет,Нет
vpr_sd_944976,biology,7,"Рассмотрите фотографии с изображением представителей различных объектов природы. Как называются организмы, изображенные на рисунках? Подпишите их названия, используя слова из предложенного списка: плауны, мхи, лишайники, водоросли. Занесите ответы в поля для ввода. А. Б. В. Г.",Нет,Да
vpr_sd_944956,biology,7,Какой из представленных организмов является симбиотическим?,Нет,Нет
vpr_sd_944713,biology,7,Каково значение голосеменных в жизни человека?,Нет,Нет
vpr_sd_943295,biology,7,"Известно, что спорынья — это паразитический гриб, активные вещества которого используются в медицине. Используя эти сведения, выберите из приведённого ниже списка два утверждения, относящиеся к описанию данных признаков этого растения. Запишите в ответе цифры , соответствующие выбранным ответам. 1) Спорынья обильно размножается преимущественно в сырые и холодные годы. 2) Мицелий спорыньи развивает",Нет,Да
vpr_sd_944064,biology,7,"Установите соответствие между характеристиками и группами растений: к каждой позиции, данной в первом столбце, подберите соответствующую позицию из второго столбца. ХАРАКТЕРИСТИКИ А) оплодотворение в результате опыления Б) есть много деревьев и кустарников В) имеют цветы или соцветия Г) для размножения необходима вода Д) образование пыльцы в тычинках Е) оплодотворение происходит на заростке ОТДЕЛЫ",Нет,Нет
vpr_sd_945084,biology,7,"Верны ли следующие суждения об агротехнических приёмах выращивания культурных растений? А. Растения картофеля окучивают для того, чтобы развивались придаточные корни и столоны. Б. Для образования большого количества листьев растения подкармливают калийными удобрениями. 1) верно только А 2) верно только Б 3) верны оба суждения 4) оба суждения неверны",Нет,Нет
vpr_sd_944009,biology,7,"Рассмотрите фотографии с изображением различных объектов живой природы. Подпишите их названия, используя слова из предложенного списка: зелёные водоросли, папоротники, голосеменные, красные водоросли. A | Б | В | Г // | | |",Нет,Да
vpr_sd_944672,biology,7,"Известно, что сосна обыкновенная — голосеменное хвойное растение. Используя эти сведения, выберите из приведённого ниже списка два утверждения, относящиеся к описанию данных признаков этого растения. Запишите в ответе цифры, соответствующие выбранным ответам. 1) Сосна обыкновенная является вечнозелёным растением и достигает 35−45 метров высоты. 2) В умеренном климате эти сосны образуют два леса на",Нет,Да
vpr_sd_944913,biology,7,"Установите соответствие между признаками приспособленности растения к опылению и его способом. ПРИЗНАКИ ПРИСПОСОБЛЕННОСТИ А) мелкая сухая пыльца Б) мелкие невзрачные цветки В) наличие в цветках нектара Г) яркая окраска цветков Д) образование большого количества пыльцы Е) зацветание до распускания листьев СПОСОБ ОПЫЛЕНИЯ 1) ветром 2) насекомыми Запишите в ответ цифры, расположив их в порядке, соотв",Нет,Да
vpr_sd_945151,biology,7,"Установите последовательность этапов развития мха кукушкина льна, начиная с прорастания споры. 1) образование предростка (протонемы) 2) оплодотворение при наличии воды 3) прорастание споры 4) развитие на предростке женских или мужских растений 5) созревание на мужских растениях сперматозоидов, на женских — яйцеклеток",Нет,Нет
vpr_sd_943878,biology,7,"Верны ли следующие суждения о строении семян цветковых растений? А. Зародыш состоит из семядолей, корешка, стебелька и бутона. Б. Питательные вещества зародыша запасаются либо в семядолях, либо в специальной ткани — околоплоднике. 1) верно только А 2) верно только Б 3) оба суждения верны 4) оба суждения неверны",Нет,Нет
vpr_sd_943947,biology,7,Какими общими признаками обладают представители семейства крестоцветных? Назовите одно из них.,Нет,Нет
vpr_sd_944645,biology,7,"Приведите по три примера растений, имеющих корнеплоды и клубни. Запишите их названия в таблицу. Корнеплод | Клубень // | // | // |",Нет,Нет
vpr_sd_944048,biology,7,"Установите соответствие между характеристиками и группами растений: к каждой позиции, данной в первом столбце, подберите соответствующую позицию из второго столбца. ХАРАКТЕРИСТИКИ А) преобладает жизненная форма — деревья Б) размножаются спорами В) имеют видоизменённые листья — хвоинки Г) половые клетки образуются на заростке Д) образуют семязачатки Е) оплодотворение происходит при наличии воды ОТД",Нет,Нет
vpr_sd_945148,biology,7,"Установите последовательность расположения слоев на распиле дерева, начиная с наружного. 1) луб 2) камбий 3) сердцевина 4) древесина 5) пробка",Нет,Нет
vpr_sd_945091,biology,7,"Верны ли следующие суждения о видоизменённых органах растений? А. Корневище — это в первую очередь орган минерального питания растений. Б. В нижней части луковицы репчатого лука расположен плоский стебель — донце, на нём развиваются видоизменённые листья. 1) верно только А 2) верно только Б 3) верны оба суждения 4) оба суждения неверны",Нет,Нет
vpr_sd_944970,biology,7,"Рассмотрите фотографии с изображением различных объектов живой природы. Подпишите их названия, используя слова из предложенного списка: плауны, мхи, папоротники, голосеменные А Б В Г A | Б | В | Г // | | |",Нет,Да
vpr_sd_943973,biology,7,"Известно, что рис посевной – влаголюбивое растение, важная крупяная хлебная культура во многих странах. Используя эти сведения, выберите из приведённого ниже списка два утверждения, относящиеся к описанию данных признаков этого растения. Запишите в ответе цифры , соответствующие выбранным ответам. 1) Из рисовой соломы растения производят рисовую бумагу, картон, плетёные изделия. 2) Рисовые поля ок",Нет,Да
vpr_sd_943880,biology,7,"Выберите из предложенного списка и вставьте в текст пропущенные слова, используя для этого их цифровые обозначения. Впишите номера выбранных слов на места пропусков в тексте. Грибы Грибы совмещают в себе признаки и растений, и животных. С животными грибы сходны тем, что у них в клетках не запасается _______(А), и они питаются готовыми органическими веществами. В состав клеточной стенки у грибов вх",Нет,Да
vpr_sd_945141,biology,7,"Расположите в правильном порядке пункты инструкции по проведению эксперимента, доказывающего выделение растениями углекислого газа. В ответе запишите соответствующую последовательность цифр. 1) накройте комнатное растение стеклянным колпаком 2) поместите рядом с комнатным растением стакан с известковой водой 3) поместите комнатное растение, накрытое стеклянным колпаком, в тёмный шкаф 4) рассмотрит",Нет,Нет
vpr_sd_945088,biology,7,Верны ли следующие суждения о процессах жизнедеятельности растений? А. При дыхании растениями поглощается углекислый газ. Б. Дыхание происходит только на свету. 1) верно только А 2) верно только Б 3) верны оба суждения 4) оба суждения неверны,Нет,Нет
vpr_sd_944987,biology,7,"Рассмотрите фотографии с изображением представителей различных объектов природы. Подпишите их названия, используя слова из предложенного списка: бурые водоросли, цианобактерии, красные водоросли, зеленые водоросли . Занесите ответы в поля для ввода. Если вариант ответа содержит слово «водоросли», в поле для ответа напишите только цвет. Например: «бурые». А. Б. В. Г.",Нет,Да
vpr_sd_944967,biology,7,"Три из изображенных на фотографиях объекта объединены общим признаком. Выпишите название объекта, «выпадающего» из общего ряда. Объясните свой выбор.",Нет,Да
vpr_sd_944710,biology,7,Каково значение красных водорослей в жизни человека?,Нет,Нет
vpr_sd_943773,biology,7,"Выберите из предложенного списка и вставьте в текст пропущенные слова, используя для этого их цифровые обозначения. Впишите номера выбранных слов на места пропусков в тексте. Строение однодольных растений Строение однодольных растений отличается от представителей класса двудольных. Первая особенность – корневая система. Она ________(А) типа и формируется за счёт придаточных ответвлений от основног",Нет,Нет
vpr_sd_944915,biology,7,"Установите соответствие между описанием признаков таксономической группы и таксономической группой. ОПИСАНИЕ ПРИЗНАКОВ A) однодольные Б) соцветие кисть B) тычинок шесть Г) корневая система мочковатая Д) плод-ягода Е) жилкование листьев параллельное ТАКСОНОМИЧЕСКАЯ ГРУППА 1) Класс 2) Семейство Запишите в ответ цифры, расположив их в порядке, соответствующем буквам: A | Б | В | Г | Д | Е // | | | | ",Нет,Да
vpr_sd_945144,biology,7,"Установите последовательность стадий жизненного цикла папоротника орляка, начиная с оплодотворения. В ответе запишите соответствующую последовательность цифр. 1) оплодотворение 2) развитие спорангиев на листьях 3) развитие корневища 4) развитие заростка и половых клеток 5) развитие спор в спорангиях",Нет,Нет
vpr_sd_945076,biology,7,Верны ли следующие суждения о водорослях? А. Все водоросли — многоклеточные организмы. Б. Среди всех разновидностей водорослей зелёные водоросли являются наиболее глубоководными. 1) верно только А 2) верно только Б 3) оба суждения верны 4) оба суждения неверны,Нет,Нет
vpr_sd_945040,biology,7,"Рассмотрите изображения растений: баранец обыкновенный, ламинария, капуста . Подпишите их названия под соответствующими изображениями. Под каждым названием растения укажите среду его обитания: наземно-воздушная, водная. Название | | | // Среда обитания | | |",Нет,Да
vpr_sd_945000,biology,7,"Какое из этих растений (баранец обыкновенный, ламинария, капуста) относят к низшим растениям? Ответ запишите одним словом в именительном падеже.",Нет,Нет
vpr_sd_943941,biology,7,"Известно, что рябина обыкновенная — небольшое дерево с сочными плодами. Используя эти сведения, выберите из приведённого ниже списка два утверждения, относящиеся к описанию данных признаков этого растения. Запишите в ответе цифры , соответствующие выбранным ответам. 1) Рябина растёт по берегам рек, озёр, вдоль дорог, по лесным опушкам, на полях, в парках, садах. 2) Рябина является символом счастья",Нет,Нет
vpr_sd_944935,biology,7,"Выберите из предложенного списка и вставьте в текст пропущенные слова, используя для этого их цифровые обозначения. Впишите номера выбранных слов на места пропусков в тексте. Вирусы Почти все живые организмы состоят из ________А. Они относятся к клеточной форме жизни. Но есть и неклеточная форма жизни — ________Б. Эти организмы представляют собой _________В материал, упакованный в белковый капсид.",Нет,Нет
vpr_sd_943291,biology,7,Установите последовательность усложнения организации растений в процессе эволюции. В ответе запишите соответствующую последовательность цифр . 1) возникновение семян 2) появление цветка 3) возникновение фотосинтеза 4) появление растительных тканей 5) формирование корневых систем,Нет,Нет
vpr_sd_943745,biology,7,Верны ли следующие суждения о роли папоротникообразных? А. Особенно богаты папоротникообразными таёжные леса. Б. Это самая малочисленная группа споровых растений. 1) верно только А 2) верно только Б 3) оба суждения верны 4) оба суждения неверны,Нет,Нет
vpr_sd_944568,biology,8,"Рассмотрите фотографию собаки породы немецкий дратхаар и выполните задания. Выберите характеристики, соответствующие внешнему строению собаки, по следующему плану: окрас шерсти, форма ушей, форма хвоста. А. Окрас 1) Однотонный 2) Пятнистый 3) Чепрачный 4) Подпалый Б. Форма ушей 1) Стоячие 2) Полустоячие 3) Развешенные 4) Висящие 5) Сближенные 6) Сильно укороченные В. Форма хвоста 1) Саблевидная 2)",Нет,Да
vpr_sd_945562,biology,8,"Рассмотрите фотографию собаки породы бассет хаунд. Выберите характеристики, соответствующие внешнему строению собаки, по следующему плану: окрас шерсти, форма ушей, форма хвоста. А. Окрас Б. Форма ушей В. Форма хвоста Запишите в таблицу выбранные цифры под соответствующими буквами. Ответ: А | Б | В // | |",Нет,Да
vpr_sd_945754,biology,8,"Рассмотрите фотографию собаки породы немецкий пинчер. Выберите характеристики, соответствующие внешнему строению собаки, по следующему плану: окрас шерсти, форма ушей, форма хвоста. А. Окрас Б. Форма ушей В. Форма хвоста Запишите в таблицу выбранные цифры под соответствующими буквами. Ответ: А | Б | В // | |",Нет,Да
vpr_sd_944300,biology,8,"Рассмотрите фотографии кошки породы американский кёрл , и выполни задание. Выберите характеристики, соответствующие внешнему строению кошки, по следующему плану: окрас шерсти, форма ушей, форма головы. А. Окрас Б. Форма ушей В. Форма головы Запишите в таблицу выбранные цифры под соответствующими буквами. Ответ: А | Б | В // | |",Нет,Да
vpr_sd_944909,biology,8,"Рассмотрите фотографию собаки, предки которой принадлежали породе такса, и выполните задания. Выберите характеристики, соответствующие внешнему строению собаки, по следующему плану: окрас шерсти, форма ушей, форма хвоста. А. Окрас Б. Форма ушей В. Форма хвоста Запишите в таблицу выбранные цифры под соответствующими буквами. Ответ: А | Б | В // | |",Нет,Да
vpr_sd_946090,biology,8,"Рассмотрите фотографию собаки породы Джек Рассел терьер. Выберите характеристики, соответствующие внешнему строению собаки, по следующему плану: окрас шерсти, форма ушей, форма хвоста. А. Окрас Б. Форма ушей В. Форма хвоста",Нет,Да
vpr_sd_946002,biology,8,"Рассмотрите фотографию собаки породы Стаффордширский терьер. Выберите характеристики, соответствующие внешнему строению собаки, по следующему плану: окрас шерсти, форма ушей, форма хвоста. А. Окрас Б. Форма ушей В. Форма хвоста",Нет,Да
vpr_sd_944742,biology,8,"Рассмотрите фотографию собаки породы немецкий дог и выполните задания. Выберите характеристики, соответствующие внешнему строению собаки, по следующему плану: окрас шерсти, форма ушей, форма хвоста. А. Окрас Б. Форма ушей В. Форма хвоста Запишите в таблицу выбранные цифры под соответствующими буквами. Ответ: А | Б | В // | |",Нет,Да
vpr_sd_946134,biology,8,"Рассмотрите фотографии собаки породы английский сеттер. Выберите характеристики, соответствующие её внешнему строению, по следующему плану: окрас собаки, форма головы, форма ушей, положение шеи, форма хвоста. При выполнении работы используйте линейку и карандаш. А. Окрас Б. Форма ушей В. Форма хвоста Запишите в ответ цифры, расположив их в порядке, соответствующем буквам: А | Б | В // | |",Нет,Да
vpr_sd_944097,biology,8,В приведённой ниже таблице между позициями первого и второго столбцов имеется взаимосвязь. Животное | Часть тела // дафния | хитиновый покров // чёрная планария | ... Какое понятие следует вписать на место пропуска в этой таблице? 1) раковина 2) мантия 3) кожно-мускульный мешок 4) кожа,Нет,Нет
vpr_sd_944314,biology,8,В приведённой ниже таблице между позициями первого и второго столбцов имеется взаимосвязь. Стадия развития насекомого | Тип ротового аппарата // имаго берёзового шелкопряда | сосущий // личинка майского жука | ... Какое понятие следует вписать на место пропуска в этой таблице? 1) грызущий 2) колюще−сосущий 3) лижущий 4) грызуще−лижущий,Нет,Нет
vpr_sd_943824,biology,8,В приведённой ниже таблице между позициями первого и второго столбцов имеется взаимосвязь. Целое | Часть // пищеварительная система | ... // нервная система | ганглий Какое понятие следует вписать на место пропуска в этой таблице? 1) хорда 2) почка 3) трахея 4) кишечник,Нет,Нет
vpr_sd_945568,biology,8,В приведённой ниже таблице между позициями первого и второго столбцов имеется взаимосвязь. Целое | Часть // дыхательная система | воздушный мешок // пищеварительная система | … Какое понятие следует вписать на место пропуска в этой таблице? 1) бронх 2) клоака 3) хорда 4) семяпровод,Нет,Нет
vpr_sd_944897,biology,8,В приведённой ниже таблице между позициями первого и второго столбцов имеется взаимосвязь. Животное | Орган // мидия | жабры // таракан рыжий | ... Какое понятие следует вписать на место пропуска в этой таблице? 1) воздушный мешок 2) лёгкое 3) трахеи 4) жабра,Нет,Нет
vpr_sd_944880,biology,8,В приведённой ниже таблице между позициями первого и второго столбцов имеется взаимосвязь. Организм | Органоид // инфузория-туфелька | … // амёба обыкновенная | ложноножка Какое понятие следует вписать на место пропуска в этой таблице? 1) жгутик 2) хлоропласт 3) порошица 4) светочувствительный глазок,Нет,Нет
vpr_sd_945524,biology,8,В приведённой ниже таблице между позициями первого и второго столбцов имеется взаимосвязь. Животное | Орган // синий кит | передний мозг // ланцетник | … Какое понятие следует вписать на место пропуска в этой таблице? 1) хорда 2) кишка 3) жаберная щель 4) нервная трубка,Нет,Нет
vpr_sd_945786,biology,8,В приведённой ниже таблице между позициями первого и второго столбцов имеется взаимосвязь. Животное | Орган // Кузнечик | Трахеи // ... | Жабры Какое понятие следует вписать на место пропуска в этой таблице? 1) мидия 2) виноградная улитка 3) дождевой червь 4) жаба,Нет,Нет
vpr_sd_945612,biology,8,"В приведённой ниже таблице между позициями первого и второго столбцов имеется взаимосвязь. Животное | Покров тела // травяная лягушка | кожа голая // обыкновенный уж | … Какую характеристику следует вписать на место пропуска в этой таблице? 1) кожа, покрытая чешуей 2) кожа, покрытая перьями 3) кожа, покрытая роговыми чешуями 4) кожа, покрытая шерстью",Нет,Нет
vpr_sd_944406,biology,8,В приведённой ниже таблице между позициями первого и второго столбцов имеется взаимосвязь. Животное | Орган // кальмар | жабра // кузнечик | ... Какое понятие следует вписать на место пропуска в этой таблице? 1) трахея 2) лёгкое 3) кожа 4) воздушный мешок,Нет,Нет
vpr_sd_943347,biology,8,В приведённой ниже таблице между позициями первого и второго столбцов имеется взаимосвязь. Животное | Стадия развития // обыкновенная щука | икринка // тутовый шелкопряд | ... Какое понятие следует вписать на место пропуска в этой таблице? 1) куколка 2) финна 3) циста 4) яйцеклетка,Нет,Нет
vpr_sd_946034,biology,8,В приведённой ниже таблице между позициями первого и второго столбцов имеется взаимосвязь. ОБЪЕКТ | ПРОЦЕСС // почка | выделение // ... | пищеварение Какое понятие следует вписать на место пропуска в этой таблице? 1) желудок 2) сердце 3) селезёнка 4) лёгкое,Нет,Нет
vpr_sd_944792,biology,8,В приведённой ниже таблице между позициями первого и второго столбцов имеется взаимосвязь. Организм | Органоид // инфузория-туфелька | … // эвглена зелёная | хлоропласт Какое понятие следует вписать на место пропуска в этой таблице? 1) большое ядро 2) ложноножка 3) жгутик 4) светочувствительный глазок,Нет,Нет
vpr_sd_946078,biology,8,В приведённой ниже таблице между позициями первого и второго столбцов имеется взаимосвязь. ОБЪЕКТ | ПРОЦЕСС // ... | выделение // желудок | пищеварение Какое понятие следует вписать на место пропуска в этой таблице? 1) почка 2) печень 3) селезёнка 4) лёгкое,Нет,Нет
vpr_sd_944582,biology,8,В приведённой ниже таблице между позициями первого и второго столбцов имеется взаимосвязь. Животное | Тип развития // муравей | полное превращение // кузнечик | ... Какое понятие следует вписать на место пропуска в этой таблице? 1) прямое развитие 2) неполное превращение 3) фрагментация 4) почкование,Нет,Нет
vpr_sd_943780,biology,8,В приведённой ниже таблице между позициями первого и второго столбцов имеется взаимосвязь. Отряд земноводных | Представитель // Бесхвостые | чесночница обыкновенная // Хвостатые | ... Какое понятие следует вписать на место пропуска в этой таблице? 1) лягушка травяная 2) ящерица живородящая 3) веретеница ломкая 4) саламандра альпийская,Нет,Нет
vpr_sd_945742,biology,8,В приведённой ниже таблице между позициями первого и второго столбцов имеется взаимосвязь. Животное | Орган // дождевой червь | кожа (поверхность тела) // мидия | ... Какое понятие следует вписать на место пропуска в этой таблице? 1) лёгкое 2) жабры 3) легочный мешок и трахеи 4) трахеи,Нет,Нет
vpr_sd_945849,biology,8,Какую функцию выполняют жабры у краба?,Нет,Нет
vpr_sd_945613,biology,8,Какие функции у земноводных выполняет кожа? Назовите одну из этих функций.,Нет,Нет
vpr_sd_943869,biology,8,Какую функцию выполняет плавательный пузырь у морского окуня?,Нет,Нет
vpr_sd_944469,biology,8,Какую функцию выполняет кожно-мускульный мешок у молочной планарии?,Нет,Нет
vpr_sd_945921,biology,8,Какую функцию выполняют трахеи у таракана?,Нет,Нет
vpr_sd_944749,biology,8,Какую функцию выполняет надглоточный нервный узел у дождевого червя?,Нет,Нет
vpr_sd_945902,biology,8,Какую функцию выполняют трахеи у майского жука?,Нет,Нет
vpr_sd_944028,biology,8,Что представляет собой зоб у беспозвоночных животных?,Нет,Нет
vpr_sd_944583,biology,8,Что понимают под термином «прямое развитие»?,Нет,Нет
vpr_sd_946123,biology,8,"Чем питается пчела, если у неё грызуще-сосущий ротовой аппарат?",Нет,Нет
vpr_sd_945171,biology,8,Что представляет собой икринка рыбы?,Нет,Нет
vpr_sd_943718,biology,8,Какую функцию выполняет жгутик у простейших?,Нет,Нет
vpr_sd_946035,biology,8,Какую функцию может выполнять легкое у виноградной улитки?,Нет,Нет
vpr_sd_944133,biology,8,Что представляет собой хорда у ланцетника?,Нет,Нет
vpr_sd_944837,biology,8,Какую функцию выполняет панцирь у черепах?,Нет,Нет
vpr_sd_944342,biology,8,"Что объединяет такие органы, как жабра и лёгкое?",Нет,Нет
vpr_sd_943648,biology,8,У представителей какого класса животных появляется диафрагма,Нет,Нет
vpr_sd_943322,biology,8,Какую особенность строения имеет передний мозг у большинства млекопитающих?,Нет,Нет
vpr_sd_944627,biology,8,Какую функцию выполняет чешуя у рыб?,Нет,Нет
vpr_sd_943630,biology,8,Чем питается взрослая особь постельного клопа?,Нет,Нет
vpr_sd_943674,biology,8,Представители какого класса хордовых имеют в скелете цевку?,Нет,Нет
vpr_sd_945569,biology,8,Какую функцию у птиц выполняют воздушные мешки? Укажите одну из этих функций.,Нет,Нет
vpr_sd_945717,biology,8,Какую функцию выполняет кожно-мускульный мешок у дождевого червя (назовите одну из функций)?,Нет,Нет
vpr_sd_943933,biology,8,"Рассмотрите фотографию собаки породы доберман и выполните задания. Выберите характеристики, соответствующие внешнему строению собаки, по следующему плану: окрас шерсти, форма ушей, форма хвоста. А. Окрас Б. Форма ушей В. Форма хвоста Запишите в таблицу выбранные цифры под соответствующими буквами. Ответ: А | Б | В // | |",Нет,Да
vpr_sd_943934,biology,8,"Виктор решил выяснить, соответствует ли изображённая на фотографии собака породы доберман стандартам для использования её в целях чистопородного размножения в клубе собаководства. Помогите Виктору решить эту задачу, воспользовавшись фрагментом описания стандарта данной породы. Стандарт породы доберман (фрагмент) 1. Окрас: однотонный чёрный. 2. Уши: стоячие. 3. Форма хвоста: купированный. Сделайте ",Нет,Да
vpr_sd_944848,biology,8,"Рассмотрите фотографию собаки породы шарпей. Выберите характеристики, соответствующие внешнему строению собаки, по следующему плану: окрас шерсти, форма ушей, форма хвоста. А. Окрас Б. Форма ушей В. Форма хвоста Запишите в таблицу выбранные цифры под соответствующими буквами. Ответ: А | Б | В // | |",Нет,Да
vpr_sd_944849,biology,8,"Светлана решила выяснить, соответствует ли изображённая на фотографии собака породы шарпей стандартам для использования её в целях чистопородного разведения в клубе собаководства. Помогите Светлане решить эту задачу, воспользовавшись фрагментом описания стандарта данной породы. Стандарт породы шарпей (фрагмент) 1. Окрас: окрас однотонный. 2. Форма ушей: сильно укороченные. 3. Форма хвоста: кольцо,",Нет,Да
vpr_sd_945157,biology,8,"Мария решила выяснить, соответствует ли изображённая на фотографии собака породы немецкий пинчер стандартам для использования её в целях чистопородного разведения в клубе собаководства. Помогите Марии решить эту задачу, воспользовавшись фрагментом описания стандарта данной породы. Стандарт породы немецкий пинчер (фрагмент) 1. Окрас: чёрный с подпалинами (блестящий чёрный окрас с рыжими или коричне",Нет,Да
vpr_sd_943619,biology,8,"Рассмотрите изображённое на фотографии животное и опишите его, выполнив задания.",Нет,Да
vpr_sd_946130,biology,8,"Рассмотрите изображённое на фотографии животное и опишите его, выполнив задания. Укажите среду обитания животного. Ответ: у животного на фотографии среда обитания.",Нет,Да
vpr_sd_943802,biology,8,"Приведите по три примера млекопитающих, относящихся к указанным отрядам. Запишите их названия в таблицу. Китообразные | Приматы // | // | // |",Нет,Нет
vpr_sd_944005,biology,8,"Приведите по три примера беспозвоночных животных, относящихся к указанным типам. Запишите их названия в таблицу. Моллюски | Кольчатые черви // | // | // |",Нет,Нет
vpr_sd_944596,biology,8,"Приведите по три примера животных, относящихся к указанным типам. Запишите их названия в таблицу. Моллюски | Кишечнополостные // | // | // |",Нет,Нет
vpr_sd_944337,biology,8,"Приведите по три примера животных, относящихся к указанным классам. Запишите их названия в таблицу. Насекомые | Паукообразные // | // | // |",Нет,Нет
vpr_sd_945738,biology,8,"Приведите по три примера животных, относящихся к указанным классам. Запишите их названия в таблицу. Костные рыбы | Птицы // | // |",Нет,Нет
vpr_sd_944154,biology,8,"Приведите по три примера животных, относящихся к указанным группам. Запишите их названия в таблицу. Моллюски | Плоские черви // | // | // |",Нет,Нет
vpr_sd_946162,biology,8,"Приведите по три примера животных, относящихся к указанным классам. Запишите их названия в таблицу. Пресмыкающиеся | Птицы // | // | // |",Нет,Нет
vpr_sd_944744,biology,8,"Приведите по три примера животных, относящихся к указанным классам. Запишите их названия в таблицу. Пресмыкающиеся | Млекопитающие // | // | // |",Нет,Нет
vpr_sd_944119,biology,8,"Приведите по три примера простейших животных, относящихся к указанным типам. Запишите их названия в таблицу. Тип саркожгутиковые | Тип инфузории // | // | // |",Нет,Нет
vpr_sd_945844,biology,8,"Приведите по три примера животных, относящихся к указанным классам. Запишите их названия в таблицу. Хрящевые рыбы | Костистые рыбы // | // | // |",Нет,Нет
vpr_sd_943873,biology,8,"Приведите по три примера животных, относящихся к указанным типам. Запишите их названия в таблицу. Членистоногие | Круглые черви // | // | // |",Нет,Нет
vpr_sd_944172,biology,8,"Приведите по три примера животных, относящихся к указанным классам. Запишите их названия в таблицу. Земноводные | Костные рыбы // | // | // |",Нет,Нет
vpr_sd_945564,biology,8,"Приведите по три примера животных, относящихся к указанным группам. Запишите их названия в таблицу. Кольчатые черви | Плоские черви // | // |",Нет,Нет
vpr_sd_944752,biology,8,"Определите тип питания организмов, приведённых в перечне. ПЕРЕЧЕНЬ ОРГАНИЗМОВ: 1) ромашка 2) тимофеевка 3) нереида 4) коала 5) гречиха 6) сокол Запишите цифры, под которыми организмы указаны в перечне, в соответствующую ячейку таблицы. Ответ: Автотрофный тип питания | Гетеротрофный тип питания // |",Нет,Нет
vpr_sd_944180,biology,8,"Определите тип развития животных, приведённых в перечне. Запишите цифры, под которыми указаны животные, в соответствующую ячейку таблицы. Список животных: 1) тарпан 2) кошачья двуустка 3) иволга обыкновенная 4) тутовый шелкопряд 5) улитка катушка завёрнутая 6) красноглазая квакша Ответ в каждую ячейку запишите в виде последовательности цифр, в порядке их возрастания. Ответ: Развитие с метаморфозом",Нет,Нет
vpr_sd_944516,biology,8,"Определите тип развития животных, приведённых в перечне. Запишите цифры, под которыми указаны животные, в соответствующую ячейку таблицы. Список животных: 1) дождевой червь 2) широкий лентец 3) воробьиный сыч 4) капустная белянка 5) антилопа импала 6) чёрный садовый муравей Ответ в каждую ячейку запишите в виде последовательности цифр, в порядке их возрастания. Ответ: Развитие с метаморфозом | Раз",Нет,Нет
vpr_sd_944057,biology,8,"Определите тип питания организмов, приведённых в перечне. Запишите цифры , под которыми указаны организмы, в соответствующую ячейку таблицы. Список организмов: 1) цапля серая 2) лютик кашубский 3) угорь речной 4) пырей ползучий 5) кузнечик певчий 6) сосна канарская Ответ в каждую ячейку запишите в виде последовательности цифр, в порядке их возрастания. Ответ: Автотрофный тип питания | Гетеротрофны",Нет,Нет
vpr_sd_944101,biology,8,"Определите тип питания организмов, приведённых в перечне. Запишите цифры , под которыми указаны организмы, в соответствующую ячейку таблицы. Список организмов: 1) ель сибирская 2) груздь перечный 3) ромашка приполярная 4) шершень обыкновенный 5) герань лесная 6) ротовая амёба Ответ в каждую ячейку запишите в виде последовательности цифр, в порядке их возрастания. Ответ: Автотрофный тип питания | Г",Нет,Нет
vpr_sd_944384,biology,8,"Определите тип развития животных, приведённых в перечне. Запишите цифры, под которыми указаны животные, в соответствующую ячейку таблицы. Список животных: 1) водный скорпион 2) красноухая черепаха 3) озимая совка 4) степной варан 5) американский таракан 6) снежный баран Ответ в каждую ячейку запишите в виде последовательности цифр, в порядке их возрастания. Ответ: Развитие с метаморфозом | Развити",Нет,Нет
vpr_sd_945825,biology,8,"Установите соответствие между признаком рыб и классом, для которого он характерен. ПРИЗНАК РЫБ A) жаберные щели открываются наружу Б) рот смещён на брюшную сторону тела B) большинство представителей имеют плавательный пузырь Г) костный скелет Д) жабры прикрыты жаберными крышками КЛАСС 1) Хрящевые рыбы 2) Костные рыбы Запишите в таблицу выбранные цифры под соответствующими буквами. Ответ: А | Б | В",Нет,Нет
vpr_sd_945826,biology,8,"Приведите по три примера животных, относящихся к указанным классам. Запишите их названия в таблицу. Хрящевые рыбы | Костные рыбы // | // | // |",Нет,Нет
vpr_sd_944857,biology,8,"Установите соответствие между характеристиками и классами хордовых: к каждой позиции, данной в первом столбце, подберите соответствующую позицию из второго столбца. ХАРАКТЕРИСТИКИ А) размножаются в воде Б) оплодотворение внутреннее В) дыхание через лёгкие и влажную кожу Г) развитие прямое Д) сердце трёхкамерное Е) несмешение крови в сердце КЛАССЫ ХОРДОВЫХ 1) Земноводные 2) Птицы Запишите в таблицу",Нет,Нет
vpr_sd_945694,biology,8,"Приведите по три примера животных, относящихся к указанным классам. Запишите их названия в таблицу. Земноводные | Птицы // | // | // |",Нет,Нет
vpr_sd_946011,biology,8,"Установите соответствие между признаком животного и классом, для которого он характерен. ПРИЗНАК ЖИВОТНОГО A) дыхание лёгочное и кожное Б) оплодотворение наружное B) кожа сухая, без желёз Г) постэмбриональное развитие превращением Д) размножение и развитие происходят на суше Е) оплодотворённые яйца с большим содержанием желтка КЛАСС 1) Земноводные 2) Пресмыкающиеся Запишите в таблицу выбранные циф",Нет,Нет
vpr_sd_946004,biology,8,"Приведите по три примера животных, относящихся к указанным классам. Запишите их названия в таблицу. Земноводные | Пресмыкающиеся // | // |",Нет,Нет
vpr_sd_943712,biology,8,"Установите соответствие между характеристиками и типами беспозвоночных: к каждой позиции, данной в первом столбце, подберите соответствующую позицию из второго столбца. ХАРАКТЕРИСТИКИ А) полость тела выстлана клетками Б) имеется сквозная пищеварительная система В) кишечник разветвлённый Г) имеется три группы мышц Д) пространство между органами заполнено паренхимой Е) все особи являются гермафродит",Нет,Нет
vpr_sd_944135,biology,8,"Установите соответствие между характеристиками и типами беспозвоночных: к каждой позиции, данной в первом столбце, подберите соответствующую позицию из второго столбца. ХАРАКТЕРИСТИКИ А) наличие стрекательных клеток Б) симметрия тела двусторонняя В) способность к регенерации Г) тело, состоящее из трёх слоёв Д) половое и бесполое размножение Е) наличие систем органов ТИПЫ БЕСПОЗВОНОЧНЫХ 1) Кишечноп",Нет,Нет
vpr_sd_944128,biology,8,"Приведите по три примера животных, относящихся к указанным группам. Запишите их названия в таблицу. Кишечнополостные | Членистоногие // | // | // |",Нет,Нет
vpr_sd_945165,biology,8,"Установите соответствие между характеристиками и классами Членистоногих: к каждой позиции, данной в первом столбце, подберите соответствующую позицию из второго столбца. ХАРАКТЕРИСТИКИ А) тело, состоящее из головы, груди и брюшка Б) дыхание жаберное В) тело, состоящее из головогруди и брюшка Г) различное количество конечностей у разных представителей класса Д) оплодотворение всегда внутреннее Е) д",Нет,Нет
vpr_sd_945166,biology,8,"Приведите по три примера животных, относящихся к указанным классам. Запишите их названия в таблицу. Насекомые | Ракообразные // | // |",Нет,Нет
vpr_sd_944380,biology,8,"Установите соответствие между характеристиками опорно-двигательной системы животных и их классами: к каждой позиции, данной в первом столбце, подберите соответствующую позицию из второго столбца. ХАРАКТЕРИСТИКИ ОПОРНО-ДВИГАТЕЛЬНОЙ СИСТЕМЫ А) Хорошо развита грудная мускулатура. Б) Пояс задних конечностей не связан с позвоночником. В) В задней конечности имеется цевка. Г) Имеются зубы. Д) Нет грудно",Нет,Нет
vpr_sd_944381,biology,8,"Приведите по три примера животных, относящихся к указанным классам. Запишите их названия в таблицу. Костные рыбы | Птицы // | // | // |",Нет,Нет
vpr_sd_943624,biology,8,"Установите соответствие между характеристиками и подклассами млекопитающих: к каждой позиции, данной в первом столбце, подберите соответствующую позицию из второго столбца. ХАРАКТЕРИСТИКИ А) вынашивают детёнышей в матке Б) соски млечных желёз находятся в сумке В) плацента хорошо развита Г) у всех представителей детёныши рождаются недоразвитыми Д) встречаются на всех материках Е) на животе имеется ",Нет,Нет
vpr_sd_943625,biology,8,"Приведите по три примера животрных, относящихся к указанным подклассам. Запишите их названия в таблицу. Плацентарные | Сумчатые // | // | // |",Нет,Нет
vpr_sd_945457,biology,8,"Установите соответствие между характеристиками и типами червей: к каждой позиции, данной в первом столбце, подберите соответствующую позицию из второго столбца. ХАРАКТЕРИСТИКИ А) имеют вторичную полость тела Б) нервная система лестничного типа В) наличие паренхимы в пространстве между органами Г) отсутствует кровеносная система Д) не имеют анального отверстия Е) наличие кольцевых и продольных мышц",Нет,Нет
vpr_sd_944515,biology,8,"Установите соответствие между характеристиками и отрядами насекомых: к каждой позиции, данной в первом столбце, подберите соответствующую позицию из второго столбца. ХАРАКТЕРИСТИКИ А) большинство видов питается цветочным нектаром Б) две пары чешуйчатых крыльев В) грызущий ротовой аппарат Г) развитие с неполным превращением Д) ротовые аппараты имаго и личинок разные Е) имеется стадия куколки ОТРЯДЫ",Нет,Нет
vpr_sd_944508,biology,8,"Приведите по три примера животных, относящихся к указанным отрядам. Запишите их названия в таблицу. Прямокрылые | Чешуекрылые // | // | // |",Нет,Нет
vpr_sd_944427,biology,8,"Установите соответствие между характеристиками и классами хордовых животных: к каждой позиции, данной в первом столбце, подберите соответствующую позицию из второго столбца. ХАРАКТЕРИСТИКИ А) в венах малого круга течёт артериальная кровь Б) брызгальца В) парные рычажные конечности Г) жаберное дыхание Д) сердце четырёхкамерное Е) один круг кровообращения КЛАССЫ ЖИВОТНЫХ 1) Млекопитающие 2) Хрящевые",Нет,Нет
vpr_sd_944420,biology,8,"Приведите по три примера животных, относящихся к указанным классам. Запишите их названия в таблицу. Млекопитающие | Хрящевые рыбы // | // | // |",Нет,Нет
vpr_sd_944533,biology,8,"Установите соответствие между характеристиками и классами хордовых: к каждой позиции, данной в первом столбце, подберите соответствующую позицию из второго столбца. ХАРАКТЕРИСТИКИ А) оплодотворение внутреннее Б) развитие с превращением В) размножение в воде Г) наличие грудной клетки Д) кожа голая и влажная Е) сердце трёхкамерное с неполной перегородкой КЛАССЫ ХОРДОВЫХ 1) Пресмыкающиеся 2) Земновод",Нет,Нет
vpr_sd_945942,biology,8,"Приведите по три примера животных, относящихся к указанным классам. Запишите их названия в таблицу. Земноводные | Пресмыкающиеся // | // | // |",Нет,Нет
vpr_sd_944317,biology,8,"Известно, цапля серая — перелётная болотная птица, питающаяся разнообразной животной пищей. Используя эти сведения, выберите из приведённого ниже списка три утверждения, относящихся к описанию характерных признаков этого вида животного. Запишите в ответе цифры , соответствующие выбранным ответам. 1) Питается цапля рыбой, амфибиями, ракообразными, насекомыми и мелкими змеями. 2) На зиму цапли улета",Нет,Нет
vpr_sd_944567,biology,8,"Известно, что лось — жвачное парнокопытное животное, живёт в лесу и питается растительной пищей. Используя эти сведения, выберите из приведённого ниже списка три утверждения, относящиеся к описанию данных признаков этого животного. Запишите в ответе цифры , соответствующие выбранным ответам. 1) Длина тела животного достигает 3 м при массе до 570 кг. 2) У животных растительная пища из желудка отрыг",Нет,Нет
vpr_sd_944143,biology,8,"Известно, что иностранцевия — вымершее позвоночное животное, в своём строении имело анатомические признаки, присущие современным млекопитающим. Используя эти сведения, выберите из приведённого ниже списка три утверждения, относящиеся к описанию данных признаков этого животного. Запишите в ответе цифры , соответствующие выбранным ответам. 1) Органы размножения у иностранцевии были представлены у са",Нет,Нет
vpr_sd_944187,biology,8,"Известно, что ястреб-перепелятник — хищная дневная птица, питающаяся позвоночными животными. Используя эти сведения, выберите из приведённого ниже списка три утверждения, относящиеся к описанию данных признаков этого животного. Запишите в ответе цифры , соответствующие выбранным ответам. 1) У ястреба-перепелятника пальцы на ногах длинные, крепкие и сильные, заканчивающиеся загнутыми острыми когтям",Нет,Нет
vpr_sd_944038,biology,8,"Известно, что гадюка обыкновенная — чешуйчатое пресмыкающееся подотряда змеи, ведущее хищный образ жизни. Используя эти сведения, выберите из приведённого ниже списка три утверждения, относящиеся к описанию данных признаков этого животного. Запишите в ответе цифры , соответствующие выбранным ответам. 1) У гадюки вдоль всей спины тянется зигзагообразная тёмная полоса. 2) Жертву животное выжидает в ",Нет,Нет
vpr_sd_945421,biology,8,"Известно, что норка европейская — хищное млекопитающее, имеющее плавательную перепонку между пальцами ног, является объектом пушного промысла. Используя эти сведения, выберите из приведённого ниже списка три утверждения, относящихся к описанию данных признаков этого животного. Запишите в ответе цифры, соответствующие выбранным ответам. 1) Ареал обитания европейской норки разорван. 2) Потомство из ",Нет,Нет
vpr_sd_944100,biology,8,"Известно, что ёж обыкновенный — ночное хищное млекопитающее, питающееся разнообразной пищей. Используя эти сведения, выберите из приведённого ниже списка три утверждения, относящиеся к описанию данных признаков этого животного. Запишите в ответе цифры , соответствующие выбранным ответам. 1) Ёж имеет острое обоняние и слух, зрение слабое. 2) Очень прожорлив, питается беспозвоночными, лягушками, зме",Нет,Нет
vpr_sd_944161,biology,8,"Известно, что чёрный аист — птенцовая перелётная птица, обитающая вблизи водоёмов. Используя эти сведения, выберите из приведённого ниже списка три утверждения, относящиеся к описанию данных признаков этого животного. Запишите в ответе цифры , соответствующие выбранным ответам. 1) Чёрный аист обитает в лесной зоне Евразии, а зимует в южной Азии и Африке. 2) Эта скрытная птица предпочитает жить вда",Нет,Нет
vpr_sd_943632,biology,8,"Известно, что барсук обыкновенный — всеядное животное, ведущее полуподземный образ жизни, является объектом охоты. Используя эти сведения, выберите из приведённого ниже списка три утверждения, относящиеся к описанию данных признаков этого животного. Запишите в ответе цифры , соответствующие выбранным ответам. 1) Барсук встречается в основном в смешанных и таёжных лесах. 2) Это зверь средних размер",Нет,Нет
vpr_sd_945597,biology,8,"Известно что африканский страус — нелетающая всеядная птица, приспособленная к жизни в степях и пустынях.Используя эти сведения, выберите из приведённого ниже списка три утверждения, относящихся к описанию данных признаков этого животного. Запишите в ответе цифры , соответствующие выбранным ответам. 1) Мозг у страусов не превышает величины грецкого ореха. 2) Птицы живут в группах — один самец с не",Нет,Нет
vpr_sd_946081,biology,8,"Известно, что ласка обыкновенная — маленькое хищное млекопитающее, обитающее в разных экосистемах. Используя эти сведения, выберите из приведённого ниже списка три утверждения, относящиеся к описанию данных признаков этого животного. Запишите в таблицу цифры, соответствующие выбранным ответам. 1) Длина тела у самцов 13−26 см, вес 40−250 г, самки на целую треть мельче. 2) Охотится на мышевидных гры",Нет,Нет
vpr_sd_945447,biology,8,"Известно, что улитка виноградная — это наземный брюхоногий моллюск, питающийся растительной пищей. Используя эти сведения, выберите из приведённого ниже списка три утверждения, относящихся к описанию данных признаков этого животного. Запишите в ответе цифры, соответствующие выбранным ответам. 1) Виноградная улитка обитает в зарослях кустарника и на светлых лесных опушках. 2) Виноградная улитка пит",Нет,Нет
vpr_sd_943880,biology,8,"Известно, что кабан — крупное парнокопытное животное, питающееся разнообразной пищей. Используя эти сведения, выберите из приведённого ниже списка три утверждения, относящиеся к описанию данных признаков этого животного. Запишите в ответе цифры , соответствующие выбранным ответам. 1) Длина тела животного 130–175 см, а масса до 150 кг. 2) Своей роющей деятельностью наносит заметный вред сельскому и",Нет,Нет
vpr_sd_945745,biology,8,"Известно, что рыжий кенгуру относится к семейству сумчатых млекопитающих. Используя эти сведения, выберите из приведенного ниже списка три утверждения, относящиеся к описанию данных признаков этого организма. Запишите в таблицу цифры, соответствующие выбранным ответам. 1) Рост самца большого рыжего кенгуру составляет 1,5 метра, а вес до 85 кг. 2) Рыжий кенгуру может прыгать на 13,5 метра в длину, ",Нет,Нет
vpr_sd_946063,biology,8,"Известно, что серая жаба — позвоночное земноводное, питающееся различными беспозвоночными животными. Используя эти сведения, выберите из приведённого ниже списка три утверждения, относящиеся к описанию данных признаков этого животного. Запишите в таблицу цифры, соответствующие выбранным ответам. 1) Серая жаба — самая крупная жаба Европы. 2) Питается серая жаба мелкими насекомыми, пауками, дождевым",Нет,Нет
vpr_sd_943544,biology,8,Факт существования сезонной линьки у животных был установлен 1) методом микроскопирования 2) методом наблюдения 3) экспериментальным методом 4) гибридологическим методом,Нет,Да
vpr_sd_946107,biology,8,"Известно, что большой пёстрый дятел — лесная птица, живущая на деревьях и питающаяся насекомыми, обитающими под корой. Используя эти сведения, выберите из приведённого ниже списка три утверждения, относящиеся к описанию данных признаков этого животного. Запишите в таблицу цифры, соответствующие выбранным ответам. 1) Клюв у птиц крепкий, заострённый и долотовидный. 2) Яйца насиживают самец и самка ",Нет,Да
vpr_sd_944778,biology,8,"Определите тип питания организмов, приведённых в перечне. ПЕРЕЧЕНЬ ОРГАНИЗМОВ: 1) ясень 2) лотос 3) утконос 4) лисица 5) боярышник 6) аскарида Запишите цифры, под которыми организмы указаны в перечне, в соответствующую ячейку таблицы. Ответ: Автотрофный тип питания | Гетеротрофный тип питания // |",Нет,Нет
vpr_sd_944779,biology,8,"Какой тип питания характерен для волка, изображённого на рисунке? Обоснуйте свой ответ.",Нет,Да
vpr_sd_944550,biology,8,"Рассмотрите фотографию кошки породы японский бобтейл и выполните задания. Выберите характеристики, соответствующие внешнему строению кошки, по следующему плану: окрас шерсти, форма ушей, форма головы. А. Окрас Б. Форма ушей В. Форма головы Запишите, изображённая на какой из фотографий собака более подходит под стандарт породы джек-рассел-терьер. Запишите в таблицу выбранные цифры под соответствующ",Нет,Да
vpr_sd_944551,biology,8,"Антон решил выяснить, соответствует ли изображённая на фотографии кошка породы японский бобтейл стандартам для использования её в целях чистопородного размножения в фелинологическом центре. Помогите Антону решить эту задачу, воспользовавшись фрагментом описания стандарта данной породы. Стандарт породы японский бобтейл (фрагмент) 1. Окрас: черепаховый. 2. Форма ушей: остроконечные. 3. Форма головы:",Нет,Да
vpr_sd_945170,biology,8,В приведённой ниже таблице между позициями первого и второго столбцов имеется взаимосвязь. Животное | Стадия развития // угорь | икринка // прудовая лягушка | … Какое понятие следует вписать на место пропуска в этой таблице? 1) куколка 2) личинка 3) гермафродит 4) имаго,Нет,Нет
vpr_sd_943989,biology,8,"Рассмотрите рисунок, на котором представлен цикл развития бычьего цепня, и ответьте на вопросы.",Нет,Нет
vpr_sd_943668,biology,8,"Установите соответствие между характеристиками и классами членистоногих: к каждой позиции, данной в первом столбце, подберите соответствующую позицию из второго столбца. ХАРАКТЕРИСТИКИ А) развитие прямое Б) три пары ходильных ног В) у большинства имеются крылья Г) лёгочные мешки и трахеи Д) три отдела тела Е) простые и сложные глаза КЛАССЫ ЧЛЕНИСТОНОГИХ 1) Паукообразные 2) Насекомые Запишите в таб",Нет,Нет
vpr_sd_943245,biology,8,Изучите данные приведённой ниже таблицы и ответьте на вопросы. Некоторые особенности человекообразных обезьян и человека Признаки | Гиббон | Орангутан | Шимпанзе | Горилла | Человек // Абсолютная масса мозга (в г) | 130 | 400 | 345 | 420 | 1360 // Отношение массы мозга к массе тела | 1:73 | 1:83 | 1:61 | 1:220 | 1:45 // Длина шейного отдела (в % длины туловища) | 17 | 24 | 23 | 24 | 26 // Полная д,Нет,Да
vpr_sd_943143,biology,8,"Если у животного имеются отделы скелета, изображённые на рисунке, то для этого животного вероятнее всего будут характерны 1) цевка 2) млечные железы 3) плавательный пузырь 4) трёхмерное сердце Запишите в ответе цифру, под которой указана выбранная характеристика.",Нет,Да
vpr_sd_944305,biology,8,"В описании животных зоологи часто употребляют термин ""плавательный пузырь"". Укажите одну из функций, которую выполняет плавательный пузырь.",Нет,Нет
vpr_sd_943492,biology,8,"Как называют научный метод, которым пользуется изображённый на фотографии учёный-зоолог? 1) метод моделирования 2) метод измерения 3) метод кольцевания 4) экспериментальный метод",Нет,Да
vpr_sd_945789,biology,8,"Известно, что австралийская ехидна — яйцекладущее млекопитающее, добывающее термитов и муравьев своим длинным языком. Используя эти сведения, выберите из приведенного ниже списка три утверждения, относящиеся к описанию данных признаков этого организма. Запишите в таблицу цифры, соответствующие выбранным ответам. 1) Ехидна весит до 5 кг и имеет размеры до 50 см. 2) Ехидну впервые описали в 1792 год",Нет,Да
vpr_sd_946056,biology,8,"Определите тип питания организмов, приведённых в списке. СПИСОК ОРГАНИЗМОВ: 1) кукушкин лен 2) бегемот 3) мухомор 4) пиявка 5) яблоня 6) подсолнечник Запишите цифры, под которыми указаны организмы в списке, в соответствующую ячейку таблицы. Ответ в каждую ячейку запишите в виде последовательности цифр, в порядке их возрастания. Ответ: Автотрофный тип питания | Гетеротрофный тип питания // |",Нет,Нет
vpr_sd_946057,biology,8,"Какой тип питания характерен для мухомора, изображённого на рисунке? Обоснуйте свой ответ.",Нет,Да
vpr_sd_943774,biology,8,"Рассмотрите фотографию лошади породы кабардинская и выполните задания. Выберите характеристики, соответствующие внешнему строению лошади, по следующему плану: окрас (масть), постановка головы, форма головы. А. Окрас Б. Постановка головы В. Форма головы (по профилю) Запишите в таблицу выбранные цифры под соответствующими буквами. Ответ: А | Б | В // | |",Нет,Да
vpr_sd_943775,biology,8,"Андрей решил выяснить, соответствует ли изображённая на марке лошадь породы кабардинская стандартам для использования её в целях чистопородного размножения. Помогите Андрею решить эту задачу, воспользовавшись фрагментом описания стандарта данной породы. Стандарт породы кабардинская (фрагмент) 1. Окрас: гнедая, серая, вороная, рыжая. 2. Постановка головы: длинная прямая шея. 3. Форма головы: горбат",Нет,Да
vpr_sd_944424,biology,8,В приведённой ниже таблице между позициями первого и второго столбцов имеется взаимосвязь. Стадия развития насекомого | Тип ротового аппарата // личинка чешуекрылых | грызущий // взрослая особь чешуекрылых | ... Какое понятие следует вписать на место пропуска в этой таблице? 1) сосущий 2) колюще-сосущий 3) лижущий 4) грызуще-лижущий,Нет,Нет
vpr_sd_944425,biology,8,Чем питаются личинки чешуекрылых?,Нет,Нет
vpr_sd_943916,biology,8,"Установите соответствие между характеристиками и классами членистоногих: к каждой позиции, данной в первом столбце, подберите соответствующую позицию из второго столбца. ХАРАКТЕРИСТИКИ А) у части представителей в развитии имеется стадия куколки Б) на голове могут располагаться простые и сложные глаза В) тело состоит из головогруди и брюшка Г) подавляющее большинство — хищники Д) количество усиков ",Нет,Нет
vpr_sd_943462,biology,8,"Изучите данные приведённой ниже таблицы и ответьте на вопросы. Физиологические показатели животных Животные | Температура тела, °С | Пульс, уд/мин | Частота дыхания в 1 мин // Лисица серебристо-чёрная | 38,7–40,7 | 80–140 | 14–30 // Песец голубой | 39,4–41,1 | 90–130 | 18–48 // Норка | 39,5–40,5 | 90–180 | 40–70 // Кролик | 38,5–39,5 | 120–200 | 50–60 // Морская свинка | 37,8–38,5 | 132–288 | 100–",Нет,Нет
vpr_sd_943110,biology,8,"Если у животного имелся скелет головы, изображённый на рисунке 4, то для этого животного, вероятнее всего, было характерно 1) волосяной покров 2) смешанная кровь 3) трёхкамерное сердце 4) копчиковая железа Запишите в ответе цифру, под которой указана выбранная характеристика.",Нет,Да
vpr_sd_943956,biology,8,В описании животных зоологи часто употребляют термин «млечные железы». Какую функцию выполняют млечные железы?,Нет,Нет
vpr_sd_943553,biology,8,"Как называют специалиста−зоолога, который занимается изучением жизнедеятельности организма животных? 1) серпентолог 2) физиолог 3) мирмеколог 4) кинолог",Нет,Да
vpr_sd_944344,biology,8,"Известно, что водный скорпион — беспозвоночное животное из отряда клопов , являющееся хищником . Используя эти сведения, выберите из приведённого ниже списка три утверждения, относящихся к описанию характерных признаков этого вида животного. Запишите в ответе цифры , соответствующие выбранным ответам. 1) Личинка и взрослое животное водного скорпиона питается водными беспозвоночными. Это охотник-за",Нет,Да
vpr_sd_944586,biology,8,"Определите тип питания организмов, приведённых в перечне. Запишите цифры, под которыми указаны животные, в соответствующую ячейку таблицы. Список животных: 1) каштан конский 2) возбудитель чумы 3) малина обыкновенная 4) подберёзовик шахматный 5) мятлик луговой 6) шакал азиатский Ответ в каждую ячейку запишите в виде последовательности цифр, в порядке их возрастания. Ответ: Автотрофное питание | Ге",Нет,Нет
vpr_sd_944587,biology,8,"Какой тип питания характерен для капустной белянки, изображённой на рисунке 1? Обоснуйте свой ответ.",Нет,Да
vpr_sd_944910,biology,8,"Екатерина решила выяснить, соответствует ли изображённая на фотографии собака породы такса стандартам для использования её в целях чистопородного размножения в клубе собаководства. Помогите Екатерине решить эту задачу, воспользовавшись фрагментом описания стандарта данной породы. Стандарт породы такса (фрагмент) 1. Окрас: таксы имеют однотонный окрас различных цветов. Наиболее распространены чёрно",Нет,Да
vpr_sd_946008,biology,8,В приведённой ниже таблице между позициями первого и второго столбцов имеется взаимосвязь. Объект | Процесс // нервная клетка | передача возбуждения // мышечная клетка | ... Какое понятие следует вписать на место пропуска в этой таблице? 1) газообмен 2) движение 3) сокращение 4) защита,Нет,Нет
vpr_sd_946009,biology,8,К какой системе органов относится нервная клетка у виноградной улитки?,Нет,Нет
vpr_sd_944816,biology,8,"Рассмотрите рисунок, на котором представлен цикл развития печёночного сосальщика, и ответьте на вопросы. Какой цифрой обозначена на рисунке хвостатая личинка?",Нет,Да
vpr_sd_944817,biology,8,"Может ли заразиться печёночным сосальщиком человек, если в его организм попадут яйца паразита? Ответ обоснуйте.",Нет,Нет
vpr_sd_946055,biology,8,"Установите соответствие между перечисленными характеристиками животных и животными, к которым они относятся. Для этого к каждому элементу первого столбца подберите позицию из второго столбца. Впишите в таблицу цифры выбранных ответов. ХАРАКТЕРИСТИКИ A) имеет один круг кровообращения Б) продукт выделения — мочевина В) дыхание кожно-лёгочное Г) имеет чешую Д) имеет чётко выраженные пояса конечностей",Нет,Нет
vpr_sd_946048,biology,8,"Приведите по три примера животных, относящихся к указанным классам. Запишите их названия в таблицу. Рыбы | Земноводные // | // | // |",Нет,Нет
vpr_sd_943430,biology,8,"Изучите данные приведённой ниже таблицы и ответьте на вопросы. Физиологические изменения в организме под влиянием подъёма в барокамере на 6000 м Животное | Эритроциты | Частота дыхания | Частота пульса // до подъёма | после подъёма | до подъёма | после подъёма | до подъёма | после подъёма // Морская свинка | 5,66 | 6,08 | 106 | 139 | 289 | 292 // Белая крыса | 7,68 | 7,75 | 88 | 127 | 460 | 466 //",Нет,Нет
vpr_sd_945997,biology,8,"Рассмотрите изображённое на фотографии животное и опишите его, выполнив задания. Укажите тип симметрии животного. Ответ: у животного на фотографии симметрия тела.",Нет,Да
vpr_sd_945999,biology,8,"Установите последовательность расположения систематических групп изображённого животного, начиная с самой крупной. Используйте слова и словосочетания из предложенного списка. Запишите в таблицу цифры, под которыми они указаны. СПИСОК СЛОВ И СЛОВОСОЧЕТАНИЙ: 1) Насекомые 2) Животные 3) Чешуекрылые 4) Членистоногие 5) Шелкопряд тутовый Ответ: Царство | Тип | Класс | Отряд | Вид // | | | |",Нет,Да
vpr_sd_943175,biology,8,"Метод кольцевания используют для 1) определения сроков и путей миграции птиц 2) изучения механизмов полета птиц на разной высоте 3) определения особенностей поведения домашних птиц 4) оценки ущерба, наносимого человеку птицами Запишите в ответе цифру, под которой указана выбранная характеристика.",Нет,Нет
vpr_sd_946113,biology,8,"Температура тела у птиц выше, чем у млекопитающих. Какие преимущества это дает птицам?",Нет,Нет
vpr_sd_943537,biology,8,"Как называют научный метод, которым пользуются изображённые на фотографии учёные-зоологи? 1) метод наблюдения 2) метод измерения 3) метод моделирования 4) экспериментальный метод",Нет,Да
vpr_sd_945660,biology,8,"Определите тип питания организмов, приведённых в перечне. ПЕРЕЧЕНЬ ОРГАНИЗМОВ: 1) спирогира 2) кишечная палочка 3) сфагнум 4) сорока 5) паук крестовик 6) редька дикая Запишите цифры, под которыми организмы указаны в перечне, в соответствующую ячейку таблицы. Ответ: Автотрофный тип питания | Гетеротрофный тип питания // |",Нет,Нет
vpr_sd_945661,biology,8,"Какой тип питания характерен для белой планарии, изображённой на рисунке? Обоснуйте свой ответ.",Нет,Да
vpr_sd_944594,biology,8,"Рассмотрите фотографию кошки породы бенгальская и выполните задания. Выберите характеристики, соответствующие внешнему строению кошки, по следующему плану: окрас шерсти, форма ушей, форма головы. А. Окрас Б. Форма ушей В. Форма головы Запишите, изображённая на какой из фотографий собака более подходит под стандарт породы джек-рассел-терьер. Запишите в таблицу выбранные цифры под соответствующими б",Нет,Да
vpr_sd_944595,biology,8,"Виктория решила выяснить, соответствует ли изображённая на фотографии кошка породы бенгальская стандартам для использования её в целях чистопородного размножения в фелинологическом центре. Помогите Виктории решить эту задачу, воспользовавшись фрагментом описания стандарта данной породы. Стандарт породы бенгальская (фрагмент) 1. Окрас: табби. 2. Форма ушей: стоячие округлые. 3. Форма головы: клинов",Нет,Да
vpr_sd_945480,biology,8,В приведённой ниже таблице между позициями первого и второго столбцов имеется взаимосвязь. Животное | Орган // кулан | матка // голубь | … Какое понятие следует вписать на место пропуска в этой таблице? 1) желудок 2) головной мозг 3) яйцевод 4) воздушный мешок,Нет,Нет
vpr_sd_945481,biology,8,В каком органе у млекопитающих развивается зародыш?,Нет,Нет
vpr_sd_943901,biology,8,"Рассмотрите рисунок, на котором представлен цикл развития острицы, и ответьте на вопросы.",Нет,Нет
vpr_sd_944813,biology,8,"Установите соответствие между характеристиками и классами членистоногих: к каждой позиции, данной в первом столбце, подберите соответствующую позицию из второго столбца. ХАРАКТЕРИСТИКИ А) Тело состоит из головы, груди и брюшка. Б) У части представителей класса в развитии имеется стадия куколки. В) Тело состоит из головогруди и брюшка. Г) Животные имеют четыре пары ходильных ног. Д) Подавляющее бол",Нет,Нет
vpr_sd_945590,biology,8,"Приведите по три примера животных, относящихся к указанным классам. Запишите их названия в таблицу. Паукообразные | Насекомые // | // |",Нет,Нет
vpr_sd_943213,biology,8,"Изучите данные приведённой ниже таблицы и ответьте на вопросы. Состояние некоторых жизненных процессов у животных в период активности и во время спячки Название животного | Пульс в минуту | Температура тела, °С | % потери в весе за время спячки // в период активности | во время спячки | в период активности | во время спячки // Ёж обыкновенный | 75 | 25 | 35,5 | 3,1 | 31,2 // Мышь летучая | 420 | 1",Нет,Нет
vpr_sd_943122,biology,8,"Если у животного в скелете имеется структура, изображённая на рисунке 4, то для этого животного, вероятнее всего, будут характерны 1) головной и спинной мозг 2) членистые конечности 3) мантийная полость 4) паренхима Запишите в ответе цифру, под которой указана выбранная характеристика.",Нет,Да
vpr_sd_943749,biology,8,В описании животных зоологи часто употребляют термин «мантийная полость». Что понимают под этим термином?,Нет,Нет
vpr_sd_943552,biology,8,"Современная зоология — это целая система дисциплин. Какая дисциплина, из перечисленных ниже, не входит в состав зоологии? 1) энтомология 2) микология 3) приматология 4) герпетология 5) ихтиология 6) орнитология",Нет,Нет
vpr_sd_943485,biology,8,"Как называют ученого-биолога, объектом изучения которого являются изображённые на рисунке объекты? 1) орнитолог 2) ихтиолог 3) микробиолог 4) энтомолог",Нет,Да
vpr_sd_943521,biology,8,"Как называют научный метод, которым пользуется изображённый на фотографии учёный-зоолог? 1) метод наблюдения 2) метод моделирования 3) экспериментальный метод 4) метод сравнения",Нет,Да
vpr_sd_943535,biology,8,"Как называется раздел биологии, объектом изучения которого являются изображённые на фотографии объекты? 1) орнитология 2) териология 3) герпетология 4) зоология",Нет,Да
vpr_sd_943531,biology,8,"Как называют специалиста-зоолога, объектом изучения которого являются изображённые на фотографии животные? 1) орнитолог 2) гельминтолог 3) герпетолог 4) энтомолог",Нет,Да
vpr_sd_943510,biology,8,"Как называют специалиста-зоолога, объектом изучения которого является изображённое на фотографии животное? 1) териолог 2) орнитолог 3) энтомолог 4) микробиолог",Нет,Да
vpr_sd_943542,biology,8,"Как называют научный метод, которым пользуется изображённый на фотографии учёный-зоолог? 1) метод моделирования 2) микроскопия 3) метод измерения 4) экспериментальный метод",Нет,Да
vpr_sd_943563,biology,8,"С какой целью учёный-зоолог пользуется в своей работе прибором, изображённым на фотографии? 1) постановка эксперимента 2) наблюдение за животным в природе 3) моделирование процессов, происходящих в природе 4) определение значения животного в жизни человека",Нет,Да
vpr_sd_943564,biology,8,Какая группа доказательств эволюции живой природы изображена на рисунке? 1) палеонтологические 2) биогеографические 3) эмбриологические 4) сравнительно-анатомические,Нет,Да
vpr_sd_943487,biology,8,"Как называют научный метод, который позволяет учёным-зоологам изучать процесс, откладывания яиц в тело гусеницы? 1) метод моделирования 2) экспериментальный метод 3) метод измерения 4) метод наблюдения Объясните свой ответ, воспользовавшись знанием научных методов биологии.",Нет,Да
vpr_sd_943559,biology,8,"Как называют специалиста-зоолога, объектом изучения которого являются изображённые на фотографии животные? 1) орнитолог 2) териолог 3) герпетолог 4) энтомолог",Нет,Да
vpr_sd_943513,biology,8,"Как называют научный метод, который позволяет учёным-зоологам изучать поведение пчёл в естественных условиях обитания? 1) метод моделирования 2) экспериментальный метод 3) метод сравнения 4) метод наблюдения",Нет,Да
vpr_sd_943526,biology,8,"Как называют специалиста-зоолога, объектом изучения которого является изображённое на фотографии животное? 1) орнитолог 2) герпетолог 3) ихтиолог 4) энтомолог",Нет,Да
vpr_sd_943515,biology,8,"Как называют специалиста-зоолога, объектом изучения которого является изображённое на фотографии животное? 1) энтомолог 2) териолог 3) герпетолог 4) орнитолог",Нет,Да
vpr_sd_943506,biology,8,"Современная зоология — это целая система дисциплин. Какая дисциплина, из перечисленных ниже, не входит в состав зоологии? 1) энтомология 2) микробиология 3) приматология 4) герпетология 5) ихтиология 6) орнитология Объясните свой ответ с использованием названия науки по изучению этих организмов.",Нет,Нет
vpr_sd_943546,biology,8,"Как называется раздел биологии, объектом изучения которого являются изображённые на фотографии объекты? 1) герпетология 2) ихтиология 3) гельминтология 4) энтомология",Нет,Да
vpr_sd_945554,biology,8,"Определите тип питания организмов, приведённых в перечне. ПЕРЕЧЕНЬ ОРГАНИЗМОВ: 1) клён 2) жираф 3) шампиньон 4) бамбук 5) туберкулёзная палочка 6) земляника Запишите цифры, под которыми организмы указаны в перечне, в соответствующую ячейку таблицы. Ответ: Автотрофный тип питания | Гетеротрофный тип питания // |",Нет,Нет
vpr_sd_945684,biology,8,"Рассмотрите фотографию собаки породы немецкий дог. Выберите характеристики, соответствующие её внешнему строению, по следующему плану: окрас собаки, форма головы, форма ушей, положение шеи, форма хвоста. При выполнении работы используйте линейку и карандаш. А. Окрас Б. Форма ушей В. Форма хвоста Запишите в ответ цифры, расположив их в порядке, соответствующем буквам: А | Б | В // | |",Нет,Да
vpr_sd_943655,biology,8,В приведённой ниже таблице между позициями первого и второго столбцов имеется взаимосвязь. Целове | Часть // мышечная система | диафрагма // нервная система | ... Какое понятие следует вписать на место пропуска в этой таблице? 1) зоб 2) лёгкое 3) протонефридий 4) нервный узел,Нет,Нет
vpr_sd_945967,biology,8,"Установите соответствие между признаком кровеносной системы и классом позвоночных животных, для которых он характерен. ПРИЗНАК A) сердце заполнено венозной кровью Б) наличие трёхкамерного сердца B) в желудочке сердца кровь смешивается Г) один круг кровообращения Д) наличие одного предсердия КЛАСС ЖИВОТНЫХ 1) Костные рыбы 2) Земноводные Запишите в таблицу выбранные цифры под соответствующими буквам",Нет,Да
vpr_sd_945919,biology,8,"Установите последовательность расположения систематических групп изображённого животного, начиная с самой крупной. Используйте слова и словосочетания из предложенного списка. Запишите в таблицу цифры, под которыми они указаны. СПИСОК СЛОВ И СЛОВОСОЧЕТАНИЙ: 1) Членистоногие 2) Животные 3) Широкопалый речной рак 4) Ракообразные 5) Десятиногие раки Ответ: Царство | Тип | Класс | Отряд | Вид // | | | ",Нет,Да
vpr_sd_943130,biology,8,"Если у животного имеется скелет, изображённый на рисунке 4, то для этого животного, вероятнее всего, будет характерно 1) клоака 2) прямое развитие 3) внутреннее оплодотворение 4) теплокровность Запишите в ответе цифру, под которой указана выбранная характеристика.",Нет,Да
vpr_sd_943500,biology,8,"С какой целью учёный-зоолог пользуется прибором, изображённым на фотографии, в своей работе? 1) определение значения животного в природе 2) измерение животного 3) постановка эксперимента с животным 4) наблюдение за животным в природе",Нет,Да
vpr_sd_945834,biology,8,"Определите тип питания организмов, приведённых в списке. СПИСОК ОРГАНИЗМОВ: 1) палочка Коха 2) лев 3) ряска 4) сосна 5) белый гриб 6) ромашка Запишите цифры, под которыми указаны организмы в списке, в соответствующую ячейку таблицы. Ответ в каждую ячейку запишите в виде последовательности цифр, в порядке их возрастания. Ответ: Автотрофный тип питания | Гетеротрофный тип питания // |",Нет,Нет
vpr_sd_945835,biology,8,"Какой тип питания характерен для хламидомонады, изображённой на рисунке? Обоснуйте свой ответ.",Нет,Да
vpr_sd_944786,biology,8,"Рассмотрите фотографию собаки породы доберман. Выберите характеристики, соответствующие внешнему строению собаки, по следующему плану: окрас шерсти, форма ушей, форма хвоста. А. Окрас Б. Форма ушей В. Форма хвоста Запишите в таблицу выбранные цифры под соответствующими буквами. Ответ: А | Б | В // | |",Нет,Да
vpr_sd_944787,biology,8,"Никита решил выяснить, соответствует ли изображённая на фотографии собака породы доберман стандартам для использования её в целях чистопородного разведения в клубе собаководства. Помогите Никите решить эту задачу, воспользовавшись фрагментом описания стандарта данной породы Стандарт породы доберман (фрагмент) 1. Окрас: чёрный с подпалинами: на груди два ровных, чётко разделённых треугольника. 2. Ф",Нет,Да
vpr_sd_944626,biology,8,В приведённой ниже таблице между позициями первого и второго столбцов имеется взаимосвязь. Животное | Часть тела // ящерица | чешуя // утка | ... Какое понятие следует вписать на место пропуска в этой таблице? 1) трахея 2) лёгкое 3) копчиковая железа 4) воздушный мешок,Нет,Нет
vpr_sd_944772,biology,8,"Рассмотрите рисунок, на котором представлен цикл развития человеческой аскариды, и ответьте на вопросы. Какой цифрой обозначен на рисунке орган, в котором личинка покидает яйцевые оболочки?",Нет,Да
vpr_sd_944773,biology,8,"Можно ли заболеть, если с пищей проглотить свежеотложенные яйца аскариды (возможно ли самозаражение)? Обоснуйте ответ.",Нет,Нет
vpr_sd_944004,biology,8,"Установите соответствие между характеристиками и типами беспозвоночных: к каждой позиции, данной в первом столбце, подберите соответствующую позицию из второго столбца. ХАРАКТЕРИСТИКИ А) кровеносная система замкнутого типа Б) имеется сердце В) брюшная нервная цепочка Г) имеют мантию Д) органы выделения — почки Е) способность к регенерации ТИПЫ БЕСПОЗВОНОЧНЫХ 1) Моллюски 2) Кольчатые черви Запишите",Нет,Нет
vpr_sd_943446,biology,8,"Изучите данные приведённой ниже таблицы и ответьте на вопросы. Размножение рыб Вид рыб | Средний возраст наступления половой зрелости | Средний вес самки, г | Средняя длина самки, см | Количество икринок, штук // Лещ обыкновенный | 7–8 | 700–1200 | 28–40 | 30000 // Щука обыкновенная | 3–4 | 1000–1500 | 45–50 | 35000–115000 // Колюшка трёхиглая | 1 | 3–9 | 4–6 | 100–1000",Нет,Нет
vpr_sd_943114,biology,8,"Если у вымершего животного имелся скелет, изображённый на рисунке 4, то для этого животного, вероятнее всего, были характерны 1) внутреннее оплодотворение 2) смешанная кровь 3) копчиковая железа 4) перьевой покров Запишите в ответе цифру, под которой указана выбранная характеристика.",Нет,Да
vpr_sd_944070,biology,8,В описании животных зоологи часто употребляют термин «копчиковая железа». У представителей какого класса развита копчиковая железа?,Нет,Нет
vpr_sd_943528,biology,8,"Как называют научный метод, которым пользуется изображённый на фотографии учёный-зоолог? 1) метод сравнения 2) метод моделирования 3) микроскопия 4) экспериментальный метод",Нет,Да
vpr_sd_945993,biology,8,"Известно, что дождевые черви — подотряд малощетинковых червей, обитающих в почве. Используя эти сведения, выберите из приведённого ниже списка три утверждения, относящихся к описанию дождевых червей как почвенных животных . Запишите в таблицу цифры, соответствующие выбранным ответам. 1) Дождевые черви питаются полуразложившимися листьями, способствуют увеличению содержания фосфора и калия в почве.",Нет,Нет
vpr_sd_945950,biology,8,"Определите тип питания организмов, приведённых в списке. СПИСОК ОРГАНИЗМОВ: 1) корова 2) сенная палочка 3) лягушка 4) белена 5) ламинария 6) секвойя Запишите цифры, под которыми указаны организмы в списке, в соответствующую ячейку таблицы. Ответ в каждую ячейку запишите в виде последовательности цифр, в порядке их возрастания. Ответ: Автотрофный тип питания | Гетеротрофный тип питания // |",Нет,Нет
vpr_sd_945951,biology,8,"Какой тип питания характерен для коровы, изображённой на рисунке? Обоснуйте свой ответ.",Нет,Да
vpr_sd_945685,biology,8,"Андрей решил выяснить, соответствует ли изображённая на фотографии собака породы Немецкий дог стандартам для использования её в целях чистопородного размножения в клубе собаководства. Помогите Андрею решить эту задачу, воспользовавшись фрагментом описания стандарта данной породы. Стандарт породы Немецкий дог (фрагмент) Окрас: палевый, тигровый, Черный или глянцево-черный (могут присутствовать белы",Нет,Да
vpr_sd_944774,biology,8,В приведённой ниже таблице между позициями первого и второго столбцов имеется взаимосвязь. Целое | Часть // дыхательная система | бронх // пищеварительная система | … Какое понятие следует вписать на место пропуска в этой таблице? 1) зоб 2) семенник 3) хорда 4) почка,Нет,Нет
vpr_sd_944775,biology,8,Какую функцию выполняют бронхи у птиц?,Нет,Нет
vpr_sd_944121,biology,8,"Рассмотрите рисунок 2, на котором представлен цикл развития человеческой блохи, и ответьте на вопросы.",Нет,Нет
vpr_sd_943872,biology,8,"Установите соответствие между характеристиками и типами беспозвоночных: к каждой позиции, данной в первом столбце, подберите соответствующую позицию из второго столбца. ХАРАКТЕРИСТИКИ А) наличие хитинового покрова Б) наличие смешанной полости тела В) нервная система представлена окологлоточным кольцом и нервными стволами Г) наличие кровеносной системы Д) наличие конечностей Е) наличие кожно-мускул",Нет,Нет
vpr_sd_944906,biology,8,"Установите последовательность расположения систематических групп изображённого животного, начиная с самой крупной. Используйте слова и словосочетания из предложенного перечня. Запишите в таблицу цифры, под которыми они указаны. Список слов и словосочетаний: 1) Хордовые 2) Животные 3) Птицы 4) Гусеобразные 5) Белолобый гусь Ответ: Царство | Тип | Класс | Отряд | Вид // | | | |",Нет,Да
vpr_sd_943156,biology,8,"Если у животного имеется нервная система, изображённая на рисунке, то для этого животного, вероятнее всего, будут характерны 1) замкнутая кровеносная система 2) фасеточные глаза 3) стрекательные клетки 4) лёгочные мешки Запишите в ответе цифру, под которой указана выбранная характеристика.",Нет,Да
vpr_sd_945567,biology,8,В описании животных зоологи часто употребляют термин «фасеточные глаза». Что понимают под этим термином?,Нет,Нет
vpr_sd_943514,biology,8,"Как называют специалиста−зоолога, который занимается изучением внешнего строения животных? 1) орнитолог 2) физиолог 3) мирмеколог 4) морфолог",Нет,Да
vpr_sd_946144,biology,8,"Определите тип питания организмов, приведённых в списке. СПИСОК ОРГАНИЗМОВ: 1) детская острица 2) палочка Коха 3) кувшинка 4) алоэ 5) осина 6) землеройка Запишите цифры, под которыми указаны организмы в списке, в соответствующую ячейку таблицы. Ответ в каждую ячейку запишите в виде последовательности цифр, в порядке их возрастания. Ответ: Автотрофный тип питания | Гетеротрофный тип питания // |",Нет,Нет
vpr_sd_946145,biology,8,"Какой тип питания характерен для палочки Коха, изображённой на рисунке? Обоснуйте свой ответ.",Нет,Да
vpr_sd_943959,biology,8,"Рассмотрите фотографию коричневой лошади породы орловский рысак и выполните задания. Выберите характеристики, соответствующие внешнему строению лошади, по следующему плану: окрас (масть), постановка головы, форма головы. А. Окрас Б. Масть В. Форма головы (по профилю) Запишите в таблицу выбранные цифры под соответствующими буквами. Ответ: А | Б | В // | |",Нет,Да
vpr_sd_943952,biology,8,"Анна решила выяснить, соответствует ли изображённая на фотографии лошадь стандартам породы орловский рысак для использования её в целях чистопородного размножения. Помогите Анне решить эту задачу, воспользовавшись фрагментом описания стандарта данной породы. Стандарт породы орловский рысак (фрагмент) 1. Окрас: серая, в яблоках, гнедая, вороная, рыжая, чалая, соловая. 2. Постановка головы: длинная ",Нет,Да
vpr_sd_944538,biology,8,В приведённой ниже таблице между позициями первого и второго столбцов имеется взаимосвязь. Целое | Часть // кровеносная система | вена // пищеварительная система | ... Какое понятие следует вписать на место пропуска в этой таблице? 1) кишечник 2) почка 3) трахея 4) позвоночник,Нет,Нет
vpr_sd_944539,biology,8,Какую функцию выполняет кровеносная система у насекомых?,Нет,Нет
vpr_sd_946014,biology,8,"Рассмотрите рисунок, на котором представлен цикл развития печёночного сосальщика, и ответьте на вопросы. Какой цифрой обозначен на рисунке основной хозяин?",Нет,Да
vpr_sd_945169,biology,8,"Какие обязательные условия необходимы для того, чтобы яйца печёночного сосальщика сохранили свою жизнеспособность? Укажите одно такое условие. Укажите одну из особенностей личинок, образующихся из яиц печёночного сосальщика.",Нет,Нет
vpr_sd_943184,biology,8,"Изучите данные приведённой ниже таблицы и ответьте на вопросы. Физиологические показатели животных Животные | Температура тела, °С | Пульс, уд/мин | Частота дыхания в 1 мин // Овца | 38,5–40,0 | 70–80 | 16–30 // Верблюд | 36,0–38,6 | 32–52 | 5–12 // Северный олень | 37,6–38,6 | 36–48 | 8–16 // Лошадь | 37,5–38,5 | 24–42 | 8–16 // Свинья | 38,0–40,0 | 60–90 | 15–20",Нет,Нет
vpr_sd_943183,biology,8,"Если у животного сердце, изображенное на рисунке, то для этого животного, вероятнее всего будут характерны: 1) Один круг кровообращения 2) Два круга кровообращения 3) Сухая кожа без желез 4) Теплокровность Запишите в ответе цифру, под которой указана выбранная характеристика.",Нет,Да
vpr_sd_945777,biology,8,"Поясните, что такое плавник рыб?",Нет,Нет
vpr_sd_943835,biology,8,"Известно, что гигантская вечерница — хищное млекопитающее, ведущее ночной образ жизни. Используя эти сведения, выберите из приведённого ниже списка три утверждения, относящиеся к описанию данных признаков этого животного. Запишите в ответе цифры, соответствующие выбранным ответам. 1) Крылья гигантской вечерницы образованы кожистой перепонкой, натянутой между передними, задними конечностями и хвост",Нет,Нет
vpr_sd_944454,biology,8,"Определите тип питания организмов, приведённых в перечне. Запишите цифры, под которыми указаны животные, в соответствующую ячейку таблицы. Список животных: 1) чесоточный зудень 2) лиственница Комарова 3) дождевой червь 4) василёк фригийский 5) кошачий лемур 6) тополь лавролистный Ответ в каждую ячейку запишите в виде последовательности цифр, в порядке их возрастания. Ответ: Автотрофное питание | Г",Нет,Нет
vpr_sd_944455,biology,8,"Какой тип питания характерен для эдельвейса альпийского, изображённого на рисунке 1? Обоснуйте свой ответ.",Нет,Да
vpr_sd_943991,biology,8,В приведённой ниже таблице между позициями первого и второго столбцов имеется взаимосвязь. Животное | Орган // треска | почка // речной рак | ... Какое понятие следует вписать на место пропуска в этой таблице? 1) желудок 2) жабра 3) зелёная железа 4) лёгкое,Нет,Нет
vpr_sd_943984,biology,8,Какую функцию выполняет желудок?,Нет,Нет
vpr_sd_943830,biology,8,"Рассмотрите рисунок 2, на котором представлен цикл развития кошачьей двуустки, и ответьте на вопросы.",Нет,Нет
vpr_sd_943650,biology,8,"Установите соответствие между характеристиками и отрядами млекопитающих: к каждой позиции, данной в первом столбце, подберите соответствующую позицию из второго столбца. ХАРАКТЕРИСТИКИ А) хорошо развита слепая кишка Б) зубы дифференцированные В) зрение развито слабо Г) на концах пальцев имеются ногти Д) на концах пальцев развиты когти Е) обоняние развито слабо ОТРЯДЫ МЛЕКОПИТАЮЩИХ 1) Насекомоядные",Нет,Нет
vpr_sd_943651,biology,8,"Приведите по три примера млекопитающих, относящихся к указанным отрядам. Запишите их названия в таблицу. Насекомоядные | Приматы // | // | // |",Нет,Нет
vpr_sd_943424,biology,8,"Изучите данные приведённой ниже таблицы и ответьте на вопросы. Содержание газов (в %) в плавательном пузыре рыб Названия рыб | Кислород | Углекислый газ | Азот // Морской окунь | 87,7 | 0,4 | 11,9 // Щука | 35,0 | 6,7 | 58,3 // Окунь речной | 19,0 | 0,6 | 79,5 // Треска | 19,0 | 0,5 | 80,5 // Карп | 5,7 | 3,7 | 90,6 // Лосось американский | 3,7 | 0,8 | 95,5",Нет,Нет
vpr_sd_943543,biology,8,"Рассмотрите явление, изображённое на рисунке, сделанном учёным-биологом во время наблюдения за эвгленой зелёной. Как учёные-биологи называют это явление? 1) фотосинтез 2) рост 3) раздражимость 4) размножение",Нет,Да
vpr_sd_946151,biology,8,"Выпишите из предложенного описания жука-оленя три верных утверждения, относящиеся к описанию морфологии этого насекомого, и запишите цифры, под которыми они указаны. 1) живёт в старых дубовых лесах Европы 2) у самца тело вместе с рогами достигает 8 см в длину 3) личинки развиваются в разлагающейся древесине 4) через год из куколок вылупляется жук 5) передняя челюсть превращена в рога 6) окраска те",Нет,Да
vpr_sd_944542,biology,8,"Определите тип развития насекомых, приведённых в перечне. Запишите цифры, под которыми указаны животные, в соответствующую ячейку таблицы. Список животных: 1) колорадский жук 2) зелёный кузнечик 3) бахчевая тля 4) медведка обыкновенная 5) морковная муха 6) озимая совка Ответ в каждую ячейку запишите в виде последовательности цифр, в порядке их возрастания. Ответ: Развитие с полным превращением | Р",Нет,Нет
vpr_sd_944543,biology,8,"Какой тип развития характерен для снегиря, изображённого на рисунке 1? Обоснуйте свой ответ.",Нет,Да
vpr_sd_943327,biology,8,"Рассмотрите рисунок 2, на котором представлен цикл развития широкого лентеца, и ответьте на вопросы.",Нет,Нет
vpr_sd_943470,biology,8,"Изучите данные приведённой ниже таблицы и ответьте на вопросы. Физиологические показатели животных Животные | Температура тела, °С | Пульс, уд/мин | Частота дыхания в 1 мин // Кролик | 38,5–39,5 | 120–200 | 50–60 // Курица | 40,5–42,0 | 120–150 | 12–32 // Утка | 41,0–43,0 | 140–250 | 16–30 // Гусь | 40,0–41,0 | 120–160 | 10–20 // Голубь | 41,0–43,0 | 140–200 | 16–40",Нет,Нет
vpr_sd_943152,biology,8,"Если у животного в цикле развития имеется стадия, изображённая на рисунке, то для взрослой особи, вероятнее всего, будут характерны 1) ротовая присоска 2) фасеточные глаза 3) стрекательные клетки 4) наличие жабер Запишите в ответе цифру, под которой указана выбранная характеристика.",Нет,Да
vpr_sd_945479,biology,8,В описании животных зоологи часто употребляют термин «ротовая присоска». Что понимают под этим термином?,Нет,Нет
vpr_sd_943508,biology,8,"Рассмотрите явление, изображённое на рисунке. Как учёные-биологи называют это явление? 1) размножение 2) рефлекс 3) раздражимость 4) развитие",Нет,Да
vpr_sd_944777,biology,8,"Известно, что щука обыкновенная – пресноводная рыба, ведущая хищный образ жизни. Используя эти сведения, выберите из приведённого ниже списка три утверждения, относящихся к описанию данных признаков этого животного. Запишите в ответе цифры, соответствующие выбранным ответам. 1) Живёт щука обычно в прибрежной зоне, в водных зарослях, в непроточных или слабопроточных водах. 2) Из щуки можно приготов",Нет,Да
vpr_sd_944276,biology,8,"Определите тип развития насекомых, приведённых в перечне. Запишите цифры, под которыми указаны насекомые, в соответствующую ячейку таблицы. Список насекомых: 1) малярийный комар 2) клоп вредная черепашка 3) комнатная муха 4) зелёный кузнечик 5) оранжерейная тля 6) майский жук Ответ в каждую ячейку запишите в виде последовательности цифр, в порядке их возрастания. Ответ: Развитие с полным превращен",Нет,Нет
vpr_sd_944885,biology,8,"Какой тип питания характерен для ряски, изображённой на рисунке? Обоснуйте свой ответ.",Нет,Да
vpr_sd_943342,biology,8,"Установите соответствие между характеристиками и отрядами насекомых: к каждой позиции, данной в первом столбце, подберите соответствующую позицию из второго столбца. ХАРАКТЕРИСТИКИ А) развитие с полным превращением Б) крылья с редкой сетью жилок В) грызущий или лижущий ротовой аппарат Г) передние крылья с продольным жилкованием, задние — веерообразные Д) отсутствие стадии куколки Е) ротовой аппара",Нет,Нет
vpr_sd_943343,biology,8,"Приведите по три примера животных, относящихся к указанным отрядам. Запишите их названия в таблицу. Прямокрылые | Перепончатокрылые // | // | // |",Нет,Нет
vpr_sd_943454,biology,8,"Изучите данные приведённой ниже таблицы и ответьте на вопросы. Оптимальные температуры для рыб, развивающейся икры и личинок Виды рыб | Оптимальные температуры для развития, °С // икры | личинок | взрослых рыб // Карп | 12,5–30,0 | 17,0–32,0 | 10,0–30,0 // Щука | 7,0–16,0 | 8,0–23,0 | 9,0–25,0 // Судак | 12,0–18,0 | 12,0–18,0 | 12,0–26,0 // Ручьевая форель | 4,0–6,0 | 12,4 | 10,0−17,6 // Радужная ",Нет,Нет
vpr_sd_943180,biology,8,"Выберите признак костных рыб 1) наличие шейного позвонка 2) отсутствие ребер 3) жаберное дыхание 4) наличие рычажных конечностей Запишите в ответе цифру, под которой указана выбранная характеристика.",Нет,Да
vpr_sd_945847,biology,8,"Каково основное значение слизи, выделяемой кожными железами рыбы?",Нет,Нет
vpr_sd_943522,biology,8,"Как называют профессию, объектом разведения и изучения которой являются изображённые на фотографии животные? 1) ветеринар 2) пчеловод 3) кинолог 4) энтомолог",Нет,Да
vpr_sd_943306,biology,8,"Известно, что береговая ласточка — перелётная птица, приспособленная к жизни в открытом воздушном пространстве и ведущая общественный образ жизни. Используя эти сведения, выберите из приведённого ниже списка три утверждения, относящиеся к описанию данных признаков этого животного. Запишите в ответе цифры , соответствующие выбранным ответам. 1) Береговая ласточка обитает вдоль обрывистых берегов ре",Нет,Да
vpr_sd_944058,biology,8,"Какой тип питания характерен для самца гуппи, изображённого на рисунке 1? Обоснуйте свой ответ.",Нет,Да
vpr_sd_943744,biology,8,"Рассмотрите фотографию кошки породы донской сфинкс и выполните задания. Выберите характеристики, соответствующие внешнему строению кошки, по следующему плану: окрас шерсти, форма ушей, форма головы. А. Окрас Б. Форма ушей В. Форма головы Запишите в таблицу выбранные цифры под соответствующими буквами. Ответ: А | Б | В // | |",Нет,Да
vpr_sd_943745,biology,8,"Егор решил выяснить, соответствует ли изображённая на фотографии кошка породы донской сфинкс стандартам для использования её в целях чистопородного размножения в фелинологическом центре. Помогите Егору решить эту задачу, воспользовавшись фрагментом описания стандарта данной породы. Стандарт породы донской сфинкс (фрагмент) 1. Окрас: любой. 2. Форма ушей: остроконечные. 3. Форма головы: клиновидная",Нет,Да
vpr_sd_946146,biology,8,"Рассмотрите рисунок, на котором представлен цикл развития лямблии, и ответьте на вопросы. Какой цифрой обозначен на рисунке основной хозяин?",Нет,Да
vpr_sd_946147,biology,8,Как человек может заразиться лямблией? Опишите механизм одного из способов заражения.,Нет,Нет
vpr_sd_943440,biology,8,"Изучите данные приведённой ниже таблицы и ответьте на вопросы. Физиологические показатели животных Животные | Температура тела, °С | Пульс, уд/мин | Частота дыхания в 1 мин // Собака | 37,5–39,0 | 70–120 | 14–20 // Кошка | 38,0–39,5 | 110–130 | 20–30 // Кролик | 38,5–39,5 | 120–200 | 50–60 // Морская свинка | 37,8–38,5 | 132–288 | 100–150 // Хомяк | 37,3–38,5 | 280–412 | 33–127",Нет,Нет
vpr_sd_943153,biology,8,"Если у животного в цикле развития имеется стадия, изображённая на рисунке, то для взрослой особи, вероятнее всего, будет характерно 1) замкнутая кровеносная система 2) наличие мантии 3) наличие головогруди и брюшка 4) наличие трахей Запишите в ответе цифру, под которой указана выбранная характеристика.",Нет,Да
vpr_sd_945453,biology,8,В описании животных зоологи часто употребляют термин «мантия». Что понимают под этим термином?,Нет,Нет
vpr_sd_944836,biology,8,В приведённой ниже таблице между позициями первого и второго столбцов имеется взаимосвязь. Животное | Орган // черепаха | панцирь // катушка | … Какое понятие следует вписать на место пропуска в этой таблице? 1) кожа 2) мантия 3) туловище 4) раковина,Нет,Нет
vpr_sd_943502,biology,8,Как называется представленный научный метод? 1) эксперимент 2) наблюдение 3) моделирование 4) измерение,Нет,Да
vpr_sd_945912,biology,8,"Известно, что озёрная лягушка — позвоночное земноводное, являющееся хищником. Используя эти сведения, выберите из приведённого ниже списка три утверждения, относящихся к описанию данных признаков этого животного. Запишите в ответе цифры, соответствующие выбранным ответам. 1) Озёрная лягушка вымётывает икру одним комком или отдельными кучками. 2) Животное живёт на суше, а размножается в пресной вод",Нет,Да
vpr_sd_944318,biology,8,"Определите тип развития насекомых, приведённых в перечне. Запишите цифры , под которыми указаны насекомые, в соответствующую ячейку таблицы. Список организмов: 1) азиатский тигровый комар 2) азиатская саранча 3) вредная черепашка 4) бобовая тля 5) азиатский шершень 6) рыжий лесной муравей Ответ в каждую ячейку запишите в виде последовательности цифр, в порядке их возрастания. Ответ: Развитие с пол",Нет,Нет
vpr_sd_944319,biology,8,"Какой тип развития характерен для клопа щитника ягодного, изображённой на рисунке ? Обоснуйте свой ответ.",Нет,Да
vpr_sd_944494,biology,8,В приведённой ниже таблице между позициями первого и второго столбцов имеется взаимосвязь. Животное | Тип развития // дождевой червь | прямое // пчела медоносная | ... Какое понятие следует вписать на место пропуска в этой таблице? 1) гермафродитизм 2) неполное превращение 3) почкование 4) полное превращение,Нет,Нет
vpr_sd_944495,biology,8,Что понимают под термином «гермафродитизм»?,Нет,Нет
vpr_sd_944624,biology,8,"Рассмотрите рисунок, на котором представлен цикл развития печёночного сосальщика и ответьте на вопросы.",Нет,Нет
vpr_sd_943189,biology,8,Изучите данные приведённой ниже таблицы и ответьте на вопросы. Развитие головастиков некоторых земноводных по стадиям (в днях) Виды земноводных | Стадии // Исчезновение наружных жабр | Появление почек конечностей | Подвижность задних конечностей | Появление передних конечностей | Начало рассасывания хвоста // Зелёная жаба | 5 | 20 | 35 | 38 | 39 // Серая жаба | 8 | 32 | 38 | 42 | 43 // Травяная ля,Нет,Нет
vpr_sd_943126,biology,8,"Если животное способно «строить» конструкцию, изображённую на рисунке, то для этого животного, вероятнее всего, будут характерны. 1) кожно-мускульный мешок 2) прямое развитие 3) одна пара усиков 4) сложные глаза Запишите в ответе цифру, под которой указана выбранная характеристика.",Нет,Да
vpr_sd_943841,biology,8,В описании животных зоологи часто употребляют термин «сложные глаза». Что понимают под этим термином?,Нет,Нет
vpr_sd_945535,biology,8,"Известно, что жук-могильщик — крупное насекомое, один из лучших «санитаров» животного мира. Используя эти сведения, выберите из приведённого ниже списка три утверждения относящихся к описанию данных признаков этого животного. Запишите в ответе цифры, соответствующие выбранным ответам. 1) Жук-могильщик распространён повсеместно, кроме полярных и экваториальных областей. 2) Тело жука-могильщика неск",Нет,Да
vpr_sd_945702,biology,8,"Определите тип питания организмов, приведённых в списке. СПИСОК ОРГАНИЗМОВ: 1) мукор 2) крот 3) эхинококк 4) ива 5) кукуруза 6) сфагнум Запишите цифры, под которыми указаны организмы в списке, в соответствующую ячейку таблицы. Ответ в каждую ячейку запишите в виде последовательности цифр, в порядке их возрастания. Ответ: Автотрофный тип питания | Гетеротрофный тип питания // |",Нет,Нет
vpr_sd_945703,biology,8,"Какой тип питания характерен для плесневелого гриба мукора, изображённого на рисунке? Обоснуйте свой ответ.",Нет,Да
vpr_sd_946166,biology,8,В приведённой ниже таблице между позициями первого и второго столбцов имеется взаимосвязь. Животное | Орган // жук-олень | грызущий // комар | ... Какое понятие следует вписать на место пропуска в этой таблице? 1) колюще-сосущий 2) сосущий 3) лижущий 4) грызуще-сосущий,Нет,Нет
vpr_sd_946167,biology,8,"Чем питается жук-олень, если у него грызущий ротовой аппарат?",Нет,Нет
vpr_sd_944754,biology,8,"Рассмотрите рисунок, на котором представлен цикл развития малярийного плазмодия, и ответьте на вопросы.",Нет,Нет
vpr_sd_944755,biology,8,Можно ли заразиться малярией при непосредственном контакте с больным человеком? Ответ обоснуйте.,Нет,Нет
vpr_sd_945571,biology,8,"Установите соответствие между характеристиками и типами червей: к каждой позиции, данной в первом столбце, подберите соответствующую позицию из второго столбца. ХАРАКТЕРИСТИКИ А) Отсутствует кровеносная система. Б) Есть приспособления к паразитизму — крючки и присоски. В) Имеется кровеносная система. Г) Животные играют роль в процессе почвообразования. Д) У многих видов пищеварительная система отс",Нет,Нет
vpr_sd_943139,biology,8,"Если животное способно «строить» конструкцию, изображённую на рисунке, то для этого животного, вероятнее всего, будут характерны 1) кожно-мускульный мешок 2) развитие с неполным превращением 3) хитиновый покров 4) простые глаза Запишите в ответе цифру, под которой указана выбранная характеристика.",Нет,Да
vpr_sd_944617,biology,8,В описании животных зоологи часто употребляют термин «кожно-мускульный мешок». Что понимают под этим термином?,Нет,Нет
vpr_sd_945465,biology,8,"Известно, что ласточка деревенская — перелётная птица, приспособленная к жизни в открытом воздушном пространстве и ведущая общественный образ жизни. Используя эти сведения, выберите из приведённого ниже списка три утверждения, относящихся к описанию данных признаков этого животного. Запишите в ответе цифры, соответствующие выбранным ответам. 1) Окраска птицы сверху сине-чёрная с металлическим отбл",Нет,Нет
vpr_sd_944509,biology,8,"Вставьте в текст пропущенные термины из предложенного перечня, используя для этого их цифровые обозначения. Запишите в текст номера выбранных ответов, а затем получившуюся последовательность цифр (по тексту) впишите в приведённую ниже таблицу. Внешнее строение птиц На голове птицы находится клюв, который состоит из костных челюстей, покрытых ______(А). Непосредственно над надклювьем у птиц располо",Нет,Нет
vpr_sd_945778,biology,8,Верны ли следующие суждения о значении птиц в природе? А. Насекомоядные птицы распространяют плоды и семена растений в природе. Б. Хищные птицы в природе регулируют численность мелких птиц. 1) верно только А 2) верно только Б 3) верны оба суждения 4) оба суждения неверны,Нет,Нет
vpr_sd_944623,biology,8,"Вставьте в текст пропущенные термины из предложенного перечня, используя для этого их цифровые обозначения. Запишите в текст номера выбранных ответов, а затем получившуюся последовательность цифр (по тексту) впишите в приведённую ниже таблицу. Обмен веществ у птиц В организме птиц постоянно происходит обмен веществ и превращение энергии. Органические вещества пищи в пищеварительном канале птицы по",Нет,Нет
vpr_sd_946088,biology,8,"Верны ли следующие суждения о сходстве птиц и пресмыкающихся? А. У птиц и пресмыкающихся имеется хорошо развитый киль. Б. У птиц, так же как и у пресмыкающихся, кишечник, мочеточники и органы размножения открываются в клоаку. 1) верно только А 2) верно только Б 3) верны оба суждения 4) оба суждения неверны",Нет,Нет
vpr_sd_944535,biology,8,"Вставьте в текст пропущенные термины из предложенного перечня, используя для этого их цифровые обозначения. Запишите в текст номера выбранных ответов, а затем получившуюся последовательность цифр (по тексту) впишите в приведённую ниже таблицу. Птицы Птицы — высокоорганизованные, ______(А) позвоночные, приспособленные к полёту. Тело покрыто _____(Б). Имеют ______(В) сердце и два круга кровообращени",Нет,Нет
vpr_sd_944391,biology,8,"Известно, что королёк желтоголовый — насекомоядная, кроногнёздная птица, обитатель леса. Используя эти сведения, выберите из приведённого ниже списка три утверждения, относящиеся к описанию данных признаков этого животного. Запишите в ответе цифры, соответствующие выбранным ответам. 1) Птица имеет тонкий заострённый клюв, позволяющий доставать мелких животных из расщелин коры, схватывать их с лист",Нет,Нет
vpr_sd_943816,biology,8,Верны ли следующие суждения о птицах? А. У птиц газообмен происходит в лёгких и воздушных мешках. Б. Сердце птиц состоит из четырёх камер. 1) верно только А 2) верно только Б 3) оба суждения верны 4) оба суждения неверны,Нет,Нет
vpr_sd_945691,biology,8,"Пользуясь таблицей «Выживание куропаток», ответьте на следующие вопросы. «Выживание куропаток» (по Швердпфегеру, с упрощениями) Возраст, годы | Количество особей | Смертность, % | Доля самок в популяции // живых к началу возраста | погибших в данном возрасте // 0 | 1000 | 850 | 85 | 0,50 // 2 | 112 | 31 | 28 | 0,46 // 4 | 57 | 18 | 32 | 0,32 // 6 | 26 | 9 | 35 | 0,23 // 8 | 11 | 4 | 35 | 0,27 // 1",Нет,Нет
vpr_sd_946006,biology,8,"Перелёты птиц связаны с 1) частыми осенними дождями 2) сокращением мест гнездования 3) минусовой температурой воздуха в зимний период 4) недостатком или отсутствием пищи в осенне-зимний период 5) сокращение длины светового дня Запишите в ответе цифры, под которыми указаны выбранные характеристики.",Нет,Нет
vpr_sd_945909,biology,8,"Установите соответствие между характеристиками кровеносной системы животных и их классами: к каждой позиции, данной в первом столбце, подберите соответствующую позицию из второго столбца. ХАРАКТЕРИСТИКИ КРОВЕНОСНОЙ СИСТЕМЫ А) В сердце содержится только венозная кровь. Б) Сердце образовано четырьмя камерами. В) В венах малого круга течёт артериальная кровь. Г) У животных имеется один круг кровообра",Нет,Нет
vpr_sd_945719,biology,8,"Установите соответствие между признаком животного и классом, для которого он характерен. ПРИЗНАК A) теплокровность Б) температура тела зависит от температуры окружающей среды B) сердце трёхкамерное, два круга кровообращения Г) тело при перемещении обычно соприкасается с землёй Д) характерно двойное дыхание Е) артериальная и венозная кровь в сердце не смешиваются КЛАСС ЖИВОТНЫХ 1) Птицы 2) Пресмыка",Нет,Нет
vpr_sd_945693,biology,8,"Установите соответствие между особенностями строения дыхательной системы и классами, для которых эти особенности характерны. ОСОБЕННОСТИ СТРОЕНИЯ ДЫХАТЕЛЬНОЙ СИСТЕМЫ А) имеются воздушные мешки Б) лёгкие имеют губчатое строение В) отношение поверхности кожи к поверхности лёгких 2:3 Г) лёгкие представлены полыми мешками Д) дыхание двойное Е) частично кожное дыхание КЛАСС 1) Земноводные 2) Птицы Запи",Нет,Нет
vpr_sd_945675,biology,8,"Установите соответствие между признаком и классом хордовых животных, для представителей которого этот признак характерен. ПРИЗНАК А) отсутствие зубов Б) участие кожи в теплорегуляции В) участие в дыхании воздушных мешков Г) альвеолярное строение лёгких Д) заполнение костных полостей воздухом Е) наличие извилин и борозд в коре больших полушарий КЛАСС 1) Млекопитающие 2) Птицы Запишите в таблицу выб",Нет,Нет
vpr_sd_945179,biology,8,"Установите последовательность расположения систематических групп изображённого животного, начиная с самой крупной. Используйте слова и словосочетания из предложенного перечня. Запишите в таблицу цифры, под которыми они указаны. ПЕРЕЧЕНЬ СЛОВ И СЛОВОСОЧЕТАНИЙ: 1) Африканский страус 2) Животные 3) Страусообразные 4) Хордовые 5) Птицы Ответ: Царство | Тип | Класс | Отряд | Вид // | | | |",Нет,Да
vpr_sd_945577,biology,8,"Установите последовательность расположения систематических групп изображённого животного, начиная с самой крупной. Используйте слова и словосочетания из предложенного перечня. Запишите в таблицу цифры, под которыми они указаны. ПЕРЕЧЕНЬ СЛОВ И СЛОВОСОЧЕТАНИЙ: 1) Хордовые 2) Животные 3) Птицы 4) Городская ласточка 5) Воробьинообразные Ответ: Царство | Тип | Класс | Отряд | Вид // | | | |",Нет,Да
vpr_sd_944856,biology,8,"К какому классу относят животных, модель строения кожи которых показана на рисунке? 1) Хрящевые рыбы 2) Земноводные 3) Пресмыкающиеся 4) Птицы",Нет,Да
vpr_sd_945456,biology,8,"К какому классу относят животных, модель строения органов дыхания которых показана на рисунке? 1) Костные рыбы 2) Земноводные 3) Пресмыкающиеся 4) Птицы",Нет,Да
vpr_sd_944901,biology,8,"Определите тип питания организмов, приведённых в перечне. Запишите цифры , под которыми указаны организмы, в соответствующую ячейку таблицы. Список организмов: 1) тигр 2) утка-кряква 3) печёночный сосальщик 4) калина 5) вольвокс 6) плаун стелющийся Ответ в каждую ячейку запишите в виде последовательности цифр, в порядке их возрастания. Ответ: Автотрофный тип питания | Гетеротрофный тип питания // ",Нет,Нет
vpr_sd_944341,biology,8,В приведённой ниже таблице между позициями первого и второго столбцов имеется взаимосвязь. Животное | Орган // голожаберный моллюск | жабра // Жук-плавунец | трахеи // слизень полевой | ... Какое понятие следует вписать на место пропуска в этой таблице? 1) лёгкое 2) кожа 3) жабра 4) воздушный мешок,Нет,Нет
vpr_sd_944860,biology,8,"Рассмотрите рисунок, на котором представлен цикл развития человеческой аскариды, и ответьте на вопросы. Какой цифрой обозначена на рисунке стадия яйца?",Нет,Да
vpr_sd_943138,biology,8,"Если у животного имеется глаз, изображённый на рисунке 4, то для этого животного, вероятнее всего, будут характерны 1) кожно-мускульный мешок 2) стрекательные клетки 3) мантийная полость 4) развитие с метаморфозом Запишите в ответе цифру, под которой указана выбранная характеристика.",Нет,Да
vpr_sd_943491,biology,8,"Рассмотрите явление, изображённое на рисунке. Как учёные-биологи называют это явление? 1) деление 2) фрагментация 3) раздражимость 4) развитие",Нет,Да
vpr_sd_945466,biology,8,"Определите тип питания организмов, приведённых в перечне. ПЕРЕЧЕНЬ ОРГАНИЗМОВ: 1) летучая мышь 2) липа 3) пастушья сумка 4) тростник 5) гриб трутовик 6) горбуша Запишите цифры, под которыми организмы указаны в перечне, в соответствующую ячейку таблицы. Ответ: Автотрофный тип питания | Гетеротрофный тип питания // |",Нет,Нет
vpr_sd_943505,biology,8,"Рассмотрите явление, изображённое на рисунке, сделанном учёным-биологом во время наблюдения за саранчой. Как учёные-биологи называют это явление? 1) развитие 2) обмен веществ 3) раздражимость 4) размножение",Нет,Да
vpr_sd_945727,biology,8,"Известно, что обыкновенный бегемот, или гиппопотам, — крупное полуводное травоядное млекопитающее. Используя эти сведения, выберите из приведенного ниже списка три утверждения, относящиеся к описанию данных признаков этого организма. Запишите в таблицу цифры, соответствующие выбранным ответам. 1) Масса крупных самцов достигает 4 тонн, длина тела 3 метра, высота в плечах до 1,65 м. Ноздри, глаза и ",Нет,Да
vpr_sd_945852,biology,8,"Определите тип питания организмов, приведённых в списке. СПИСОК ОРГАНИЗМОВ: 1) кувшинка 2) береза 3) пеницилл 4) корова 5) инфузория-туфелька 6) кактус Запишите цифры, под которыми указаны организмы в списке, в соответствующую ячейку таблицы. Ответ в каждую ячейку запишите в виде последовательности цифр, в порядке их возрастания. Ответ: Автотрофный тип питания | Гетеротрофный тип питания // |",Нет,Нет
vpr_sd_943499,biology,8,"С какой целью ученый-биолог пользуется в своей работе прибором, изображённым на фотографии? 1) определение значения организма в жизни человека 2) описание организма 3) охрана организма в природе 4) наблюдение за организмом в природе",Нет,Да
vpr_sd_944927,biology,8,"Определите тип питания организмов, приведённых в перечне. Запишите цифры , под которыми указаны организмы, в соответствующую ячейку таблицы. Список организмов: 1) бычий цепень 2) майский жук 3) бузина 4) водоросль ульва 5) папоротник страусиное перо 6) гриб подберёзовик Ответ в каждую ячейку запишите в виде последовательности цифр, в порядке их возрастания. Ответ: Автотрофный тип питания | Гетерот",Нет,Нет
vpr_sd_945430,biology,8,"Рассмотрите фотографию собаки породы американская акита. Выберите характеристики, соответствующие внешнему строению собаки, по следующему плану: окрас шерсти, форма ушей, форма хвоста. А. Окрас Б. Форма ушей В. Форма хвоста Запишите в таблицу выбранные цифры под соответствующими буквами. Ответ: А | Б | В // | |",Нет,Да
vpr_sd_944401,biology,8,"Установите соответствие между характеристиками отрядами и пресмыкающихся: к каждой позиции, данной в первом столбце, подберите соответствующую позицию из второго столбца. ХАРАКТЕРИСТИКИ А) многие представители не имеют конечностей Б) сердце четырёхкамерное В) тело покрыто роговой чешуёй Г) все представители хорошо плавают и ныряют Д) веки сросшиеся прозрачные или подвижные непрозрачные Е) у некото",Нет,Нет
vpr_sd_943107,biology,8,"Если у животных встречаются разнообразные конечности, изображённые на рисунке 4, то для животных этой группы, вероятнее всего, будут характерны 1) мантийная полость 2) хитиновый покров 3) замкнутая кровеносная система 4) первичная полость тела Запишите в ответе цифру, под которой указана выбранная характеристика.",Нет,Да
vpr_sd_945472,chemistry,11,"Одним из важных понятий в экологии и химии является «предельно допустимая концентрация» (ПДК). ПДК — это такая концентрация вредного вещества в окружающей среде, присутствуя в которой постоянно, данное вещество не оказывает в течение всей жизни прямого или косвенного неблагоприятного влияния на настоящее или будущее поколение, не снижает работоспособности человека, не ухудшает его самочувствия и у",Нет,Нет
vpr_sd_945313,chemistry,11,"Одним из важных понятий в экологии и химии является «предельно допустимая концентрация» (ПДК). ПДК — это такое содержание вредного вещества в окружающей среде, присутствуя в которой постоянно данное вещество не оказывает в течение всей жизни прямого или косвенного неблагоприятного влияния на настоящее или будущее поколение, не снижает работоспособности человека, не ухудшает его самочувствия и усло",Нет,Нет
vpr_sd_944781,chemistry,11,"В качестве противогололёдного реагента используют раствор хлорида кальция с массовой долей соли 20%. Рассчитайте массу хлорида кальция и массу воды, необходимых для приготовления 40 кг такого реагента. Запишите подробное решение задачи.",Нет,Нет
vpr_sd_945201,chemistry,11,"Для подкормки комнатных растений, особенно фикусов, можно использовать 0,6%-ый раствор сахара. Для приготовления такого раствора взяли 1 чайную ложку (6 г) сахара. Рассчитайте, какую массу раствора указанной концентрации при этом получили и какую массу воды использовали для приготовления этого раствора. Запишите подробное решение задачи.",Нет,Нет
vpr_sd_944841,chemistry,11,"Чтобы сварить варенье из арбуза, его необходимо залить сиропом, приготовленным из 200 г сахара и 300 г воды. Рассчитайте массу приготовленного сиропа и массовую долю сахара в нём. Запишите подробное решение задачи.",Нет,Нет
vpr_sd_945297,chemistry,11,"Раствор Рингера широко используется в медицине в качестве регулятора водно-солевого баланса, заменителя плазмы и других компонентов крови. Для его приготовления в 1 л дистиллированной воды растворяют 8,6 г хлорида натрия, 0,33 г хлорида кальция и 0,3 г хлорида калия. Рассчитайте массовую долю хлорида натрия и хлорида кальция в полученном растворе. Запишите подробное решение задачи.",Нет,Нет
vpr_sd_945314,chemistry,11,"Для обработки обожжённых кожных покровов применяют 5%-ный раствор перманганата калия. Рассчитайте массы перманганата калия и воды, которые необходимы для приготовления 120 г такого раствора. Запишите подробное решение задачи.",Нет,Нет
vpr_sd_945818,chemistry,11,"Раствор формальдегида зачастую используют в медицине как антисептик. Чему равна масса формальдегида, которую необходимо добавить к 150 г 10%-го раствора, чтобы получить раствор с массовой долей 25%? (Запишите ответ с точностью до целых).",Нет,Нет
vpr_sd_945516,chemistry,11,"Для борьбы с заболеваниями садово-огородных культур используют 3%-ый раствор перманганата калия. Рассчитайте массу перманганата калия и массу воды, которые необходимы для приготовления 5 кг такого раствора. Запишите подробное решение задачи.",Нет,Нет
vpr_sd_945184,chemistry,11,"Для приготовления маринадов вместо уксуса можно использовать 0,25%-ый раствор лимонной кислоты. Рассчитайте массу лимонной кислоты и массу воды, которые необходимы для приготовления 400 г такого раствора. Запишите подробное решение задачи.",Нет,Нет
vpr_sd_945796,chemistry,11,"В химической промышленности часто важно знать количество полученного раствора после синтеза. В результате гидратации 89,6 л (н. у.) ацетилена получили раствор ацетальдегида с массовой долей 20%. Чему равна масса полученного раствора?",Нет,Нет
vpr_sd_945827,chemistry,11,"Уксусная кислота широко применяется в химической промышленности, а также в разбавленном виде в пищевой промышленности. Какова масса уксусной кислоты в растворе, полученном при смешивании 155 г 5%-ного и 207 г 11%-ного растворов кислоты? (Запишите число с точностью до десятых).",Нет,Нет
vpr_sd_945817,chemistry,11,"Часто в химии существует задача найти соотношение масс растворов одного и того же вещества, для получения раствора с определенной концентрацией. При смешивании 40%-ного и 15%-ного растворов одного и того же вещества получили 20%-ный раствор. Во сколько раз взяли больше по массе 15%-ного раствора, чем 40%-ного? Ответ запишите в виде целого числа.",Нет,Нет
vpr_sd_945456,chemistry,11,"Для приготовления маринадов используют 5%-ый раствор сахара. Для приготовления маринада взяли 1 столовую ложку (25 г) сахара. Рассчитайте, какую массу раствора указанной концентрации при этом получили и какую массу воды использовали для приготовления этого маринада. Запишите подробное решение задачи.",Нет,Нет
vpr_sd_945533,chemistry,11,"Раствор питьевой соды уменьшит зуд от укусов комаров. Для приготовления такого раствора взяли 1 столовую ложку (12 г) соды и примерно треть стакана воды. При этом был получен раствор с массовой долей соды 12,5%. Рассчитайте массу полученного раствора и массу воды, взятой для его приготовления. Запишите подробное решение задачи.",Нет,Нет
vpr_sd_945815,chemistry,11,"Концентрированные солевые растворы часто советуются врачами для полоскания носоглотки при разных заболеваниях. К раствору, состоящему из 45 г воды и 15 г соли, добавили 65 г воды и 10 г той же соли. Вычислите массовую долю соли в полученном растворе.",Нет,Нет
vpr_sd_945822,chemistry,11,Часто для химического анализа или синтеза нужно получить точные концентрации раствора гидроксида натрия. Сколько граммов едкого натра следует растворить в 300 г 5%-ного раствора для по-лучения 10%-ного раствора (Запишите число с точностью до десятых).,Нет,Нет
vpr_sd_944755,chemistry,11,"Для борьбы с заболеваниями растений используют 2,5%-ый раствор перманганата калия. Рассчитайте массу перманганата калия и массу воды, которые необходимы для приготовления 4 кг такого раствора. Запишите подробное решение задачи.",Нет,Нет
vpr_sd_944644,chemistry,11,"В качестве противоаллергического средства в медицине используют раствор хлорида кальция с массовой долей соли 10%. Рассчитайте массу хлорида кальция и массу воды, необходимых для приготовления 50 г такого раствора. Запишите подробное решение задачи.",Нет,Нет
vpr_sd_945814,chemistry,11,Концентрированные солевые растворы часто советуются врачами для полоскания носоглотки при разных заболеваниях. Из 200 г 10%-го раствора соли необходимо приготовить 8%-й раствор. Сколько требуется добавить грамм воды? (Ответ укажите с точностью до целых).,Нет,Нет
vpr_sd_945826,chemistry,11,"Концентрированные солевые растворы часто советуются врачами для полоскания носоглотки при разных заболеваниях. Чему равна массовая доля соли в растворе, полученном при смешивании 1 кг 11%-ного раствора с 3 кг 15%-ного раствора этой соли? (Запишите число с точностью до десятых).",Нет,Нет
vpr_sd_945158,chemistry,11,"Серная кислота применяется в качестве электролита при производстве свинцово-кислотных аккумуляторов для автомобилей. Массовая доля кислоты в электролите составляет 30%, остальное приходится на дистиллированную воду. Рассчитайте массу серной кислоты и массу дистиллированной воды, которые взяты для приготовления 3 кг такого электролита. Запишите подробно решение задачи.",Нет,Нет
vpr_sd_945096,chemistry,11,"Для изготовление глазных капель используют 3%-ый раствор иодида калия. Рассчитайте массу иодида калия и массу воды, которые необходимы для приготовления 300 г такого раствора. Запишите подробно ход решения задачи.",Нет,Нет
vpr_sd_945447,chemistry,11,"Этиленгликоль используется как теплоноситель в системах отопления частных домов. Массовая доля этиленгликоля в теплоносителе составляет 40%. Рассчитайте массу этиленгликоля и массу воды, которые взяты для приготовления 65 кг теплоносителя. Запишите подробное решение задачи.",Нет,Нет
vpr_sd_945803,chemistry,11,"Растворы нитрата натрия в основном используется в пищевой промышленности и как сельскохозяйственное удобрение. Чему равна масса нитрата натрия, которую необходимо растворить в 200 г воды для получения раствора с массовой долей 20%?",Нет,Нет
vpr_sd_945819,chemistry,11,"Раствор глицерина используют в медицине и в пищевой промышленности. Чему равна масса глицерина, которую необходимо добавить к 100 г 10%-го раствора глицерина, чтобы получить раствор с массовой долей 15%? (Запишите ответ с точностью до целых).",Нет,Нет
vpr_sd_945816,chemistry,11,"Часто в химии существует задача найти соотношение масс растворов одного и того же вещества, для получения раствора с определенной концентрацией. При смешивании 50%-ного и 10%-ного растворов одного и того же вещества получили 15%-ный раствор. Во сколько раз взяли больше по массе 10%-ного раствора, чем 50%-ного? Ответ запишите в виде целого числа.",Нет,Нет
vpr_sd_945835,chemistry,11,"Установите соответствие между емкостью и её назначением: к каждой позиции, обозначенной буквой, подберите соответствующую позицию, обозначенную цифрой. ЁМКОСТЬ | | НАЗНАЧЕНИЕ // А) обратный холодильник Б) мерная колба В) прямой холодильник Г) хлоркальциевая трубка | | 1) постепенное прикапывание раствора 2) конденсирование паров и возврат конденсата в реакционный сосуд 3) составная часть прибора д",Нет,Нет
vpr_sd_945535,chemistry,11,"На рисунке изображена модель атома некоторого химического элемента. Рассмотрите предложенную модель и выполните следующие задания: 1) запишите в таблицу символ химического элемента, которому соответствует данная модель атома; 2) запишите номер периода и номер группы в Периодической системе химических элементов Д. И. Менделеева, в которых расположен этот элемент; 3) определите, к металлам или немет",Нет,Нет
vpr_sd_946127,chemistry,11,"Периодическая система химических элементов Д. И. Менделеева — богатое хранилище информации о химических элементах, их свойствах и свойствах их соединений, о закономерностях изменения этих свойств, о способах получения веществ, а также о нахождении их в природе. Так, например, известно, что с увеличением порядкового номера химического элемента в периодах радиусы атомов уменьшаются, а в группах увел",Нет,Нет
vpr_sd_945572,chemistry,11,"В приведённой ниже таблице представлены некоторые примеры формул веществ с ковалентной и ионной химической связью. Примеры формул веществ С ковалентной химической связью | С ионной химической связью // ; ; | ; ; Используя данную информацию, определите вид химической связи: 1) в сульфиде лития ; 2) в оксиде кремния . Запишите ответ в отведённом месте: 1) В сульфиде лития 2) В оксиде кремния",Нет,Нет
vpr_sd_944735,chemistry,11,"Прочитайте следующий текст и выполните задания 5—7. Содержание химического элемента азота в земной коре (включая гидросферу и атмосферу) составляет 0,04 % по массе. При этом бóльшая его часть находится в атмосфере в виде простого вещества . Азот является главной составной частью воздуха, его объёмная доля в воздухе составляет 78 %. Простое вещество химически довольно инертно. При обычных условиях ",Нет,Нет
vpr_sd_944713,chemistry,11,"При исследовании минерализации бутилированной воды в ней были обнаружены следующие анионы: , , . Для проведения качественного анализа к этой воде добавили раствор . 1. Какое изменение наблюдается при проведении описанного опыта? (Концентрация веществ достаточна для проведения анализа). 2. Запишите сокращённое ионное уравнение протекающей химической реакции.",Нет,Нет
vpr_sd_945106,chemistry,11,Дана схема окислительно-восстановительной реакции: 1) Составьте электронный баланс этой реакции; 2) Укажите окислитель и восстановитель; 3) Расставьте коэффициенты и запишите получившееся уравнение реакции.,Нет,Нет
vpr_sd_945964,chemistry,11,"Дана схема превращений: → → → Напишите молекулярные уравнения реакций, с помощью которых можно осуществить указанные превращения.",Нет,Нет
vpr_sd_945820,chemistry,11,"Часто для химического анализа или синтеза нужно получить точные концентрации серной кислоты. К 250 г 20%-ной серной кислоты добавили 50 мл 60%-ной кислоты (плотностью 1,6 г/мл). Какова массовая доля кислоты в полученном растворе? (Запишите число с точностью до десятых).",Нет,Нет
vpr_sd_944824,chemistry,11,"Серная кислота применяется в качестве электролита при производстве свинцово-кислотных аккумуляторов для автомобилей. Массовая доля кислоты в электролите составляет 30%, остальное — дистиллированная вода. Рассчитайте массу серной кислоты и массу дистиллированной воды, которые взяты для приготовления 5 кг такого электролита. Запишите подробное решение задачи.",Нет,Нет
vpr_sd_945550,chemistry,11,"В качестве противогололёдного реагента используют раствор хлорида кальция с массовой долей соли 20%. Рассчитайте массу хлорида кальция и массу воды, необходимых для приготовления 5 кг такого противогололёдного реагента. Запишите подробное решение задачи.",Нет,Нет
vpr_sd_945838,chemistry,11,"Установите соответствие между веществом и областью его применения: к каждой позиции, обозначенной буквой, подберите соответствующую позицию, обозначенную цифрой. ВЕЩЕСТВО | | ОБЛАСТЬ ПРИМЕНЕНИЯ // А) капролактам Б) пропан В) изопрен Г) стирол | | 1) получение полистирола 2) получение капрона 3) получение каучука 4) в качестве топлива 5) пищевая добавка Запишите в ответ цифры, расположив их в поряд",Нет,Нет
vpr_sd_944886,chemistry,11,"На рисунке изображена схема распределения электронов по энергетическим уровням атома некоторого химического элемента. Рассмотрите предложенную схему и выполните следующие задания: 1) запишите в таблицу символ химического элемента, которому соответствует данная модель атома; 2) запишите номер периода и номер группы в Периодической системе химических элементов Д. И. Менделеева, в которых расположен ",Нет,Нет
vpr_sd_944794,chemistry,11,"В приведённой ниже таблице представлены примеры формул веществ с ковалентной и ионной химической связью. Примеры формул веществ С ковалентной химической связью | С ионной химической связью // — ; — ; — | — ; — ; — Используя данную информацию, определите вид химической связи: 1) в хлориде бария ; 2) в молекуле азота . Запишите ответ в отведённом месте: 1) в хлориде бария 2) в молекуле азота",Нет,Нет
vpr_sd_945320,chemistry,11,"Прочитайте следующий текст и выполните задания 5—7. Оксид серы(IV) используют в пищевой промышленности в качестве консерванта (пищевая добавка Е220). Поскольку этот газ убивает микроорганизмы, им окуривают овощехранилища и склады. Это вещество также используют для отбеливания соломы, шёлка и шерсти, то есть материалов, которые нельзя отбеливать хлором. Промышленный способ получения этого вещества ",Нет,Нет
vpr_sd_945839,chemistry,11,"Установите соответствие между емкостью и её назначением: к каждой позиции, обозначенной буквой, подберите соответствующую позицию, обозначенную цифрой. ЁМКОСТЬ | | НАЗНАЧЕНИЕ // А) колба Вюрца Б) пипетка В) мерный цилиндр Г) делительная воронка | | 1) отбор раствора определенного объема 2) составная часть прибора для перегонки 3) измерение объема растворов 4) разделение не смешивающихся жидкостей ",Нет,Нет
vpr_sd_945230,chemistry,11,"Периодическая система химических элементов Д. И. Менделеева — богатое хранилище информации о химических элементах, их свойствах и свойствах их соединений. Так, например, известно, что с увеличением порядкового номера химического элемента способность атомов принимать электроны — электроотрицательность — в периодах усиливается, а в группах ослабевает. Учитывая эти закономерности, расположите в поряд",Нет,Нет
vpr_sd_945293,chemistry,11,В приведённой ниже таблице представлены некоторые характеристики ковалентной и ионной видов химической связи. Химическая связь С молекулярной кристаллической решёткой | С атомной кристаллической решёткой // 1) При обычных условиях могут находиться в одном из трёх агрегатных состояний; 2) имеют низкие значения температур кипения и плавления; 3) имеют низкую теплопроводность; 4) летучие | 1) твёрдые,Нет,Нет
vpr_sd_945181,chemistry,11,"Прочитайте следующий текст и выполните задания 5—7. Сера — простое вещество жёлтого цвета, имеет несколько аллотропных модификаций (ромбическая, моноклинная и пластическая). Сера химически активна, горит в кислороде, взаимодействует с водородом, металлами, галогенами. При взаимодействии серы с водородом образуется газообразное вещество сероводород , водный раствор которого проявляет свойства кисло",Нет,Нет
vpr_sd_945139,chemistry,11,"При исследовании болотной воды в ней были обнаружены следующие ионы: , , . Для проведения качественного анализа к этой воде добавили раствор . 1) Какое изменение наблюдается при проведении описанного опыта? (Концентрация веществ достаточна для проведения анализа). 2) Запишите сокращённое ионное уравнение протекающей химической реакции.",Нет,Нет
vpr_sd_945782,chemistry,11,Дана схема окислительно-восстановительной реакции: 1. Составьте электронный баланс этой реакции. 2. Укажите окислитель и восстановитель. 3. Расставьте коэффициенты в уравнении реакции.,Нет,Нет
vpr_sd_945476,chemistry,11,"Дана схема превращений: Напишите молекулярные уравнения реакций, с помощью которых можно осуществить указанные превращения.",Нет,Нет
vpr_sd_946010,chemistry,11,"Из курса химии Вам известны следующие способы разделения смесей: отстаивание, фильтрование, дистилляция (перегонка), действие магнитом, выпаривание, кристаллизация. На рисунках 1–3 представлены примеры использования некоторых из перечисленных способов. Каким из способов, которые показаны на рисунках, можно разделить смеси, чтобы очистить: 1) раствор хлорида натрия от осадка сульфата бария; 2) желе",Нет,Да
vpr_sd_946115,chemistry,11,"В приведённой ниже таблице перечислены характерные свойства веществ, которые имеют молекулярное и ионное строение. Характерные свойства веществ Молекулярного строения | Ионного строения // — при обычных условиях имеют жидкое, газообразное и твёрдое агрегатное состояние; — имеют низкие значения температур кипения и плавления; — неэлектропроводные; — имеют низкую теплопроводность | — твёрдые при обы",Нет,Нет
vpr_sd_944761,chemistry,11,"Прочитайте следующий текст и выполните задания 5—7. Карбонат кальция в природе встречается в виде минералов — кальцита, арагонита и ватерита, является главной составной частью известняка, мрамора, мела, входит в состав скорлупы яиц. Карбонат кальция используется как белый пищевой краситель Е170. Являясь основой мела, используется для письма на досках. Используется в быту для побелки потолков, покр",Нет,Нет
vpr_sd_945168,chemistry,11,"Одним из научных методов познания веществ и химических явлений является моделирование. Так, модели молекул дают представление о взаимосвязи между строением и свойствами веществ. На рисунках 1–3 изображены модели молекул трёх веществ. Рис. 1 Рис. 2 Рис. 3 Проанализируйте данные модели молекул веществ и определите вещество, которое: 1) образованно двумя химическими элементами; 2) содержит химический",Нет,Да
vpr_sd_946173,chemistry,11,"На рисунке изображена модель электронного строения атома некоторого химического элемента. На основании анализа предложенной модели выполните следующие задания: 1) определите химический элемент, атом которого имеет такое электронное строение; 2) укажите номер периода и номер группы в Периодической системе химических элементов Д. И. Менделеева, в которых расположен этот элемент; 3) определите, к мет",Нет,Да
vpr_sd_945213,chemistry,11,"Периодическая система химических элементов Д. И. Менделеева — богатое хранилище информации о химических элементах, их свойствах и свойствах их соединений. Так, например, известно, что с увеличением порядкового номера химического элемента способность отдавать электроны — восстановительная способность — в периодах ослабевает, а в группах усиливается. Учитывая эти закономерности, расположите в порядк",Нет,Нет
vpr_sd_945310,chemistry,11,"В приведённой ниже таблице представлены некоторые характеристики ковалентной и ионной видов химической связи. Химическая связь Ковалентная | Ионная // Образована атомами одного и того же элемента-неметалла или атомами различных неметаллов | Образована атомами металла и неметалла Используя данную информацию, определите вид химической связи: 1) в хлориде кальция ;2) в молекуле водорода Запишите отве",Нет,Нет
vpr_sd_944641,chemistry,11,"Прочитайте следующий текст и выполните задания 5—7. Металл железо известен человеку ещё с глубокой древности. Использовать изделия из него начали ещё в начале 1-го тысячелетия до н. э. В Древнем Египте железо называли «небесный металл», его древнегреческое название означает «звёздный», а древнеримское переводится как «капнувший с неба». Такое название металла объяснялось очень просто: в древности ",Нет,Нет
vpr_sd_945316,chemistry,11,Дана схема окислительно-восстановительной реакции: → 1. Составьте электронный баланс этой реакции. 2. Укажите окислитель и восстановитель. 3. Расставьте коэффициенты в уравнении реакции.,Нет,Да
vpr_sd_946000,chemistry,11,"Из курса химии вам известны следующие методы познания: наблюдение, эксперимент, измерение. На рисунках 1—3 представлены ситуации, в которых применены указанные методы познания. Указанные методы могут быть применены в повседневной жизни с целью: 1) определения значения температуры, при которой появляются первые пузырьки, свидетельствующие о закипании воды; 2) исследования влияния раствора уксуса на",Нет,Да
vpr_sd_945499,chemistry,11,"При исследовании минерализации бутилированной воды в ней были обнаружены следующие анионы: , , . Наличие одного из перечисленных ионов было доказано в результате добавления к воде раствора . 1. Какое изменение наблюдается при проведении описанного опыта? (Концентрация веществ достаточна для проведения анализа). 2. Запишите сокращённое ионное уравнение протекающей химической реакции.",Нет,Нет
vpr_sd_945802,chemistry,11,Растворы нитрата калия в основном используется как сельскохозяйственное удобрение. К 300 г раствора нитрата калия с массовой долей 20% добавили 100 г той же соли. Сколько составит массовая доля нитрата калия в полученном растворе?,Нет,Нет
vpr_sd_944885,chemistry,11,"Из курса химии вам известны следующие методы познания : наблюдение, эксперимент, измерение. На рисунках 1–3 представлены ситуации, в которых применены указанные методы познания. Рис. 1 Рис. 2 Рис. 3 Определите, какие из указанных методов могут быть применены в повседневной жизни при: 1) выявлении изменений, происходящих с консервированными овощами при хранении; 2) определении концентрации раствора",Нет,Да
vpr_sd_944793,chemistry,11,"2019 год объявлен Международным годом Периодической таблицы химических элементов Д. И. Менделеева. Мировое научное сообщество отметит 150-летие открытия Периодического закона химических элементов Д. И. Менделеевым в 1869 году. Периодическая система химических элементов Д. И. Менделеева — богатое хранилище информации о химических элементах, их свойствах и свойствах их соединений. Так, например, изв",Нет,Нет
vpr_sd_945154,chemistry,11,"В приведённой ниже таблице представлены некоторые примеры формул веществ с ковалентной и ионной химической связью. Примеры формул веществ С ковалентной химической связью | С ионной химической связью // ; ; | ; ; Используя данную информацию, определите вид химической связи: 1) в бромиде магния ; 2) в молекуле кислорода . Запишите ответ в отведённом месте: 1) В бромиде магния 2) В кислороде",Нет,Нет
vpr_sd_944695,chemistry,11,"Для подкормки фруктовых деревьев используют 2%-ный раствор борной кислоты. Рассчитайте массу раствора, которую можно получить из 5 г борной кислоты, и массу воды, взятой для приготовления этого раствора. Запишите подробное решение задачи.",Нет,Нет
vpr_sd_945114,chemistry,11,"Из курса химии Вам известны следующие методы познания веществ и явлений: наблюдение, эксперимент, измерение, моделирование и др. На рис. 1–3 изображены примеры применения некоторых из этих методов. Определите, какие из изображённых на рисунках методов можно применить для: 1) качественного анализа состава сульфата меди(II); 2) иллюстрации химического строения вещества. Запишите в таблицу название м",Нет,Да
vpr_sd_946128,chemistry,11,"Известно, что с увеличением порядкового номера элемента в периодах металлические свойства атомов уменьшаются, а в группах увеличиваются. Расположите в порядке увеличения металлических свойств, следующие элементы: Запишите обозначения элементов в нужной последовательности. В ответе укажите обозначения элементов разделяя &. Например, 11&22.",Нет,Нет
vpr_sd_945224,chemistry,11,"Прочитайте следующий текст и выполните задания 5—7. Сульфит натрия — это синтетически созданный консервант, применяющийся в пищевой, фармацевтической и лёгкой промышленности. На этикетках пищевых продуктов сульфит натрия обозначается как Е221. Ещё одно распространённое название этого вещества — Sodium Sulphite. Е221 незаменим в производстве мармелада, зефира, варенья, пастилы, повидла, джема, соко",Нет,Нет
vpr_sd_944670,chemistry,11,"При исследовании минерализации бутилированной воды в ней были обнаружены следующие анионы: , , . Для проведения качественного анализа к этой воде добавили раствор . 1) Какое изменение наблюдается при проведении описанного опыта? (Концентрация веществ достаточна для проведения анализа). 2) Запишите сокращённое ионное уравнение протекающей химической реакции.",Нет,Нет
vpr_sd_945809,chemistry,11,Растворы нитрата калия в основном используется как сельскохозяйственное удобрение. Сколько г соли и воды требуется взять для приготовления 350 г 16-процентного раствора нитрата калия?,Нет,Нет
vpr_sd_945975,chemistry,11,"Дана схема превращений: $$ → → → Напишите молекулярные уравнения реакций, с помощью которых можно осуществить указанные превращения.",Нет,Нет
vpr_sd_945853,chemistry,11,"Из курса химии Вам известны следующие способы разделения смесей: отстаивание, фильтрование, дистилляция (перегонка), действие магнитом, выпаривание, кристаллизация. На рисунках 1–3 представлены примеры использования некоторых из перечисленных способов. | | // Рис. 1 | Рис. 2 | Рис. 3 Какие из названных способов разделения смесей можно применить для очищения: 1) смеси железного и алюминиевого порош",Нет,Да
vpr_sd_944777,chemistry,11,"В приведённой ниже таблице представлены примеры формул веществ с ковалентной и ионной химической связью. Примеры формул веществ С ковалентной химической связью | С ионной химической связью // — ; — ; — | — ; — ; — Используя данную информацию, определите вид химической связи: 1) в молекуле брома ; 2) в оксиде магния . Запишите ответ в отведённом месте: 1) в молекуле брома 2) в оксиде магния",Нет,Нет
vpr_sd_945568,chemistry,11,"При исследовании воды из ближнего родника были обнаружены следующие катионы металлов: , , . Наличие одного из перечисленных ионов было доказано в результате добавления к воде раствора . 1. Какое изменение наблюдается при проведении описанного опыта? (Концентрация веществ достаточна для проведения анализа). 2. Запишите сокращённое ионное уравнение протекающей химической реакции.",Нет,Нет
vpr_sd_944857,chemistry,11,"Одним из важных понятий в экологии и химии является «предельно допустимая концентрация» (ПДК). ПДК — это такая концентрация вредного вещества в окружающей среде, присутствуя в которой постоянно, данное вещество не оказывает прямого или косвенного неблагоприятного влияния на настоящее или будущее поколение в течение всей жизни, не снижает работоспособности человека, не ухудшает его самочувствия и у",Нет,Нет
vpr_sd_945907,chemistry,11,"Физиологическим раствором в медицине называют 0,9%-ный раствор хлорида натрия в воде. Рассчитайте массу хлорида натрия и массу воды, которые необходимы для приготовления 500 г физиологического раствора. Запишите подробное решение задачи.",Нет,Нет
vpr_sd_945497,chemistry,8,"Какие вещества содержатся в объектах, изображённых на остальных рисунках? Приведите по ОДНОМУ примеру. Для каждого вещества укажите его химическое название и формулу. Рис. 1: ___________________________(название) __________________(формула). Рис. 2: ___________________________(название) __________________(формула). Рис. 3: ___________________________(название) __________________(формула).",Нет,Нет
vpr_sd_946140,chemistry,8,"Превращение одних веществ в другие называется химической реакцией. Из представленных ниже рисунков выберите тот, на котором изображено протекание химической реакции (полировка кузова машины, горение лампочки, переваривание пищи). Объясните сделанный вами выбор.",Нет,Да
vpr_sd_946141,chemistry,8,Укажите один ЛЮБОЙ признак протекания этой химической реакции,Нет,Да
vpr_sd_946122,chemistry,8,Из списка оснований п. 3.1 выберите щёлочь. Запишите номер основания.,Нет,Нет
vpr_sd_945439,chemistry,8,"Даны два химических элемента А и В . Известно, что в атоме элемента А содержится 12 электронов, а в атоме элемента В — 15 протонов. 1) Используя Периодическую систему химических элементов Д. И. Менделеева, определите химические элементы А и В . 2) Укажите номер периода и номер группы в Периодической системе химических элементов Д. И. Менделеева, в которых расположен каждый элемент. 3) Установите, ",Нет,Нет
vpr_sd_945419,chemistry,8,Восьмиклассник Михаил съел за обедом 80 г зелёного горошка.,Нет,Нет
vpr_sd_944761,chemistry,8,"Имеется следующий перечень химических веществ: натрий, хлор, хлорид натрия, нитрат магния, гидроксид калия, нитрат калия, гидроксид магния. Используя этот перечень, выполните задания 6.1–6.5.",Нет,Нет
vpr_sd_944758,chemistry,8,"Ниже даны описания двух химических превращений с участием веществ, перечень которых был приведён в задании 6: (1) натрий + хлор → хлорид натрия; (2) нитрат магния + гидроксид калия → нитрат калия + гидроксид магния.",Нет,Нет
vpr_sd_945710,chemistry,8,"Из курса химии Вам известны следующие способы разделения смесей: отстаивание, фильтрование, дистилляция (перегонка), действие магнитом, выпаривание, кристаллизация. На рисунках 1–3 представлены примеры использования некоторых из перечисленных способов. Какие из названных способов разделения смесей можно применить для разделения: 1) песка и железной стружки; 2) песка и речной воды. Ответы запишите ",Нет,Да
vpr_sd_945711,chemistry,8,"Для каждого способа разделения смесей, изображённых на рисунках 1-3, приведите по ОДНОМУ примеру смеси, которую можно разделить указанным способом (не из п. 1.1). Ответ запишите в формате: Рис. 1: ___________________________(способ разделения) __________________(смесь). Рис. 2: ___________________________(способ разделения) __________________(смесь). Рис. 3: ___________________________(способ разд",Нет,Да
vpr_sd_945725,chemistry,8,"Превращение одних веществ в другие называется химической реакцией. Из представленных ниже рисунков выберите тот, на котором изображено протекание химической реакции (выпекание пирога, покрытие лаком дерева, раскатывание теста). Объясните сделанный вами выбор.",Нет,Да
vpr_sd_945622,chemistry,8,"В таблице приведены названия и химические формулы некоторых газообразных веществ. № п/п | Название вещества | Формула | Молярная масса, г/моль // 1 | Озон | | // 2 | Угарный газ | | Используя предложенные Вам справочные материалы, вычислите молярные массы каждого из газов и запишите полученные данные в таблицу.",Нет,Нет
vpr_sd_945623,chemistry,8,"В вашем распоряжении имеется пустая колба. Каким из приведённых в таблице газов следует наполнить эту колбу, чтобы её масса была минимальной? Укажите номер вещества и объясните сделанный вами выбор.",Нет,Нет
vpr_sd_944788,chemistry,8,"Даны два химических элемента А и В . Известно, что в атоме элемента А содержится 13 протонов, а в атоме элемента B — 14 электронов. 4.1. Используя Периодическую систему химических элементов Д. И. Менделеева, определите химические элементы А и В . 4.2. Укажите номер периода и номер группы в Периодической системе химических элементов Д. И. Менделеева, в которых расположен каждый элемент. 4.3. Устано",Нет,Нет
vpr_sd_945495,chemistry,8,Восьмиклассница Оля съела за чаем кусочек (150 г) слоёного торта.,Нет,Нет
vpr_sd_945489,chemistry,8,"Имеется следующий перечень химических веществ: железо, нитрат серебра, серебро, нитрат железа(II), гидроксид бария, серная кислота, сульфат бария, вода.",Нет,Нет
vpr_sd_945844,chemistry,8,"Ниже даны словесные описания двух химических превращений с участием веществ, перечень которых был приведён в задании 6: (1) железо + сера → сульфид железа(II); (2) сернистый газ + кислород → оксид серы(VI).",Нет,Нет
vpr_sd_946055,chemistry,8,Установите соответствие между названием химического вещества и областью его применения. К каждому элементу первого столбца подберите соответствующий элемент из второго столбца. ВЕЩЕСТВО А) соляная кислота Б) сероводород В) хлор Г) сера ПРИМЕНЕНИЕ 1) составная часть желудочного сока человека 2) в пищевой промышленности 3) для вулканизации каучука 4) производство пластмасс 5) в медицине в составе ле,Нет,Нет
vpr_sd_945675,chemistry,8,"Из приведённого списка выберите верные суждения о правилах применения и опасности для здоровья препаратов бытовой химии. В ответе запишите цифры, под которыми они указаны. (В задании может быть несколько верных суждений.) 1) Стиральные порошки нельзя использовать для мытья посуды. 2) Работать с хлорсодержащими дезинфицирующими средствами следует при плотно закрытой двери в помещении. 3) Растворите",Нет,Нет
vpr_sd_946091,chemistry,8,"Предметом изучения химии являются вещества. Внимательно рассмотрите предложенные рисунки. Укажите номер рисунка, на котором изображён объект, содержащий индивидуальное химическое вещество.",Нет,Да
vpr_sd_945240,chemistry,8,"В таблице приведены названия и химические формулы некоторых газообразных веществ. № п/п | Название вещества | Формула | Молярная масса, г/моль // 1 | Водород | | // 2 | Фосфин | | Используя предложенные вам справочные материалы, вычислите молярные массы каждого из газов и запишите полученные данные в таблицу.",Нет,Нет
vpr_sd_945599,chemistry,8,"Имеется следующий перечень химических веществ: натрий, хлор, хлорид натрия, нитрат магния, гидроксид калия, нитрат калия, гидроксид магния.",Нет,Нет
vpr_sd_945590,chemistry,8,Установите соответствие между названием химического вещества и областью его применения. К каждому элементу первого столбца подберите соответствующий элемент из второго столбца. НАЗВАНИЕ СОЕДИНЕНИЯ А) оксид серы(IV) Б) хлор В) серная кислота Г) алюминий ОБЛАСТЬ ПРИМЕНЕНИЕ 1) в авиации в составе лёгких сплавов 2) электролит в автомобильных аккумуляторах 3) газ для обеззараживания воды в бассейнах 4),Нет,Нет
vpr_sd_945427,chemistry,8,"Из приведённого списка выберите верные суждения о правилах поведения в химической лаборатории и обращения с химическими веществами в быту. В ответе запишите цифры, под которыми они указаны. (В задании может быть несколько верных суждений.) 1) Ядовитые препараты бытовой химии следует хранить в недоступных для детей местах. 2) При работе с концентрированными кислотами и щелочами необходимо использов",Нет,Нет
vpr_sd_945874,chemistry,8,"Спортсмен Саша на обед должен съедать 25 г белка. Используя данные приведённой ниже таблицы, определите, сколько грамм куриного филе Саша должен съесть на обед, чтобы получить необходимое количество белков. Ответ округлите до целого числа. Содержание белков в некоторых продуктах Продукт | Куриное филе | Куриное яйцо | Творог | Пшеничный хлеб | Сметана // Массовая доля белков, % | 18,2 | 12,7 | 15,",Нет,Нет
vpr_sd_945528,chemistry,8,Восьмиклассница Вика съела одну порцию эскимо (80 г).,Нет,Нет
vpr_sd_946149,chemistry,8,"Ниже даны словесные описания двух химических превращений с участием веществ, перечень которых был приведён в задании 6: (1) магний + кислород → оксид магния; (2) оксид магния + серная кислота → сульфат магния + вода.",Нет,Нет
vpr_sd_944790,chemistry,8,Восьмиклассник Георгий съел за обедом 160 г жареного картофеля.,Нет,Нет
vpr_sd_945468,chemistry,8,"Имеется следующий перечень химических веществ: алюминий, кислород, оксид алюминия, карбонат кальция, азотная кислота, нитрат кальция, углекислый газ, вода.",Нет,Нет
vpr_sd_945246,chemistry,8,"Превращение одних веществ в другие называется химической реакцией. Из представленных ниже рисунков выберите тот, на котором изображено протекание химической реакции. Объясните сделанный вами выбор.",Нет,Да
vpr_sd_945586,chemistry,8,"Укажите, в ходе какого из приведённых ниже процессов протекает химическая реакция. 1. Пожелтение книжных страниц с течением времени. 2. Измельчение зерна в мельнице. 3. Фильтрование мутной воды через фильтр. Напишите номер выбранного процесса и объясните сделанный вами выбор.",Нет,Нет
vpr_sd_945803,chemistry,8,"В таблице приведены названия и химические формулы некоторых кислот. № п/п | Название кислоты | Формула | Молярная масса, г/моль // 1 | Сернистая кислота | | // 2 | Азотистая кислота | | Используя предложенные вам справочные материалы, вычислите молярные массы каждой из кислот и запишите полученные данные в таблицу.",Нет,Нет
vpr_sd_945796,chemistry,8,В каком из веществ из п 3.1 массовая доля водорода в молекуле наибольшая?,Нет,Нет
vpr_sd_944794,chemistry,8,"В таблице приведены названия и химические формулы некоторых газообразных веществ. № п/п | Название вещества | Формула | Молярная масса, г/моль // 1 | Ксенон | | // 2 | Аммиак | | Используя предложенные Вам справочные материалы, вычислите молярные массы каждого из газов и запишите полученные данные в таблицу.",Нет,Нет
vpr_sd_944795,chemistry,8,"Каким из приведённых в таблице газов следует наполнить шарик с практически невесомой оболочкой, чтобы он оказался существенно легче воздуха и смог взлететь?(Средняя молярная масса воздуха равна 29 г/моль.) Укажите номер вещества.",Нет,Нет
vpr_sd_945918,chemistry,8,"В таблице приведены названия и химические формулы некоторых газообразных веществ. № п/п | Название вещества | Формула | Молярная масса, г/моль // 1 | Кислород | | // 2 | Метан | | Используя предложенные вам справочные материалы, вычислите молярные массы каждого из газов и запишите полученные данные в таблицу.",Нет,Нет
vpr_sd_945910,chemistry,8,"Каким из приведённых в п 3.1 таблице газов следует наполнить шарик с практически невесомой оболочкой, чтобы он оказался легче воздуха и смог взлететь? (Средняя молярная масса воздуха равна 29 г/моль.). Укажите номер вещества.",Нет,Нет
vpr_sd_945242,chemistry,8,"Даны два химических элемента А и В . Известно, что в атоме элемента А содержится 11 электронов, а в атоме элемента В — 15 протонов. 4.1. Используя Периодическую систему химических элементов Д. И. Менделеева, определите химические элементы А и В . 4.2. Укажите номер периода и номер группы в Периодической системе химических элементов Д. И. Менделеева, в которых расположен каждый элемент. 4.3. Устано",Нет,Нет
vpr_sd_945819,chemistry,8,"Восьмиклассник Петя выпил 150 г гранатового сока. Используя данные приведённой ниже таблицы, определите, какую массу углеводов получил при этом организм Пети. Ответ подтвердите расчётом. Содержание углеводов в некоторых соках Сок | Лимонный | Яблочный | Апельсиновый | Гранатовый | Сливовый // Массовая доля углеводов, % | 2,5 | 9,1 | 12,8 | 14,5 | 16,1",Нет,Нет
vpr_sd_945812,chemistry,8,Восьмиклассник Петя выпил 150 г гранатового сока. Какую долю суточной физиологической нормы (400 г) составляет потреблённое Петей количество углеводов? Ответ подтвердите расчётом.,Нет,Нет
vpr_sd_946118,chemistry,8,"Имеется следующий перечень химических веществ: железо, хлор, медь, азот, хлорид железа(III), сульфат меди(II), сульфат железа(II).",Нет,Нет
vpr_sd_946115,chemistry,8,"Ниже даны словесные описания двух химических превращений с участием веществ, перечень которых был приведён в задании 6: (1) железо + хлор → хлорид железа(III); (2) железо + сульфат меди(II) → сульфат железа(II) + медь.",Нет,Нет
vpr_sd_945630,chemistry,8,Установите соответствие между названием химического вещества и областью его применения. К каждому элементу первого столбца подберите соответствующий элемент из второго столбца. НАЗВАНИЕ СОЕДИНЕНИЯ А) иод Б) хлор В) серная кислота Г) хлорид натрия ОБЛАСТЬ ПРИМЕНЕНИЕ 1) для обеззараживания воды в бассейнах 2) в автомобильных аккумуляторах 3) в качестве пищевой добавки 4) в медицине как антисептик 5),Нет,Нет
vpr_sd_944873,chemistry,8,"Из приведённого списка выберите верные суждения о правилах поведения в химической лаборатории и обращения с химическими веществами в быту. В ответе запишите цифры, под которыми они указаны. (В задании может быть несколько верных суждений.) 1) Чтобы потушить пламя спиртовки, необходимо ограничить к нему доступ воздуха, накрыв фитиль колпачком. 2) Делительная воронка используется в лаборатории для о",Нет,Нет
vpr_sd_945572,chemistry,8,"Имеется следующий перечень химических веществ: железо, водород, хлороводород, хлорид железа(II), хлорид кальция, карбонат натрия, карбонат кальция, хлорид натрия.",Нет,Нет
vpr_sd_944841,chemistry,8,"Имеется следующий перечень химических веществ: калий, водород, вода, гидроксид калия, оксид кальция, оксид фосфора(V), фосфат кальция.",Нет,Нет
vpr_sd_945871,chemistry,8,"Имеется следующий перечень химических веществ: водород, хлор, медь, аргон, сульфат бария, сульфит натрия, серная кислота.",Нет,Нет
vpr_sd_944862,chemistry,8,"Имеется следующий перечень химических веществ: алюминий, хлороводород, хлорид алюминия, водород, гидроксид железа(III), оксид железа(III), вода.",Нет,Нет
vpr_sd_945906,chemistry,8,"Имеется следующий перечень химических веществ: калий, хлор, алюминий, водород, хлорид калия, серная кислота, сульфат алюминия.",Нет,Нет
vpr_sd_944804,chemistry,8,"Имеется следующий перечень химических веществ: железо, сера, сульфид железа(II), гидроксид бария, хлороводород, хлорид кальция, вода.",Нет,Нет
vpr_sd_946063,chemistry,8,"Имеется следующий перечень химических веществ: железо, медь, хлор, сера, сульфид железа(II), сероводород, сульфат меди(II).",Нет,Нет
vpr_sd_945718,chemistry,8,"Имеется следующий перечень химических веществ: сера, кислород, натрий, водород, оксид серы(IV), серная кислота, сульфит натрия.",Нет,Нет
vpr_sd_945415,chemistry,8,"Имеется следующий перечень химических веществ: железо, хлор, хлорид железа(III), гидроксид меди(II), серная кислота, сульфат меди(II), вода.",Нет,Нет
vpr_sd_945765,chemistry,8,"Внимательно рассмотрите предложенные рисунки. Укажите номер рисунка, на котором изображён объект, содержащий индивидуальное химическое вещество.",Нет,Да
vpr_sd_946049,chemistry,8,"Предметом изучения химии являются вещества. Внимательно рассмотрите предложенные рисунки. Укажите номер рисунка, на котором изображён объект, содержащий индивидуальное химическое вещество (иод 5 %, мел, духи ).",Нет,Да
vpr_sd_945896,chemistry,8,"Одним из научных методов познания веществ и химических явлений является моделирование. Модели молекул отражают характерные особенности реальных объектов. На рис. 1–3 изображены модели молекул трёх веществ. На основании этих моделей определите, на каком рисунке представлено вещество, молекула которого: 1) состоит из двух атомов, запишите название химических элементов, атомы которых содержит молекул",Нет,Да
vpr_sd_946127,chemistry,8,"Превращение одних веществ в другие называется химической реакцией. Из представленных ниже рисунков выберите тот, на котором изображено протекание химической реакции (уборка зерна, покрытие хлеба плесенью, нарезка хлеба). Объясните сделанный вами выбор.",Нет,Да
vpr_sd_945601,chemistry,8,"В таблице приведены названия и химические формулы некоторых газообразных веществ. № п/п | Название вещества | Формула | Молярная масса, г/моль // 1 | Метан | | // 2 | Бромоводород | | Используя предложенные Вам справочные материалы, вычислите молярные массы каждого из газов и запишите полученные данные в таблицу.",Нет,Нет
vpr_sd_945852,chemistry,8,"Даны два химических элемента А и В. Известно, что атом элемента А имеет 4 валентных электрона, и все электроны атома расположены на двух энергетических уровнях, а в атоме элемента В — 13 протонов. 1) Используя Периодическую систему химических элементов Д. И. Менделеева, определите химические элементы А и В. 2) Укажите номер периода и номер группы в Периодической системе химических элементов Д. И. ",Нет,Нет
vpr_sd_945904,chemistry,8,"Восьмиклассница Мария выпила после обеда один стакан (200 г) яблочного сока. Используя данные приведённой ниже таблицы, определите, какую массу углеводов получил при этом организм девушки. Ответ подтвердите расчётом. Содержание углеводов в некоторых соках Сок | Лимонный | Яблочный | Апельсиновый | Гранатовый | Сливовый // Массовая доля углеводов, % | 2,5 | 9,1 | 12,8 | 14,5 | 16,1",Нет,Нет
vpr_sd_945905,chemistry,8,Восьмиклассница Мария выпила после обеда один стакан (200 г) яблочного сока. Какую долю суточной физиологической нормы (400 г) составляет потреблённое Машей количество углеводов? Ответ подтвердите расчётом.,Нет,Нет
vpr_sd_946052,chemistry,8,"Ниже даны словесные описания двух химических превращений с участием веществ, перечень которых был приведён в задании 6: (1) сульфид железа(II) + соляная кислота → хлорид железа(II) + сероводород; (2) железо + сульфат меди(II) → сульфат железа(II) + медь.",Нет,Нет
vpr_sd_946034,chemistry,8,"Установите соответствие между названием химического вещества и областью его применения. К каждому элементу первого столбца подберите соответствующий элемент из второго столбца. ВЕЩЕСТВО А) хлор Б) иод В) гидроксид калия Г) водород ПРИМЕНЕНИЕ 1) как хладагент 2) в производстве аммиака 3) в качестве пищевой добавки 4) производство пластмасс 5) в медицине Запишите в ответ цифры, расположив их в поряд",Нет,Нет
vpr_sd_945570,chemistry,8,"Из приведённого списка выберите верные суждения о правилах поведения в химической лаборатории и обращении с химическими веществами в быту. В ответе запишите цифры, под которыми они указаны. (В задании может быть несколько верных суждений.) 1) При нагревании пробирки в пламени спиртовки пробиркодержатель закрепляют в центре пробирки. 2) Выхлопы автомобилей, работающих на бензине, негативно сказываю",Нет,Нет
vpr_sd_945766,chemistry,8,"Какие вещества содержатся в объектах, изображённых на остальных рисунках? Приведите по ОДНОМУ примеру. Для каждого вещества укажите его химическое название и формулу в формате: Рис. 1: ___________________________(название) __________________(формула). Рис. 2: ___________________________(название) __________________(формула). Рис. 3: ___________________________(название) __________________(формула)",Нет,Нет
vpr_sd_945704,chemistry,8,"Превращение одних веществ в другие называется химической реакцией. Из представленных ниже рисунков выберите тот, на котором изображено протекание химической реакции (огранка алмаза, горение костра, образование облака). Объясните сделанный вами выбор.",Нет,Да
vpr_sd_946087,chemistry,8,"В таблице приведены названия и химические формулы некоторых кислот. № п/п | Название кислоты | Формула | Молярная масса, г/моль // 1 | Азотная кислота | | // 2 | Соляная кислота | | Используя предложенные вам справочные материалы, вычислите молярные массы каждой из кислот и запишите полученные данные в таблицу.",Нет,Нет
vpr_sd_946080,chemistry,8,Из списка кислот п. 3.1 выберите неустойчивую. Запишите номер кислоты.,Нет,Нет
vpr_sd_945687,chemistry,8,"Даны два химических элемента А и В. Известно, что в атоме элемента А все электроны в основном состоянии расположены на двух энергетических уровнях и число валентных электронов равно пяти, а в атоме элемента В — 82 электрона. 1) Используя Периодическую систему химических элементов Д. И. Менделеева, определите химические элементы А и В. 2) Укажите номер периода и номер группы в Периодической системе",Нет,Нет
vpr_sd_945798,chemistry,8,"Восьмиклассница Оля любит сливовый сок и каждое утро выпивает 120 г сливового сока. Используя данные приведённой ниже таблицы, определите, какую массу углеводов получил при этом организм Оли. Ответ подтвердите расчётом. Содержание углеводов в некоторых соках Сок | Лимонный | Яблочный | Апельсиновый | Гранатовый | Сливовый // Массовая доля углеводов, % | 2,5 | 9,1 | 12,8 | 14,5 | 16,1",Нет,Нет
vpr_sd_945799,chemistry,8,Восьмиклассница Оля любит сливовый сок и каждое утро выпивает 120 г сливового сока. Какую долю суточной физиологической нормы (400 г) составляет потреблённое Олей количество углеводов? Ответ подтвердите расчётом.,Нет,Нет
vpr_sd_946152,chemistry,8,"Имеется следующий перечень химических веществ: магний, кислород, алюминий, гелий, оксид магния, серная кислота, сульфат алюминия.",Нет,Нет
vpr_sd_944856,chemistry,8,"Ниже даны описания двух химических превращений с участием веществ, перечень которых был приведён в задании 6: (1) алюминий + хлороводород (р-р) → хлорид алюминия + водород; (2) гидроксид железа(III) → оксид железа(III) + вода.",Нет,Нет
vpr_sd_946068,chemistry,8,Установите соответствие между названием химического вещества и областью его применения. К каждому элементу первого столбца подберите соответствующий элемент из второго столбца. ВЕЩЕСТВО А) оксид кальция Б) серная кислота В) бром Г) сера ПРИМЕНЕНИЕ 1) при производстве удобрений 2) для вулканизации каучука 3) для производства боевых отравляющих веществ 4) в качестве электролита в аккумуляторах 5) в ,Нет,Нет
vpr_sd_946035,chemistry,8,"Из приведённого списка выберите верные суждения о правилах безопасной работы в химической лаборатории. В ответе запишите цифры, под которыми они указаны. (В задании может быть несколько верных суждений.) 1) При попадании раствора щёлочи на кожу рук следует промыть обожжённый участок водой и обработать раствором лимонной кислоты. 2) При определении запаха вещества пробирку с веществом надо поднести",Нет,Нет
vpr_sd_945786,chemistry,8,"Внимательно рассмотрите предложенные рисунки. Укажите номер рисунка, на котором изображён объект, содержащий индивидуальное химическое вещество. На рисунке 2 изображён меч со стальным клинком, а на рисунке 3 — морская вода.",Нет,Да
vpr_sd_944891,chemistry,8,"В таблице приведены названия и химические формулы некоторых газообразных веществ. № п/п | Название вещества | Формула | Молярная масса, г/моль // 1 | Гелий | | // 2 | Сероводород | | Используя предложенные вам справочные материалы, вычислите молярные массы каждого из газов и запишите полученные данные в таблицу.",Нет,Нет
vpr_sd_945238,chemistry,8,"Имеется следующий перечень химических веществ: железо, хлор, хлорид железа(III), сульфит натрия, серная кислота, сульфат натрия, оксид серы(IV), вода.",Нет,Нет
vpr_sd_944818,chemistry,8,"Из приведённого списка выберите верные суждения о правилах поведения в химической лаборатории и обращения с химическими веществами в быту. В ответе запишите цифры, под которыми они указаны. (В задании может быть несколько верных суждений.) 1) Стиральные порошки нельзя использовать для мытья посуды. 2) Фарфоровая ступка используется для выделения твёрдого вещества из раствора методом выпаривания во",Нет,Нет
vpr_sd_945843,chemistry,8,"Превращение одних веществ в другие называется химической реакцией. Из представленных ниже рисунков выберите тот, на котором изображено протекание химической реакции (выделение газа, кристаллизация воды, образование облака). Объясните сделанный вами выбор.",Нет,Да
vpr_sd_945616,chemistry,8,"Даны два химических элемента А и В . Известно, что в атоме элемента А суммарно содержится 34 протона и электрона, а в атоме элемента Б — 11 протонов. 4.1. Используя Периодическую систему химических элементов Д. И. Менделеева, определите химические элементы А и В . 4.2. Укажите номер периода и номер группы в Периодической системе химических элементов Д. И. Менделеева, в которых расположен каждый эл",Нет,Нет
vpr_sd_945617,chemistry,8,Восьмиклассница Ксения съела 80 г винограда без косточек (кишмиша).,Нет,Нет
vpr_sd_946173,chemistry,8,"Имеется следующий перечень химических веществ: водород, кислород, цинк, неон, вода, сульфат меди(II), сульфат цинка.",Нет,Нет
vpr_sd_945886,chemistry,8,"Ниже даны словесные описания двух химических превращений с участием веществ, перечень которых был приведён в задании 6: (1) натрий + бром → бромид натрия; (2) гидроксид натрия + хлорид аммония → хлорид натрия + аммиак + вода.",Нет,Нет
vpr_sd_945880,chemistry,8,"Из приборов, изображённых на рисунках, выберите тот, с помощью которого можно получить газообразный аммиак по реакции (2). Если не подходит ни один, объясните, почему.",Нет,Да
vpr_sd_945729,chemistry,8,"Установите соответствие между веществом и основной областью его применения: к каждой позиции, обозначенной буквой, подберите соответствующую позицию, обозначенную цифрой. ВЕЩЕСТВО А) Б) В) Г) ОБЛАСТЬ ПРИМЕНЕНИЯ 1) обеззараживание воды 2) в качестве клея 3) пищевая промышленность 4) производство удобрений 5) производство этанола Запишите в ответ цифры, расположив их в порядке, соответствующем буква",Нет,Нет
vpr_sd_945913,chemistry,8,Установите соответствие между названием химического вещества и областью его применения. К каждому элементу первого столбца подберите соответствующий элемент из второго столбца. ВЕЩЕСТВО А) серная кислота Б) хлорид калия В) алюминий Г) водород ПРИМЕНЕНИЕ 1) в авиации в составе лёгких сплавов 2) в автомобильных аккумуляторах 3) в качестве удобрения 4) средство для мытья посуды 5) топливо в ракетных ,Нет,Нет
vpr_sd_946089,chemistry,8,Установите соответствие между названием химического вещества и областью его применения. К каждому элементу первого столбца подберите соответствующий элемент из второго столбца. ВЕЩЕСТВО А) кислород Б) фосфат калия В) оксид кальция Г) магний ПРИМЕНЕНИЕ 1) для газопламенной резки и сварки металлов 2) для получения лёгких и сверхлёгких литейных сплавов 3) в качестве пищевой добавки 4) в качестве хлад,Нет,Нет
vpr_sd_945695,chemistry,8,"Установите соответствие между химическим элементом и его возможными аллотропными модификациями: к каждой позиции, обозначенной буквой, подберите соответствующую позицию, обозначенную цифрой. ХИМИЧЕСКИЙ ЭЛЕМЕНТ A) сера Б) углерод В) олово Г) мышьяк АЛЛОТРОПНЫЕ МОДИФИКАЦИИ 1) ромбическая, моноклинная 2) графит, фуллерен 3) жёлтый, серый 4) серое, белое 5) кристаллический, аморфный Запишите в ответ ц",Нет,Нет
vpr_sd_945784,chemistry,8,"Установите соответствие между процедурой и посудой, с помощью которой и осуществляется данный процесс: к каждой позиции, обозначенной буквой, подберите соответствующую позицию, обозначенную цифрой. ПРОЦЕДУРА А) отделение осадка от раствора Б) измерение объёма раствора В) прокаливание твёрдых веществ Г) нагревание раствора ПОСУДА 1) делительная воронка 2) фарфоровый тигель 3) мерный цилиндр 4) хими",Нет,Нет
vpr_sd_945569,chemistry,8,Установите соответствие между названием химического вещества и областью его применения. К каждому элементу первого столбца подберите соответствующий элемент из второго столбца. НАЗВАНИЕ СОЕДИНЕНИЯ А) алюминий Б) хлор В) сульфат бария Г) серная кислота ОБЛАСТЬ ПРИМЕНЕНИЯ 1) жидкость для тушения пожаров 2) в авиации в составе лёгких сплавов 3) электролит в автомобильных аккумуляторах 4) для обеззара,Нет,Нет
vpr_sd_946110,chemistry,8,Установите соответствие между названием химического вещества и областью его применения. К каждому элементу первого столбца подберите соответствующий элемент из второго столбца. ВЕЩЕСТВО А) хлор Б) медь В) азот Г) сульфат меди(II) ПРИМЕНЕНИЕ 1) в качестве хладагента 2) в электротехнике для изготовления кабелей 3) производство пластмасс 4) в качестве антисептика и фунгицида 5) при производстве пласт,Нет,Нет
vpr_sd_945847,chemistry,8,"Установите соответствие между химическим элементом и его возможными аллотропными модификациями: к каждой позиции, обозначенной буквой, подберите соответствующую позицию, обозначенную цифрой. ХИМИЧЕСКИЙ ЭЛЕМЕНТ A) кислород Б) углерод В) сера Г) фосфор АЛЛОТРОПНЫЕ МОДИФИКАЦИИ 1) кислород, озон 2) белый, красный 3) графит, алмаз 4) ромбическая, моноклинная 5) кристаллический, аморфный Запишите в отве",Нет,Нет
vpr_sd_945229,chemistry,8,Установите соответствие между названием химического вещества и областью его применения. К каждому элементу первого столбца подберите соответствующий элемент из второго столбца. НАЗВАНИЕ СОЕДИНЕНИЯ А) иод Б) хлор В) гидроксид кальция Г) хлорид натрия ОБЛАСТЬ ПРИМЕНЕНИЕ 1) для обеззараживания воды в бассейнах 2) в автомобильных аккумуляторах 3) в качестве пищевой добавки 4) в медицине как антисептик,Нет,Нет
vpr_sd_944893,chemistry,8,Установите соответствие между названием химического вещества и областью его применения. К каждому элементу первого столбца подберите соответствующий элемент из второго столбца. НАЗВАНИЕ СОЕДИНЕНИЯ А) железо Б) хлор В) хлорид натрия Г) карбонат кальция ОБЛАСТЬ ПРИМЕНЕНИЕ 1) газ для обеззараживания воды в бассейнах 2) жидкость для тушения пожаров 3) основной компонент школьного мела 4) производство ,Нет,Нет
vpr_sd_946166,chemistry,8,"Из приведённого списка выберите верные суждения о способах собирания газов в лаборатории. В ответе запишите цифры, под которыми они указаны. (В задании может быть несколько верных суждений.) 1) Углекислый газ можно собрать в сосуд способом вытеснения воздуха. 2) Кислород можно собрать в сосуд и способом вытеснения воздуха, и способом вытеснения воды. 3) Оксид углерода(IV) можно собрать путём вытес",Нет,Нет
vpr_sd_945688,chemistry,8,"Из приведённого списка выберите верные суждения о чистых веществах и смесях. В ответе запишите цифры, под которыми они указаны. (В задании может быть несколько верных суждений.) 1) Природный газ является чистым веществом. 2) Алмаз является смесью веществ. 3) Раствор йода, используемый для обработки ран, является смесью веществ. 4) Столовый уксус является смесью.",Нет,Нет
vpr_sd_945591,chemistry,8,"Из приведённого списка выберите верные суждения о правилах поведения в химической лаборатории и обращении с химическими веществами в быту. В ответе запишите цифры, под которыми они указаны. (В задании может быть несколько верных суждений.) 1) Углекислый газ способствует появлению «парникового эффекта», что представляет угрозу для окружающей среды и здоровья человека. 2) Запрещается нагревать герме",Нет,Нет
vpr_sd_945523,chemistry,8,"Из приведённого списка выберите верные суждения о правилах поведения в химической лаборатории и обращения с химическими веществами в быту. В ответе запишите цифры, под которыми они указаны. (В задании может быть несколько верных суждений.) 1) Средства для мытья посуды нельзя хранить вместе с продуктами питания. 2) Разбитый ртутный термометр и вытекшую из него ртуть следует выбросить в мусорное вед",Нет,Нет
vpr_sd_945631,chemistry,8,"Из приведённого списка выберите верные суждения о правилах поведения в химической лаборатории и обращении с химическими веществами в быту. В ответе запишите цифры, под которыми они указаны. (В задании может быть несколько верных суждений.) 1) При использовании препаратов бытовой химии соблюдение прилагаемых к ним инструкций необязательно. 2) Пламя спиртовки можно затушить, накрыв его колпачком. 3)",Нет,Нет
vpr_sd_945785,chemistry,8,"Из приведённого списка выберите верные суждения о правилах работы в школьной лаборатории. В ответе запишите цифры, под которыми они указаны. (В задании может быть несколько верных суждений.) 1) При проведении опытов с концентрированными растворами кислот и щелочей необходимо всегда надевать резиновые перчатки. 2) При попадании кислоты на кожу поражённое место надо промыть большим количеством раств",Нет,Нет
