ID,Предмет,Класс,Задание,ЕстьАудио,ЕстьКартинки
vpr_sd_946009,physics,11,"Прочитайте текст и вставьте пропущенные слова. Слова в ответе могут повторяться. 1) сохраняется 2) увеличивается 3) уменьшается У «правильного» велосипедиста есть правило: скорость движения ___________ по мере приближения к подъёму дороги. Это связано с тем, что при подъёме __________ потенциальная энергия силы тяжести. Следовательно, кинетическая энергия велосипедиста __________, и возрастает шан",Нет,Нет
vpr_sd_945527,physics,11,"Плотность газа в закрытом сосуде можно уменьшить, если: 1) не меняя объём и массу газа, сильно его нагреть 2) не меняя температуру и массу газа, увеличить его объём 3) не меняя температуру и объём газа, дополнительно ввести некоторую массу газа в сосуд 4) не меняя массу газа, сильно его сжать и нагреть 5) не меняя объём, выпустить часть газа и охладить его 6) не меняя массу газа, увеличить его объ",Нет,Нет
vpr_sd_945935,physics,11,"На рисунке изображён фрагмент Периодической системы химических элементов Д. И. Менделеева. Изотоп циркония испытывает β + -распад, при котором образуются позитрон e + , нейтрино и ядро другого элемента. Определите, какой элемент образуется при β + -распаде изотопа циркония.",Нет,Да
vpr_sd_945490,physics,11,"На рисунке показаны спектры поглощения трёх смесей неизвестных газов (Х, Y и Z), а также спектры излучения известных газов 1 и 2. Какая из смесей не содержит газ 1? В качестве ответа запишите букву, обозначающую смесь газов.",Нет,Да
vpr_sd_945463,physics,11,"Камень массой 100 г подбрасывают вертикально вверх, сообщая ему 15 Дж кинетической энергии. Изобразите график зависимости кинетической энергии камня от высоты в процессе его полёта. За начало координат примите точку подбрасывания. (Ускорение свободного падения примите равным 10 м/с 2 .)",Нет,Нет
vpr_sd_945400,physics,11,"В трансформаторе, изображённом на рисунке, на вход А подают переменное напряжение. На обмотках B, C и D возникает ЭДС индукции. Количество витков равно изображённому на рисунке. Расположите обмотки B, C и D в порядке увеличения ЭДС индукции. Запишите в ответе соответствующую последовательность цифр. 1) B 2) C 3) D",Нет,Да
vpr_sd_945169,physics,11,"С помощью динамометра проводились измерения силы. Шкала прибора проградуирована в ньютонах. Погрешность измерений силы равна цене деления шкалы динамометра. Запишите в ответ показания динамометра с учётом погрешности измерений. В ответе укажите значение с учётом погрешности измерений через точку с запятой. Например, если показания прибора (5,0 ± 0,5), то в ответе следует записать «5,0;0,1».",Нет,Да
vpr_sd_945530,physics,11,"Вам необходимо исследовать, как зависит масса тела от его объёма. Имеется следующее оборудование: 1) весы электронные; 2) мерный цилиндр (мензурка); 3) набор из 3 грузов разного объёма, изготовленных из одного и того же вещества; 4) стакан с водой. Опишите порядок проведения исследования. В ответе: 1. Зарисуйте или опишите экспериментальную установку. 2. Опишите порядок действий при проведении исс",Нет,Нет
vpr_sd_945252,physics,11,"Установите соответствие между примерами и физическими явлениями, которые эти при-меры иллюстрируют. Для каждого примера проявления физических явлений из первого столбца подберите соответствующее название физического явления из второго столбца. ПРИМЕРЫ А) маленькие шурупы притягиваются к отвертке Б) если в один сок налить другой, то они смешаются ФИЗИЧЕСКИЕ ЯВЛЕНИЯ 1) магнитные свойства металлов 2)",Нет,Нет
vpr_sd_945553,physics,11,"Термоскоп Галилея В 1597 году Галилей сконструировал термоскоп — первый прообраз современного термометра. Прибор состоял из стеклянной трубки, к концу которой был припаян полый стеклянный шарик. Свободный конец стеклянной трубки опускался в сосуд с водой. Вода поднималась в стеклянной трубке на определённую высоту. Шарик подогревался или охлаждался. При этом изменялась высота столбика воды (см. ри",Нет,Да
vpr_sd_946033,physics,11,"Прочитайте текст и выполните задания 16—18. Наиболее современные марки автомобилей оснащены каталитическими конвертерами, которые делают выхлопные газы менее вредными для людей и окружающей среды. Около 90 % вредных выхлопных газов преобразуется в менее вредные. Ниже приведены некоторые газы, которые поступают в конвертер и выходят из него.",Нет,Да
vpr_sd_945905,physics,11,"Прочитайте текст и выполните задания 16—18. Солнечная система Центральным объектом Солнечной системы является звезда Солнце. В Солнце сосредоточена подавляющая часть всей массы системы (около 99,866%); оно удерживает своим тяготением планеты и прочие тела, принадлежащие к Солнечной системе и вращающиеся вокруг Солнца. В таблице приведены основные характеристики планет Солнечной системы. Сравнитель",Нет,Нет
vpr_sd_945621,physics,11,"Прочитайте перечень понятий, с которыми Вы сталкивались в курсе физики. Испарение эфира, распространение запаха, электронный секундомер, сантиметровая лента, тяготение, эхо, динамометр, барометр. Разделите эти понятия на две группы по выбранному Вами признаку. Запишите в таблицу название каждой группы и понятия, входящие в эту группу. Название группы понятий | Перечень понятий // | // |",Нет,Нет
vpr_sd_945993,physics,11,"Выберите два утверждения, которые верно описывают движение автомобиля, и запишите номера, под которыми они указаны: 1) Максимальная скорость автомобиля за весь период наблюдения составляет 72 км/ч. 2) На первом участке пути автомобиль стоял. 3) За первый участок пути автомобиль проехал 400 м. 4) Через 20 с автомобиль начал двигаться равноускоренно. 5) Максимальное ускорение по модулю равно 3 м/с 2",Нет,Нет
vpr_sd_945352,physics,11,"На столе лежит груз, к которому прикреплена нерастяжимая нить, за которую тянут вверх. Как направлены силы, действующие на груз, лежащий на столе неподвижно? Как изменится картина сил, если известно, что груз оторвался от поверхности стола?",Нет,Да
vpr_sd_945973,physics,11,"Прочитайте текст и вставьте пропущенные слова. Слова в ответе могут повторяться. 1) сохраняется 2) увеличивается 3) уменьшается Санки едут с горки. По мере того, как они съезжают кинетическая энергия санок __________, потенциальная энергия __________. Если пренебречь трением и сопротивлением воздуха, то можно говорить о том, что полная механическая энергия санок __________.",Нет,Нет
vpr_sd_946061,physics,11,"Выберете верные утверждения. На картинке приведен график зависимости температуры вещества от полученного им количества теплоты. Перед тем, как тело начали нагревать, оно находилось в жидком состоянии. 1) На участке графика от 0 до 300 кДж тело нагревается. 2) На участке графика от 0 до 300 кДж тело испаряется. 3) На участке графика от 300 до 1050 кДж тело нагревается. 4) На участке графика от 300 ",Нет,Да
vpr_sd_945536,physics,11,Для предохранения персонала на атомных электростанциях от радиационного облучения реактор окружают биологической защитой. Основными материалами биологической защиты являются: 1) вода; 2) стекловата; 3) теплоизоляционные материалы; 4) бетон. Из предложенного списка выберите два правильных варианта ответа.,Нет,Нет
vpr_sd_945522,physics,11,"Электрон в атоме может «скачком» переходить из одного стационарного состояния Е к в другое стационарное состояние Е n . Поглощается квант электромагнитного излучения при этом переходе, если: 1) Е к = Е n 2) Е к > Е n 3) Е к < Е n",Нет,Нет
vpr_sd_945436,physics,11,"Мальчик съезжает на санках с ледяной горки высотой 5 м с углом наклона 19,5° и затем движется по горизонтальному ледяному участку. Изобразите на графике зависимость скорости мальчика от времени в течение пяти секунд, пренебрегая трением и считая его начальную скорость равной нулю. (Ускорение свободного падения примите равным 10 м/с 2 .)",Нет,Нет
vpr_sd_945557,physics,11,"В опыте, изображённом на рисунке, индукционный ток не возникнет, если кольцо будет: 1) замкнутым пластмассовым; 2) замкнутым медным; 3) незамкнутым пластмассовым; 4) замкнутым графитовым; 5) замкнутым алюминиевым; 6) незамкнутым стальным. Выберите три правильных ответа и запишите соответствующие цифры в порядке возрастания.",Нет,Да
vpr_sd_946036,physics,11,"Напряжение измерили при помощи вольтметра. Погрешность измерения напряжения при помощи данного вольтметра равна его цене деления. Запишите в ответ показания вольтметра в В с учётом погрешности измерений через точку с запятой. Например, если показания вольтметра (12 ± 3) В, то в ответе следует записать «12;3».",Нет,Да
vpr_sd_945452,physics,11,"Исследовалась зависимость удлинения пружины от массы подвешенных к ней грузов. Результаты измерений представлены в таблице. m , кг | 0 | 0,1 | 0,2 | 0,3 | 0,4 | 0,5 // x , м | 0 | 0,02 | 0,04 | 0,06 | 0,07 | 0,09 Погрешности измерений величин m и x равнялись соответственно 0,01 кг и 0,01 м. Выберите два утвреждения, соответствующие результатам этих измерений. 1) Коэффициент упругости пружины равен",Нет,Нет
vpr_sd_946109,physics,11,"Вам необходимо исследовать, как зависит средняя скорость прямолинейного движения шара от высоты наклонной плоскости, с которой он скатывается. Имеется следующее оборудование: — секундомер электронный; — 50 см линейка; — три шара разной массы; — наклонная плоскость; — стол. Опишите порядок проведения исследования. В ответе: 1. Зарисуйте или опишите экспериментальную установку. 2. Опишите порядок де",Нет,Нет
vpr_sd_945202,physics,11,"Установите соответствие между примерами и физическими явлениями, которые эти при-меры иллюстрируют. Для каждого примера проявления физических явлений из первого столбца подберите соответствующее название физического явления из второго столбца. ПРИМЕРЫ А) если в один сок налить другой, то они смешаются Б) образование росы ФИЗИЧЕСКИЕ ЯВЛЕНИЯ 1) магнитные свойства металлов 2) конденсация 3) вещество ",Нет,Нет
vpr_sd_945589,physics,11,"Температурные шкалы Термометр — это прибор для измерения температуры, в котором используются вещества, способные достаточно сильно менять определённые свои свойства при нагревании или охлаждении. Например, жидкостные термометры строятся на свойстве тел изменять свой объём при нагревании и охлаждении. Основной принцип построения температурной шкалы: выбор термометрического вещества, свойство его ра",Нет,Да
vpr_sd_945606,physics,11,"Распространение звука в различных средах Звук может распространяться только в упругой среде: газе, жидкости, твёрдых телах. В вакууме звук распространяться не может. Известно, что во время грозы мы сначала видим вспышку молнии и лишь через некоторое время слышим раскаты грома. Скорость звука в воздухе впервые была измерена в 1636 г. французским учёным М. Мерсенном. При температуре 20 °C она равна ",Нет,Нет
vpr_sd_945942,physics,11,"Прочитайте перечень понятий, с которыми вы сталкивались в курсе физики: площадь, мощность, зарево, электризация, механическая работа, конденсация. Разделите эти понятия на две группы по выбранному вами признаку. Запишите в таблицу название каждой группы и понятия, входящие в эту группу. Название группы понятий | Перечень понятий // | // |",Нет,Нет
vpr_sd_945323,physics,11,"Выберите два утверждения, которые верно описывают движение автомобиля, и запишите номера, под которыми они указаны: 1) Автомобиль не останавливался. 2) Автомобиль на 30 секунде своего пути остановился и поехал в обратном направлении. 3) Максимальный модуль ускорения автомобиля 2 м/с 2 . 4) Автомобиль с 10 секунд до 20 секунд двигался равноускоренно. 5) Максимальная скорость автомобиля была 50 км/ч",Нет,Нет
vpr_sd_945936,physics,11,"Неподвижный груз, расположенный на столе с бортиком, закреплен к столу с помощью пружины и тянется с помощью нити как показано на рисунке. Нарисуйте все силы, действующие на брус. Трением пренебречь.",Нет,Да
vpr_sd_945937,physics,11,"Прочитайте текст и вставьте слова, слова могут повторяться: 1) только потенциальная энергия 2) суммарный импульс 3) полная механическая энергия Две тележки одинаковой массы двигались навстречу друг другу с одинаковой скоростью. После абсолютно упругого столкновения тележки поехали в разные стороны с одинаковыми скоростями. В этой ситуации можно говорить о том, что ________________ системы равняетс",Нет,Нет
vpr_sd_945634,physics,11,"В закрытом сосуде находится смесь газов: кислород, углекислый газ, азот, метан. В состоянии термодинамического равновесия одинаковым параметром у этих газов будет: 1) концентрация; 2) температура; 3) молярная масса; 4) теплоёмкость.",Нет,Нет
vpr_sd_945334,physics,11,"На рисунке изображены два одинаковых электрометра. Шар электрометра А заряжен положительно и показывает 1 единицу заряда, а шар электрометра Б не заряжен. Каковы будут показания электрометров, если их шары соединить тонкой эбонитовой палочкой? Показания электрометра А | Показания электрометра Б // |",Нет,Да
vpr_sd_945421,physics,11,"К покоящемуся телу массой 1 кг, лежащему на шероховатой горизонтальной поверхности, прикладывают горизонтальную силу F . Коэффициент трения тела поверхность равен 0,4. Изобразите график зависимости ускорения тела от приложенной силы. (Ускорение свободного падения примите равным 10 м/с 2 .)",Нет,Нет
vpr_sd_945593,physics,11,Магнитный поток (поток вектора магнитной индукции) определяется: 1) магнитным полем Земли; 2) углом между вектором магнитной индукции и вектором нормали к поверхности контура; 3) длиной поверхности контура; 4) площадью поверхности контура; 5) диэлектрическими свойствами окружающей среды; 6) модулем вектора магнитной индукции. Выберите три правильных ответа и запишите соответствующие цифры.,Нет,Нет
vpr_sd_945258,physics,11,"Давление жидкости или газа в замкнутом объеме измеряют при помощи манометра. Погрешность измерения давления при помощи данного манометра равна его цене деления. Запишите в ответ показания давления в килопаскалях (КПа, KPA) с учётом погрешности измерений через точку с запятой. Например, если показания манометра (51 ± 5) КПа, то в ответе следует записать «51;5».",Нет,Да
vpr_sd_945451,physics,11,"Ученик провёл эксперимент по изучению выталкивающей силы. Для этого он использовал точный динамометр, стакан, три различные жидкости: воду, керосин и глицерин — и сплошной кубик с ребром a = 5 см. Погрешность шкалы динамометра равна 0,01 Н. Каждый раз ученик подвешивал к динамометру кубик и погружал его в жидкость. Результаты экспериментальных измерений представлены на графике зависимости показани",Нет,Да
vpr_sd_946073,physics,11,"Вам необходимо исследовать силу, необходимую для отрыва от поверхности жидкости, смачиваемого этой жидкостью, диска в зависимости от площади этого диска. Имеется следующее оборудование: — линейка; — набор из трех деревянных дисков разного радиуса с креплением в центре; — неограниченный набор из грузов, масса каждого 1 г; — штатив с нитью, блоками и подвесом для дисков и легкой чашей для грузов. — ",Нет,Нет
vpr_sd_945966,physics,11,"Установите соответствие между примерами и физическими явлениями, которые эти при-меры иллюстрируют. Для каждого примера проявления физических явлений из первого столбца подберите соответствующее название физического явления из второго столбца. ПРИМЕРЫ А) свечение метеорита в атмосфере земли Б) если подержать в руках холодную воду с холодильника, то она станет температуры тела ФИЗИЧЕСКИЕ ЯВЛЕНИЯ 1)",Нет,Нет
vpr_sd_945275,physics,11,"Какое физическое явление обуславливает работу конденсаторного микрофона? Микрофон — электроакустический прибор, преобразующий акустические колебания в электрический сигнал. Принцип работы микрофона заключается в том, что давление звуковых колебаний воздуха, воды или твёрдого вещества действует на тонкую мембрану микрофона. В свою очередь, колебания мембраны возбуждают электрические колебания; в за",Нет,Да
vpr_sd_945268,physics,11,"Микрофон — электроакустический прибор, преобразующий акустические колебания в электрический сигнал. Принцип работы микрофона заключается в том, что давление звуковых колебаний воздуха, воды или твёрдого вещества действует на тонкую мембрану микрофона. В свою очередь, колебания мембраны возбуждают электрические колебания; в зависимости от типа микрофона для этого используются явление электромагнитн",Нет,Да
vpr_sd_945291,physics,11,"Прочитайте текст и выполните задания 16—18. Ковалентная связь (от лат. co — «совместно» и vales — «имеющий силу») — химическая связь, образованная перекрытием (обобществлением) пары валентных электронных облаков. Обеспечивающие связь электронные облака (электроны) называются общей электронной парой. Термин ""ковалентная связь"" был впервые введён лауреатом Нобелевской премии Ирвингом Ленгмюром в 191",Нет,Да
vpr_sd_945234,physics,11,"Во сколько раз показатель теплового объемного расширения ацетона больше показателя уксусной кислоты? Ответ запишите с точностью до второго знака после запятой. Жидкое состояние обычно считают промежуточным между твёрдым телом и газом: газ не сохраняет ни объём, ни форму, а твёрдое тело сохраняет и то, и другое. Форма жидких тел может полностью или отчасти определяться тем, что их поверхность ведёт",Нет,Нет
vpr_sd_945235,physics,11,"Можно ли использовать этиловый эфир в качестве пусковой жидкости? Ответ поясните. Жидкое состояние обычно считают промежуточным между твёрдым телом и газом: газ не сохраняет ни объём, ни форму, а твёрдое тело сохраняет и то, и другое. Форма жидких тел может полностью или отчасти определяться тем, что их поверхность ведёт себя как упругая мембрана. Так, вода может собираться в капли. Но жидкость сп",Нет,Нет
vpr_sd_945224,physics,11,"Четыре металлических бруска (А, B, C, D) положили вплотную друг к другу, как показано на рисунке. Стрелки указывают направление теплопередачи от бруска к бруску. Температуры брусков в данный момент составляют 100 °C, 60 °C, 40 °C, 10 °C. Какой из брусков имеет температуру 10 °C?",Нет,Да
vpr_sd_946123,physics,11,"Автомобиль движется по прямому участку пути. На графике представлена зависимость его скорости от времени. Выберите два утверждения, которые верно описывают движение автомобиля, и запишите номера, под которыми они указаны: 1) Первые 10 с автомобиль движется равноускоренно, а следующие 10 с стоит на месте. 2) Первые 5 секунд автомобиль движется равноускоренно. 3) Минимальная скорость автомобиля 3 м/",Нет,Нет
vpr_sd_945636,physics,11,"На полу стоит стол. Нарисуйте силы, которые действуют на этот стол. Напишите, действие каких сил на стол компенсируется.",Нет,Нет
vpr_sd_945188,physics,11,"Четыре металлических бруска (A, B, C, D) положили вплотную друг к другу как показано на рисунке. Стрелки указывают направление теплопередачи от бруска к бруску. Температуры брусков составляют 100, 120, 130, 140 градусов Цельсия. Какой из брусков имеет температуру 130 °C?",Нет,Да
vpr_sd_945431,physics,11,"На уроке физики, посвящённому электрическим конденсаторам, учитель показывал опыт с плоским воздушным конденсатором ёмкостью 140 пФ, пластины которого находятся на расстоянии 15 мм друг от друга. В ходе опыта внутрь был вставлен тонкий металлический лист параллельно пластинам конденсатора и той же формы. Учитель менял положение пластины и определял ёмкость конденсатора. Изобразите график зависимос",Нет,Нет
vpr_sd_945529,physics,11,"Моющий пылесос подходит как для сухой, так и для влажной уборки и средняя мощность потребления составляет 1600 Вт. Определите среднее сопротивление моющего пылесоса при включении его в сеть с напряжением 220 В. Запишите формулы и сделайте расчёты.",Нет,Да
vpr_sd_945523,physics,11,С помощью тонометра проводились измерения кровяного давления. Шкала тонометра проградуирована в мм рт. ст. Погрешность измерений давления равна цене деления шкалы тонометра. Запишите в ответ показания тонометра в мм рт. ст. с учётом погрешности измерений. (В ответе запишите показания прибора и погрешность без пробелов и запятых. Например для случая (100 ± 5) Н в ответе следует записать 1005).,Нет,Да
vpr_sd_944892,physics,11,"К вертикально подвешенной пружине прикрепляют груз различной массы, вызывают вертикальные колебания груза и измеряют время 20 колебаний. Зависимость времени от массы груза представлена в таблице. Погрешность измерения массы Δ m = ±0,001 кг, времени Δ t = ±0,2 с. m , кг | 0,1 | 0,2 | 0,3 | 0,4 | 0,5 | 0,6 // t , c | 6,2 | 9,0 | 10,8 | 12,6 | 14,0 | 15,4 Коэффициент жёсткости пружины равен 1) 10 Н/м",Нет,Нет
vpr_sd_945508,physics,11,"Вам необходимо исследовать, как зависит период колебаний подвешенного на ленте груза от длины этой ленты. Имеется следующее оборудование: 1) секундомер электронный 2) мерная лента 3) набор из 2 грузов по 100 г 4) штатив с муфтой и лапкой Опишите порядок проведения исследования. В ответе: 1. Зарисуйте или опишите экспериментальную установку. 2. Опишите порядок действий при проведении исследования.",Нет,Нет
vpr_sd_945382,physics,11,"Установите соответствие между примерами и физическими явлениями, которые эти при-меры иллюстрируют. Для каждого примера проявления физических явлений из первого столбца подберите соответствующее название физического явления из второго столбца. ПРИМЕРЫ А) работа ветряных мельниц Б) образование росы ФИЗИЧЕСКИЕ ЯВЛЕНИЯ 1) магнитные свойства металлов 2) переход механической энергии в тепловую 3) вещес",Нет,Нет
vpr_sd_945931,physics,11,"Какое физическое явление обуславливает работу ядерного реактора? Атомная станция (АЭС) — ядерная установка , использующая для производства энергии (чаще всего электрической) ядерный реактор (реакторы), комплекс необходимых сооружений и оборудования. Ядерный реактор — устройство, предназначенное для организации управляемой самоподдерживающейся цепной реакции деления, которая всегда сопровождается в",Нет,Да
vpr_sd_945924,physics,11,"Атомная станция (АЭС) — ядерная установка, использующая для производства энергии (чаще всего электрической) ядерный реактор (реакторы), комплекс необходимых сооружений и оборудования. Ядерный реактор — устройство, предназначенное для организации управляемой самоподдерживающейся цепной реакции деления, которая всегда сопровождается выделением энергии. Превращение вещества сопровождается выделением ",Нет,Да
vpr_sd_946012,physics,11,"Прочитайте текст и выполните задания 16—18. Производство энергии за счёт ветра рассматривается как альтернатива, которой можно заменить генераторы электроэнергии, работающие за счёт сжигания нефти и угля. Сооружения на рисунке — это ветряные мельницы с лопастями, которые вращаются за счёт ветра. Благодаря этим вращениям генераторы производят электрический ток.",Нет,Да
vpr_sd_945535,physics,11,"Прочитайте перечень понятий, с которыми Вы сталкивались в курсе физики. Ваттметр, дозиметр, деление ядер, манометр, крутильные весы, сухое трение, деформация, преломление света. Разделите эти понятия на две группы по выбранному Вами признаку. Запишите в таблицу название каждой группы и понятия, входящие в эту группу. Название группы понятий | Перечень понятий // | // |",Нет,Да
vpr_sd_945560,physics,11,"Велосипедист движется по прямой улице. На графике представлена зависимость его перемещения от времени. Выберите два утверждения, которые верно описывают его движение. Запишите в ответ их номера. 1) Первые 100 метров пути велосипедист проехал за 10 секунд. 2) Велосипедист за 80 секунд проехал путь 400 м. 3) Велосипедист не двигался в течение 20 секунд. 4) Первые 50 секунд велосипедист двигался со с",Нет,Нет
vpr_sd_945922,physics,11,"На столе лежит груз, к которому прикреплена не растяжимая нить, за которую тянут в направлении края стола. Как направлены силы действующие на груз, лежащий на столе, если груз стоит. Куда направлена суммарная сила.",Нет,Да
vpr_sd_945547,physics,11,"Прочитайте текст и вставьте пропущенные слова. Слова в ответе могут повторяться. 1) уменьшается 2) увеличивается 3) не изменяется Груз на нити совершает колебания между точками 1 и 3. Сопротивлением воздуха пренебречь. При движении между точками 3 и 2 импульс груза __________, потенциальная энергия груза __________, кинетическая энергия груза __________.",Нет,Да
vpr_sd_946043,physics,11,Под действием какой частицы протекает ядерная реакция → 1) Протон 2) Электрон 3) Нейтрон 4) α-частица,Нет,Нет
vpr_sd_945488,physics,11,"На рисунке показаны спектры поглощения трёх смесей неизвестных газов (Х, Y и Z), а также спектры излучения известных газов 1 и 2. Какая из смесей содержит газ 1? В качестве ответа запишите букву, обозначающую смесь газов.",Нет,Да
vpr_sd_945429,physics,11,"Камень массой 100 г подбрасывают вертикально вверх, сообщая ему 18 Дж кинетической энергии. Изобразите график зависимости кинетической энергии камня от высоты в процессе его полёта. За начало координат примите точку подбрасывания. (Ускорение свободного падения примите равным 10 м/с 2 .)",Нет,Нет
vpr_sd_945651,physics,11,"Индукционный ток возникает в следующих опытах: 1) медную проволоку подсоединили к лампе на подставке; 2) в катушку, замкнутую на гальванометр, вдвигают другую катушку, замкнутую на источник питания; 3) источник питания соединили с резистором; 4) в катушку, замкнутую на гальванометр, вставлена другая катушка, замкнутая на источник постоянного тока и реостат, который может менять силу тока в цепи вт",Нет,Нет
vpr_sd_945950,physics,11,"Скорость измеряют при помощи спидометра. Погрешность измерения скорости при помощи данного спидометра равна его цене деления. Запишите в ответ показания спидометра в миль/ч (mph) с учётом погрешности измерений через точку с запятой. Например, если показания спидометра (51 ± 3) миль/ч, то в ответе следует записать «51;3».",Нет,Да
vpr_sd_945552,physics,11,"Установите соответствие между примерами и физическими явлениями, которые эти примеры иллюстрируют. Для каждого примера проявления физических явлений из первого столбца подберите соответствующее название физического явления из второго столбца. ПРИМЕРЫ А) Движение Луны вокруг Земли Б) Движение электрона вокруг атомного ядра ФИЗИЧЕСКИЕ ЯВЛЕНИЯ 1) Взаимодействие двух больших магнитов 2) Молекулярное в",Нет,Нет
vpr_sd_945181,physics,11,"Какое физическое явление обуславливает работу турбины АЭС? Атомная станция (АЭС) — ядерная установка , использующая для производства энергии (чаще всего электрической) ядерный реактор (реакторы), комплекс необходимых сооружений и оборудования. Ядерный реактор — устройство, предназначенное для организации управляемой самоподдерживающейся цепной реакции деления, которая всегда сопровождается выделен",Нет,Да
vpr_sd_945182,physics,11,"Атомная станция (АЭС) — ядерная установка , использующая для производства энергии (чаще всего электрической) ядерный реактор (реакторы), комплекс необходимых сооружений и оборудования. Ядерный реактор — устройство, предназначенное для организации управляемой самоподдерживающейся цепной реакции деления, которая всегда сопровождается выделением энергии. Превращение вещества сопровождается выделением",Нет,Да
vpr_sd_945997,physics,11,"Прочитайте текст и выполните задания 16—18. Во многих странах изображения плода (развивающегося ребёнка) можно получить с помощью ультразвука (эхографии). Ультразвук считается безопасным как для матери, так и для плода. Врач держит датчик и водит им по животу матери. Ультразвуковые волны проходят в брюшную полость. Внутри брюшной полости волны отражаются от поверхности плода. Отражённые волны опят",Нет,Да
vpr_sd_946048,physics,11,"Прочитайте текст и выполните задания 16—18. ПАРНИКОВЫЙ ЭФФЕКТ: ДЕЙСТВИТЕЛЬНОСТЬ ИЛИ ВЫМЫСЕЛ? Живым организмам необходима энергия для жизни. Энергия, поддерживающая жизнь на Земле, приходит от Солнца, которое излучает энергию в космос. Крошечная часть этой энергии достигает Земли. Атмосфера Земли действует как защитное одеяло, покрывающее поверхность планеты, и защищает её от перепадов температуры,",Нет,Да
vpr_sd_945359,physics,11,"Выберите два утверждения, которые верно описывают движение автомобиля, и запишите номера, под которыми они указаны: 1) Автомобиль останавливался два раза. 2) Автомобиль двигался только в одном направлении. 3) Максимальный модуль ускорения автомобиля 4 м/с 2 . 4) Автомобиль с 3 секунд до 6 секунд двигался равноускоренно. 5) Максимальная скорость автомобиля была 54 км/ч.",Нет,Нет
vpr_sd_946030,physics,11,"В момент времени 1 тело было погружено в стакан с жидкостью и удерживалось на глубине h . Известно, что плотность жидкости увеличивается с глубиной. Затем тело перестали удерживать и до момента времени 2 тело погружалось и остановилось (начнутся колебания около одной точки) на определенной глубине. Нарисуйте все силы, действующие на тело в момент времени 1 и в момент времени 2. Сопротивлением жидк",Нет,Да
vpr_sd_946046,physics,11,"Четыре металлических бруска (А, B, C и D) положили вплотную друг к другу, как показано на рисунке. Стрелки указывают направление теплопередачи от бруска к бруску. Температуры брусков в данный момент составляют 100 °C, 80 °C, 60 °C, 40 °C. Какой из брусков имеет температуру 40 °C?",Нет,Да
vpr_sd_945479,physics,11,Спектр какого типа наблюдается у излучения атомарного водорода? 1) линейчатый 2) полосатый 3) сплошной 4) ответ зависит от разрешающей силы используемого спектроскопа,Нет,Нет
vpr_sd_945437,physics,11,"Мальчик на скейтборде, разогнавшись на горизонтальном участке скейтодрома до скорости 3 м/с, заехал на горку с углом наклона 17,5° Начиная от момента въезда он перестал отталкиваться и раскачивать скейтборд. Изобразите на графике зависимость скорости мальчика от времени в течение пяти секунд. (Трением пренебречь, ускорение свободного падения примите равным 10 м/с 2 .)",Нет,Нет
vpr_sd_945543,physics,11,При переходе видимого света из одной прозрачной среды в другую изменяются следующие характеристики излучения: 1) длина волны; 2) цвет излучения; 3) период волны; 4) частота волны; 5) скорость распространения излучения; 6) направление распространения излучения. Выберите три правильных ответа и запишите соответствующие цифры в порядке возрастания.,Нет,Нет
vpr_sd_945445,physics,11,"Исследовалась зависимость напряжения на обкладках конденсатора от заряда этого конденсатора. Результаты измерений представлены в таблице. Погрешности измерений величин q и U равнялись соответственно 0,5 мкКл и 0,2 кВ. Чему примерно равна ёмкость конденсатора? (Ответ дайте в нФ с точностью до целых.) q , мкКл | 0 | 1 | 2 | 3 | 4 | 5 // U , кВ | 0 | 0,4 | 0,6 | 0,8 | 1,4 | 1,8",Нет,Нет
vpr_sd_946095,physics,11,"Вам необходимо исследовать, как зависит относительное удлинение жгута от действующей на него силы. Имеется следующее оборудование: — рулетка; — набор из трёх различных жгутов; — набор из пяти грузов по 100 г; — штатив с муфтой и лапкой. Опишите порядок проведения исследования. В ответе: 1. Зарисуйте или опишите экспериментальную установку. 2. Опишите порядок действий при проведении исследования.",Нет,Нет
vpr_sd_945397,physics,11,"Прочитайте текст и выполните задания 14 и 15. Фен Фен — электрический прибор, выдающий направленный поток нагретого воздуха. Важнейшей особенностью фена является возможность подачи тепла точно в заданную область. Фен обычно выполняется в виде отрезка трубы, внутри которой располагаются вентилятор и электронагреватель. Часто корпус фена оснащается пистолетной рукояткой. Вентилятор втягивает воздух ",Нет,Да
vpr_sd_946069,physics,11,"Прочитайте текст и выполните задания 16—18. Маша и Денис интересуются, какое средство защиты от солнца лучше всего защитит их кожу. Средства защиты от солнца характеризуются показателем SPF-фактора — фактора защиты от солнца, который показывает, насколько хорошо то или иное средство поглощает ультрафиолетовое излучение, которое является составляющей солнечного света. Средство защиты от солнца с вы",Нет,Да
vpr_sd_945356,physics,11,"Прочитайте текст и выполните задания 16—18. Количество водяного пара, находящегося в воздухе, называется влажностью воздуха. Для характеристики влажности употребляются следующие величины: 1. Абсолютная влажность. 2. Относительная влажность. Количество водяного пара, содержащегося в 1 м 3 воздуха называется абсолютной влажностью и измеряется или в весовых единицах (граммах), или выражается упругост",Нет,Нет
vpr_sd_945300,physics,11,"Прочитайте перечень понятий, с которыми вы сталкивались в курсе физики: секундомер, вискозиметр, северное сияние, амперметр, электрический ток, смачиваемость. Разделите эти понятия на две группы по выбранному вами признаку. Запишите в таблицу название каждой группы и понятия, входящие в эту группу. Название группы понятий | Перечень понятий // | // |",Нет,Нет
vpr_sd_945251,physics,11,"Автомобиль движется по прямой улице. На графике представлена зависимость его ускорения от времени. Выберите два утверждения, которые верно описывают движение автомобиля, и запишите номера, под которыми они указаны. 1) Первые 4 с автомобиль движется равноускоренно, набирая скорость. 2) Максимальная скорость была достигнута автомобилем на 4-ой секунде. 3) За все время движения автомобиль хотя бы раз",Нет,Нет
vpr_sd_945266,physics,11,"Груз, к которому прикреплена нерастяжимая нить, за которую тянут в направлении вершины горки, начинает въезжать вверх по горке из неподвижного состояния. Нарисуйте все силы, действующие на груз. Куда направлена суммарная сила, действующая на груз?",Нет,Да
vpr_sd_945339,physics,11,"Прочитайте текст и вставьте пропущенные слова: 1) потенциальная 2) полная механическая 3) кинетическая Слова в ответе могут повторяться. Мальчик подбросил мяч вертикально вверх. Сила трения о воздух мала. В момент столкновения с землей ____ энергия мяча имеет максимальное значение, ____ энергия имеет минимальное значение, а ____ энергия не меняется.",Нет,Нет
vpr_sd_945562,physics,11,В сосуде под неподвижным поршнем находится идеальный газ при определённой температуре. К сосуду с газом подводят теплоту. В результате у газа: 1) увеличивается давление и уменьшается температура; 2) уменьшается давление и увеличивается температура; 3) уменьшается давление и уменьшается температура; 4) увеличивается давление и увеличивается температура.,Нет,Да
vpr_sd_946098,physics,11,"На рисунке изображены два одинаковых электрометра. Шар электрометра А заряжен положительно и показывает 3 единицы заряда, шар электрометра Б заряжен отрицательно и показывает 1 единицу заряда. Каковы будут показания электрометров, если их шары соединить тонкой алюминиевой проволокой? Показания электрометра А | Показания электрометра Б // |",Нет,Да
vpr_sd_945422,physics,11,"К покоящемуся телу массой 2 кг, лежащему на шероховатой горизонтальной поверхности, прикладывают горизонтальную силу F . Коэффициент трения тела поверхность равен 0,2. Изобразите график зависимости ускорения тела от приложенной силы. (Ускорение свободного падения примите равным 10 м/с 2 .)",Нет,Нет
vpr_sd_945454,physics,11,"На графике представлены результаты измерения длины пружины l при различных значениях массы m подвешенных к пружине грузов. Погрешность измерения массы Δ m = ±0,01 кг, длины Δ l = ±0,01 м. Согласно этим измерениям, коэффициент упругости пружины приблизительно равен 1) 150 Н/м 2) 100 Н/м 3) 60 Н/м 4) 30 Н/м",Нет,Да
vpr_sd_945616,physics,11,"Вам необходимо исследовать, как меняется выталкивающая сила, действующая на тело в жидкости, в зависимости от объёма погруженной в жидкость части тела. Имеется следующее оборудование: — цилиндр на нити, имеющий шкалу вдоль направляющей; — динамометры с пределом измерений 1 Н; — стакан с водой; — мерный цилиндр. Опишите порядок проведения исследования. В ответе: 1. Зарисуйте или опишите эксперимент",Нет,Нет
vpr_sd_945538,physics,11,"Установите соответствие между примерами и физическими явлениями, которые эти примеры иллюстрируют. Для каждого примера проявления физических явлений из первого столбца подберите соответствующее название физического явления из второго столбца. ПРИМЕРЫ А) Поезд движется на магнитной подушке Б) Подъёмный электромагнит используется для переноски металлолома ФИЗИЧЕСКИЕ ЯВЛЕНИЯ 1) Взаимодействие двух эл",Нет,Нет
vpr_sd_945361,physics,11,"Прочитайте текст и выполните задания 14 и 15. Батарейка Компактные электрические батарейки широко применяются в быту. Их используют в качестве элемента питания для самых разных устройств, начиная с игрушек и заканчивая сложными электротехническими приборами. Традиционная батарейка представляет собой химический источник электрической энергии. Иными словами, электрический ток в ней образуется при во",Нет,Да
vpr_sd_945976,physics,11,"Прочитайте текст и выполните задания 16—18. Хирургические операции, которые осуществляются в специально оборудованных операционных помещениях, необходимы для лечения многих заболеваний. Пересадка органов осуществляется путём проведения хирургической операции и становится всё более и более распространённым явлением. На диаграмме представлено число органов, пересаженных в одной из больниц в течение ",Нет,Да
vpr_sd_945264,physics,11,"Прочитайте перечень понятий, с которыми вы сталкивались в курсе физики: Ньютон, Планк, Солнце, Эйнштейн, метеорит, спутник. Разделите эти понятия на две группы по выбранному вами признаку. Запишите в таблицу название каждой группы и понятия, входящие в эту группу. Название группы понятий | Перечень понятий // | // |",Нет,Да
vpr_sd_945979,physics,11,"Автомобиль движется по прямой улице. На графике представлена зависимость его скорости от времени. Выберите два утверждения, которые верно описывают движение автомобиля, и запишите номера, под которыми они указаны. 1) Первые 10 с автомобиль движется равноускоренно с наибольшим (наблюдаемым за все движение) по модулю ускорением. 2) Первые 10 с автомобиль движется с постоянной скоростью. 3) Ускорение",Нет,Да
vpr_sd_945561,physics,11,"Прочитайте текст и вставьте пропущенные слова. Слова в ответе могут повторяться. 1) уменьшается 2) увеличивается 3) не изменяется Шарик бросили вертикально вверх с начальной скоростью υ 0 . Сопротивление воздуха пренебрежимо мало. Импульс шарика при движении вверх __________, кинетическая энергия __________. При этом потенциальная энергия шарика __________.",Нет,Нет
vpr_sd_945210,physics,11,"Четыре металлических бруска (А, B, C, D) положили вплотную друг к другу, как показано на рисунке. Стрелки указывают направление теплопередачи от бруска к бруску. Температуры брусков в данный момент составляют 100 °C, 60 °C, 40 °C, 10 °C. Какой из брусков имеет температуру 60 °C?",Нет,Да
vpr_sd_945329,physics,11,Выберете верные утверждения. 1) нейтрон положительно заряжен 2) нейтрон нейтрален 3) позитрон — это положительно заряженная бета-частица 4) электрон — это положительно заряженная бета-частица,Нет,Нет
vpr_sd_945438,physics,11,"Мальчик на скейтборде, разогнавшись на горизонтальном участке скейтодрома до скорости 3 м/с, заехал на горку с углом наклона 14,5° Начиная от момента въезда он перестал отталкиваться и раскачивать скейтборд. Изобразите на графике зависимость скорости мальчика от времени в течение пяти секунд. (Трением пренебречь, ускорение свободного падения примите равным 10 м/с 2 .)",Нет,Нет
vpr_sd_946077,physics,11,"Медный провод имеет длину 100 метров и площадь поперечного сечения 4 мм 2 . Определите сопротивление медного провода (ρ = 0,017 (Ом × мм 2 ) / м — удельное сопротивление меди).",Нет,Нет
vpr_sd_945413,physics,11,"Между источником света и экраном расположена тонкая собирающая линза. Экран располагают так, чтобы на нём получалось чёткое изображение источника. после этого линзу отодвигают от источника и снова передвигают экран до получения чёткого изображения. Зависимость расстояния от экрана до линзы ( b ) от расстояния от линзы до источника ( a ) представлена в таблице. Погрешность измерения расстояний Δ a ",Нет,Да
vpr_sd_945951,physics,11,"Вам необходимо исследовать, как зависит скорость погружения шариков в жидкость, от плотности жидкости: — секундомер; — ареометр; — стеклянные емкости с жидкостями различной плотности; — набор одинаковых шариков. Опишите порядок проведения исследования. В ответе: 1. Зарисуйте или опишите экспериментальную установку. 2. Опишите порядок действий при проведении исследования.",Нет,Нет
vpr_sd_945311,physics,11,"Прочитайте текст и выполните задания 14 и 15. Гидроэлектростанция Люди очень давно научились использовать энергию воды для того, чтобы вращать рабочие колеса мельниц, станков, пилорам. Но постепенно доля гидроэнергии в общем количестве энергии, используемой человеком, уменьшилась. Это связано с ограниченной возможностью передачи энергии воды на большие расстояния. С появлением электрической турбин",Нет,Да
vpr_sd_945961,physics,11,"Прочитайте текст и выполните задания 16—18. Вязкость (внутреннее трение) — одно из явлений переноса, свойство текучих тел (жидкостей и газов) оказывать сопротивление перемещению одной их части относительно другой. В результате работа, затрачиваемая на это перемещение, рассеивается в виде тепла. Механизм внутреннего трения в жидкостях и газах заключается в том, что хаотически движущиеся молекулы пе",Нет,Да
vpr_sd_945512,physics,11,"Радуга Радуга — это красивейшее оптическое природное явление, которое наблюдается при освещении солнечным светом множества водяных капелек во время дождя или тумана, или после дождя. Радугу можно наблюдать только когда солнце выглянуло из-за туч и в стороне, противоположной солнцу. Если встать лицом к солнцу, то радуги не увидеть. Центром радуги является точка, диаметрально противоположная Солнцу.",Нет,Нет
vpr_sd_945907,physics,11,"Человек пытается передвинуть пианино вдоль стены. Изобразите на данном рисунке силы, которые действуют на пианино, и направление его ускорения, если инструмент удалось сдвинуть с места.",Нет,Да
vpr_sd_945959,physics,11,"Прочитайте текст и вставьте пропущенные слова. Слова в ответе могут повторяться. 1) сохраняется 2) увеличивается 3) уменьшается При абсолютно упругом ударе полная механическая энергия __________. При абсолютно неупругом ударе полная механическая энергия __________, полный импульс системы __________.",Нет,Нет
vpr_sd_945354,physics,11,"Шесть металлических брусков (А, B, C, D, E, F) положили вплотную друг к другу, как показано на рисунке. Стрелки указывают направление теплопередачи от бруска к бруску. Температуры брусков в данный момент составляют 100 °C, 80 °C, 60 °C, 40 °C, 20 °C, 10 °С. Какой из брусков имеет температуру 40 °C?",Нет,Да
vpr_sd_945471,physics,11,"В таблице приведены значения энергии для третьего и четвёртого энергетических уровней атома водорода. Номер уровня | Энергия, 10 –19 Дж // 3 | –2,42 // 4 | –1,36 Какой должна быть энергия фотона, при поглощении которого атом переходит с третьего уровня на четвёртый? (Ответ дать в 10 −19 Дж.)",Нет,Да
vpr_sd_945435,physics,11,Катод вакуумной лампы с работой выхода электронов 2 эВ освещают монохроматическим светом. Энергию падающих фотонов варьируют от 1 до 5 эВ. Изобразите график зависимости максимальной кинетической энергии выбиваемых из катода электронов от энергии фотонов.,Нет,Да
vpr_sd_945623,physics,11,"Широкое распространение в последнее время получили индивидуальные мягкие обогревательные приборы, например, электроодеяла. Электроодеяла быстро согревают постель, потребляя мало энергии. Рассчитайте, какое количество теплоты выделит электроодеяло средней мощностью в 100 Вт за 15 минут работы при включении его в городскую электросеть с напряжением 220 В. Запишите формулы и сделайте расчёты.",Нет,Нет
vpr_sd_945410,physics,11,"Свет лазера с длиной волны 700 нм падает нормально на прозрачную дифракционную решётку. С помощью гониометра измеряют углы, под которыми видны дифракционные максимумы. Зависимость угла от номера максимума представлена в таблице. Погрешность измерения угла Δφ = ±0,5°. k | 1 | 2 | 3 | 4 | 5 | 6 // | 8 | 16 | 25 | 34 | 44 | 57 Период дифракционной решётки равен 1) 1 мкм 2) 2 мкм 3) 3 мкм 4) 4 мкм 5) ",Нет,Нет
vpr_sd_945345,physics,11,"Вам необходимо исследовать, как зависит время нагревания жидкости одной массы от ее плотности: — секундомер; — весы; — набор из трех жидкостей разной плотности; — нагреватель; — термометр. Опишите порядок проведения исследования. В ответе: 1. Зарисуйте или опишите экспериментальную установку. 2. Опишите порядок действий при проведении исследования.",Нет,Нет
vpr_sd_945588,physics,11,"Установите соответствие между примерами и физическими явлениями, которые эти примеры иллюстрируют. Для каждого примера проявления физических явлений из первого столбца подберите соответствующее название физического явления из второго столбца. ПРИМЕРЫ А) Высыхание мокрого белья в комнате, на улице Б) «Запотевание» бутылки с водой, перенесённой из холодильника в комнату ФИЗИЧЕСКИЕ ЯВЛЕНИЯ 1) Действи",Нет,Нет
vpr_sd_945533,physics,11,"Астероиды Астероиды относятся к малым телам Солнечной системы, с диаметром, превышающим 30 метров, обладают неправильной формой и не имеют атмосферы. Вместе с этим у астероидов могут быть собственные спутники. Расположены астероиды в основном между орбитой Марса и Юпитера. Астероиды представляют собой небесные тела, которые были образованы за счёт взаимного притяжения плотного газа и пыли на ранне",Нет,Да
vpr_sd_945320,physics,11,"Прочитайте текст и выполните задания 16—18. Одним из самых распространенных материалов, с которым всегда предпочитали работать люди, был металл. Все металлы имеют ряд свойств, которые позволяют объединять их в одну большую группу веществ. В свою очередь, эти свойства объясняет кристаллическое строение металлов. К специфическим свойствам рассматриваемых веществ относят следующие: 1. Металлический б",Нет,Да
vpr_sd_945372,physics,11,"Прочитайте перечень понятий, с которыми вы сталкивались в курсе физики: радиоволна, постоянная Авогадро, видимое излучение, ультрафиолет, скорость света в вакууме, удельная теплоемкость воды. Разделите эти понятия на две группы по выбранному вами признаку. Запишите в таблицу название каждой группы и понятия, входящие в эту группу. Название группы понятий | Перечень понятий // | // |",Нет,Да
vpr_sd_945215,physics,11,"Тело движется прямолинейно вдоль оси x . На графике представлена зависимость его координаты от времени. Выберите два утверждения, которые верно описывают движение тела, и запишите номера, под которыми они указаны. 1) За первую секунду тело сдвинулось на 10 м. 2) Тело на всех промежутках времени движется равноускоренно. 3) Спустя 1 с тело начало двигаться в противоположную сторону. 4) Через 3 с тел",Нет,Нет
vpr_sd_945302,physics,11,"По горке, постепенно замедляясь, съезжает груз. Нарисуйте все силы, действующие на груз. Куда направлена суммарная сила, действующая на груз?",Нет,Да
vpr_sd_945245,physics,11,"Вставьте верно слова, они могут повторяться. С некоторой высоты в поле силы тяжести мяч отпускается и летит вертикально вниз, а после удара об асфальт уже подлетает вертикально вверх, но на меньшую высоту, чем та, с которой его отпустили, трения о воздух нет. Импульс мяча до удара об асфальт _________ импульсу мяча после удара. Полная механическая энергия мяча _________, кинетическая энергия мяча ",Нет,Нет
vpr_sd_945952,physics,11,"Пять металлических брусков (А, B, C, D, E) положили вплотную друг к другу, как показано на рисунке. Стрелки указывают направление теплопередачи от бруска к бруску. Температуры брусков в данный момент составляют 70 °C, 60 °C, 50 °C, 40 °C, 30 °C. Какой из брусков имеет температуру 60 °C?",Нет,Да
vpr_sd_946021,physics,11,Какая частица выделяется в следующей реакции → 1) Протон 2) Электрон 3) Нейтрон 4) α-частица,Нет,Нет
vpr_sd_945480,physics,11,"На рисунке приведены спектр поглощения неизвестного газа и спектры поглощения атомарных паров известных элементов. По виду спектров можно утверждать, что неизвестный газ содержит атомы 1) только азота ( ) 2) азота ( ), магния ( ) и другого неизвестного вещества 3) только магния ( ) 4) только магния ( ) и азота ( )",Нет,Да
vpr_sd_945424,physics,11,"1 кг льда, первоначальная температура которого равна –20 °C, достают из морозильной камеры в тёплое помещение. Лёд ежесекундно получает 70 Дж теплоты. Изобразите на графике зависимость температуры льда от времени в течение получаса. (Удельная теплоёмкость воды — 4200 Дж/(кг·°С), льда — 2100 Дж/(кг·°С), удельная теплота плавления льда — 3,3·10 5 Дж/кг.)",Нет,Нет
vpr_sd_945184,physics,11,"Расположите виды электромагнитных волн видимого света, излучаемых Солнцем, в порядке увеличения длины волны. Запишите в ответе соответствующую последовательность цифр. 1) желтые 2) красные 3) фиолетовые",Нет,Нет
vpr_sd_945155,physics,11,"С помощью мерного цилиндра (мензурки) проводились измерения объёма налитой жидкости. Шкала мензурки проградуирована в мл (1 мл = 1 см 3 ). Погрешность измерений объёма равна цене деления шкалы мерного цилиндра. Запишите в ответ показания мерного цилиндра в см 3 с учётом погрешности измерений. В ответе укажите значение с учётом погрешности измерений через точку с запятой. Например, если показания п",Нет,Да
vpr_sd_945216,physics,11,"Установите соответствие между примерами и физическими явлениями, которые эти при-меры иллюстрируют. Для каждого примера проявления физических явлений из первого столбца подберите соответствующее название физического явления из второго столбца. ПРИМЕРЫ А) работа ветряных мельниц Б) свечение метеорита в атмосфере Земли ФИЗИЧЕСКИЕ ЯВЛЕНИЯ 1) магнитные свойства металлов 2) переход механической энергии",Нет,Нет
vpr_sd_945555,physics,11,"Звук в живой природе Мы живём в мире звуков. Везде — в окружающем нас воздухе, воде, земле — распространяются звуки. Эти звуки различны по частоте, громкости, тембру, источнику. Для живых существ звуковая картина мира является одним из важнейших источников информации о внешнем мире. Аборигены Австралии, прикладывая ухо к земле, узнавали о передвижениях животных и людей в округе. Диапазон частот, в",Нет,Да
vpr_sd_945250,physics,11,"Прочитайте перечень понятий, с которыми вы сталкивались в курсе физики: Фок, звезда, Карно, астероид, Максвелл, Луна. Разделите эти понятия на две группы по выбранному вами признаку. Запишите в таблицу название каждой группы и понятия, входящие в эту группу. Название группы понятий | Перечень понятий // | // |",Нет,Да
vpr_sd_945546,physics,11,"На графике представлена зависимость проекции скорости тела от времени. Выберите два утверждения, которые верно описывают движение этого тела. Запишите в ответ их номера. 1) В течение 1,5 минут от начала движения тело двигалось равноускоренно. 2) Последнюю минуту тело тормозило. 3) Через 1 минуту от начала движения тело остановилось. 4) За время, когда тело двигалось равноускоренно, оно прошло 1,2 ",Нет,Нет
vpr_sd_946096,physics,11,"Четыре металлических бруска (А, B, C и D) положили вплотную друг к другу, как показано на рисунке. Стрелки указывают направление теплопередачи от бруска к бруску. Температуры брусков в данный момент составляют 90 °C, 80 °C, 50 °C, 30 °C. Какой из брусков имеет температуру 80 °C?",Нет,Да
vpr_sd_945608,physics,11,"Выберите три утверждения из списка, соответствующие ядерной модели строения атома: 1) вокруг ядра по орбитам обращаются протоны 2) почти вся масса атома сосредоточена в ядре атома 3) вокруг ядра по орбитам обращаются электроны 4) ядро атома электронейтрально 5) в состав ядра атома входят протоны и электроны 6) атом электронейтрален",Нет,Нет
vpr_sd_945456,physics,11,"В точке, находящейся посередине между двумя длинными параллельными проводами, проводят измерения индукции магнитного поля. Когда по одному из проводов пустили ток силой 10 А, измеренная индукция была 100 мкТл. После этого по второму проводу пустили ток в том же направлении, увеличивая его от 0 до 15 А. Изобразите график зависимости модуля индукции магнитного поля в исследуемой точке в зависимости ",Нет,Нет
vpr_sd_945601,physics,11,"Прямой проводник длиной 20 см помещён в однородное магнитное поле с индукцией 1,5 Тл, направленной перпендикулярно направлению тока. Сила тока, протекающего по проводнику, составляет 3 А. Определите силу Ампера, действующую на проводник с током. Запишите формулы и сделайте расчёты.",Нет,Да
vpr_sd_945200,physics,11,"Силу или момент силы измеряют при помощи динамометра. Погрешность измерения силы при помощи данного динамометра равна его цене деления. Запишите в ответ показания силы в деканьютонах (даН,daN) с учётом погрешности измерений через точку с запятой. Например, если показания динамометра (5 ± 1) даН, то в ответе следует записать «5;1».",Нет,Да
vpr_sd_946059,physics,11,"Вам необходимо исследовать силу, необходимую для отрыва от поверхности жидкости, смачиваемого этой жидкостью, диска в зависимости от плотности жидкости. Имеется следующее оборудование: — линейка; — деревянный диск с креплением в центре; — неограниченный набор из грузов, масса каждого 1 г; — штатив с нитью, блоками и подвесом для дисков и легкой чашей для грузов; — пять емкостей с жидкостями извест",Нет,Нет
vpr_sd_945610,physics,11,"Установите соответствие между примерами и физическими явлениями, которые эти примеры иллюстрируют. Для каждого примера проявления физических явлений из первого столбца подберите соответствующее название физического явления из второго столбца. ПРИМЕРЫ А) Нагревание металлической спирали работающего электрочайника Б) Протекание тока по металлическому кольцу при вращении его в постоянном магнитном по",Нет,Нет
vpr_sd_945239,physics,11,"Какое физическое явление обуславливает работу солнечной батареи? В профессиональных кругах панели, преобразующие солнечный свет в электроэнергию, называют фотоэлектрическими преобразователями, которые в разговорной речи или при написании понятных для широких масс статей принято называть солнечными батареями. Принцип работы этих устройств, первые рабочие экземпляры которых появились достаточно давн",Нет,Да
vpr_sd_945232,physics,11,"В профессиональных кругах панели, преобразующие солнечный свет в электроэнергию, называют фотоэлектрическими преобразователями, которые в разговорной речи или при написании понятных для широких масс статей принято называть солнечными батареями. Принцип работы этих устройств, первые рабочие экземпляры которых появились достаточно давно. 25 апреля 1954 года, специалисты компании Bell Laboratories за",Нет,Да
vpr_sd_945591,physics,11,"Атмосферное давление Атмосфера — это весь воздух, который окружает Землю. Воздух имеет массу, которая в среднем равна 5,2 · 10 21 г. Известно, что 1 м 3 воздуха у земной поверхности имеет массу 1,033 кг. Своим весом воздух оказывает давление на все объекты, находящиеся на земной поверхности. Сила, с которой воздух давит на земную поверхность, называется атмосферным давлением. За нормальное атмосфе",Нет,Да
vpr_sd_945358,physics,11,"Прочитайте перечень понятий, с которыми вы сталкивались в курсе физики: метр, килограмм, сантиметр, вольт, грамм, эрг. Разделите эти понятия на две группы по выбранному вами признаку. Запишите в таблицу название каждой группы и понятия, входящие в эту группу. Название группы понятий | Перечень понятий // | // |",Нет,Нет
vpr_sd_945541,physics,11,"Давление газа в закрытом сосуде можно уменьшить, если: 1) не меняя объём и массу газа, сильно его нагреть; 2) не меняя температуру и массу газа, сильно его сжать; 3) не меняя температуру и объём газа, дополнительно ввести некоторую массу газа в сосуд; 4) не меняя массу газа и температуру, увеличить объём газа; 5) не меняя объём, выпустить часть газа и охладить его; 6) не меняя массу газа, увеличит",Нет,Нет
vpr_sd_946079,physics,11,"На рисунке изображён фрагмент периодической системы химических элементов Д. И. Менделеева. Изотоп технеция испытывает α-распад, при котором образуются ядро гелия и ядро другого элемента. Определите, какой элемент образуется при α-распаде изотопа технеция.",Нет,Да
vpr_sd_945441,physics,11,"Из населённого пункта выходит прямолинейная дорога, вдоль которой проложена линия электропередачи. Группа ремонтников выехала на место повреждения ЛЭП в 30 км от населённого пункта. До места поломки они ехали с постоянной скоростью 60 км/ч, ремонт занял 40 мин, обратно они возвращались с постоянной скоростью 45 км/ч. Изобразите график зависимости их координаты от времени, приняв за начало координа",Нет,Нет
vpr_sd_945386,physics,11,"В трансформаторе, изображённом на рисунке, на вход А подают переменное напряжение. На обмотках B, C и D возникает ЭДС индукции. Количество витков равно изображённому на рисунке. Расположите обмотки B, C и D в порядке уменьшения ЭДС индукции. Запишите в ответе соответствующую последовательность цифр. 1) B 2) C 3) D",Нет,Да
vpr_sd_945453,physics,11,"Исследовалась зависимость напряжения на обкладках конденсатора от заряда этого конденсатора. Результаты измерений представлены в таблице. Погрешности измерений величин q и U равнялись соответственно 0,005 мКл и 0,01 В. q , мКл | 0 | 0,01 | 0,02 | 0,03 | 0,04 | 0,05 // U , В | 0 | 0,04 | 0,12 | 0,16 | 0,22 | 0,24 Согласно этим измерениям, емкость конденсатора приблизительно равна 1) 300 мкФ 2) 250 ",Нет,Нет
vpr_sd_946016,physics,11,"Установите соответствие между примерами и физическими явлениями, которые эти примеры иллюстрируют. Для каждого примера проявления физических явлений из первого столбца подберите соответствующее название физического явления из второго столбца. ПРИМЕРЫ А) дно в воде кажется ближе, чем на самом деле Б) гидроэлектростанции вырабатывают электричество ФИЗИЧЕСКИЕ ЯВЛЕНИЯ 1) диффузия 2) переход механическ",Нет,Нет
vpr_sd_945569,physics,11,"Предельно допустимые значения напряжений прикосновений и токов Поражение электрическим током опасно для здоровья и жизни человека. Переменный ток значительно более опасен, чем постоянный электрический ток такого же напряжения. Наиболее опасным считается технический переменный ток с частотой 50 Гц (50 периодов в секунду), силой 0,1 А и напряжением выше 250 В. Механизм действия электрического тока н",Нет,Да
vpr_sd_945920,physics,11,"Прочитайте перечень понятий, с которыми вы сталкивались в курсе физики: заряд, сила реакции опоры, трение, электрометр, ускорение, электроёмкость. Разделите эти понятия на две группы по выбранному вами признаку. Запишите в таблицу название каждой группы и понятия, входящие в эту группу. Название группы понятий | Перечень понятий // | // |",Нет,Да
vpr_sd_945337,physics,11,"Выберите два утверждения, которые верно описывают движение автомобиля, и запишите номера, под которыми они указаны: 1) Автомобиль останавливался два раза за весь свой путь. 2) Автомобиль на 30 секунде своего пути остановился и поехал в обратном направлении. 3) Минимальный модуль ускорения автомобиля 0,5 м/с 2 . 4) Автомобиль с 20 секунд до 30 секунд двигался равноускоренно. 5) Максимальная скорост",Нет,Нет
vpr_sd_945194,physics,11,"Неподвижный груз, расположенный на столе с бортиком закреплен к столу с помощью пружины и тянется с помощью нити как показано на рисунке. В какой-то момент нить перерезают. Нарисуйте все силы, действующие на брус до момента переразания нити. Если известно, что груз пришел в движение после пререзания нити, то в какую сторону направлен вектор суммарной силы, действующей на груз? Трением пренебречь.",Нет,Да
vpr_sd_946117,physics,11,"Прочитайте текст и вставьте пропущенные слова. Слова в ответе могут повторяться. 1) полная механическая энергия 2) кинетическая энергия 3) потенциальная энергия относительно поверхности Земли Тело брошено вертикально вверх. По мере его подъёма на высоту h __________ увеличивается, его __________ уменьшается. Если пренебречь сопротивлением воздуха, то можно говорить о том, что __________ не изменяе",Нет,Нет
vpr_sd_945919,physics,11,"Четыре металлических бруска (А, B, C и D) положили вплотную друг к другу, как показано на рисунке. Стрелки указывают направление теплопередачи от бруска к бруску. Температуры брусков в данный момент составляют 100 °C, 80 °C, 60 °C, 40 °C. Какой из брусков имеет температуру 60 °C?",Нет,Да
vpr_sd_946093,physics,11,"На рисунке изображён фрагмент Периодической системы химических элементов Д. И. Менделеева. Изотоп рутения испытывает β − -распад, при котором образуются электрон e − , нейтрино и ядро другого элемента. Определите, какой элемент образуется при β − -распаде изотопа рутения.",Нет,Да
vpr_sd_945481,physics,11,"На рисунке приведены спектр поглощения неизвестного газа и спектры поглощения атомарных паров известных металлов. По виду спектров можно утверждать, что неизвестный газ содержит атомы 1) только стронция ( ) 2) стронция ( ), кальция ( ) и другого вещества 3) только стронция ( ) и кальция ( ) 4) только кальция ( )",Нет,Да
vpr_sd_945467,physics,11,"Мячик без начальной скорости падает с высоты 20 м, абсолютно упругого отскакивает от пола и возвращается обратно. Изобразите на графике зависимость скорости мячика от времени в этом процессе. (Ускорение свободного падения примите равным 10 м/с 2 .)",Нет,Нет
vpr_sd_945313,physics,11,"Мощность чайника составляет 1000 Вт, его подключили в к розетке с напряженностью 200 В. Какая сила тока будет на чайнике?",Нет,Нет
vpr_sd_945222,physics,11,"Силу или момент силы измеряют при помощи динамометра. Погрешность измерения силы при помощи данного динамометра равна его цене деления. Запишите в ответ показания силы в ньютонах (Н,N) с учётом погрешности измерений через точку с запятой. Например, если показания динамометра (5,0 ± 0,5) Н, то в ответе следует записать «5,0;0,1».",Нет,Да
vpr_sd_945415,physics,11,"Катод вакуумной лампы освещают монохроматическим светом. На графике изображена зависимость максимальной кинетической энергии выбиваемых из катода электронов от энергии фотонов. Чему равна работа выхода электронов из материала катода? 1) 1,5 эВ 2) 2,5 эВ 3) 3,5 эВ 4) 4,5 эВ 5) 5,5 эВ",Нет,Да
vpr_sd_946037,physics,11,"Вам необходимо исследовать изменение длины пружины, закрепленной между осью вращающегося стола и тележкой, в зависимости от скорости вращения поворотного стола: — секундомер; — поворотный стол с электродвигателем и регулятором скорости вращения; — рулетка; — тележка; — пружина. Опишите порядок проведения исследования. В ответе: 1. Зарисуйте или опишите экспериментальную установку. 2. Опишите поряд",Нет,Нет
vpr_sd_945956,physics,11,"Прочитайте перечень понятий, с которыми вы сталкивались в курсе физики: кипение, конденсация, поворот стрелки компаса, плавление, возникновение вихревых токов, электромагнитная индукция. Разделите эти понятия на две группы по выбранному вами признаку. Запишите в таблицу название каждой группы и понятия, входящие в эту группу. Название группы понятий | Перечень понятий // | // |",Нет,Нет
vpr_sd_945654,physics,11,"На графике представлена зависимость проекции скорости тела от времени. Выберите два утверждения, которые верно описывают движение этого тела. Запишите в ответ их номера. 1) На участках пути от 5 до 10 секунд и от 10 до 15 секунд тело движется с одинаковым по модулю ускорением. 2) Через 20 секунд от начала движения тело остановилось. 3) За первые 5 секунд тело прошло 50 метров. 4) Тело двигалось с ",Нет,Нет
vpr_sd_945600,physics,11,"Две силы, лежащие на одной прямой, действуют на тело массой m . На каком рисунке изображена ситуация с расположением сил, дающих наибольшее ускорение?",Нет,Да
vpr_sd_946081,physics,11,"Прочитайте текст и вставьте пропущенные слова. Слова в ответе могут повторяться. 1) сохраняется 2) увеличивается 3) уменьшается Два бильярдных шара одной массы покоятся на бильярдном столе. По одному из шаров ударили кием, он совершил абсолютно упругое соударение с другим шаром. После такого соударения скорость второго шара __________, механическая энергия системы __________, импульс системы _____",Нет,Нет
vpr_sd_945221,physics,11,"На рисунке изображён фрагмент периодической системы химических элементов Д. И. Менделеева. Изотоп хрома испытывает α-распад, при котором образуются ядро гелия и ядро другого элемента. Определите, какой элемент образуется при α-распаде изотопа хрома.",Нет,Да
vpr_sd_945537,physics,11,"С помощью вольтметра проводились измерения напряжения. Шкала вольтметра проградуирована в вольтах (В). Погрешность измерений напряжения равна цене деления шкалы прибора. Запишите в ответ показания напряжения в вольтах с учётом погрешности измерений. (В ответе запишите показания прибора и погрешность без пробелов и запятых. Например для случая (1,5 ± 0,5) В в ответе следует записать 1,50,5).",Нет,Да
vpr_sd_945965,physics,11,"Вам необходимо исследовать, как зависит скорость погружения шариков в жидкость, от размера шариков: — секундомер; — весы; — стеклянная емкость с жидкостью; — набор шариков разных размеров из одного материала. Опишите порядок проведения исследования. В ответе: 1. Зарисуйте или опишите экспериментальную установку. 2. Опишите порядок действий при проведении исследования.",Нет,Нет
vpr_sd_946074,physics,11,"Установите соответствие между примерами и физическими явлениями, которые эти при-меры иллюстрируют. Для каждого примера проявления физических явлений из первого столбца подберите соответствующее название физического явления из второго столбца. ПРИМЕРЫ А) молния Б) предмет, брошенный вверх, падает на землю ФИЗИЧЕСКИЕ ЯВЛЕНИЯ 1) гравитация Земли 2) накопление электрического заряда в атмосфере 3) диф",Нет,Нет
vpr_sd_945607,physics,11,"Прочитайте перечень понятий, с которыми Вы сталкивались в курсе физики. Манометр, ватт, килограмм, электрометр, кулон, минута, весы, линейка. Разделите эти понятия на две группы по выбранному Вами признаку. Запишите в таблицу название каждой группы и понятия, входящие в эту группу. Название группы понятий | Перечень понятий // | // |",Нет,Нет
vpr_sd_946015,physics,11,"На графике представлена зависимость скорости автомобиля от времени. Выберите два утверждения, которые верно описывают движение автомобиля, и запишите номера, под которыми они указаны: 1) Первые 20 с автомобиль движется равномерно. 2) Первые 20 с автомобиль движется равноускоренно. 3) Максимальная скорость автомобиля за весь период наблюдения составляет 72 км/ч. 4) Автомобиль все время движется в р",Нет,Нет
vpr_sd_945209,physics,11,"Прочитайте текст и вставьте пропущенные слова: 1) кинетическая энергия 2) импульс системы 3) механическая энергия Слова в ответе могут повторяться. Два пластилиновых шарика катятся на встречу друг другу, при столкновении они сцепляются и катятся дальше, как одно тело. ____ не изменяется, ____ системы уменьшается. При увеличении скорости одного из шаров, его ____ увеличивается.",Нет,Нет
vpr_sd_945915,physics,11,"На рисунке изображён фрагмент Периодической системы химических элементов Д. И. Менделеева. Изотоп урана испытывает α-распад, при котором образуются ядро гелия и ядро другого элемента. Определите, какой элемент образуется при α-распаде изотопа урана.",Нет,Да
vpr_sd_945204,physics,11,"На рисунке изображены три одинаковых электрометра. Шар электрометра А заряжен положительно и показывает заряд 4,5 ед., шар электрометра Б не заряжен, шар электрометра В не заряжен. Каковы будут показания электрометров А и Б, если их шары соединить тонкой медной проволокой шаром электрометра В ? Показания электрометра А | Показания электрометра Б // |",Нет,Да
vpr_sd_945460,physics,11,"1 л воды, первоначальная температура которой равна 20 °C, помещают в морозильную камеру на полчаса. Вода ежесекундно теряет 140 Дж теплоты. Изобразите на графике зависимость температуры воды от времени. (Удельная теплоёмкость воды — 4200 Дж/(кг·°С), льда — 2100 Дж/(кг·°С), удельная теплота плавления льда — 3,3·10 5 Дж/кг.)",Нет,Нет
vpr_sd_945615,physics,11,Величина индукционного тока в опытах Фарадея зависит: 1) от числа витков катушки 2) от модуля вектора магнитной индукции 3) от направления движения магнита в катушку 4) от типа гальванометра 5) способа подключения гальванометра 6) скорости изменения магнитного потока Выберите три правильных ответа и запишите соответствующие цифры.,Нет,Нет
vpr_sd_946072,physics,11,"Объём жидкости измерили при помощи мензурки. Погрешность измерения объёма при помощи данной мензурки равна её цене деления. Запишите в ответ показания мензурки в мл с учётом погрешности измерений через точку с запятой. Например, если показания мензурки (25 ± 3) мл, то в ответе следует записать «25;3».",Нет,Да
vpr_sd_945447,physics,11,"Исследовалась зависимость удлинения пружины от массы подвешенных к ней грузов. Результаты измерений представлены в таблице. Погрешности измерений величин m и x равнялись соответственно 0,01 кг и 0,01 м. Чему примерно равна жёсткость пружины? (Ответ дайте в Н/м с точностью до 20 Н/м.) m , кг | 0 | 0,1 | 0,2 | 0,3 | 0,4 | 0,5 // x , м | 0 | 0,02 | 0,04 | 0,04 | 0,07 | 0,08",Нет,Нет
vpr_sd_945497,physics,11,"В катушку индуктивности вносят магнит. При этом в её обмотке возникает индукционный ток. Вам необходимо исследовать, зависит ли направление индукционного тока, возникающего в катушке, от направления вектора магнитной индукции магнита. Имеется следующее оборудование (см. рис.): — катушка индуктивности; — амперметр (на шкале которого «0» посередине); — магнит; — соединительные провода. В ответе: 1. ",Нет,Да
vpr_sd_945926,physics,11,"Во сколько раз давление водяного пара при 40 градусах больше давления водяного пара при 0 градусах? Округлите до целых значений. Насыщенный пар — это пар , находящийся в термодинамическом равновесии с жидкостью или твёрдым телом того же состава . Давление насыщенного пара связано определённой для данного вещества зависимостью от температуры . Когда внешнее давление падает ниже давления насыщенного",Нет,Нет
vpr_sd_945927,physics,11,"В двух закрытых друг от друга комнатах разная температура насыщенного водяного пара. В первой комнате температура 10 градусов, во второй 25 градуса. Из какой комнаты в какую будет протекать пар через щель в дверном проеме? Ответ поясните. Насыщенный пар — это пар , находящийся в термодинамическом равновесии с жидкостью или твёрдым телом того же состава . Давление насыщенного пара связано определён",Нет,Нет
vpr_sd_945404,physics,11,"Шесть металлических брусков (А, B, C, D, E, F) положили вплотную друг к другу, как показано на рисунке. Стрелки указывают направление теплопередачи от бруска к бруску. Температуры брусков в данный момент составляют 100 °C, 90 °C, 80 °C, 70 °C, 60 °C, 50 °C. Какой из брусков имеет температуру 90 °C?",Нет,Да
vpr_sd_945374,physics,11,"На столе с бортиком неподвижно лежит груз, который упирается в бортик стола. К грузу приложена сила, направленная в сторону бортика, в который он упирается. Нарисуйте все силы, действующие на груз. Трением пренебречь.",Нет,Да
vpr_sd_945506,physics,11,"Под колокол воздушного насоса поместили слегка надутый и завязанный шарик. По мере выкачивания воздуха из-под колокола шарик раздувается (см. рис.). Как изменяются при этом объём воздуха в шарике, его давление и плотность? Для каждой величины определите соответствующий характер её изменения: 1) увеличится; 2) уменьшится; 3) не изменится. Объем воздуха в шарике | Давление воздуха в шарике | Плотнос",Нет,Да
vpr_sd_945542,physics,11,"Положительно заряженный электроскоп (1) соединили с незаряженным электроскопом (2) металлическим стержнем. В результате эксперимента: 1) второй электроскоп останется незаряженным; 2) оба электроскопа зарядятся отрицательно; 3) первый электроскоп останется положительно заряженным, второй зарядится отрицательно; 4) оба электроскопа зарядятся положительно, у первого электроскопа уменьшится электричес",Нет,Да
vpr_sd_945263,physics,11,"Чему равно сопротивление вольфрамого проводника с длинной 100 м и площадью поперечного сечения 1 мм 2 ? Удельное сопротивление вольфрама равно 0,055 Ом · мм 2 /м.",Нет,Нет
vpr_sd_945566,physics,11,"Вам необходимо исследовать, как зависит растяжение пружины от приложенной силы. Имеется следующее оборудование: 1) штатив с муфтой и лапкой 2) динамометр с пределом измерений 5 Н 3) набор из 4 грузов по 100 г 4) набор из двух пружин Опишите порядок проведения исследования. В ответе: 1. Зарисуйте или опишите экспериментальную установку. 2. Опишите порядок действий при проведении исследования.",Нет,Нет
vpr_sd_946052,physics,11,"Установите соответствие между примерами и физическими явлениями, которые эти при-меры иллюстрируют. Для каждого примера проявления физических явлений из первого столбца подберите соответствующее название физического явления из второго столбца. ПРИМЕРЫ А) свет от лампочки освещает комнату Б) отливы воды в море ФИЗИЧЕСКИЕ ЯВЛЕНИЯ 1) гравитация Земли 2) накопление электрического заряда в атмосфере 3)",Нет,Нет
vpr_sd_945493,physics,11,"Рентгеновские лучи Рентгеновское излучение − это электромагнитные волны, энергия фотонов которых лежит на шкале электромагнитных волн между ультрафиолетовым излучением и гамма-излучением. Рентгеновские лучи возникают всегда, когда движущиеся с высокой скоростью электроны тормозятся материалом анода (например, в газоразрядной трубке низкого давления). Часть энергии, не рассеивающаяся в форме тепла,",Нет,Да
vpr_sd_945166,physics,11,"Эхолот Встречается несколько названий эхолота: сонар, гидролокатор. Сонар — это сокращение от трёх английских слов «звук», «передвижение», «расположение». Эхолот состоит из передатчика, преобразователя, приёмника и дисплея. Передатчик испускает звуковую волну ультразвукового диапазона (например, 50 кГц, 192 кГц), которая, распространяясь в воде, отражается от преград на своём пути и, возвращаясь о",Нет,Да
vpr_sd_945513,physics,11,"Прочитайте перечень понятий, с которыми Вы сталкивались в курсе физики. Электромагнитная индукция, сила, гравитационное притяжение, масса, плавание тел, скорость, объём, плавление льда. Разделите эти понятия на две группы по выбранному Вами признаку. Запишите в таблицу название каждой группы и понятия, входящие в эту группу. Название группы понятий | Перечень понятий // | // |",Нет,Да
vpr_sd_945287,physics,11,"Автомобиль движется по прямой улице. На графике представлена зависимость его ускорения от времени. Выберите два утверждения, которые верно описывают движение автомобиля, и запишите номера, под которыми они указаны. 1) Первые 2 с автомобиль движется равноускоренно. 2) В период 2-4 с автомобиль не набирает и не сбрасывает скорость. 3) В период 4-8 с автомобиль движется с постоянной скоростью. 4) За ",Нет,Нет
vpr_sd_945528,physics,11,"Воздушный шар равномерно поднимается вверх. На основании какого (каких) закона (законов) осуществляется этот подъём? Изобразите графически силу (силы), действующую (действующие) на воздушный шар.",Нет,Да
vpr_sd_945644,physics,11,"Выберите из предложенного списка условия, наиболее сильно влияющие на планирование строительства атомной электростанции в данной местности: 1) большое количество солнечных дней в году; 2) сейсмические характеристики местности; 3) близость к месту добычи полезных ископаемых; 4) ровный рельеф местности; 5) близость к источнику водоснабжения; 6) открытые возвышенные места и ветер определённой скорост",Нет,Нет
vpr_sd_945520,physics,11,"Опыт по обнаружению элементарного заряда был проведён Р. Милликеном и А. Ф. Иоффе: маленькие капли масла, заряженные отрицательно, распылялись в электрическом поле между двумя заряженными пластинами. Маленькие капли масла «зависали» в электрическом поле. По результатам опыта нижняя пластина была: 1) отрицательно заряжена 2) положительно заряжена 3) не заряжена Выберите правильный ответ и зарисуйте",Нет,Да
vpr_sd_945465,physics,11,"Из населённого пункта выходит прямолинейная дорога, вдоль которой проложена линия электропередачи. Группа ремонтников выехала на место повреждения ЛЭП в 15 км от населённого пункта. До места поломки они ехали с постоянной скоростью 60 км/ч, ремонт занял 45 мин, обратно они возвращались с постоянной скоростью 45 км/ч. Изобразите график зависимости их координаты от времени, приняв за начало координа",Нет,Нет
vpr_sd_945236,physics,11,"Давление жидкости или газа в замкнутом объеме измеряют при помощи манометра. Погрешность измерения давления при помощи данного манометра равна его цене деления. Запишите в ответ показания давления в мегапаскалях (МПа, MPA) с учётом погрешности измерений через точку с запятой. Например, если показания манометра (51,0 ± 0,5) МПА, то в ответе следует записать «51,0;0,5».",Нет,Да
vpr_sd_945450,physics,11,"На графике представлены результаты измерения количества теплоты Q , затраченного на нагревание 1 кг некоторого вещества, при различных значениях температуры t этого вещества. Погрешность измерения количества теплоты Δ Q = ±500 Дж, температуры Δ t = ±2 К Согласно этим измерениям, удельная теплоёмкость вещества примерно равна 1) 2) 3) 4)",Нет,Да
vpr_sd_945288,physics,11,"Установите соответствие между примерами и физическими явлениями, которые эти при-меры иллюстрируют. Для каждого примера проявления физических явлений из первого столбца подберите соответствующее название физического явления из второго столбца. ПРИМЕРЫ А) свет от лампочки освещает комнату Б) Предмет, брошенный вверх, падает на землю ФИЗИЧЕСКИЕ ЯВЛЕНИЯ 1) гравитация Земли 2) более теплые тела нагрев",Нет,Нет
vpr_sd_945212,physics,11,"Во сколько раз удельное объемное сопротивление трансформаторного масла больше фарфора? Ответ округлите до целых. Электроизоляционными называются вещества — диэлектрики, обладающие ничтожной электрической проводимостью, способные поляризоваться в электрическом поле . В них возможно длительное существование электростатического поля и накопление потенциальной электрической энергии. У электроизоляцион",Нет,Нет
vpr_sd_945213,physics,11,"Является ли шеллак диэлектриком? Ответ поясните. Электроизоляционными называются вещества — диэлектрики, обладающие ничтожной электрической проводимостью, способные поляризоваться в электрическом поле . В них возможно длительное существование электростатического поля и накопление потенциальной электрической энергии. У электроизоляционных материалов желательны большое удельное объёмное сопротивлени",Нет,Нет
vpr_sd_945504,physics,11,При вытекании воздуха из надутого воздушного шарика он приходит в движение (см. рис.). Как называется такой вид движения в физике?,Нет,Да
vpr_sd_945172,physics,11,"Идеальный одноатомный газ участвует в процессах 1−2−3 (см. график), где V — объём газа, Т — абсолютная температура. Масса газа не изменяется. Определите, как изменяется в процессе 1−2 внутренняя энергия газа: 1) увеличивается 2) уменьшается 3) не изменяется",Нет,Да
vpr_sd_945901,physics,11,"Вам необходимо исследовать, как зависит период колебаний пружинного маятника от массы груза. Имеется следующее оборудование: — секундомер электронный; — набор из трёх пружин разной жесткости; — набор из пяти грузов по 100 г; — штатив с муфтой и лапкой. Опишите порядок проведения исследования. В ответе: 1. Зарисуйте или опишите экспериментальную установку. 2. Опишите порядок действий при проведении",Нет,Да
vpr_sd_945910,physics,11,"По таблице найдите вещество с самой большой критической температурой. Жидкое состояние обычно считают промежуточным между твёрдым телом и газом: газ не сохраняет ни объём, ни форму, а твёрдое тело сохраняет и то, и другое. Форма жидких тел может полностью или отчасти определяться тем, что их поверхность ведёт себя как упругая мембрана. Так, вода может собираться в капли. Но жидкость способна течь ",Нет,Да
vpr_sd_945228,physics,11,"Прочитайте перечень понятий, с которыми вы сталкивались в курсе физики: волны, тяготение, ускорение, растворение, угловая скорость, момент силы. Разделите эти понятия на две группы по выбранному вами признаку. Запишите в таблицу название каждой группы и понятия, входящие в эту группу. Название группы понятий | Перечень понятий // | // |",Нет,Да
vpr_sd_946029,physics,11,"Выберите два утверждения, которые верно описывают движение автомобиля, и запишите номера, под которыми они указаны: 1) Максимальная скорость автомобиля за весь период наблюдения составляет 72 км/ч. 2) Автомобиль не двигался равноускоренно, с уменьшением скорости. 3) Минимальный модуль ускорения автомобиля 1 м/с 2 . 4) Автомобиль остановился через 60 с. 5) Через 10 с автомобиль остановился и поехал",Нет,Нет
vpr_sd_945195,physics,11,"Прочитайте текст и вставьте пропущенные слова: 1) увеличивается 2) уменьшается 3) не изменяется Слова в ответах могут повторяться. Парашютист с раскрытым парашютом спускается с постоянной скоростью. По мере спуска кинетическая энергия парашютиста ____________ , потенциальная энергия парашютиста относительно поверхности Земли _____________. В рамках описанной системы, полная механическая энергия си",Нет,Нет
vpr_sd_945282,physics,11,"Шесть металлических брусков (А, B, C, D, E, F) положили вплотную друг к другу, как показано на рисунке. Стрелки указывают направление теплопередачи от бруска к бруску. Температуры брусков в данный момент составляют 100 °C, 80 °C, 60 °C, 40 °C, 20 °C, 10 °C. Какой из брусков имеет температуру 60 °C?",Нет,Да
vpr_sd_945464,physics,11,"Атомы некоторого газа могут находиться в трёх энергетических состояниях, энергетическая диаграмма которых показана на рисунке. Атом находится в состоянии с энергией E 2 . Фотон с какой энергией может поглотить атом этого газа? Ответ дайте в эВ.",Нет,Да
vpr_sd_945501,physics,11,"Воду, первоначальная температура которой равна 25 °C, нагревают на плитке неизменной мощности. Для нагревания воды до температуры кипения потребовалась энергия, равная 100 кДж. Далее на кипение воды было затрачено 40 кДж. Изобразите описанные процессы на графике зависимости температуры воды от полученной энергии.",Нет,Да
vpr_sd_945277,physics,11,"Чему равно сопротивление медного проводника с длинной 800 м и площадью поперечного сечения 6 мм 2 ? Удельное сопротивление меди равно 0,018 Ом · мм 2 /м.",Нет,Нет
vpr_sd_945573,physics,11,С помощью мерного цилиндра (мензурки) проводились измерения объёма тела. Шкала мензурки проградуирована в мл (1 мл = 1 см 3 ). Погрешность измерений объёма равна цене деления шкалы мерного цилиндра. Запишите в ответ показания мерного цилиндра в см 3 с учётом погрешности измерений. (В ответе запишите показания прибора и погрешность без пробелов и запятых. Например для случая (100 ± 5) см 3 в ответе,Нет,Да
vpr_sd_945624,physics,11,"Установите соответствие между примерами и физическими явлениями, которые эти примеры иллюстрируют. Для каждого примера проявления физических явлений из первого столбца подберите соответствующее название физического явления из второго столбца. ПРИМЕРЫ А) Полёт артиллерийского снаряда Б) Падение метеорита на поверхность Луны ФИЗИЧЕСКИЕ ЯВЛЕНИЯ 1) Движение по баллистической траектории в поле силы тяж",Нет,Нет
vpr_sd_945661,physics,11,"Паровая машина. В конце XVIII века в ряде стран Европы произошла промышленная революция, в основе которой было изобретение паровой машины. На схеме показан принцип её работы. Основным рабочим телом машины является пар, который образуется в котле и дальше по трубам подаётся в цилиндр, приводя в движение систему механизмов, необходимых для работы любого механического устройства. При этом могло повор",Нет,Да
vpr_sd_945510,physics,11,"Прочитайте перечень понятий, с которыми вы сталкивались в курсе физики: электроёмкость, паскаль, литр, энергия, генри, плотность. Разделите эти понятия на две группы по выбранному вами признаку. Запишите в таблицу название каждой группы и понятия, входящие в эту группу. Название группы понятий | Перечень понятий // | // |",Нет,Да
vpr_sd_945208,physics,11,"На неподвижный брус, приложенный к стене, действует сила, придавливающая его к стене и направленная перпендикулярно поверхности стены. Со временем, сила, придавливающая брус к стене, уменьшается, и груз начинает смещаться. Нарисуйте силы, действующие на брус и суммарное направление силы после начала его движения.",Нет,Да
vpr_sd_945387,physics,11,Какие частицы образуются при β − -распаде? 1) электрон 2) протон 3) нейтрино 4) позитрон,Нет,Нет
vpr_sd_945913,physics,11,"На рисунке изображены два одинаковых электрометра, шары которых имеют заряд противоположных знаков. Каковы будут показания обоих электрометров, если их шары соединить тонкой медной проволокой? Показания электрометра А | Показания электрометра Б // |",Нет,Да
vpr_sd_945409,physics,11,"Свет от источника, дающего линейчатый спектр, падает нормально на прозрачную дифракционную решётку, имеющую 400 штрихов на миллиметр. С помощью гониометра измеряют углы, под которыми видны дифракционные максимумы одной из линий в спектре источника. Зависимость угла от номера максимума представлена в таблице. Погрешность измерения угла Δφ = ±0,2°. k | 1 | 2 | 3 | 4 | 5 // | 10,0 | 20,5 | 31,5 | 44,",Нет,Нет
vpr_sd_945346,physics,11,"Установите соответствие между примерами и физическими явлениями, которые эти примеры иллюстрируют. Для каждого примера проявления физических явлений из первого столбца подберите соответствующее название физического явления из второго столбца. ПРИМЕРЫ А) наличие приливов в море Б) пар от кипящей воды ФИЗИЧЕСКИЕ ЯВЛЕНИЯ 1) магнитные свойства металлов 2) гравитация Луны 3) вещество поглощает излучени",Нет,Нет
vpr_sd_946111,physics,11,"Прочитайте текст и выполните задания 14 и 15. Гидролокатор Гидролока́тор — прибор для обнаружения объектов в водной среде (подводных аппаратов, рыбных скоплений, затонувших судов) и определения их координат, для записи рельефа морского дна, дистанционного исследования состава донных слоёв грунта и т. д. с помощью акустического излучения. По принципу действия гидролокаторы бывают: Пассивные — позво",Нет,Нет
vpr_sd_946050,physics,11,"Прочитайте перечень понятий, с которыми вы сталкивались в курсе физики: объем, поляризация, частота, плотность, испарение, перемещение. Разделите эти понятия на две группы по выбранному вами признаку. Запишите в таблицу название каждой группы и понятия, входящие в эту группу. Название группы понятий | Перечень понятий // | // |",Нет,Нет
vpr_sd_945375,physics,11,"Прочитайте текст и вставьте верные слова вместо пропусков. 1) Кинетическая 2) Потенциальная 3) Полная механическая Во время штрафного удара мяч полетел вверх, его __________ энергия переходит в __________.",Нет,Нет
vpr_sd_945355,physics,11,"Выберете верное утверждение. 1) Изохорный процесс — это термодинамический процесс, который происходит при постоянном объёме. 2) Изохорный процесс — это термодинамический процесс, который происходит при постоянном давлении. 3) Изотермический процесс — это термодинамический процесс, который происходит при постоянной температуре. 4) Изотермический процесс — термодинамический процесс в макроскопическо",Нет,Нет
vpr_sd_945262,physics,11,"На рисунке изображены три одинаковых электрометра. Шар электрометра А не заряжен, шар электрометра Б не заряжен, а шар электрометра В заряжен положительно и показывает заряд 3 ед.. Каковы будут показания электрометров А и Б, если их шары соединить тонкой медной проволокой шаром электрометра В ? Показания электрометра А | Показания электрометра Б // |",Нет,Да
vpr_sd_945645,physics,11,С помощью кистевого динамометра проводились измерения силы. Шкала динамометра проградуирована в деканьютонах (1 даН = 10 Н). Погрешность измерений силы равна цене деления шкалы кистевого динамометра. Запишите в ответ показания кистевого динамометра в ньютонах с учётом погрешности измерений. (В ответе запишите показания прибора и погрешность без пробелов и запятых. Например для случая (100 ± 5) Н в,Нет,Да
vpr_sd_945448,physics,11,"На графике представлены результаты измерения напряжения на реостате U при различных значениях сопротивления реостата R . Погрешность измерения напряжения Δ U = ±0,2 В, сопротивления Δ R = ±0,5 Ом. Выберите два утверждения, соответствующие результатам этих измерений. 1) С уменьшением сопротивления напряжение уменьшается. 2) При сопротивлении 2 Ом сила тока примерно равна 0,5 А. 3) При сопротивлении",Нет,Да
vpr_sd_946064,physics,11,"Прочитайте перечень понятий, с которыми вы сталкивались в курсе физики: деформация, колебания, масса, поляризация, энергия, угол. Разделите эти понятия на две группы по выбранному вами признаку. Запишите в таблицу название каждой группы и понятия, входящие в эту группу. Название группы понятий | Перечень понятий // | // |",Нет,Нет
vpr_sd_945351,physics,11,"Активность радиоактивного элемента за 12 часов уменьшилась в 8 раз, найдите период полураспада этого элемента в часах.",Нет,Нет
vpr_sd_945298,physics,11,"На рисунке изображены три одинаковых электрометра. Шар электрометра А не заряжен, шар электрометра Б не заряжен, а шар электрометра В заряжен положительно и показывает заряд 6 ед.. Каковы будут показания электрометров А и Б, если их шары соединить тонкой медной проволокой шаром электрометра В ? Показания электрометра А | Показания электрометра Б // |",Нет,Да
vpr_sd_945330,physics,11,"Силу тока измеряют при помощи амперметра. Погрешность измерения силы тока при помощи данного амперметра равна его цене деления. Запишите в ответ показания амперметра в mА с учётом погрешности измерений через точку с запятой. Например, если показания амперметра (6 ± 1) А, то в ответе следует записать «6;1».",Нет,Да
vpr_sd_945602,physics,11,"Вам необходимо исследовать, как зависит сила трения скольжения от силы нормального давления. Имеется следующее оборудование: 1) брусок с крючком 2) динамометры с пределом измерений 5 Н и 1 Н 3) набор из 4 грузов по 100 г 4) направляющая Опишите порядок проведения исследования. В ответе: 1. Зарисуйте или опишите экспериментальную установку. 2. Опишите порядок действий при проведении исследования.",Нет,Нет
vpr_sd_945660,physics,11,"Установите соответствие между примерами и физическими явлениями, которые эти примеры иллюстрируют. Для каждого примера проявления физических явлений из первого столбца подберите соответствующее название физического явления из второго столбца. ПРИМЕРЫ А) Спускаемый космический аппарат нагревается при вхождении в атмосферу Б) Парашют для торможения летательного аппарата при посадке ФИЗИЧЕСКИЕ ЯВЛЕНИ",Нет,Нет
vpr_sd_945197,physics,11,"Какой из приведенных в таблице диэлектриков обладает самой маленькой диэлектрической проницаемостью? Электроизоляционными называются вещества — диэлектрики, обладающие ничтожной электрической проводимостью, способные поляризоваться в электрическом поле . В них возможно длительное существование электростатического поля и накопление потенциальной электрической энергии. У электроизоляционных материал",Нет,Нет
vpr_sd_945511,physics,11,"Выберите два верных утверждения о физических величинах или понятиях. Запишите в ответ их номера. 1) Упругими называются деформации, которые исчезают после того, как действие внешних сил прекращается. 2) При равноускоренном движении тело за каждый час проходит одинаковые расстояния. 3) Кинетическая энергия тела зависит от высоты, на которой находится тело над поверхностью Земли. 4) Силой Ампера наз",Нет,Да
vpr_sd_945972,physics,11,"Имеется полый конус, который вращается вокруг своей оси с медленно уменьшающейся угловой скоростью. На внутренней поверхности конуса покоится груз массы m . В какой то момент груз начинает двигаться. Изобразите все силы, действующие на груз в этот момент и направление его движения.",Нет,Да
vpr_sd_945231,physics,11,"Прочитайте текст и вставьте слова, слова могут повторяться: 1) потенциальная энергия 2) скорость 3) полная механическая энергия Тележка без трения скатывается с горки с высоты h. По мере спуска __________ тележки растет, __________уменьшается, __________ остается постоянной.",Нет,Нет
vpr_sd_945369,physics,11,"Выберете верные утверждения. 1) Изохорный процесс — это термодинамический процесс, который происходит при постоянном объёме. 2) Изохорный процесс — это термодинамический процесс, который происходит при постоянном давлении. 3) Адиабатический процесс — это термодинамический процесс, который происходит при постоянной температуре. 4) Адиабатический процесс — термодинамический процесс в макроскопическо",Нет,Нет
vpr_sd_945428,physics,11,"Математический маятник отклонили от положения равновесия и в начальный момент времени отпустили. Маятник стал колебаться с амплитудой 4 см и периодом 2 с. В момент времени 5 с под точкой подвеса маятника поставили вертикальную стенку, от которой груз стал абсолютно упруго отскакивать. Изобразите график зависимости горизонтальной координаты груза маятника от времени, приняв за начало координат поло",Нет,Нет
vpr_sd_945161,physics,11,"Основная характеристика электрического утюга — мощность. Чем больше его мощность, тем лучше он справляется с любыми тканями. При мощности в 1760 Вт утюг отлично разгладит сильно смятые ткани. Определите силу тока, протекающего через утюг при включении его в городскую сеть с напряжением в 220 В. Запишите формулы и сделайте расчёты.",Нет,Да
vpr_sd_945186,physics,11,"Промежутки времени измеряют при помощи секундомера. Погрешность измерения времени при помощи данного секундомера равна его цене деления. Запишите в ответ показания секундомера в секундах (С) с учётом погрешности измерений через точку с запятой. Например, если показания секундомера (5,2 ± 0,1) С, то в ответе следует записать «5,2;0,1».(Показания малого циферблата не учитывать)",Нет,Да
vpr_sd_945309,physics,11,"Вам необходимо исследовать, как зависит сила тока от сопротивления: — электрическая цепь; — набор из пяти одинаковых резисторов; — амперметр. Опишите порядок проведения исследования. В ответе: 1. Зарисуйте или опишите экспериментальную установку. 2. Опишите порядок действий при проведении исследования.",Нет,Нет
vpr_sd_946003,physics,11,"Прочитайте текст и выполните задания 14 и 15. Лампа накаливания Лампа накаливания — источник света, в котором происходит преобразование электрической энергии в световую в результате сильно нагретой металлической спирали при протекании через неё электрического тока. В лампе накаливания используется эффект нагревания проводника (нити накаливания) при протекании через него электрического тока (теплов",Нет,Нет
vpr_sd_946086,physics,11,"Прочитайте перечень понятий, с которыми вы сталкивались в курсе физики: скорость, температура, гравитация, диффузия, коэффициент упругости, колебания. Разделите эти понятия на две группы по выбранному вами признаку. Запишите в таблицу название каждой группы и понятия, входящие в эту группу. Название группы понятий | Перечень понятий // | // |",Нет,Нет
vpr_sd_946087,physics,11,"Автомобиль движется по прямому участку пути. На графике представлена зависимость его скорости от времени. Выберите два утверждения, которые верно описывают движение автомобиля, и запишите номера, под которыми они указаны. 1) Первые 10 с автомобиль движется равноускоренно, замедляясь. 2) Первые 20 с автомобиль двигался, не останавливаясь. 3) Максимальная скорость автомобиля за весь период наблюдени",Нет,Нет
vpr_sd_945244,physics,11,"Груз, расположенный на столе с бортиком, закреплен помощью нити А и тянется нитью Б. В какой то момент нить А перерезают. Изобразите все силы, действующие на груз до того, как нить перерезали. Что произойдет с грузом после того, как нить перережут? Трением пренебречь.",Нет,Да
vpr_sd_945505,physics,11,"Прочитайте текст и вставьте на место пропусков словосочетания из приведённого списка. 1) оставаться неподвижным 2) перемещаться вслед за магнитом 3) отталкиваться от магнита 4) совершать колебания 5) выдвигать из кольца 6) вдвигать в кольцо На рисунке изображён момент демонстрационного эксперимента по проверке правила Ленца, когда все предметы неподвижны. Южный полюс магнита находится внутри сплош",Нет,Да
vpr_sd_945168,physics,11,Ядро тория испытывает один альфа-распад. Какой будет второй продукт распада? В ответе укажите название химического элемента.,Нет,Да
vpr_sd_945331,physics,11,"Вам необходимо исследовать, как зависит напряжения от сопротивления: — электрическая цепь; — набор из пяти одинаковых резисторов; — вольтметр; Опишите порядок проведения исследования. В ответе: 1. Зарисуйте или опишите экспериментальную установку. 2. Опишите порядок действий при проведении исследования.",Нет,Нет
vpr_sd_945180,physics,11,"Установите соответствие между примерами и физическими явлениями, которые эти примеры иллюстрируют. Для каждого примера проявления физических явлений из первого столбца подберите соответствующее название физического явления из второго столбца. ПРИМЕРЫ А) воск от свечи остывает, если свеча не горит Б) гидроэлектростанции вырабатывают электричество ФИЗИЧЕСКИЕ ЯВЛЕНИЯ 1) диффузия 2) переход механическ",Нет,Нет
vpr_sd_946014,physics,11,"Прочитайте перечень понятий, с которыми вы сталкивались в курсе физики: плавление, вольт, гравитация, поляризация, ньютон, секунда. Разделите эти понятия на две группы по выбранному вами признаку. Запишите в таблицу название каждой группы и понятия, входящие в эту группу. Название группы понятий | Перечень понятий // | // |",Нет,Да
vpr_sd_946101,physics,11,"Автомобиль движется по прямому участку пути. На графике представлена зависимость его скорости от времени. Выберите два утверждения, которые верно описывают движение автомобиля, и запишите номера, под которыми они указаны: 1) Автомобиль не останавливался. 2) Первые 10 с автомобиль ехал равноускоренно, замедляясь. 3) Максимальный модуль ускорения автомобиля 4 м/с 2 . 4) Через 30 с автомобиль останов",Нет,Нет
vpr_sd_945622,physics,11,"На тело массой 2 кг действуют две постоянные силы (см. рис.). Определите ускорение, с которым движется это тело.",Нет,Да
vpr_sd_945267,physics,11,Прочитайте текст и вставьте пропущенные слова: 1) зависит 2) не зависит 3) зависит в некоторых случаях Слова в ответе могут повторяться. Потенциальная энергия тела в поле силы тяжести ____ от его положения относительно других тел. Потенциальная энергия тела в поле силы тяжести ____ от его массы. Потенциальная энергия тела в поле силы тяжести ____ от скорости движения.,Нет,Нет
vpr_sd_945173,physics,11,"Под колоколом воздушного насоса находится шарик с небольшим количеством воздуха. Воздух начинают откачивать из-под колокола. Шарик начинает раздуваться. Выберите три утверждения, которые верно характеризуют процесс, происходящий с газом в шарике под колоколом воздушного насоса. 1) В шарик закачали воздух. 2) Шарик нагрелся в процессе откачивания воздуха. 3) Уменьшилось давление воздуха под колокол",Нет,Да
vpr_sd_945650,physics,11,"Незаряженный электроскоп (1) соединили с заряженным электроскопом (2) пластмассовым стержнем. В результате эксперимента: 1) первый электроскоп останется незаряженным; 2) оба электроскопа зарядятся отрицательно; 3) второй электроскоп зарядится положительно; 4) оба электроскопа зарядятся отрицательно, у второго электроскопа уменьшится электрический заряд.",Нет,Да
vpr_sd_945426,physics,11,"С помощью монохроматора дифракционную решетку с периодом 1,8 мкм освещают нормально пучком света. Длину волны варьируют от 400 до 800 нм. Изобразите график зависимости максимального количества интерференционных максимумов дифракционной решётки в зависимости от длины волны света.",Нет,Нет
vpr_sd_945914,physics,11,"Расположите виды электромагнитных волн, излучаемых Солнцем, в порядке возрастания их частоты. Запишите в ответе соответствующую последовательность цифр. 1) рентгеновское излучение 2) инфракрасное излучение 3) видимое излучение",Нет,Нет
vpr_sd_945344,physics,11,"Длину стороны кубика измерили при помощи линейки. Погрешность измерения длины при помощи данной линейки равна ее цене деления. Запишите в ответ показания линейки в мм с учётом погрешности измерений через точку с запятой. Например, если показания линейки (25 ± 3) см, то в ответе следует записать «25;3».",Нет,Да
vpr_sd_945367,physics,11,"Вам необходимо исследовать, как зависит время нагревания жидкости от ее массы: — секундомер; — весы; — емкость с жидкостью; — нагреватель; — термометр. Опишите порядок проведения исследования. В ответе: 1. Зарисуйте или опишите экспериментальную установку. 2. Опишите порядок действий при проведении исследования.",Нет,Нет
vpr_sd_945176,physics,11,"Во сколько раз давление водяного пара при 85 градусах больше давления водяного пара при 60 градусах? Округлите до целых значений. Насыщенный пар — это пар , находящийся в термодинамическом равновесии с жидкостью или твёрдым телом того же состава . Давление насыщенного пара связано определённой для данного вещества зависимостью от температуры . Когда внешнее давление падает ниже давления насыщенног",Нет,Нет
vpr_sd_945177,physics,11,"В двух закрытых друг от друга комнатах разная температура насыщенного водяного пара. В первой комнате температура 40 градусов, во второй 0 градусов. Из какой комнаты в какую будет протекать пар через щель в дверном проеме? Ответ поясните. Насыщенный пар — это пар , находящийся в термодинамическом равновесии с жидкостью или твёрдым телом того же состава . Давление насыщенного пара связано определён",Нет,Нет
vpr_sd_945174,physics,11,"Имеются два одинаковых проводящих шарика. Одному из них сообщили электрический заряд +8 q , другому −4 q . Затем шарики привели в соприкосновение и развели на прежнее расстояние. После соприкосновения заряды у шариков стали: 1) −4 q и +4 q соответственно 2) одинаковыми и равными +2 q 3) одинаковыми и равными 0 4) +8 q и −8 q соответственно",Нет,Нет
vpr_sd_945599,physics,11,"Идеальный газ в молекулярной физике — это теоретическая модель газа, в которой размерами частиц газа можно пренебречь, средняя кинетическая энергия частиц газа во много раз больше потенциальной энергии их взаимодействия, столкновения частиц газа между собой и со стенками сосуда являются абсолютно упругими. Идеальный газ можно описать с помощью макро- и микропараметров. Выберите из предложенного сп",Нет,Нет
vpr_sd_945154,physics,11,Определите состав ядра изотопа кислорода-17 ( ). В ответе укажите количество протонов и нейтронов без знаков препинания.,Нет,Нет
vpr_sd_945469,physics,11,"На рисунке приведены спектры поглощения атомарных паров неизвестного вещества и трех известных элементов. По виду спектров можно утверждать, что неизвестное вещество содержит в заметном количестве атомы 1) только стронция (Sr) и кальция (Са) 2) только натрия (Na) и стронция (Sr) 3) только стронция (Sr), кальция (Са) и натрия (Na) 4) стронция (Sr), кальция (Са), натрия (Na) и других элементов",Нет,Да
vpr_sd_945299,physics,11,"Чему равно сопротивление медного проводника с длинной 400 м и площадью поперечного сечения 4 мм 2 ? Удельное сопротивление меди равно 0,018 Ом · мм 2 /м.",Нет,Нет
vpr_sd_946023,physics,11,"Вам необходимо исследовать изменение длины пружины, закрепленной между осью вращающегося стола и тележкой, в зависимости от скорости вращения поворотного стола: — секундомер; — поворотный стол с электродвигателем и регулятором скорости вращения; — рулетка; — тележка; — три пружины разной жесткости пружины. Опишите порядок проведения исследования. В ответе: 1. Зарисуйте или опишите экспериментальну",Нет,Нет
vpr_sd_946017,physics,11,"Прочитайте текст и выполните задания 14 и 15. Двигатель внутреннего сгорания Главная особенность любого двигателя внутреннего сгорания состоит в том, что топливо воспламеняется непосредственно внутри его рабочей камеры, а не в дополнительных внешних носителях. В процессе работы химическая и тепловая энергия от сгорания топлива преобразуется в механическую работу. Принцип работы ДВС основан на физи",Нет,Да
vpr_sd_945183,physics,11,"Какие свойства уменьшаются у водяного насыщенного пара с ростом температуры? Насыщенный пар — это пар , находящийся в термодинамическом равновесии с жидкостью или твёрдым телом того же состава. Давление насыщенного пара связано определённой для данного вещества зависимостью от температуры . Когда внешнее давление падает ниже давления насыщенного пара, происходит кипение (жидкости) или возгонка (тв",Нет,Нет
vpr_sd_945214,physics,11,"Прочитайте перечень понятий, с которыми вы сталкивались в курсе физики: частота, колебания, момент импульса, магнитный поток, интерференция, магнетизм. Разделите эти понятия на две группы по выбранному вами признаку. Запишите в таблицу название каждой группы и понятия, входящие в эту группу. Название группы понятий | Перечень понятий // | // |",Нет,Да
vpr_sd_945388,physics,11,"На столе лежит груз, к которому прикреплена нерастяжимая нить, за которую тянут в направлении края стола. Как направлены силы действующие на груз, лежащий на столе, если груз начал движение. Куда направлена суммарная сила.",Нет,Да
vpr_sd_945525,physics,11,"Прочитайте текст и вставьте пропущенные слова. Слова в ответе могут повторяться. 1) уменьшается 2) увеличивается 3) не изменяется Шар, движущийся по гладкому горизонтальному столу с некоторой скоростью, налетел на такой же покоящийся шар. В результате столкновения первый шар остановился. Импульс первого шара __________, импульс второго шара __________, импульс системы двух шаров __________.",Нет,Да
vpr_sd_945240,physics,11,"На рисунке изображены три одинаковых электрометра. Шар электрометра А не заряжен, шар электрометра Б заряжен положительно и показывает заряд 6 ед., шар электрометра В не заряжен. Каковы будут показания электрометров А и Б, если их шары соединить тонкой медной проволокой шаром электрометра В ? Показания электрометра А | Показания электрометра Б // |",Нет,Да
vpr_sd_944895,physics,11,"Для определения ускорения свободного падения на поверхности планеты космонавты исследовали зависимость периода ( T ) колебания небольшого груза от длины подвеса ( L ). Результаты измерений представлены в таблице. Погрешность измерения длины Δ L = ±1 см, периода Δ T = ±0,05 с. L , см | 60 | 80 | 100 | 120 | 140 | 160 // T , с | 2,5 | 2,9 | 3,2 | 3,5 | 3,8 | 4,1 Согласно этим измерениям, ускорение с",Нет,Нет
vpr_sd_945646,physics,11,"Установите соответствие между примерами и физическими явлениями, которые эти примеры иллюстрируют. Для каждого примера проявления физических явлений из первого столбца подберите соответствующее название физического явления из второго столбца. ПРИМЕРЫ А) Стерилизация медицинских инструментов в автоклаве под давлением выше атмосферного Б) Ощущение холода после купания, душа ФИЗИЧЕСКИЕ ЯВЛЕНИЯ 1) Кип",Нет,Нет
vpr_sd_945289,physics,11,"Прочитайте текст и выполните задания 14 и 15. Микрофон Микрофон — электроакустический прибор, преобразующий акустические колебания в электрический сигнал. Принцип работы микрофона заключается в том, что давление звуковых колебаний воздуха, воды или твёрдого вещества действует на тонкую мембрану микрофона. В свою очередь, колебания мембраны возбуждают электрические колебания; в зависимости от типа ",Нет,Да
vpr_sd_945596,physics,11,"Троллейбус движется по улице. На графике представлена зависимость его скорости от времени. Выберите два утверждения, которые верно описывают движение автомобиля. Запишите в ответ их номера. 1) В течение первых 5 секунд троллейбус двигался с постоянной по модулю скоростью. 2) Во время торможения троллейбус двигался с ускорением, равным по модулю 4 м/с 2 . 3) Троллейбус стоял в течение 15 секунд на ",Нет,Нет
vpr_sd_945160,physics,11,"Тело бросили под углом к горизонту с поверхности земли с начальной скоростью. Сопротивлением воздуха пренебречь. Изобразите силу тяжести, действующую на это тело на различных участках траектории. Запишите формулу, с помощью которой можно рассчитать силу тяжести, и назовите все величины, входящие в эту формулу.",Нет,Да
vpr_sd_945649,physics,11,"Плотность газа в закрытом сосуде можно увеличить, если: 1) не меняя объём и массу газа, сильно его нагреть; 2) не меняя температуру и массу газа, сильно его сжать; 3) не меняя температуру и объём газа, дополнительно ввести некоторую массу газа в сосуд; 4) не меняя массу газа, сильно его сжать и нагреть; 5) не меняя объём, выпустить часть газа и охладить его; 6) не меняя массу газа, увеличить его о",Нет,Нет
vpr_sd_945401,physics,11,Что происходит с ядром при β + -распаде? 1) Заряд ядра увеличивается на единицу 2) Заряд ядра уменьшается на 2 единицы 3) Заряд уменьшается на 1 единицу 4) Массовое число увеличивается на 2 единицы,Нет,Нет
vpr_sd_945371,physics,11,"Два проводника соединены последовательно. Сопротивление на одном R 1 = 20 Ом, на другом R 2 = 15 Ом. Напряжение и сила тока равны U 1 , U 2 , I 1 , I 2 соответственно. Общие напряжение и сила тока равны U , I соответственно. Посчитайте значение U 1 , U 2 , если общая сила тока равна 5 А.",Нет,Нет
vpr_sd_945503,physics,11,"С помощью барометра проводились измерения атмосферного давления. Верхняя шкала барометра проградуирована в мм рт. ст., а нижняя шкала – в гПа (см. рис.). Погрешность измерений давления равна цене деления шкалы барометра. Чему равны показания барометра в мм рт. ст. с учётом погрешности измерений. В ответе укажите значение с учётом погрешности измерений через точку с запятой. Например, если показани",Нет,Да
vpr_sd_945295,physics,11,"Вам необходимо исследовать, как зависит емкость конденсатора от площади обкладок. Имеется следующее оборудование: — мультиметр; — набор из четырех конденсаторов с разными обкладками, но одинаковым расстоянием между ними; — линейка; — источник постоянного напряжения. Опишите порядок проведения исследования. В ответе: 1. Зарисуйте или опишите экспериментальную установку. 2. Опишите порядок действий ",Нет,Нет
vpr_sd_945875,physics,7,"В таблице даны плотности некоторых твёрдых веществ. Если вырезать из этих веществ сплошные (без полостей внутри) кубики, то какие кубики смогут плавать в меде? Плотность меда — 1350 кг/м 3 . Название вещества | Плотность вещества, кг/м 3 // Оргстекло | 1200 // Сахар | 1600 // Лед | 900 // Алюминий | 2700 // Латунь | 8500 В ответе напишите названия веществ без запятых или других символов .",Нет,Нет
vpr_sd_945707,physics,7,"В воде плавают шарики из парафина, дерева, алюминия и пенопласта. Какие шарики будут погружены в воду меньше чем на половину своего объёма? Название вещества | Плотность вещества, кг/м 3 // Парафин | 900 // Вода | 1000 // Сосна | 400 // Пенопласт | 25 // Алюминий | 2700 В ответе напишите названия соответствующих веществ.",Нет,Нет
vpr_sd_945867,physics,7,"В таблице даны плотности некоторых жидкостей. Если сделать из эбонита сплошной (без полостей внутри) шарик, то в каких жидкостях этот шарик утонет? Плотность эбонита — 1140 кг/м 3 . Название вещества | Плотность вещества, кг/м 3 // Мед | 1350 // Бензин | 740 // Глицерин | 1260 // Сок апельсиновый | 1043 // Нефть | 2300 В ответе напишите названия веществ без запятых или других символов .",Нет,Нет
vpr_sd_945856,physics,7,"В таблице даны плотности некоторых твёрдых веществ. Из них изготовили сплошные шарики (без полостей внутри) одинакового объема. Назовите материалы, из которых получится самый тяжелый и самый легкий шарик. Название вещества | Плотность вещества, кг/м 3 // Свинец | 11400 // Золото | 19300 // Серебро | 11500 // Бронза | 8200 // Палладий | 12160 В ответе напишите названия веществ без запятых или други",Нет,Нет
vpr_sd_945668,physics,7,"Три одинаковых сосуда до краёв наполнены водой (см. рис.). В одном плавает кусок дерева, а в другом лежит металлический брусок такого же объёма. В каком сосуде наибольшее количество воды, а в каком — наименьшее? В ответе сперва запишите номер сосуда с наименьшим количеством воды, а затем номер сосуда с наибольшим количеством воды.",Нет,Нет
vpr_sd_945860,physics,7,"В таблице даны плотности некоторых твёрдых веществ. Из каких материалов надо сделать сплошной (без полостей внутри) шарик, чтобы он не утонул в ртути? Плотность ртути — 13600 кг/м 3 . Название вещества | Плотность вещества, кг/м 3 // Вольфрам | 19000 // Золото | 19300 // Иридий | 22400 // Свинец | 11300 // Серебро | 10500 В ответе напишите названия веществ без запятых или других символов .",Нет,Нет
vpr_sd_945912,physics,7,"В таблице даны плотности некоторых твёрдых веществ. Если вырезать из этих веществ сплошные (без полостей внутри) кубики, то какие кубики смогут плавать в воде? Плотность воды — 1000 кг/м 3 . Название вещества | Плотность вещества, кг/м 3 // Алюминий | 2700 // Парафин | 900 // Плексиглас | 1200 // Фарфор | 2300 // Сосна | 400 В ответе напишите названия веществ без запятых или других символов .",Нет,Нет
vpr_sd_945868,physics,7,"В таблице даны плотности некоторых твёрдых веществ. Если вырезать из этих веществ сплошные (без полостей внутри) кубики, то какие кубики утонут в ртути? Плотность ртути — 13600 кг/м 3 . Название вещества | Плотность вещества, кг/м 3 // Чугун ковкий | 7000 // Латунь | 8800 // Золото | 19300 // Палладий | 12160 // Платина | 21450 В ответе напишите названия веществ без запятых или других символов .",Нет,Нет
vpr_sd_945861,physics,7,"В таблице даны плотности некоторых твёрдых веществ. Если вырезать из этих веществ сплошные (без полостей внутри) кубики, то какие кубики смогут плавать в воде? Плотность воды — 1000 кг/м 3 . Название вещества | Плотность вещества, кг/м 3 // Бетон | 2300 // Оргстекло | 1200 // Пробка | 240 // Лед | 900 // Капрон | 1100 В ответе напишите названия веществ.",Нет,Нет
vpr_sd_945725,physics,7,"В таблице даны плотности некоторых твёрдых веществ. Если вырезать из этих веществ кубики (сплошные, без полости внутри), то какие их них утонут в воде? Плотность воды — 1000 кг/м 3 . Название вещества | Плотность вещества, кг/м 3 // Алюминий | 2700 // Парафин | 900 // Фарфор | 2300 // Сосна | 400 В ответе напишите названия соответствующих веществ.",Нет,Нет
vpr_sd_946175,physics,7,"Установите соответствие между приборами и физическими величинами, которые они измеряют. Для каждого прибора в первом столбце укажите соответствующую физическую величину из второго столбца. ПРИБОРЫ | | ФИЗИЧЕСКИЕ ВЕЛИЧИНЫ // А) термометр Б) динамометр В) ареометр | | 1) плотность 2) объём 3) атмосферное давление 4) температура 5) сила",Нет,Нет
vpr_sd_945686,physics,7,"Два тела движутся вдоль оси 0 x . На рисунке представлены графики зависимости координат x этих тел от времени t . Используя данные графика, выберите из предложенного перечня два верных утверждения. Укажите их номера. 1) Скорость второго тела больше скорости первого. 2) Скорость второго тела меньше скорости первого. 3) В момент времени 2 с их скорости были одинаковы. 4) В момент времени 2 с тела вс",Нет,Нет
vpr_sd_945718,physics,7,"На рисунке изображены четыре одинаковых бруска, составленных попарно, как показано на рисунке. Выберите два правильных утверждения и запишите их номера. 1) В обоих случаях бруски оказывают одинаковое давление на стол. 2) В первом случае давление брусков на стол больше. 3) В первом случае давление брусков на стол меньше. 4) Сила давления брусков на стол одинакова в обоих случаях. 5) Сила давления б",Нет,Нет
vpr_sd_945832,physics,7,"Мальчик ехал на велосипеде, крутя педали. Когда он перестал их крутить, он продолжал движение еще некоторое время. Как называется свойство тел по-разному менять свою скорость при взаимодействии? Дайте определение массы тела.",Нет,Нет
vpr_sd_945742,physics,7,"Железнодорожный состав длиной в 1 км прошёл бы мимо столба за 1 мин., а через туннель (от входа локомотива до выхода последнего вагона) при той же скорости — за 3 мин. Какова длина туннеля (в км)?",Нет,Нет
vpr_sd_945848,physics,7,"Гусеничный трактор ТГ-69Е массой 6630 кг имеет опорную площадь обеих гусениц 1,5 м 2 . Определите давление этого трактора на почву. Ответ выразите в килопаскалях.",Нет,Нет
vpr_sd_945794,physics,7,"Будет ли рычаг, изображенный на рисунке, находиться в равновесии?",Нет,Нет
vpr_sd_945664,physics,7,В воздухоплавании употребляются особые резервуары для газов — переносные газгольдеры. Оболочка газгольдеров состоит из прорезиненной материи и не должна пропускать газ. Однако некоторая утечка газа всегда происходит. Чем объясняется эта утечка газа? Какое физическое явление иллюстрирует этот пример?,Нет,Нет
vpr_sd_945798,physics,7,"В воздух запущен шар объёмом 50 м 3 , наполненный гелием. Найдите подъёмную силу шара. Ускорение свободного падения 10 Н/кг. Плотность гелия 0,18 кг/м 3 . Плотность воздуха 1,3 кг/м 3 .",Нет,Нет
vpr_sd_945697,physics,7,"Башенный кран равномерно поднимает стальную балку длиной 5 м и сечением 0,01 м2 на высоту 60 м. Найдите работу, совершаемую краном. Плотность стали равна 7800 кг/м 3 .",Нет,Нет
vpr_sd_945895,physics,7,Установите соответствие между физическими величинами и размерностями в системе СИ. К каждой позиции первого столбца подберите соответствующую позицию второго. ФИЗИЧЕСКИЕ ВЕЛИЧИНЫ | | РАЗМЕРНОСТИ // А) вес тела Б) работа силы В) масса тела | | 1) кг 2) Дж 3) Н 4) м Запишите в таблицу выбранные цифры под соответствующими буквами: А | Б | В // | |,Нет,Нет
vpr_sd_945884,physics,7,"На рисунке представлен график зависимости проекции скорости от времени для прямолинейно движущегося тела. Используя данные графика, выберите из предложенного перечня два верных утверждения. Укажите их номера. 1) На участке ОА тело увеличивало скорость. 2) В момент времени t 2 модуль скорости тела был равен нулю. 3) В промежуток времени от t 1 до t 2 тело изменило направление движения на противопол",Нет,Нет
vpr_sd_945829,physics,7,"У Ольги были плохо заточенные коньки, на которых было тяжело кататься по льду. Папа заточил коньки, и Ольге стало легче кататься. Чем это объясняется? Какой формулой описывается?",Нет,Нет
vpr_sd_945853,physics,7,"Кабина лифта движется относительно противовеса со скоростью 2 м/с. С какой скоростью кабина лифта движется относительно стенок шахты? С какой скоростью противовес движется относительно стенок шахты? Кабина и противовес связаны нерастяжимым тросом. Запишите в ответ два числа подряд, без разделительных знаков.",Нет,Нет
vpr_sd_945763,physics,7,"Небольшую иголку вставили в пробку. Острый конец иголки находится на уровне нижнего края пробки, верхний — на уровне верхнего. Затем пробку поставили на 50-копеечную монету, и всю эту конструкцию поместили на деревянную доску. После этого по пробке резко ударили молотком, и иголка пробила монетку. Почему так произошло? Что показывает этот опыт?",Нет,Нет
vpr_sd_945777,physics,7,"Малый поршень гидравлического пресса площадью 4 см 2 под действием силы опустился на 20 см. Площадь большего поршня 10 см 2 . Определите: а) на какую высоту был поднят груз; б) вес груза, поднятого поршнем, если на малый поршень действовала сила 160 Н.",Нет,Нет
vpr_sd_945889,physics,7,Установите соответствие между физическими величинами и единицами этих величин в Международной системе единиц. ФИЗИЧЕСКАЯ ВЕЛИЧИНА | | ЗНАЧЕНИЕ ФИЗИЧЕСКОЙ ВЕЛИЧИНЫ В СИ // А) Потенциальная энергия Б) Механическая работа В) Мощность | | 1) Вт 2) Дж 3) Н 4) Па 5) В Запишите в таблицу выбранные цифры под соответствующими буквами: А | Б | В // | |,Нет,Нет
vpr_sd_945855,physics,7,"На рисунке представлен график зависимости координаты S от времени t для тела, двигавшегося вдоль оси 0x . Используя данные графика, выберите из предложенного перечня два верных утверждения. Укажите их номера. 1) В момент времени t 3 тело имело скорость 2 м/с. 2) В момент времени t 2 тело имело скорость равную 0. 3) В момент времени t 2 тело имело максимальную по модулю скорость. 4) На участке BС т",Нет,Нет
vpr_sd_945782,physics,7,"Почему кристаллические тела сохраняют свою форму и объём? Выберите два утверждения, которые верно объясняют сохранность формы и объёма кристаллических тел, и запишите номера, под которыми они указаны. 1) В расположении молекул кристалла отсутствует порядок. 2) Молекулы кристалла расположены упорядоченно. 3) Молекулы кристалла абсолютно неподвижны. 4) Молекулы кристалла колеблются около определённы",Нет,Нет
vpr_sd_945828,physics,7,"Павел нарезал половину колбасы тупым ножом, а потом взял острый нож. Оказалось, что острым ножом легче резать. Чем объясняется это явление? Какой формулой описывается?",Нет,Нет
vpr_sd_946168,physics,7,"Дима с отцом собираются передвинуть шкаф. Дима может толкать шкаф с силой F 1 = 100 H, а отец — с силой F 2 = 500 H. Наибольшая сила трения шкафа о пол равна 700 H. Справятся ли отец с Димой с поставленной перед ними задачей? Ответ обоснуйте.",Нет,Нет
vpr_sd_945770,physics,7,"«Змейку», вырезанную по спирали из бумаги и посаженную на вязальную спицу, поместили над зажжённой газовой плитой, и она начала вертеться. Почему так происходит? Какое физическое явление иллюстрирует этот опыт?",Нет,Нет
vpr_sd_945833,physics,7,"Определите мощность двигателя, совершающего в течение часа работу 18 000 кДж.",Нет,Нет
vpr_sd_945716,physics,7,Установите соответствие между физическими величинами и единицами измерения этих величин в системе СИ. Для каждой физической величины из первого столбца подберите соответствующую единицу измерения из второго столбца. ФИЗИЧЕСКИЕ ВЕЛИЧИНЫ | | ЕДИНИЦЫ ИЗМЕРЕНИЯ // А) масса Б) мощность В) работа | | 1) градус (°С) 2) килограмм (кг) 3) ватт (Вт) 4) ньютон (Н) 5) джоуль (Дж) Запишите в таблицу выбранные ,Нет,Нет
vpr_sd_945852,physics,7,"На рисунке представлен график зависимости координаты S от времени t для тела, двигавшегося вдоль оси 0x . Используя данные графика, выберите из предложенного перечня два верных утверждения. Укажите их номера. 1) В момент времени t 3 тело имело максимальную по модулю скорость. 2) В момент времени t 2 тело имело максимальную по модулю скорость. 3) Перемещение тела за промежуток времени от 0 до t 2 р",Нет,Нет
vpr_sd_946173,physics,7,В таблице указаны значения давления газа и соответствующие им значения температуры. Газ находился в закрытом металлическом баллоне. Выберите из предложенного перечня два верных утверждения и запишите их номера. Давление (Па) | Температура (°С) // 100 000 | 72 // 103 000 | 80 // 95 000 | 40 1) С увеличением температуры давление газа уменьшается. 2) С увеличением температуры давление газа увеличивае,Нет,Нет
vpr_sd_945806,physics,7,"В чайнике деревянная ложка, плавающая на поверхности воды, начинает тонуть, когда вода закипает. Чем это объясняется? Как найти плотность тела?",Нет,Нет
vpr_sd_945713,physics,7,"Поезд отправился со станции в 18:30. Укажите расчётное время прибытия поезда на следующую станцию, если он будет двигаться равномерно со скоростью 70 км/ч. Расстояние между станциями равно 140 км.",Нет,Нет
vpr_sd_945676,physics,7,"На движущуюся в горизонтальном направлении со скоростью 2 м/с тележку действуют сила тяги, равная 1,25 кН, сила трения колёс о дорогу, равная 600 Н, и сила сопротивления воздуха, равная 450 Н. Опишите движение тележки — будет она останавливаться или разгоняться? Ответ обоснуйте.",Нет,Нет
vpr_sd_945765,physics,7,"Пётр растворил в чашке с холодной водой 20 граммов сахара. Затем он повторил тот же опыт в чашке с горячей водой. Пётр заметил, что в чашке с горячей водой сахар растворяется быстрее. Почему так происходит? Какое физическое явление иллюстрирует этот опыт?",Нет,Нет
vpr_sd_945822,physics,7,"Тепловоз тянет состав со скоростью 72 км/ч, развивая мощность 880 кВт. Как велика в этом случае сила тяги?",Нет,Нет
vpr_sd_945897,physics,7,"Установите соответствие между приборами и физическими величинами, которые они измеряют. ПРИБОР | ФИЗИЧЕСКАЯ ВЕЛИЧИНА // А) барометр Б) динамометр B) манометр | 1) плотность 2) давление внутри газа (жидкости) 3) атмосферное давление 4) сила 5) ускорение Запишите в таблицу выбранные цифры под соответствующими буквами: А | Б | В // | |",Нет,Нет
vpr_sd_945673,physics,7,"На рисунке представлен график зависимости скорости υ от времени t для тела, движущегося по прямой дороге. Используя данные графика, выберите из предложенного перечня два верных утверждения. Укажите их номера. 1) Перемещение тела за время от 0 до 3 с равно 20 м. 2) В момент времени t = 4 c тело имело максимальную скорость. 3) Путь, пройденный за первые 2 с, меньше, чем путь, пройденный за следующие",Нет,Нет
vpr_sd_945783,physics,7,"Почему газы не имеют собственной формы и постоянного объёма? Выберите два утверждения, которые верно объясняют поведение газов, и запишите номера, под которыми они указаны. 1) В расположении молекул газа отсутствует порядок. 2) Молекулы газа расположены упорядоченно. 3) Молекулы газа абсолютно неподвижны. 4) Молекулы газа колеблются около определённых точек и не могут далеко перемещаться. 5) Молек",Нет,Нет
vpr_sd_945807,physics,7,"В кастрюле пельмень всплывает, когда вода закипает. Чем это объясняется? Как найти плотность тела?",Нет,Нет
vpr_sd_945873,physics,7,"Автомобиль проехал первую половину пути со скоростью 20 м/с, а вторую — со скоростью 30 м/с. Найдите среднюю скорость автомобиля на всём пути.",Нет,Нет
vpr_sd_945689,physics,7,"Парашютист при раскрытом парашюте спускается с постоянной скоростью. Почему это возможно, если на парашютиста действует сила тяжести?",Нет,Нет
vpr_sd_946170,physics,7,"Объясните исчезновение дыма в воздухе (явление, выражаемое фразой «Дым тает в воздухе»). Какое физическое явление иллюстрирует этот пример? Ответ поясните.",Нет,Нет
vpr_sd_945801,physics,7,"При полном погружении в воду алюминиевой детали массой 0,432 кг с воздушной полостью внутри действует выталкивающая сила 3 H. Определите объем полости. Плотность воды 1000 кг/м 3 . Плотность алюминия 2700 кг/м 3 . Ускорение свободного падения 10 Н/кг.",Нет,Нет
vpr_sd_945684,physics,7,Подъёмный кран равномерно поднимает груз массой 2 т на высоту 5 м за 10 с. Определите мощность крана.,Нет,Нет
vpr_sd_945711,physics,7,Установите соответствие между физическими понятиями и иллюстрирующими их примерами. Для каждого физического понятия из первого столбца подберите пример из второго столбца. ФИЗИЧЕСКИЕ ПОНЯТИЯ | | ПРИМЕРЫ // А) физическая величина Б) физическое явление В) измерительный прибор | | 1) секундомер 2) гроза 3) масса 4) молекула 5) килограмм Запишите в таблицу выбранные цифры под соответствующими буквами:,Нет,Нет
vpr_sd_945838,physics,7,"На рисунке представлен график зависимости модуля скорости и от времени t для тела, движущегося прямолинейно в инерциальной системе отсчёта. Используя данные графика, выберите из предложенного перечня два верных утверждения. Укажите их номера. 1) На участке AB тело двигалось не равномерно. 2) В интервале времени от 6 до 7 с тело прошло путь 9 м. 3) На участке BC скорость тела уменьшалась. 4) В инте",Нет,Нет
vpr_sd_945747,physics,7,"В жидкость опустили два тела одинакового объёма. Первое тело утонуло, а второе всплыло. Выберите два верных утверждения и запишите номера, под которыми они указаны. 1) Плотность первого тела больше плотности второго тела. 2) Пока оба тела полностью погружены в жидкость, сила Архимеда, действующая на второе тело, больше силы Архимеда, действующей на первое тело. 3) Пока оба тела полностью погружены",Нет,Нет
vpr_sd_945821,physics,7,"Если человек провалился под лед, к нему необходимо подбираться ползком. Чем это объясняется? Какой формулой описывается?",Нет,Нет
vpr_sd_945913,physics,7,"Катер, двигаясь по течению реки равномерно относительно воды, за 3 часа проходит расстояние 21 км, а в обратную сторону за то же время проходит расстояние 6 км. Скорость течения реки постоянна. Определите скорость катера в стоячей воде. Ответ дайте в километрах в час.",Нет,Нет
vpr_sd_945785,physics,7,"Ведро с водой помещено на тонкой бечёвке. В боковой стенке ведра имеется небольшое отверстие. Как изменится вид вытекающей из ведра струи воды, когда после пережигания бечёвки ведро начнёт падать? Какое физическое явление иллюстрирует этот пример?",Нет,Нет
vpr_sd_945691,physics,7,"Тело подвесили на пружине динамометра. Вес тела оказался равен 26 кН. Не снимая тела с пружины, его целиком погрузили в воду. При этом показания динамометра уменьшились до 16 кН. Каков объём тела? Плотность воды равна 1000 кг/м 3 . Нарисуйте силы, действующие на тело в воздухе и воде.",Нет,Нет
vpr_sd_945823,physics,7,"Пузырёк метана объёмом 2 см 3 , образовавшийся на дне озера на глубине 5 м, всплывает на поверхность. Чему равна работа по всплыванию пузырька? Изменением объёма пузырька пренебречь. Плотность воды 1000 кг/м 3 . Ускорение свободного падения",Нет,Нет
vpr_sd_945712,physics,7,"Шарики одинакового объёма, сделанные из алюминия, фарфора, парафина и полипропилена, подвешены на нитях и погружены в воду. Какие из шариков не будут натягивать нить? Плотность воды — 1000 кг/м 3 . Название вещества | Плотность вещества, кг/м 3 // Алюминий | 2700 // Парафин | 900 // Фарфор | 2300 // Полипропилен | 900 В ответе напишите названия соответствующих веществ.",Нет,Нет
vpr_sd_945857,physics,7,"В таблице даны плотности некоторых сортов древесины. Из них изготовили одинаковые бруски. Назовите сорта, бруски из которых будут тяжелее бруска из полистеролбетона того же объема. Плотность полистеролбетона — 600 кг/м 3 . Название вещества | Плотность вещества, кг/м 3 // Лиственница | 670 // Липа | 530 // Сосна | 520 // Ель | 450 // Береза | 650 В ответе напишите названия веществ.",Нет,Нет
vpr_sd_945862,physics,7,"В таблице даны плотности некоторых твёрдых веществ. Из них изготовили сплошные кубики(без полостей внутри) одинакового объема. Назовите материалы, из которых получится самый тяжелый и самый легкий кубик. Название вещества | Плотность вещества, кг/м 3 // Свинец | 11300 // Осмий | 22600 // Цинк | 7100 // Чугун | 7000 // Корунд | 4000 В ответе напишите названия веществ без запятых или других символов",Нет,Нет
vpr_sd_945870,physics,7,"В таблице даны плотности некоторых твёрдых веществ. Если вырезать из этих веществ сплошные (без полостей внутри) кубики, то какие кубики смогут плавать в подсолнечном масле? Плотность подсолнечного масла — 930 кг/м 3 . Название вещества | Плотность вещества, кг/м 3 // Береза | 700 // Повареная соль | 2100 // Никель | 8900 // Шлакобетон | 1120 // Гипс | 800 В ответе напишите названия веществ.",Нет,Нет
vpr_sd_946172,physics,7,"В таблице даны плотности некоторых твёрдых веществ. Если вырезать из этих веществ сплошные (без полости) кубики, то какие их них не утонут в воде? Плотность воды — 1000 кг/м 3 . Название вещества | Плотность вещества, кг/м 3 // Янтарь | 1100 // Сосна | 400 // Стекло | 2500 // Лёд | 900 В ответе напишите названия соответствующих веществ.",Нет,Нет
vpr_sd_945866,physics,7,"В таблице даны плотности некоторых жидкостей. Если сделать из полипропилена сплошной (без полостей внутри) шарик, то в каких жидкостях этот шарик утонет? Плотность полипропилена — 900 кг/м 3 . Название вещества | Плотность вещества, кг/м 3 // Жидкий водород | 70 // Масло оливковое | 920 // Глицерин | 1260 // Спирт метиловый | 810 // Вода морская | 1030 В ответе напишите названия веществ без запяты",Нет,Нет
vpr_sd_946166,physics,7,"Брусок действует на стол с силой 200 Н, при этом он оказывает на стол давление 4 кПа. Какова площадь опоры бруска?",Нет,Нет
vpr_sd_945850,physics,7,"Мальчик массой 50 кг стоит на лыжах. Длина каждой лыжи 1,6 м, а ширина 12,5 см. Какое давление оказывает мальчик на снег? Ответ выразите в килопаскалях.",Нет,Нет
vpr_sd_945914,physics,7,"Рассчитайте силу, с которой воздух давит на поверхность стола, длина которого равна 1,2 м, ширина равна 0,5 м, атмосферное давление равно 100 кПа. Ответ дайте в килоньютонах (кН).",Нет,Нет
vpr_sd_945849,physics,7,"Взрослый мужчина давит на лопату с силой 600 Н. Какое давление оказывает лопата на почву если ширина ее лезвия 25 см, а толщина режущего края 0,5 мм? Ответ выразите в килопаскалях.",Нет,Нет
vpr_sd_945844,physics,7,"Рассчитайте силу, с которой воздух давит на поверхность стола, длина которого равна 1,4 м, ширина равна 0,8 м, атмосферное давление равно 100 кПа. Ответ дайте в килоньютонах (кН).",Нет,Нет
vpr_sd_945812,physics,7,Гусеничный кран БК-14Х массой 7260 кг имеет опорную площадь обеих гусениц 2 м 2 . Определите давление этого трактора на почву. Ответ приведите в килопаскалях.,Нет,Нет
vpr_sd_945804,physics,7,"Штормовой ветер силой 11 баллов создает давление на преграду около 1100 Па. Определите силу давления на стену дома высотой 5 м и длиной 12 м, если ветер дует перпендикулярно поверхности дома. Ответ выразите в килоньютонах (кН).",Нет,Нет
vpr_sd_945808,physics,7,"Какое давление оказывает на грунт кирпичная колонна объемом 7 м 3 , если площадь ее основания 1,5 м 2 . Плотность кирпича — 1800 кг/м 3 . Ответ выразите в килопаскалях.",Нет,Нет
vpr_sd_945809,physics,7,"На сколько увеличится давление кастрюли на стол, если налить в нее 1,5 л воды? Площадь дна кастрюли 800 см 2 . Плотность воды — 1000 кг/м 3 . Ответ выразите в паскалях.",Нет,Нет
vpr_sd_945835,physics,7,"Из шахты глубиной 200 м поднимают груз массой 500 кг на канате, каждый метр которого имеет массу 1,5 кг. Определите КПД установки. Ускорение свободного падения",Нет,Нет
vpr_sd_945842,physics,7,"Найти мощность потока воды, протекающей через плотину, если высота падения воды 25 м, а расход её — 120 м 3 в минуту. Плотность воды = 1000 кг/м 3 . Ускорение свободного падения g = 10 Н/кг.",Нет,Нет
vpr_sd_945827,physics,7,Мощность двигателя транспортёра равна 1 кВт. За какое время он может поднять на высоту 6 м 40 м 3 песка? Плотность песка 1500 кг/м 3 . Ускорение свободного падения g = 10 м/с 2 .,Нет,Нет
vpr_sd_945834,physics,7,"Сколько времени должен работать двигатель мощностью 25 кВт, чтобы совершить работу 36 000 кДж?",Нет,Нет
vpr_sd_945907,physics,7,"Некоторый объем воды перелили из сосуда 1 в сосуд 2 с равной площадью дна (см. рис.). Как при этом изменятся сила тяжести, действующая на воду, давление и сила давления воды на дно сосуда? ФИЗИЧЕСКИЕ ВЕЛИЧИНЫ | ХАРАКТЕР ИЗМЕНЕНИЯ // A) сила тяжести, действующая на воду | 1) увеличится // Б) давление воды на дно сосуда | 2) уменьшится // B) сила давления воды на дно сосуда | 3) не изменится // | //",Нет,Да
vpr_sd_945896,physics,7,"Установите соответствие между приборами и физическими величинами, которые они измеряют. ПРИБОР | ФИЗИЧЕСКАЯ ВЕЛИЧИНА // А) спидометр Б) мензурка B) термометр | 1) плотность 2) давление внутри газа (жидкости) 3) температура 4) объём жидкостей и твёрдых тел 5) скорость Запишите в таблицу выбранные цифры под соответствующими буквами: А | Б | В // | |",Нет,Нет
vpr_sd_945902,physics,7,Для каждого физического понятия из первого столбца подберите соответствующий пример из второго столбца. ФИЗИЧЕСКИЕ ПОНЯТИЯ | ПРИМЕРЫ // А) физическая величина Б) единица физической величины B) прибор для измерения физической величины | 1) электронный секундомер 2) равномерное движение 3) плотность воздуха 4) минута 5) траектория Запишите в таблицу выбранные цифры под соответствующими буквами: А | ,Нет,Нет
vpr_sd_945899,physics,7,"Установите соответствие между приборами и физическими величинами, которые они измеряют. ПРИБОРЫ | | ФИЗИЧЕСКИЕ ВЕЛИЧИНЫ // А) мензурка Б) линейка В) барометр-анероид | | 1) масса 2) объём жидкости 3) длина 4) сила 5) атмосферное давление Запишите в таблицу выбранные цифры под соответствующими буквами: А | Б | В // | |",Нет,Нет
vpr_sd_945904,physics,7,"Для каждого физического понятия из первого столбца подберите соответствующий пример из второго столбца. ФИЗИЧЕСКИЕ ПОНЯТИЯ | ПРИМЕРЫ // А) физическая величина Б) физическое явление B) физический закон (закономерность) | 1) система отсчёта 2) всем телам Земля вблизи своей поверхности сообщает одинаковое ускорение 3) мяч, выпущенный из рук, падает на землю 4) секундомер 5) средняя скорость Запишите ",Нет,Нет
vpr_sd_945906,physics,7,Установите соответствие между физическими величинами и единицами измерения этих величин в системе СИ. ФИЗИЧЕСКАЯ ВЕЛИЧИНА | ЕДИНИЦА ИЗМЕРЕНИЯ // А) жесткость Б) момент силы B) вес | 1) килограмм (1 кг) 2) ньютон (1 Н) 3) ньютон-метр (1 Н · м) 4) ньютон на метр (1 Н/м) 5) джоуль (1 Дж) Запишите в таблицу выбранные цифры под соответствующими буквами: А | Б | В // | |,Нет,Нет
vpr_sd_945704,physics,7,"Тело двигалось по прямой дороге. На рисунке представлен график зависимости скорости υ тела от времени t . Используя данные графика, выберите из предложенного перечня два верных утверждения. Укажите их номера. 1) В течение 4 с направление движения тела изменилось. 2) За первые 2 с тело прошло путь, больший, чем за следующие 2 с. 3) Путь, пройденный телом за первые 2 с, равен 40 м. 4) За первые 2 с ",Нет,Нет
vpr_sd_945745,physics,7,"Чем различаются свойства атмосферы в горах и в низине? Выберите два верных утверждения и запишите номера, под которыми они указаны. 1) В горах давление воздуха больше, поскольку больше высота над уровнем моря. 2) В горах давление воздуха меньше, поскольку над горами тоньше слой атмосферного воздуха. 3) Плотность воздуха в горах меньше плотности воздуха в низине. 4) Плотность воздуха в горах больше",Нет,Нет
vpr_sd_945817,physics,7,"Находясь на большой глубине аквалангисты не могут дышать через трубку, выведенную на поверхность воды. Чем это объясняется? Какой формулой описывается?",Нет,Нет
vpr_sd_945700,physics,7,"Водитель легкового автомобиля, движущегося равномерно и прямолинейно со скоростью 72 км/ч, отвлёкся на 1 с от дороги. Какой путь за это время проехал автомобиль со «слепым» водителем? Ответ запишите в метрах.",Нет,Нет
vpr_sd_945701,physics,7,"С какой силой давил воздух на пол в классе, если атмосферное давление в тот день было равно 101 кПа? Площадь пола равна 50 м 2 . Ответ выразите в килоньютонах (кН).",Нет,Нет
vpr_sd_945788,physics,7,"Вычислите показание динамометра, если груз массой 200 г поднимать вверх равномерно, двигая нить в оптимальном направлении. Ускорение свободного падения считайте g = 10 м/с 2 . Ответ поясните.",Нет,Нет
vpr_sd_945677,physics,7,"Когда на открытой волейбольной площадке стало жарко, спортсмены перешли в прохладный спортивный зал. Придётся ли им подкачивать мяч, чтобы давление в нём оставалось прежним? Ответ поясните.",Нет,Нет
vpr_sd_945722,physics,7,"Айсберг плавает, погрузившись в воду на 4/5 своего объёма. Есть ли внутри айсберга воздушная полость или он сплошной? Плотность льда равна 900 кг/м 3 , плотность воды равна 1000 кг/м 3 . Сделайте схематичный рисунок с указанием сил, действующих на айсберг.",Нет,Нет
vpr_sd_945679,physics,7,"Подъёмный кран развивает мощность 10 кВт, равномерно поднимая груз массой 2 т. На какую высоту кран переместит груз за 30 с?",Нет,Нет
vpr_sd_945898,physics,7,"Установите соответствие между приборами и физическими величинами, которые они измеряют. ПРИБОРЫ | | ФИЗИЧЕСКИЕ ВЕЛИЧИНЫ // А) весы Б) динамометр В) ртутный барометр | | 1) сила 2) объём жидкости 3) атмосферное давление 4) масса 5) мощность Запишите в таблицу выбранные цифры под соответствующими буквами: А | Б | В // | |",Нет,Нет
vpr_sd_945847,physics,7,"На рисунке представлены графики зависимости координаты от времени для двух тел. Используя рисунок, из предложенного перечня утверждений выберите два правильных. 1) Скорость тела (1) в момент времени t 2 равна нулю. 2) На участке АВ тело (1) имело максимальную по модулю скорость. 3) На участке DE тело (2) двигалось равномерно. 4) Момент времени t 3 соответствует остановке тела (1). 5) К моменту вре",Нет,Нет
vpr_sd_945705,physics,7,"Молекулы твёрдого тела находятся в непрерывном движении. Несмотря на это, твёрдые тела не распадаются на отдельные молекулы. Выберите из предложенного перечня два верных утверждения и укажите их номера. 1) Молекулы не притягиваются друг к другу. 2) Молекулы не отталкиваются друг от друга. 3) Молекулы как притягиваются друг к другу, так и отталкиваются друг от друга. 4) Молекулы совершают колебания",Нет,Нет
vpr_sd_945810,physics,7,"Определите плотность вещества тела, частично погруженного в воду, если под водой находится одна четверть его объема. Плотность воды 1000 кг/м 3 . Ускорение свободного падения 10 Н/кг.",Нет,Нет
vpr_sd_945843,physics,7,"Из колодца глубиной 40 м поднимают ведро с водой массой 14 кг на цепи, масса каждого метра которой равна 1 кг. Какая при этом совершается работа? Ускорение свободного падения g = 10 Н/кг.",Нет,Нет
vpr_sd_945672,physics,7,Установите соответствие между физическими понятиями и иллюстрирующими их примерами. Для каждого физического понятия из первого столбца подберите соответствующий пример из второго столбца. ФИЗИЧЕСКИЕ ПОНЯТИЯ | | ПРИМЕРЫ // А) физическая величина Б) физическое явление В) физический закон | | 1) плавление льда 2) атом 3) температура 4) мензурка 5) давление передаётся жидкостью без изменения по всем н,Нет,Нет
vpr_sd_945885,physics,7,"На рисунке представлен график зависимости координаты от времени для тела, движущегося вдоль оси Ox . Используя данные графика, выберите из предложенного перечня два верных утверждения. Укажите их номера. 1) Участок ВС не соответствует равномерному движению тела. 2) В момент времени t 3 скорость тела равна нулю. 3) В промежуток времени от t 1 до t 2 тело изменило направление движения на противополо",Нет,Да
vpr_sd_945768,physics,7,"Как меняется с глубиной давление в воде, налитой в ведро? Выберите два утверждения, которые верно объясняют изменение давления, и запишите номера, под которыми они указаны. 1) С глубиной давление возрастает, потому что увеличивается вес жидкости над выбранным местом. 2) С глубиной давление убывает, потому что уменьшается расстояние до дна. 3) По закону Паскаля давление на всех глубинах одинаково. ",Нет,Нет
vpr_sd_945831,physics,7,"Лыжники спокойно передвигаются по снегу, но если они снимут лыжи, то они провалятся под хрупким снегом. Чем это объясняется? Какой формулой описывается?",Нет,Нет
vpr_sd_945878,physics,7,Иа-Иа отправился навестить Братца Кролика. Две трети времени он шёл со скоростью 40 см/с и устал. Оставшуюся треть времени он брёл со скоростью 20 см/с. С какой средней скоростью шёл Иа-Иа? Ответ запишите в см/с и округлите до десятых.,Нет,Нет
vpr_sd_945665,physics,7,"Льдина плавает в воде. Объём её надводной части равен 20 м 3 . Каков объём подводной части льдины? Плотность льда — 900 кг/м 3 , а плотность воды — 1000 кг/м 3 . Сделайте рисунок с указанием сил, действующих на льдину.",Нет,Нет
vpr_sd_945719,physics,7,"Если выстрелить из мелкокалиберной винтовки в пластиковую бутылку, заполненную водой и крепко закрытую, то бутылка разорвётся. Действие какого физического закона иллюстрирует этот пример? Сформулируйте этот закон.",Нет,Нет
vpr_sd_945683,physics,7,"На поверхности Земли у входа в шахту барометр показывает 98 642 Па. Каким будет давление в шахте на глубине 120 м, если известно, что при подъёме или снижении на каждые 12 м атмосферное давление изменяется на 133 Па? Ответ дайте в паскалях.",Нет,Нет
vpr_sd_945905,physics,7,Для каждого физического понятия из первого столбца подберите соответствующий пример из второго столбца. Запишите в таблицу выбранные цифры под соответствующими буквами. ФИЗИЧЕСКИЕ ПОНЯТИЯ | ПРИМЕРЫ // А) физическая величина Б) физическое явление B) физический закон (закономерность) | 1) распространение запаха одеколона в комнате 2) система отсчёта 3) температура 4) мензурка 5) давление газа в закр,Нет,Нет
vpr_sd_945881,physics,7,"На рисунке представлен график зависимости координаты x от времени t для тела, двигавшегося вдоль оси 0x . Используя данные графика, выберите из предложенного перечня два верных утверждения. Укажите их номера. 1) Скорость первого тела наибольшая. 2) Момент времени t = 30 секунд соответствовал остановке тела II. 3) Второе тело двигалось со скоростью 10 м/с. 4) Выполняется соотношение v 1 >v 2 >v 3 .",Нет,Нет
vpr_sd_945772,physics,7,"От чего зависит сила трения скольжения бруска о поверхность стола? Выберите два верных утверждения и запишите номера, под которыми они указаны. 1) От площади соприкосновения бруска и стола. 2) От скорости движения бруска по столу. 3) От материала поверхности стола. 4) От веса бруска. 5) От веса стола.",Нет,Нет
vpr_sd_945876,physics,7,"Из одного пункта в другой мотоциклист двигался со скоростью 60 км/ч, обратный путь был им проделан со скоростью 10 м/с. Определите среднюю скорость мотоциклиста (в км/ч) за всё время движения. Временем остановки во втором пункте можно пренебречь.",Нет,Нет
vpr_sd_945814,physics,7,"Взрослый мужчина давит на лопату с силой 500 Н. Какое давление оказывает лопата на почву если ширина ее лезвия 20 см, а толщина режущего края 0,4 мм? Ответ выразите в килопаскалях.",Нет,Нет
vpr_sd_945703,physics,7,Может ли сила трения быть движущей силой? Обоснуйте ответ.,Нет,Нет
vpr_sd_945826,physics,7,"Наибольшая мощность, которую может развивать магистральный электровоз ВЛ-85 при непрерывной работе в течение часа, равна 11 400 кВт. Какую работу совершит такой двигатель за это время?",Нет,Нет
vpr_sd_945901,physics,7,Для каждого физического понятия из первого столбца подберите соответствующий пример из второго столбца. ФИЗИЧЕСКИЕ ПОНЯТИЯ | ПРИМЕРЫ // А) физическая величина Б) единица физической величины B) прибор для измерения физической величины | 1) испарение воды 2) влажность воздуха 3) атмосфера 4) электронный секундомер 5) миллиметр Запишите в таблицу выбранные цифры под соответствующими буквами: А | Б | ,Нет,Нет
vpr_sd_945698,physics,7,Установите соответствие между физическими понятиями и иллюстрирующими их примерами. Для каждого физического понятия из первого столбца подберите пример из второго столбца. ФИЗИЧЕСКИЕ ПОНЯТИЯ | | ПРИМЕРЫ // А) физическая величина Б) физическое явление В) физический закон | | 1) мензурка 2) способность жидкости и газа передавать давление одинаково по всем направлениям без изменения 3) расширение тел,Нет,Нет
vpr_sd_945890,physics,7,Для каждого физического понятия из первого столбца подберите соответствующий пример из второго столбца. ФИЗИЧЕСКИЕ ПОНЯТИЯ | | ПРИМЕРЫ // А) физическая величина Б) единица физической величины В) прибор для измерения физической величины | | 1) ньютон 2) инерция 3) масса 4) кристалл 5) весы Запишите в таблицу выбранные цифры под соответствующими буквами: А | Б | В // | |,Нет,Нет
vpr_sd_945903,physics,7,Установите соответствие между физическими величинами и единицами этих величин в системе СИ. ФИЗИЧЕСКИЕ ВЕЛИЧИНЫ | ЕДИНИЦЫ ИЗМЕРЕНИЯ // А) жёсткость Б) момент силы B) сила | 1) килограмм (1 кг) 2) ньютон (1 Н) 3) ньютон-метр (1 Н · м) 4) ньютон на метр (1 Н/м) 5) джоуль (1 Дж) Запишите в таблицу выбранные цифры под соответствующими буквами: А | Б | В // | |,Нет,Нет
vpr_sd_945886,physics,7,"Тело движется прямолинейно вдоль оси Ox . На рисунке представлен график зависимости проекции скорости υ x этого тела от времени t . Используя график, выберите из предложенного перечня два верных утверждения. Укажите их номера. 1) На участке OA тело двигалось равномерно. 2) На участке АБ тело снижало скорость. 3) На участке БВ тело прошло 40 метров. 4) Конечная скорость тела была меньше первоначаль",Нет,Нет
vpr_sd_945837,physics,7,"На рисунке представлен график зависимости модуля скорости и от времени t для тела, движущегося прямолинейно в инерциальной системе отсчёта. Используя данные графика, выберите из предложенного перечня два верных утверждения. Укажите их номера. 1) На участке DE тело двигалось равномерно. 2) В интервале времени от 6 до 8 с тело прошло путь 6 м. 3) На участке CD скорость тела уменьшалась. 4) В интерва",Нет,Нет
vpr_sd_945699,physics,7,"Ваня ездит в школу на самокате. Однажды он выехал из дома, но через некоторое время вспомнил, что забыл дневник, и поехал домой. Взяв дневник, он поехал в школу. На рисунке представлен график зависимости расстояния до дома S Вани от времени t . Используя данные графика, выберите из предложенного перечня два верных утверждения. Укажите их номера. 1) Средняя скорость Вани по дороге в школу оказалась",Нет,Нет
vpr_sd_945840,physics,7,"На рисунке представлены графики зависимости координаты от времени для двух тел. Используя рисунок, из предложенного перечня утверждений выберите два правильных. 1) Момент времени t 1 соответствует остановке тела (1). 2) На участке FG тело (2) имело максимальную по модулю скорость. 3) К моменту времени t 3 тела прошли одинаковые пути. 4) На участке BC тело (1) двигалось равномерно. 5) Скорость тела",Нет,Нет
vpr_sd_945836,physics,7,"На рисунке представлен график зависимости проекции скорости υ x от времени t для тела, движущегося по оси Ox . Используя данные графика, выберите из предложенного перечня два верных утверждения и запишите в ответе цифры, под которыми они указаны. 1) В момент времени t 1 двигалось тело в направлении, противоположном направлению оси Ох . 2) Точка Е соответствует остановке тела. 3) Участок DE соответ",Нет,Нет
vpr_sd_945887,physics,7,"Тело движется вдоль оси Ox . На рисунке представлен график зависимости проекции скорости υ x этого тела от времени t . Используя график, выберите из предложенного перечня два верных утверждения. Укажите их номера. 1) На участках OA и БВ скорость тела увеличивалась. 2) На участке АБ тело двигалось со скоростью, равной по модулю 1 м/с. 3) На участке ВГ тело двигалось равномерно. 4) Участок АБ соотве",Нет,Нет
vpr_sd_945918,physics,7,"На рисунке представлен график зависимости координаты x от времени t для тела, двигавшегося вдоль оси 0 x . Используя данные графика, выберите из предложенного перечня два верных утверждения. Укажите их номера. 1) Перемещение тела за промежуток времени от 0 до t 3 равно нулю. 2) В момент времени t 1 тело имело максимальную по модулю скорость. 3) В момент времени t 2 тело имело максимальную проекцию",Нет,Да
vpr_sd_946174,physics,7,"Тело двигалось вдоль оси 0 x . На рисунке представлен график зависимости координаты x тела от времени t . Выберите два верных утверждения и запишите их номера без пробелов. 1) Участки AB и СD соответствуют равномерному движению тела. 2) Участки AB и DЕ соответствует состоянию покоя тела. 3) Участок DЕ соответствует движению, противоположному направлению оси 0 x . 4) Максимальная скорость тела была",Нет,Да
vpr_sd_945717,physics,7,"Тело двигалось по прямой дороге. На рисунке представлен график зависимости скорости υ тела от времени t . Используя данные графика, выберите из предложенного перечня два верных утверждения. Укажите их номера. 1) За первые 10 с тело переместилось на 50 м. 2) За время от 30 до 40 с тело прошло больший путь, чем за первые 10 с. 3) За 40 с путь тела оказался равен 260 м. 4) Максимальной скорость тела ",Нет,Да
vpr_sd_945730,physics,7,"Автомобиль двигался вдоль оси 0 x . На рисунке представлен график зависимости координаты x автомобиля от времени t . Используя данные графика, выберите из предложенного перечня два верных утверждения. Укажите их номера. 1) Участки AB и СD графика соответствуют равномерному движению автомобиля относительно тела отсчёта. 2) Участки AB и СD соответствуют состоянию покоя автомобиля относительно тела о",Нет,Да
vpr_sd_945891,physics,7,"На рисунке представлен график зависимости модуля скорости υ от времени t для тела, движущегося прямолинейно. Используя данные графика, выберите из предложенного перечня два верных утверждения. Укажите их номера. 1) На участке DE тело двигалось равномерно. 2) На участке АВ тело набирало скорость. 3) В интервале времени от 6 до 8 с тело прошло путь 6 м. 4) На участке CD кинетическая энергия тела уме",Нет,Да
vpr_sd_945880,physics,7,"На рисунке представлен график зависимости координаты x от времени t для тела, двигавшегося вдоль оси 0x . Используя данные графика, выберите из предложенного перечня два верных утверждения. Укажите их номера. 1) Скорость третьего тела наименьшая. 2) Момент времени t = 20 секунд соответствовал остановке тела II. 3) Второе тело двигалось со скоростью 3,75 м/с. 4) Все тела двигаются равномерно. 5) В ",Нет,Да
vpr_sd_945894,physics,7,"Сплошной кубик с ребром а полностью погружён в цилиндрический сосуд с жидкостью плотностью ρ так, как показано на рисунке. Рядом с сосудом установлена вертикальная линейка, позволяющая определить положение кубика в сосуде. Используя рисунок, установите соответствие между физическими величинами и формулами, по которым их можно рассчитать: к каждому элементу первого столбца подберите соответствующий",Нет,Да
vpr_sd_945751,physics,7,"Имеются две одинаковые пружины, подвешенные на опорах. К каждой из пружин прикрепляют груз. Масса груза, прикреплённого ко второй пружине, в два раза больше массы груза, прикреплённого к первой пружине. Выберите два верных утверждения и запишите номера, под которыми они указаны. 1) Растяжение первой пружины вдвое больше растяжения второй пружины. 2) Сила тяжести, действующая на первый груз, больше",Нет,Нет
vpr_sd_945706,physics,7,"Почему воздушный шарик с закрытым выпускным клапаном, поднявшись высоко в небо, может лопнуть?",Нет,Нет
vpr_sd_945738,physics,7,"По двум параллельным железнодорожным путям друг навстречу другу следуют скорый и пассажирский поезда, скорости которых равны соответственно 65 км/ч и 35 км/ч. Длина пассажирского поезда равна 700 метрам. Найдите длину скорого поезда, если время, за которое он прошел мимо пассажирского поезда, равно 36 секундам. Ответ дайте в метрах.",Нет,Нет
vpr_sd_945845,physics,7,"Какое давление оказывает на снег мальчик массой 48 кг, стоящий на лыжах, если длина одной лыжи — 1,6 м, а ширина — 10 см. Ответ выразите в килопаскалях.",Нет,Нет
vpr_sd_945780,physics,7,"Будет ли находиться в равновесии рычаг, нагруженный гирями одинаковой массы так, как показано на рисунке. Ответ поясните.",Нет,Да
vpr_sd_945761,physics,7,Егор налил в пластиковый стакан холодную воду и взвесил его на кухонных весах. Затем поставил его в морозильную камеру и взвесил этот стакан после заморозки. Масса воды после замерзания не изменилась. Почему так произошло? Что показывает этот опыт?,Нет,Нет
vpr_sd_945769,physics,7,"В цистерне, заполненной нефтью, на глубине 4 м имеется кран, площадь отверстия которого 20 см 2 . С какой силой давит нефть на кран? Плотность нефти —",Нет,Нет
vpr_sd_945839,physics,7,"Из воды с глубины 5 м поднимают до поверхности камень объёмом 0,6 м 3 . Плотность камня 2500 кг/м 3 . Найдите работу по подъёму камня. Плотность воды 1000 кг/м 3 . Ускорение свободного падения",Нет,Нет
vpr_sd_945791,physics,7,"Будет ли находится в равновесии рычаг, нагруженный гирями одинаковой массы так, как показано на рисунке. Ответ поясните.",Нет,Нет
vpr_sd_945790,physics,7,"Вычислите показание динамометра, который бы действовал в оптимальном направлении, если груз массой 600 г поднимать вверх равномерно. Ускорение свободного падения принять за g = 10 м/с 2 . Ответ поясните.",Нет,Нет
vpr_sd_945720,physics,7,"На рисунке показаны силы, действующие на модель самолёта, и направление его скорости в некоторый момент времени. F c — сила сопротивления; F п — подъёмная сила; F т — сила тяжести; F — сила тяги мотора. В каком направлении будет двигаться самолёт, если F > F c , а F п = F т ? Ответ поясните.",Нет,Нет
vpr_sd_945754,physics,7,"Лебедь и рак тянут доску как показано на рисунке. Лебедь тянет с силой 20 Н, а рак 10 Н. Максимальная сила трения доски равна 10 Н. Покажите на рисунке результирующую силу рака и лебедя, а также силу трения доски. Сдвинется ли доска, если лебедь будет прикладывать усилие в 21 Н? Ответ поясните.",Нет,Нет
vpr_sd_945687,physics,7,"Скорость диффузии с понижением температуры уменьшается. Выберите два утверждения, которые верно объясняют этот факт, и запишите номера, под которыми они указаны. 1) При остывании вещества уменьшается расстояние между его молекулами и молекулам другого вещества труднее проникнуть в эти промежутки. 2) При остывании вещества скорость его молекул увеличивается и им труднее попасть в промежутки между м",Нет,Нет
vpr_sd_945800,physics,7,"Человек, вдохнувший воздуха, не тонет в воде, а выдохнув воздух — погружается в воду. Чем это объясняется? Как найти плотность тела?",Нет,Нет
vpr_sd_945743,physics,7,"Поезд, двигаясь равномерно со скоростью 63 км/ч, проезжает мимо идущего в том же направлении параллельно путям со скоростью 3 км/ч пешехода за 57 секунд. Найдите длину поезда в метрах.",Нет,Нет
vpr_sd_945715,physics,7,"На своём огороде отец с сыном захотели выдернуть из грядки репку. Отец, взявшись за репку, развивает силу 600 Н. Сын ему помогает, прикладывая силу, равную 300 Н. Справятся ли они с задачей, если силы, удерживающие репку в земле, не могут превышать 889 Н? Обоснуйте ответ.",Нет,Нет
vpr_sd_945792,physics,7,"Архимед воскликнул: «Дайте мне точку опоры, и я переверну Землю!». На каком физическом принципе основана его идея? Почему применение данного принципа на практике невозможно даже для поднятия груза массой 200 тонн?",Нет,Нет
vpr_sd_945910,physics,7,"Сплошной кубик, подвешенный на динамометре, полностью погрузили в некоторую жидкость. При этом показания динамометра уменьшились в 3 раза по сравнению с теми показаниями, когда кубик находился в воздухе. Определите отношение плотности материала, из которого изготовлен кубик, к плотности жидкости. Обозначьте силы, действующие на кубик в воздухе и в жидкости.",Нет,Нет
vpr_sd_945830,physics,7,"Вычислите полезную мощность насоса, подающего ежеминутно 1300 л воды на высоту 24 м. Плотность воды Ускорение свободного падения",Нет,Нет
vpr_sd_945900,physics,7,Для каждого физического понятия из первого столбца подберите соответствующий пример из второго столбца. ФИЗИЧЕСКИЕ ПОНЯТИЯ | ПРИМЕРЫ // А) физическая величина Б) единица физической величины B) физический прибор | 1) микроскоп 2) диффузия 3) энергия 4) джоуль 5) молекула Запишите в таблицу выбранные цифры под соответствующими буквами: А | Б | В // | |,Нет,Нет
vpr_sd_945750,physics,7,"В сосуд с водой опустили кубик льда. Выберите два верных утверждения и запишите номера, под которыми они указаны. 1) Кубик льда опустится на дно сосуда. 2) Кубик льда всплывёт на поверхность воды. 3) Объём воды, вытесненной кубиком, будет меньше объёма кубика льда. 4) Уровень воды в сосуде опустится. 5) При опускании кубика льда в сосуд давление воды на дно сосуда не изменится.",Нет,Нет
vpr_sd_945863,physics,7,"Бегун, стартовавший на дистанцию 5 км, первый километр пробежал за время с. Каждый следующий километр он пробегал на T секунд дольше. Определите T , если известно, что средняя скорость бегуна оказалась такой, как если бы он каждый километр пробегал за 202 с.",Нет,Нет
vpr_sd_945714,physics,7,"У подножия горы барометр показывает 98 696 Па, а на её вершине — всего 90 317 Па. Используя эти данные, определите высоту горы, если известно, что при подъёме на каждые 12 м атмосферное давление уменьшается на 133 Па.",Нет,Нет
vpr_sd_945773,physics,7,"Давление в гидравлической машине 500 кПа (см. рис). На меньший поршень действует сила 300 Н. Площадь большего поршня 300 см 2 . Определите а) показания динамометра В, сжимаемого большим поршнем; б) площадь меньшего поршня.",Нет,Нет
vpr_sd_945666,physics,7,"Подъёмный кран равномерно поднимает со скоростью 0,2 м/с груз массой 2,5 т. Определите мощность крана.",Нет,Нет
vpr_sd_945731,physics,7,"Выберите два утверждения, которые верно объясняют следующее явление, и запишите их номера. В горячем чае сахар растворяется быстрее, чем в холодном, потому что 1) молекулы сахара сильнее распрямляются при попадании в горячий чай 2) молекулы горячей воды двигаются быстрее и сильнее толкают молекулы сахара 3) диффузия протекает быстрее с увеличением температуры 4) масса молекул сахара при нагревании",Нет,Нет
vpr_sd_945667,physics,7,"Машина и автобус выехали навстречу друг другу со скоростями соответственно 70 км/ч и 50 км/ч из двух городов, находящихся на расстоянии 740 км. Какое расстояние будет между машинами через 5 ч? Ответ дайте в км.",Нет,Нет
vpr_sd_945727,physics,7,"Брусок положили на стол сначала гранью с наименьшей площадью, а затем гранью с наибольшей площадью (см. рис.). Найдите отношение значений давления бруска на стол в этих положениях ( p 1 / p 2 ). Длина бруска равна 40 см, ширина — 20 см, толщина — 5 см. Атмосферное давление не учитывать.",Нет,Нет
vpr_sd_945755,physics,7,"Шарик опустили в жидкость. На него действует сила Архимеда 10 Н и сила тяжести 5 Н. Покажите на рисунке эти силы, а также результирующую силу. Опустится ли шарик на дно? Ответ поясните.",Нет,Нет
vpr_sd_945762,physics,7,"В стеклянную ёмкость насыпали песок. Пластиковую бутылку с длинным горлышком наполнили водой, закрыли крышкой и поставили на этот песок. Затем бутылку перевернули вверх дном и поставили на песок горлышком. После этого бутылка вошла в песок глубже, чем в первом случае. Почему так произошло? Что показывает этот опыт?",Нет,Нет
vpr_sd_945911,physics,7,"Сколько времени должен непрерывно работать насос мощностью 50 кВт, чтобы из колодца глубиной 50 м откачать воду, объёмом 100 м 3 ? Плотность воды равна 1000 кг/м 3 . Ускорение свободного падения g = 10 м/с 2 .",Нет,Нет
vpr_sd_945892,physics,7,"Установите соответствие между учеными и физическими законами, которые они открыли. УЧЕНЫЕ | | ФИЗИЧЕСКИЕ ЗАКОНЫ // А) Архимед Б) Гук В) Паскаль | | 1) Изменение длины тела при растяжении (или сжатии) прямо пропорционально модулю силы упругости. 2) Давление, производимое на жидкость или газ, передается на любую точку без изменений во всех направлениях. 3) Существуют такие системы отсчета, называемы",Нет,Нет
vpr_sd_945760,physics,7,"Андрей оставил отстаиваться сливки на молоке в холодном помещении. Затем повторил тот же опыт в тёплом помещении. Он заметил, что в холодном помещении сливки на молоке отстаиваются быстрее. Какое физическое явление иллюстрирует данный опыт? Почему так происходит?",Нет,Нет
vpr_sd_945678,physics,7,"В воде с глубины 5 м поднимают до поверхности камень объёмом 0,6 м 3 . Плотность камня равна 2500 кг/м 3 . Найдите работу по подъёму камня. Схематично укажите силы, действующие на камень. Плотность воды равна 1000 кг/м 3 .",Нет,Нет
vpr_sd_945778,physics,7,"Какие наблюдения подтверждают существование хаотического теплового движения молекул? Выберите два наблюдения и запишите номера, под которыми они указаны. 1) Наблюдение диффузии веществ. 2) Наблюдение броуновского движения. 3) Непосредственное наблюдение движения молекул при помощи оптического микроскопа. 4) Наблюдение перехода вещества из твёрдого состояния в жидкое при нагревании. 5) Расширение т",Нет,Нет
vpr_sd_945820,physics,7,"Никита может с легкостью проткнуть ткань иголкой, а пальцем нет. Чем это объясняется? Какой формулой описывается?",Нет,Нет
vpr_sd_945688,physics,7,Водолаз в жёстком скафандре может погружаться в море на глубину 250 м. Какое давление оказывает на скафандр вода на этой глубине? Плотность морской воды равна 1030 кг/м 3 . Ответ выразите в килопаскалях (кПа).,Нет,Нет
vpr_sd_945702,physics,7,В какой из чайников можно налить больше воды (см. рис.)? Ответ обоснуйте.,Нет,Нет
vpr_sd_945709,physics,7,"Металлический шарик плавает, погруженный в ртуть на половину своего объёма. Чему равна плотность металла? Плотность ртути равна 13 600 кг/м3. Укажите силы, действующие на шарик в ртути.",Нет,Нет
vpr_sd_945874,physics,7,"Первую половину пути велосипедист ехал со скоростью в 8 раз большей, чем вторую. Средняя скорость на всём пути оказалось равной 16 км/ч. Определите скорость велосипедиста на первой половине пути.",Нет,Нет
vpr_sd_945909,physics,7,"В безветренный жаркий день ребята шли по просёлочной дороге. Мимо проехал автомобиль, поднявший над дорогой клубы пыли, которая ещё долго не оседала на землю. Почему пыль оседала очень медленно? Какое физическое явление иллюстрирует этот пример?",Нет,Нет
vpr_sd_945766,physics,7,"У подножия горы барометр показывает 98642 Па, а на ее вершине — 90316 Па. Используя эти данные определите высоту горы, учитывая, что 1 мм рт. ст. = 133,3 Па. Ответ округлите до целых.",Нет,Нет
vpr_sd_945695,physics,7,"Гепард, преследуя добычу, может кратковременно развивать скорость до 35 м/с. С такой скоростью он может пробежать 175 м. С какой минимальной скоростью антилопа сможет убежать от гепарда? В момент начала погони расстояние между гепардом и антилопой было 15 м. Ответ дайте в м/с.",Нет,Нет
vpr_sd_945908,physics,7,"Рассмотрите иллюстрацию к басне И. А. Крылова. Верно ли, что в результате действия сил, приложенных к возу, он останется и «ныне там»? Или всё-таки героям басни удастся его сдвинуть? Ответ поясните.",Нет,Да
vpr_sd_945681,physics,7,"В таблице даны плотности некоторых твёрдых веществ. Из этих веществ вырезали одинаковые по размеру сплошные кубики. На какие кубики будет действовать одинаковая по величине сила Архимеда, когда их все бросят в воду? Плотность воды — 1000 кг/м 3 . Название вещества | Плотность вещества, кг/м 3 // Алюминий | 2700 // Сталь | 7800 // Парафин | 900 // Сосна | 400 В ответе напишите названия веществ без ",Нет,Нет
vpr_sd_945883,physics,7,"Трамвай прошёл первые 100 м со средней скоростью 5 м/с, а следующие 600 м со средней скоростью 10 м/с. Определите среднюю скорость трамвая на всём пути. Ответ запишите в метрах в секунду.",Нет,Нет
vpr_sd_945815,physics,7,"Какое давление оказывает на грунт бетонная колонна объемом 6 м 3 , если площадь ее основания 1,2 м 2 . Плотность бетона — 2000 кг/м 3 . Ответ выразите в килопаскалях.",Нет,Нет
vpr_sd_945758,physics,7,"В высоком сосуде на разной высоте от дна в боковой поверхности сделали три небольших отверстия. Отверстия закрыли спичками, а сосуд заполнили водой. Затем отверстия открыли и из них начала вытекать вода, причём напор воды из разных отверстий был разным. Почему так происходит? Что показывает этот опыт?",Нет,Нет
vpr_sd_945690,physics,7,"Беспорядочное движение частиц жидкостей впервые было доказано ботаником, Почётным хранителем ботанического отделения Британского музея Робертом Броуном в 1827 году. Рассматривая в микроскоп пыльцу, размешанную с водой, он увидел непрерывно хаотично движущиеся тёмные точки. Более крупные точки двигались медленнее, не спеша меняли своё направление. Те, которые были меньше, двигались быстрее. Учёный ",Нет,Нет
vpr_sd_945796,physics,7,"При помощи лебёдки груз поднят на высоту 10 м в течение 0,8 мин, причём совершена работа 120 кДж. Вычислите массу груза, его вес и развиваемую при его подъёме мощность. Ускорение свободного падения 10 Н/кг.",Нет,Нет
vpr_sd_945841,physics,7,"Из залитого подвала, площадь пола которого равна 50 м 2 , требуется откачать воду на мостовую. Глубина воды в подвале 1 м, а расстояние от уровня воды в подвале до уровня мостовой 2 м. Определите работу, которую надо совершить, чтобы откачать воду. Плотность воды = 1000 кг/м 3 . Ускорение свободного падения g = 10 м/с 2 .",Нет,Нет
vpr_sd_945811,physics,7,"Стальной шарик в воде падает медленнее, чем в воздухе. Чем это объясняется? Как найти плотность тела?",Нет,Нет
vpr_sd_945882,physics,7,"Мотоциклист за первые 2 ч проехал 90 км, а следующие 3 ч двигался со скоростью 50 км/ч. Какова средняя скорость мотоциклиста на всём пути?",Нет,Нет
vpr_sd_945723,physics,7,"Определите среднюю полезную мощность насоса, который, преодолевая силу тяжести, подаёт воду объёмом 6 м 3 на высоту 10 м за 10 мин.",Нет,Нет
vpr_sd_945736,physics,7,"Поезд, двигаясь равномерно со скоростью 60 км/ч, проезжает мимо лесополосы, длина которой равна 400 метрам, за 1 минуту. Найдите длину поезда в метрах.",Нет,Нет
vpr_sd_945670,physics,7,"Рассчитайте силу, с которой атмосферный воздух давит на поверхность стола, длина которого равна 1 м, ширина равна 0,5 м. Атмосферное давление принять равным 100 кПа. Ответ дайте в килоньютонах (кН).",Нет,Нет
vpr_sd_945692,physics,7,"Газ охлаждают в закрытом металлическом баллоне. Выберите два верных утверждения о процессе, происходящем с газом, и запишите их номера. 1) Молекулы газа начинают двигаться быстрее. 2) Молекулы газа начинают двигаться медленнее. 3) Объём газа уменьшается. 4) Газ расширяется. 5) Давление газа уменьшается.",Нет,Нет
vpr_sd_945915,physics,7,"Пищу для космонавтов изготовляют в полужидком виде и помещают в тюбики с эластичными стенками. При лёгком нажатии на тюбик, его содержимое выдавливается. Действие какого физического закона иллюстрирует этот пример? Сформулируйте этот закон.",Нет,Нет
vpr_sd_945693,physics,7,"Апельсин, лежащий на столе в вагоне движущегося поезда, при экстренном торможении поезда начнёт катиться в направлении движения этого поезда. Какое физическое явление иллюстрирует этот пример? Объясните это явление.",Нет,Нет
vpr_sd_945979,physics,8,"Инженеру необходимо подобрать прибор для измерения частоты вращения вала двигателя. Известно, что максимальная расчётная частота вращения составляет 5 тысяч оборотов в минуту (RPM — «rotations per minute»). Помогите инженеру выбрать подходящий прибор, который обеспечит наиболее точное измерение частоты. В ответе укажите цену деления этого прибора. Ответ дайте в оборотах в минуту. 1 2 3",Нет,Нет
vpr_sd_945894,physics,8,"В минуту опасности некоторые головоногие выбрасывают перед собой «чернильную бомбу» – струю тёмноокрашенной жидкости. «Чернила» расплываются в воде густым «облаком», и под его прикрытием моллюск уплывает. Однако через некоторое время вода становится прозрачной. Какое физическое явление иллюстрирует рассеивание этих «чернил»? Объясните это явление.",Нет,Нет
vpr_sd_945706,physics,8,"Кусок свинца, находившийся при температуре +27,5 °C, начали нагревать, подводя к нему постоянную тепловую мощность. Через 39 секунд после начала нагревания свинец достиг температуры плавления +327,5 °C. Через сколько секунд после этого момента кусок свинца расплавится? Потери теплоты отсутствуют. (Удельная теплоемкость свинца — 130 Дж/⁠(кг · °С), удельная теплота плавления свинца — 25 кДж/⁠кг.) От",Нет,Нет
vpr_sd_945870,physics,8,"К источнику постоянного тока подсоединили две лампы (см. рис.), имеющие одинаковые электрические сопротивления. Чему равно сопротивление каждой лампы, если показания идеального амперметра и вольтметра равны соответственно 3 А и 6 В? Ответ дайте в омах.",Нет,Нет
vpr_sd_945751,physics,8,"На велосипеде установлен генератор, вырабатывающий электрическую энергию для двух последовательно соединенных ламп. В каждой лампе сила тока 0,3 А при напряжении на каждой лампе 6 В. Чему равна работа тока генератора за 2 часа? Ответ запишите в килоджоулях.",Нет,Нет
vpr_sd_945788,physics,8,"В лифте высотного здания Московского университета студент поднялся со спортивным грузом(4 спортивных молота). На какую высоту был поднят груз, если его потенциальная энергия относительно пола первого этажа здания стала эквивалентна энергии, выделяемой при полном сгорании 1 г нефти? Масса спортивного молота составляет 7,25 кг, удельная теплота сгорания нефти Ответ дайте в метрах, округлите до целых",Нет,Нет
vpr_sd_946112,physics,8,"В справочнике физических свойств различных материалов представлена следующая таблица плотностей и удельных теплот парообразования. Вещество | Плотность, кг/м 3 | Удельная теплота парообразования, МДж/кг // Вода | 1000 | 2,3 // Ртуть | 13600 | 0,3 // Спирт | 800 | 0,9 // Эфир | 710 | 0,4 Во сколько раз большее количество теплоты поглотится при испарении 12 кг спирта, чем при испарении 9 кг ртути?",Нет,Нет
vpr_sd_945970,physics,8,"Как известно, наша планета Земля является большим магнитом. Какой магнитный полюс находится вблизи Южного географического полюса Земли? Объясните свой ответ.",Нет,Нет
vpr_sd_945953,physics,8,"При проведении лабораторной работы Сергей взял 200 г воды, измерил её температуру, она оказалась равной 18 °С. Потом нагрел в горячей воде с температурой 95 °С железный цилиндр массой 100 г. А затем опустил нагретый цилиндр в холодную воду и выяснил, что установилась температура 22 °С. Считать, что тепловых потерь не было, а удельная теплоёмкость воды равна 4200 Дж/(кг · °С). 1) Какое количество т",Нет,Нет
vpr_sd_945735,physics,8,"Какая мощность выделяется в участке цепи, схема которого изображена на рисунке, если R = 16 Ом, а напряжение между точками A и B равно 8 В? Ответ приведите в ваттах.",Нет,Нет
vpr_sd_945936,physics,8,"Имеется набор разновесов, при помощи которых взвешивают небольшие шайбы. Оказалось, что масса 11 шайб меньше 9 граммов, а 12 уже больше, масса 13 шайб меньше 10 граммов, а 14 шайб больше, масса 14 шайб меньше, 11 граммов, а масса 15 шайб больше 11 граммов. Дальнейшие вычисления проводите с точностью до тысячных грамма. 1) В каком из экспериментов масса шайбы будет определена с наименьшей погрешнос",Нет,Нет
vpr_sd_945766,physics,8,"Мощность двигателя подъемного крана 12 кВт. С какой скоростью этот кран будет равномерно поднимать груз массой 2,16 тонны, если коэффициент полезного действия двигателя крана 45%? Ответ дайте в м/с.",Нет,Нет
vpr_sd_946109,physics,8,"Садоводу нужно взвесить ведро яблок, которые он собрал. Чему равна цена деления тех весов, которые лучше подойдут садоводу для взвешивания 7 кг яблок? 1 2 3 На первых и третьих весах данные в граммах, на вторых - в килограммах. Ответ дайте в килограммах.",Нет,Нет
vpr_sd_946102,physics,8,"Температура тела здорового человека равна +36,6 °C — такую температуру называют нормальной. На рисунке изображены три термометра. Чему равна цена деления того термометра, который подойдет для измерения температуры тела с необходимой точностью? 1 2 3 Дайте ответ в градусах Цельсия.",Нет,Нет
vpr_sd_946106,physics,8,"На уроке физики Миша узнал, что температура измеряется не только в градусах Цельсия, но и по Фаренгейту. Определите цену деления прибора, который ему нужен, чтобы точно узнать температуру воздуха за окном (40°F). 1 2 3 Дайте ответ в градусах по Фаренгейту.",Нет,Нет
vpr_sd_946096,physics,8,"Тахометр с какой ценой деления подойдет, чтобы зафиксировать отметку в 12,5 тысяч оборотов в минуту? 1 2 3 Дайте ответ в оборотах в минуту.",Нет,Нет
vpr_sd_945886,physics,8,"Учителю физкультуры необходимо произвести замеры бега 100 м 9 «А» класса. На пятерку необходимо преодолеть дистанцию за 13,8 секунды, на четверку 14,2 секунды, а на тройку 14,6 секунды. Чему равна цена деления секундомера, который подходит для более точного определения времени. 1 2 3 Ответ запишите в секундах.",Нет,Нет
vpr_sd_946116,physics,8,"Марии необходимо измерить давление в Па одного из помещений, где давление должно быть около 105 000 Па. Чему равна цена деления барометра, который подходит для определения давления в этой комнате. На первом барометре верхняя шкала измеряется в «x 1000 Па», нижняя — «мм. рт. ст.». На втором барометре верхняя шкала измеряется в мм. рт. ст., нижняя — в гПа. На третьем барометре шкала измеряется в мм.",Нет,Да
vpr_sd_946103,physics,8,"Тахометр с какой ценой деления лучше подойдет, чтобы понять, когда количество оборотов будет точно равно 4000 оборотов в минуту? 1 2 3 Дайте ответ в оборотах в минуту.",Нет,Нет
vpr_sd_946111,physics,8,"На уроке физики для определения напряжения Васе нужно воспользоваться вольтметром. Чему равна цена деления того вольтметра, который лучше подойдет Васе, если напряжение электрического тока составляет 400 В? 1 2 3 Дайте ответ в вольтах.",Нет,Нет
vpr_sd_945236,physics,8,"Егор взвесил яблоко и получил результат 200 г. Ниже изображены весы трёх типов — кухонные для продуктов и двое напольных для взвешивания людей. На круглой, треугольной и прямоугольной выносках крупно показаны фрагменты шкал этих весов. Определите цену деления тех весов, с помощью которых Егор не мог определить массу данного яблока.",Нет,Да
vpr_sd_945904,physics,8,"На одном участке цепи необходимо установить силу тока в 62 А. На рисунке изображены амперметры. Чему равна цена деления того амперметра, который подойдёт для измерения и контроля силы тока? Ответ запишите в амперах.",Нет,Да
vpr_sd_946107,physics,8,"Какая цена деления у той из линеек, что подойдет Денису, если ему нужно начертить отрезок длиной 10,4 см? 1 2 3 Дайте ответ в сантиметрах.",Нет,Нет
vpr_sd_946122,physics,8,"Учителю физкультуры необходимо произвести замеры бега 30 м 9 «Б» класса. На пятерку необходимо преодолеть дистанцию за 4,62 секунд, на четверку 4,91 секунд, а на тройку 5,3 секунд. Чему равна цена деления секундомера, который подходит для более точного определения времени? 1 2 3 Ответ запишите в секундах.",Нет,Нет
vpr_sd_946110,physics,8,"Продавщице нужно взвесить 3,5 кг картофеля. Чему равна цена деления тех весов, которые лучше подойдут продавщице? 1 2 3 Дайте ответ в килограммах. На первых и третьих весах указана масса в граммах, на вторых — в килограммах.",Нет,Нет
vpr_sd_945884,physics,8,"Алисе нужно накачать волейбольный мячик до давления 0,3 атм. На рисунке изображены три манометра. Чему равна цена деления того манометра, который подойдёт Алисе для наиболее точного измерения и контроля давления в волейбольном мячике при его накачивании? 1 бар = 1 атм. 0,1 MPa = 1 атм. 101,325 kPa = 1 атм. 1 2 3 Ответ запишите в атмосферах.",Нет,Да
vpr_sd_946104,physics,8,"Для определения напряжения в гирлянде Пете нужно воспользоваться вольтметром. Чему равна цена деления того вольтметра, который подойдет Пете, если напряжение электрического тока составляет 17 В? 1 2 3 Дайте ответ в вольтах.",Нет,Нет
vpr_sd_946097,physics,8,"Определите цену деления спидометра, который точнее покажет скорость 52 км/ч. 1 2 3 Ответ дайте в километрах в час.",Нет,Нет
vpr_sd_945885,physics,8,"Егору нужно измерить силу тока на плате между контактами, которая по заявлению производителя должна составлять 6,2 А. На рисунке изображены амперметра. Чему равна цена деления того амперметра, который лучше подойдёт Егору для измерения силы тока? Ответ запишите в амперах.",Нет,Да
vpr_sd_946123,physics,8,"Даниилу необходимо измерить давление в мм ртутного столба одного из помещений, где давление должно быть около 790 мм. рт. ст. Чему равна цена деления барометра, который подходит для определения давления в этой комнате. На первом барометре верхняя шкала измеряется в «x 1000 Па», нижняя — «мм. рт. ст.». На втором барометре верхняя шкала измеряется в «мм. рт. ст.», нижняя — «гПа». На третьем барометр",Нет,Да
vpr_sd_945917,physics,8,"Васе нужно накачать шину автомобиля до давления 2,6 атм. На рисунке изображены три манометра. Чему равна цена деления того манометра, который подойдёт Васе для измерения и контроля давления в шине при её накачивании? 1 бар = 1 атм. 1 2 3 Ответ запишите в атмосферах.",Нет,Да
vpr_sd_945237,physics,8,"В кипящую воду можно спокойно налить растительное масло. Но если в масло, кипящее при температуре +130 °C, капнуть воду, то масло тут же начинает разбрызгиваться. Объясните это явление.",Нет,Нет
vpr_sd_945712,physics,8,"В стакан, содержащий лед при температуре −5 °C, налили воду, имеющую температуру 40 °C. Каково отношение массы воды к массе льда, если весь лед растаял и в стакане установилась температура 0 °C? Теплообменом с окружающим воздухом пренебречь. (Удельная теплоемкость воды — 4,2 кДж/(кг·°С), льда — 2,1 кДж/(кг·°С), удельная теплота плавления льда — 330 кДж/кг.) Ответ дайте с точностью до сотых.",Нет,Нет
vpr_sd_945931,physics,8,"На рисунке приведены графики зависимости силы тока от напряжения для трёх различных резисторов. Определите сопротивление того резистора, у которого оно наименьшее. Ответ дайте в омах.",Нет,Нет
vpr_sd_945744,physics,8,"При напряжении 120 В электрическая лампа в течение 0,5 мин потребила 900 Дж энергии. Чему равна сила тока в лампе? Ответ запишите в амперах.",Нет,Нет
vpr_sd_946138,physics,8,"На сколько изменится температура воды масса которой 22 кг, если ей передать всю энергию, выделившуюся при сгорании керосина, масса которого равна 10 г? Ответ дайте в градусах Цельсия, округлите до целого.",Нет,Нет
vpr_sd_945969,physics,8,"Для отопления сельского дома было закуплено 4 кубометра еловых дров. Материал дров | Плотность, кг/м 3 | Удельная теплота сгорания, МДж/кг // Ель | 450 | 15,5 // Сосна | 520 | 15,5 // Берёза | 650 | 15 // Лиственница | 590 | 15,5 // Дуб | 690 | 15 Пользуясь приведённой таблицей, определите, какое количество теплоты в среднем требуется для обогрева дома в сутки, если известно, что купленного запаса",Нет,Нет
vpr_sd_945705,physics,8,"К северному полюсу полосового магнита подносят маленькую магнитную стрелку. Укажите рисунок, на котором правильно показано установившееся положение магнитной стрелки. 1) 1 2) 2 3) 3 4) 4",Нет,Да
vpr_sd_945959,physics,8,"Наташа выяснила, что яблоко средних размеров имеет объём 225 см 3 , а средняя плотность яблок равна 800 кг/м 3 . Яблоки фасуют по мешкам так, чтобы масса яблок в одном мешке была равна 30 кг. 1) Сколько в среднем яблок будет в одном мешке? Ответ округлите до целого числа. 2) Какая масса яблок будет в кузове автомобиля, если в него положат 17000 яблок? Ответ дайте с точностью до целых. Ответ: 1) ко",Нет,Нет
vpr_sd_945734,physics,8,"Какая мощность выделяется в резисторе R 2 , включенном в электрическую цепь, схема которой изображена на рисунке? (Ответ дать в ваттах.) R 1 = 3 Ом, R 2 = 2 Ом, R 3 = 1 Ом, ЭДС источника 5 В, внутреннее сопротивление источника пренебрежимо мало.",Нет,Да
vpr_sd_945965,physics,8,"Напряжение в сети дачного посёлка имеет суточные колебания от 200 В до 240 В. При этом лампочка накаливания с вольфрамовой нитью, подключённая к сети, испытывает колебания тока в течение суток от 0,25 А до 0,28 А. Известно, что при комнатной температуре t 0 = 20 °C сопротивление нити этой лампочки R 0 = 95 Ом, а температурный коэффициент сопротивления вольфрама = 4,1⋅10 -3 1/°С (температурным коэф",Нет,Нет
vpr_sd_945908,physics,8,"Если потереть пластмассовую ручку, которой вы пишете, о некоторые предметы одежды, то ручка начнёт притягивать маленькие кусочки бумаги. Каким физическим явлением это объясняется? В чём состоит это явление?",Нет,Нет
vpr_sd_945700,physics,8,"Кузнец кует железную подкову массой 500 г при температуре 1000 °C. Закончив ковку, он бросает подкову в сосуд с водой. Раздается шипение, и над сосудом поднимается пар. Найдите массу воды, испаряющуюся при погружении в нее раскаленной подковы. Считайте, что вода уже нагрета до температуры кипения. Ответ выразите в граммах. (Удельная теплоемкость железа — 460 Дж/(кг · °С), удельная теплота парообра",Нет,Нет
vpr_sd_945856,physics,8,"Определите показания амперметра, если показания вольтметра равны 6 В. Ответ дайте в амперах.",Нет,Нет
vpr_sd_945980,physics,8,"Петя проводил эксперимент по определению силы тока в цепи. Для этого он взял два одинаковых резистора, батарейку с напряжением 1,5 В и амперметр. Петя сначала собрал последовательную цепь из батарейки, резистора и амперметра. Прибор показал силу тока, равную 1 А. После этого Петя добавил в цепь второй резистор, подсоединив его последовательно. Какую силу тока теперь покажет амперметр? Ответ дайте ",Нет,Нет
vpr_sd_945968,physics,8,"Гайка была завинчена на заводе при помощи автоматического гаечного ключа, обеспечивающего заданный момент силы. Станок был отрегулирован так, что момент силы при закручивании гаек составлял 120 H · м. Вася может оторвать от пола груз максимальной массой 40 кг. Гаечный ключ какой минимальной длины необходимо взять Васе для того, чтобы отвернуть завинченную на заводе гайку? Ускорение свободного паде",Нет,Нет
vpr_sd_945234,physics,8,"Васе подарили кубик Рубика, и он решил измерить его массу с помощью динамометра, рассчитанного на 1 Н. Но кубик оказался слишком тяжёлым — при подвешивании его к крюку динамометра прибор «зашкаливал». Тогда Вася стал медленно опускать подвешенный к динамометру кубик в кастрюлю с водой и измерять, как зависят показания динамометра от того, какая часть объёма кубика погружена в воду. Результаты свои",Нет,Нет
vpr_sd_945800,physics,8,"В магнитное поле, линии индукции которого показаны на рисунке, помещены небольшие магнитные стрелки с номерами 1, 2, 3 и 4, которые могут свободно вращаться. Северный полюс стрелки на рисунке темный, южный — светлый. В устойчивом положении находится стрелка с номером 1) 1 2) 2 3) 3 4) 4",Нет,Да
vpr_sd_945955,physics,8,"Света решила заменить воду в аквариуме. Она взяла четыре ведёрка воды, каждое из которых вмещает 5 кг. Измерила температуру воды, она оказалась равной 14 °С. Чтобы получить воду необходимой температуры 20 °С девочка решила долить горячей воды, имеющей температуру 40 °С. 1) Какое количество теплоты получила холодная вода? 2) Сколько горячей воды нужно взять Свете? Считаем, что тепловых потерь не пр",Нет,Нет
vpr_sd_945731,physics,8,"Для изготовления кипятильника использовали проволоку длиной l = 1 м и поперечным сечением S = 0,05 мм 2 с удельным сопротивлением ρ = 1,2 · 10 -6 Ом · м. Кипятильник включили в сеть с синусоидальным напряжением, неизменное эффективное (действующее) значение которого равно U = 220 В. Через какое время τ он вскипятит 1 литр воды с начальной температурой t 1 = 20 ºС в отсутствие потерь теплоты? Ответ",Нет,Нет
vpr_sd_945230,physics,8,"Толя взял стрелочный вольтметр, рассчитанный на измерение напряжения не более 4 В, и решил увеличить его предел измерений до 12 В. Для этого Толя припаял к одному из выходов вольтметра дополнительный резистор и переградуировал шкалу прибора, получив тем самым вольтметр с увеличенным внутренним сопротивлением и расширенным диапазоном измерений. То есть, когда вольтметр по старой шкале показывал зна",Нет,Нет
vpr_sd_945696,physics,8,"На рисунке приведена зависимость количества теплоты Q , сообщаемой телу массой 2 кг, изначально находившемуся в твердом состоянии, от температуры t этого тела. Чему равна удельная теплота плавления вещества, из которого состоит это тело? Ответ укажите в килоджоулях на килограмм.",Нет,Нет
vpr_sd_946125,physics,8,"Плавкий предохранитель счетчика электроэнергии в квартирной сети напряжением 220 В снабжен надписью: «6 А». Какова максимальная суммарная мощность электрических приборов, которые можно одновременно включить в сеть, чтобы предохранитель не расплавился? Ответ дайте в ваттах.",Нет,Нет
vpr_sd_945743,physics,8,"Транспортер равномерно поднимает груз массой 190 кг на высоту 9 м за 50 с. Сила тока в электродвигателе равна 1,5 А. КПД двигателя транспортера составляет 60%. Определите напряжение в электрической сети. Ответ дайте в вольтах.",Нет,Нет
vpr_sd_945793,physics,8,"Смешали бензин объемом 1,5 л и спирт объемом 0,5 л. Какое количество теплоты выделится при полном сгорании этого топлива? Ответ дайте в МДж.",Нет,Нет
vpr_sd_945914,physics,8,"В справочнике физических свойств различных материалов представлена следующая таблица плотностей и удельных теплоёмкостей. Вещество | Плотность в твёрдом состоянии, кг/м 3 | Удельная теплоёмкость, Дж/(кг·°С) // Алюминий | 2700 | 920 // Железо | 7800 | 460 // Кирпич | 1600 | 880 // Медь | 8900 | 380 // Никель | 8900 | 460 // Олово | 7300 | 250 Алюминиевый и железный бруски массой 1 кг каждый нагрева",Нет,Нет
vpr_sd_945927,physics,8,"На рисунках показано, как установились магнитные стрелки, находящиеся возле полюсов двух постоянных магнитов. Определите полюса 1 и 2 магнитов. Кратко объясните свой ответ.",Нет,Нет
vpr_sd_945960,physics,8,"Путь между соседними станциями Одинцово и Тестовская электричка проходит со скоростью 72 км/ч. Электричка отошла от станции Одинцово в 14:23, а от станции Тестовская — в 14:48, затратив на остановку 5 минут. 1) Определите расстояние между станциями в километрах. 2) Если бы электричка двигалась со средней скоростью 25 м/с, то через сколько минут она бы прибыла на станцию Тестовская? Округлите оба о",Нет,Нет
vpr_sd_946120,physics,8,"Оцените длину нити лампы накаливания, если известно, что её толщина 0,05 мм и при напряжении 220 В сила тока в лампе 0,5 А. Примем, что удельное сопротивление вольфрама при рабочей температуре лампы (когда нить накалена) в 12 раз больше, чем при комнатной температуре. Ответ дайте в метрах.",Нет,Нет
vpr_sd_945941,physics,8,"Один из концов нити ученик закрепил на штативе, к другому привязал гайку и отклонил её от положения равновесия. Гайка стала раскачиваться на нити, приходя в крайние положения через одинаковые промежутки времени. При помощи часов с секундной стрелкой ученик засекал моменты времени, когда гайка занимала крайнее правой положение. Десятый раз гайка заняла его в промежуток времени с 21 до 22 секунды, 1",Нет,Нет
vpr_sd_946100,physics,8,"Марине нужно начертить отрезок длиной 14,3 см. Какая цена деления у подходящей линейки? 1 2 3 Дайте ответ в сантиметрах.",Нет,Нет
vpr_sd_946105,physics,8,"Утром у Вани поднялась температура. Определите цену деления прибора, который ему нужен, чтобы точно узнать температуру тела (с точностью до десятых). 1 2 3 Дайте ответ в градусах Цельсия.",Нет,Нет
vpr_sd_945902,physics,8,"Температура воды в открытом стакане, долго стоящем в комнате, всегда немного ниже температуры воздуха в комнате. Каким физическим явлением это объясняется? В чём состоит это явление?",Нет,Нет
vpr_sd_945929,physics,8,Оболочки космических кораблей и ракет делают из особых сплавов или из керамических материалов. Каким свойством должны обладать эти материалы? Объясните свой ответ.,Нет,Нет
vpr_sd_945848,physics,8,"Какое количество теплоты потребуется для обращения в воду льда массой 2 кг, взятого при и при нагревании образовавшейся воды до температуры Удельная теплота плавления льда удельная теплоемкость воды Ответ запишите в килоджоулях.",Нет,Нет
vpr_sd_946132,physics,8,"Сколько воды, взятой при температуре 14 °C, можно нагреть до 50 °C, сжигая спирт массой 30 г и считая, что вся выделяемая при горении спирта энергия идет на нагревание воды? Удельная теплота сгорания спирта — 27 МДж/кг; удельная теплоемкость воды - 4200 Дж/(кг · °C). Ответ дайте в килограммах, округлите до сотых.",Нет,Нет
vpr_sd_945792,physics,8,"Во сколько раз больше теплоты выделится при полном сгорании водорода массой 1 кг, чем при сгорании сухих березовых дров той же массы? Удельная теплота сгорания водорода удельная теплота сгорания сухих березовых дров Ответ округлите до целых.",Нет,Нет
vpr_sd_946129,physics,8,"Твёрдые тела // Вещество | Температура плавления, °C | Удельная теплота плавления, кДж/кг // Алюминий | 660 | 380 // Лёд | 0 | 330 // Медь | 1083 | 180 // Олово | 232 | 59 // Свинец | 327 | 25 // Серебро | 960 | 87 // Сталь | 1400 | 82 Два бруска одинаковой массы из меди и стали нагрели до температуры плавления. Найдите отношение теплот выделившихся при плавлении.",Нет,Нет
vpr_sd_945982,physics,8,"Для отопления сельского дома было закуплено 4 кубометра берёзовых дров. Материал дров | Плотность, кг/м 3 | Удельная теплота сгорания, МДж/кг // Ель | 450 | 15,5 // Сосна | 520 | 15,5 // Берёза | 650 | 15 // Лиственница | 590 | 15,5 // Дуб | 690 | 15 Пользуясь приведённой таблицей, определите, какое количество теплоты в среднем требуется для обогрева дома в сутки, если известно, что купленного зап",Нет,Нет
vpr_sd_945895,physics,8,"Если взбаламутить воду в пруду с илистым дном, то ил долго не оседает на дно, и вода остаётся мутной. Какое физическое явление происходит с частицами ила? Опишите это явление.",Нет,Нет
vpr_sd_945701,physics,8,"Кузнец кует железную подкову массой 350 г при температуре 1100 °C. Закончив ковку, он бросает подкову в сосуд с водой. Раздается шипение, и над сосудом поднимается пар. Найдите массу воды, испаряющуюся при погружении в нее раскаленной подковы. Считайте, что вода уже нагрета до температуры кипения. Ответ выразите в граммах. (Удельная теплоемкость железа — 460 Дж/⁠(кг · °C), удельная теплота парообр",Нет,Нет
vpr_sd_946119,physics,8,"В справочнике физических свойств различных материалов представлена следующая таблица плотностей и удельных теплот парообразования. Вещество | Плотность, кг/м 3 | Удельная теплота парообразования, МДж/кг // Вода | 1000 | 2,3 // Ртуть | 13600 | 0,3 // Спирт | 800 | 0,9 // Эфир | 710 | 0,4 Какое количество теплоты выделится, при испарении 3 кг ртути? Ответ дайте в мегаджоулях.",Нет,Нет
vpr_sd_945802,physics,8,"По катушке идет электрический ток, направление которого показано на рисунке. При этом на концах сердечника катушки 1) образуются магнитные полюса: на конце 1 — северный полюс, на конце 2 — южный полюс 2) образуются магнитные полюса: на конце 1 — южный полюс, на конце 2 — северный полюс 3) скапливаются электрические заряды: на конце 1 — отрицательный заряд, на конце 2 — положительный заряд 4) скапл",Нет,Нет
vpr_sd_945961,physics,8,"Средняя скорость тела за 20 с составила 4 м/с. За последние 4 с средняя скорость была 36 км/ч. 1) Чему равен путь, пройденным телом за всё время? 2) Чему равна средняя скорость тела за первые 16 с движения? Первый ответ дайте с точностью до целых, а второй округлите до десятых. Ответ: 1) путь м 2) средняя скорость м/с.",Нет,Нет
vpr_sd_945726,physics,8,"Какая мощность выделяется в участке цепи, схема которого изображена на рисунке, если R = 27 Ом, а напряжение между точками A и B равно 9 В? Ответ приведите в ваттах.",Нет,Нет
vpr_sd_945978,physics,8,"Напряжение в сети дачного посёлка имеет суточные колебания от 200 В до 250 В. При этом лампочка накаливания с вольфрамовой нитью, подключённая к сети, испытывает колебания тока в течение суток от 0,25 А до 0,28 А. Известно, что при комнатной температуре t 0 = 20 °С сопротивление нити этой лампочки R 0 = 93 Ом, а температурный коэффициент сопротивления вольфрама = 4,1 · 10 -3 1/°С (температурным ко",Нет,Нет
vpr_sd_945713,physics,8,"По катушке идет электрический ток, направление которого показано на рисунке. При этом на концах железного сердечника катушки 1) образуются магнитные полюса: на конце 1 — северный полюс; на конце 2 — южный 2) образуются магнитные полюса: на конце 1 — южный полюс; на конце 2 — северный 3) скапливаются электрические заряды: на конце 1 — отрицательный заряд; на конце 2 — положительный 4) скапливаются ",Нет,Да
vpr_sd_945708,physics,8,"Проводник, по которому протекает электрический ток I, расположен перпендикулярно плоскости чертежа (см. рис.). Расположение какой из магнитных стрелок, взаимодействующих с магнитным полем проводника с током, показано правильно? 1) 1 2) 2 3) 3 4) 4",Нет,Да
vpr_sd_945710,physics,8,Правильное положение магнитной стрелки в магнитном поле постоянного магнита изображено на рисунке 1) 1 2) 2 3) 3 4) 4,Нет,Да
vpr_sd_945909,physics,8,"На рисунке изображена картина линий магнитного поля двух постоянных магнитов, полученная с помощью железных опилок. Рядом с левым магнитом, но при этом довольно далеко от правого магнита установлена магнитная стрелка, которая находится в равновесии. Каким полюсам магнитов соответствуют области 1 и 2? Кратко объясните свой ответ.",Нет,Да
vpr_sd_945714,physics,8,"Изучая магнитные свойства проводника с током, ученик собрал электрическую схему, содержащую прямой проводник, и установил рядом с проводником магнитную стрелку (см. рис. 1). При пропускании через проводник электрического тока магнитная стрелка поворачивается (рис. 2 и 3). Рис. 1 Рис. 2 Рис. 3 Какие утверждения соответствуют результатам проведенных экспериментальных наблюдений? Из предложенного пер",Нет,Да
vpr_sd_945845,physics,8,"На рисунке представлена электрическая схема, которая содержит источник тока, проводник AB , ключ и реостат. Проводник AB помещен между полюсами постоянного магнита. Используя рисунок, выберите из предложенного перечня два верных утверждения. Укажите их номера. 1) Магнитные линии поля постоянного магнита в области расположения проводника AB направлены вертикально вверх. 2) Электрический ток, протек",Нет,Да
vpr_sd_945841,physics,8,"В магнитное поле, линии индукции которого показаны на рисунке, помещены небольшие магнитные стрелки с номерами 1, 2, 3 и 4, которые могут свободно вращаться. Южный полюс стрелки на рисунке светлый, северный — темный. В устойчивом положении находится стрелка с номером 1) 1 2) 2 3) 3 4) 4",Нет,Да
vpr_sd_945846,physics,8,"Какой набор приборов и материалов можно использовать, чтобы продемонстрировать опыт Эрстеда по обнаружению магнитного поля тока? 1) два полосовых магнита, подвешенных на нитях 2) магнитная стрелка и прямолинейный проводник, подключенный к источнику постоянного тока 3) проволочная катушка, подключенная к миллиамперметру, полосовой магнит 4) полосовой магнит, лист бумаги и железные опилки",Нет,Нет
vpr_sd_945983,physics,8,"Как известно, наша планета Земля является большим магнитом. Какой магнитный полюс находится вблизи Северного географического полюса Земли? Объясните свой ответ.",Нет,Нет
vpr_sd_945985,physics,8,"Ученик при измерении напряжения на одной лампочке в ёлочной гирлянде по ошибке включил амперметр вместо вольтметра (думая, что он использует нужный прибор). Что при этом произойдёт с накалом нити лампы, к которой этот прибор был подключён? Обоснуйте свой ответ.",Нет,Нет
vpr_sd_945723,physics,8,"Какое количество теплоты необходимо для плавления куска свинца массой 2 кг, взятого при температуре 27 °C? (Удельная теплоемкость свинца — 130 Дж/(кг·°С), удельная теплота плавления свинца — 25 кДж/кг.) Ответ дайте в кДж.",Нет,Нет
vpr_sd_945859,physics,8,"Используя данные рисунка, определите показание идеального амперметра А. Ответ дайте в амперах.",Нет,Нет
vpr_sd_945761,physics,8,"Какая мощность выделяется в лампочке в цепи, схема которой приведена на рисунке, если амперметр показывает силу тока 0,05 А, а вольтметр — напряжение 4 В. Известно, что цепь подключена к источнику постоянного напряжения U = 12 В. Измерительные приборы считать идеальными. Ответ запишите в ваттах.",Нет,Нет
vpr_sd_946114,physics,8,"В справочнике физических свойств различных материалов представлена следующая таблица плотностей и удельных теплоёмкостей. Вещество | Плотность, кг/м 3 | Удельная теплоемкость, Дж/кг·°С // Алюминий | 2700 | 920 // Железо | 7800 | 460 // Лёд | 900 | 2100 // Медь | 8900 | 380 // Олово | 7300 | 250 // Свинец | 11300 | 140 // Серебро | 10500 | 250 // Сталь | 7800 | 500 На сколько кубик льда с ребром 2 ",Нет,Нет
vpr_sd_945874,physics,8,"В сосуд с водой положили кусок льда. Каково отношение массы льда к массе воды, если весь лед растаял и в сосуде установилась температура 0 °С? Теплообменом с окружающим воздухом пренебречь. Начальные температуры воды и льда определите из графика зависимости температуры t от времени τ для воды и льда в процессе теплообмена.",Нет,Нет
vpr_sd_946117,physics,8,"Твёрдые тела // Вещество | Температура плавления, °C | Удельная теплота плавления, кДж/кг // Алюминий | 660 | 380 // Лёд | 0 | 330 // Медь | 1083 | 180 // Олово | 232 | 59 // Свинец | 327 | 25 // Серебро | 960 | 87 // Сталь | 1400 | 82 Полярникам нужно растопить кусок льда массой 2 кг при температуре воздуха –20 °C. Какое количество теплоты им потребуется? Ответ дайте в мегаджоулях.",Нет,Нет
vpr_sd_945948,physics,8,"Холодную воду массой 40 кг смешали с 16 кг горячей воды, имеющей температуру 84 °С. В результате установилась температура 34 °С. 1) Какое количество теплоты отдала горячая вода? 2) Какой была начальная температура холодной воды? Считать, что теплообмена с окружающей средой не было. Оба ответа дайте с точностью до целых. Ответ: 1) количество теплоты Дж 2) температура °С.",Нет,Нет
vpr_sd_945733,physics,8,"Какая мощность выделяется в резисторе R 1 , включенном в электрическую цепь, схема которой изображена на рисунке? (Ответ дать в ваттах.) R 1 = 3 Ом, R 2 = 2 Ом, R 3 = 1 Ом, ЭДС источника 5 В, внутреннее сопротивление источника пренебрежимо мало. Ответ дайте в ваттах.",Нет,Нет
vpr_sd_945911,physics,8,"Колю попросили определить размер кубика сахара-рафинада. К сожалению, под руками у него оказалась только линейка для классной доски — с ценой деления 10 см. Выяснилось, что длина ряда из 7 кубиков, составленных вплотную, меньше 10 см, а ряда из 8 кубиков — уже больше. Ряд из 14 кубиков короче 20 см, а из 15 кубиков — длиннее. Ряд из 22 кубиков короче 30 см, а из 23 — длиннее. 1) В каком из экспери",Нет,Нет
vpr_sd_945881,physics,8,"Имеются две порции воды одинаковой массы, находящиеся при температуре 0 °C. Первую порцию нагревают на 17 °C, затрачивая при этом количество теплоты Q 1 . Во сколько раз n большее количество теплоты выделяется при полном превращении в лед второй порции воды?",Нет,Нет
vpr_sd_945871,physics,8,"На железный проводник длиной 10 м и сечением 2 мм 2 подано напряжение 12 мВ. Чему равна сила тока, протекающего по проводнику? Ответ дайте в милиамперах, округлив до целого числа. (Удельное сопротивление железа — 0,098 Ом · мм 2 /м.)",Нет,Нет
vpr_sd_945772,physics,8,"Резисторы R 1 = 10 Ом, R 2 = 40 Ом, R 3 = 40 Ом подключены к источнику постоянного напряжения U = 120 В так, как показано на рисунке. Какая мощность выделяется в резисторе R 1 ? Ответ запишите в ваттах.",Нет,Нет
vpr_sd_945838,physics,8,Сколько теплоты выделится при полном сгорании сухих березовых дров объемом Удельная теплота сгорания сухих березовых дров Плотность сухих березовых дров Ответ дайте в МДж.,Нет,Нет
vpr_sd_945926,physics,8,"На заводе при обработке цветных металлов в двух тигельных печах плавились одинаковые объёмы меди и золота. Используя таблицу, найдите отношение количества теплоты, затраченного на плавление меди к количеству теплоты, затраченному на плавление золота. Ответ округлите до десятых долей. Металл | Удельная теплота плавления кДж/кг | Плотность кг/м 3 // Железо | 270,0 | 7800 // Золото | 67,0 | 19300 // ",Нет,Нет
vpr_sd_945915,physics,8,"На уроке географии Толя узнал, что вода в морях более плотная, чем в реках, и решил на занятии физического кружка измерить плотность солёной воды. Толя взял пол-литровый пустой стакан и заполнил его водой ровно на половину. Плотность воды 1 г/см 3 . 1) Известно, что в одну полную чайную ложку объёмом 5 мл помещается 6 г соли. Определите плотность соли (в кг/м 3 ) при её насыпании в ложку. 2) Опред",Нет,Нет
vpr_sd_945940,physics,8,"В качестве составной части экспериментального вольтова столба используются одинаковые медные и цинковые монетки, смоченные кислотой. Пара из вольтовой и цинковой монетки образуют гальванический элемент. Их прикладывают друг к другу и вольтметром измеряют напряжение на концах полученного столбика. Общее напряжение при последовательном соединении равно сумме напряжений элементов. Если сложить 3 элем",Нет,Нет
vpr_sd_945928,physics,8,"Заметив, что радиоуправляемая машинка начала ездить слишком медленно, Кузя решил измерить при помощи вольтметра напряжение на аккумуляторе в машинке. На корпусе аккумулятора написано «6 В». На рисунке изображена шкала вольтметра, подключённого Кузей к этому аккумулятору. На какую величину реальное напряжение на аккумуляторе меньше значения, указанного на его корпусе? Ответ дайте в вольтах.",Нет,Нет
vpr_sd_945860,physics,8,"Двум ученикам выдали по четыре одинаковых резистора сопротивлением 2 Ом каждый, соединительные провода, источник постоянного напряжения U = 5 В и очень хороший амперметр. Первый ученик собрал цепь, изображенную на рисунке 1, второй ученик собрал цепь, изображенную на рисунке 2. Рис. 1 Рис. 2 Определите разность показаний амперметров второго и первого учеников.",Нет,Нет
vpr_sd_945787,physics,8,"Электродвигатель постоянного тока работает при напряжении 220 В и силе тока 40 А. Полезная мощность двигателя 6,5 кВт. Чему равен КПД электродвигателя? Ответ округлите до целого числа процентов.",Нет,Нет
vpr_sd_945729,physics,8,"Известно, что «лошадиная сила» (л. с.) равна мощности 75 кгс · м/с ≈ 735 Вт, а средний человек при длительной работе развивает мощность около 0,16 л. с. и кратковременно может превышать это ограничение. Человек, стараясь после отключения электричества в сети осветить свое жилище, используя электрогенератор с механическим приводом с КПД η = 65%, вращает ротор генератора через редуктор за ручку, нах",Нет,Нет
vpr_sd_945922,physics,8,"Школьника попросили определить объём одной монетки и выдали для этого 55 одинаковых монет, рычажные весы и набор гирек. Проблема оказалась в том, что самая лёгкая гирька в наборе имела массу 10 г, а монеты были достаточно лёгкими. Школьник провёл несколько опытов и выяснил, что если на одну чашу весов положить 7 монет, то они перевешивают гирю массой 10 г, но легче, чем гиря массой 20 г. Если поло",Нет,Нет
vpr_sd_945903,physics,8,"Если коснуться шарика электроскопа заряженным телом, листочки электроскопа разойдутся. Каким физическим явлением это объясняется? В чём состоит это явление?",Нет,Нет
vpr_sd_945899,physics,8,"Если поднести компас к проводнику с током, стрелка повернется. Каким физическим явлением это объясняется? В чём состоит это явление?",Нет,Нет
vpr_sd_945893,physics,8,"При прохождении тока через проводник, проводник нагревается. Чем это объясняется?",Нет,Нет
vpr_sd_945882,physics,8,"По результатам нагревания кристаллического вещества массой 5 кг построен график зависимости температуры этого вещества от количества подводимого тепла. Считая, что потерями энергии можно пренебречь, определите, какое количество теплоты потребовалось для нагревания 1 кг этого вещества в жидком состоянии на 1 °C? Ответ запишите в джоулях.",Нет,Нет
vpr_sd_945844,physics,8,"Во сколько раз плавление куска железа массой 1 кг требует больше энергии, чем плавление той же массы ртути? Удельная теплота плавления железа удельная теплота плавления ртути",Нет,Нет
vpr_sd_945795,physics,8,"В печи сгорели сухие сосновые дрова объемом 0,01 и торф массой 5 кг. Сколько теплоты выделилось в печи? Удельная теплота сгорания сосновых дров удельная теплота сгорания торфа Ответ дайте в МДж.",Нет,Нет
vpr_sd_945837,physics,8,Какое количество теплоты выделится при полном сгорании каменного угля массой 10 кг. Удельная теплота сгорания каменного угля Ответ дайте в МДж.,Нет,Нет
vpr_sd_946135,physics,8,"В справочнике физических свойств различных материалов представлена следующая таблица плотностей, удельных теплоёмкостей и удельных теплот сгорания. Вещество | Плотность, кг/м 3 | Удельная теплоемкость, Дж/кг·°С // Алюминий | 2700 | 920 // Вода | 1000 | 2700 // Железо | 7800 | 460 // Лёд | 900 | 2100 // Медь | 8900 | 380 // Олово | 7300 | 250 Топливо | Плотность, кг/м 3 | Удельная теплота сгорания,",Нет,Нет
vpr_sd_946115,physics,8,"Удельное сопротивление ρ (при 20 °C) Вещество | Ом · м // Алюминий | 2,8 · 10 −8 // Вольфрам | 5,5 · 10 −8 // Железо | 10 · 10 −8 // Медь | 1,7 · 10 −8 // Никелин | 42 · 10 −8 // Нихром | 110 · 10 −8 // Свинец | 21 · 10 −8 // Серебро | 1,6 · 10 −8 // Сталь | 12 · 10 −8 Площади поперечных сечений и длины нихромовой и железной проволок одинаковы. Найдите отношение сопротивлений.",Нет,Нет
vpr_sd_945954,physics,8,"Саша прочитал в Интернете, что при закалке стали её нагревают до ярко-жёлтого каления. Он решил узнать, что это означает. По найденной информации стальной резец имеет массу 300 г. Его опускают в воду массой 0,8 кг. При этом вода нагревается от 20 °С до 62 °С. Из справочного материала известно, что удельная теплоёмкость стали равна 500 Дж/(кг · °С), а у воды 4200 Дж/(кг · °С). 1) Какое количество т",Нет,Нет
vpr_sd_945921,physics,8,"Для того, чтобы остудить чай, температура которого была 100 °С, Маша добавила в него порцию холодной воды с температурой 15 °С. После установления температурного равновесия температура воды в чашке составила 75 °С. Удельные теплоёмкости чая и воды одинаковы и равны c = 4200 Дж/(кг · °C). Потерями теплоты можно пренебречь. 1) Найдите отношение количества теплоты, отданной чаем, к количеству теплоты",Нет,Нет
vpr_sd_945942,physics,8,"Имеется набор разновесов, при помощи которых взвешивают. Оказалось, что масса 4 горошинок меньше 3 грамма, а 5 горошинок уже больше, масса 5 горошинок меньше 4 граммов, а 6 горошинок больше, масса 7 горошинок меньше, 5 граммов, а масса 8 горошинок больше 5 граммов. Оцените среднюю массу одной горошинки и погрешность её измерения в этом эксперименте с точностью до тысячных грамма. 1) В каком из экс",Нет,Нет
vpr_sd_945984,physics,8,"Инженеру необходимо подобрать прибор для измерения частоты вращения вала двигателя. Известно, что максимальная расчётная частота вращения составляет 6 тысяч оборотов в минуту (RPM — «rotations per minute»). Помогите инженеру выбрать подходящий прибор, который обеспечит наиболее точное измерение частоты. В ответе укажите цену деления этого прибора. Ответ дайте в оборотах в минуту. 1 2 3",Нет,Нет
vpr_sd_945797,physics,8,"На рисунке представлена картина линий магнитного поля от двух полосовых магнитов, полученная с помощью магнитной стрелки и железных опилок. Каким полюсам полосовых магнитов соответствуют области 1 и 2? 1) 1 — северному полюсу; 2 — южному 2) 1 — южному; 2 — северному полюсу 3) и 1, и 2 — северному полюсу 4) и 1, и 2 — южному полюсу",Нет,Нет
vpr_sd_945796,physics,8,"На рисунке представлена картина линий магнитного поля от двух полосовых магнитов, полученная с помощью железных опилок. Каким полюсам полосовых магнитов, судя по расположению магнитной стрелки, соответствуют области 1 и 2? 1) 1 — северному полюсу; 2 — южному 2) 1 — южному; 2 — северному полюсу 3) и 1, и 2 — северному полюсу 4) и 1, и 2 — южному полюсу",Нет,Нет
vpr_sd_945709,physics,8,"Ученик получил фотографии, на которых изображены картины линий магнитного поля, полученные от немаркированных полосовых магнитов с помощью железных опилок. Фотография 1 Фотография 2 Выберите из предложенного перечня два утверждения, которые соответствуют результатам анализа полученных фотографий и запишите в ответе цифры, под которыми они указаны. 1) Магнитное действие магнитов зависит от материал",Нет,Нет
vpr_sd_945704,physics,8,"На рисунке представлен график зависимости силы электрического тока, протекающего в резисторе, от времени. Магнитное поле вокруг проводника возникает в интервале(-ах) времени 1) только от 0 с до 6 с 2) только от 0 с до 1 с 3) только от 0 с до 1 с и от 4 с до 6 с 4) от 0 с до 8 с",Нет,Да
vpr_sd_945715,physics,8,"Изучая магнитные свойства электромагнита, ученик собрал электрическую схему, содержащую катушку, намотанную на железный сердечник, и установил рядом с катушкой магнитную стрелку (см. рис. 1). При пропускании через катушку электрического тока магнитная стрелка поворачивается (рис. 2 и 3). Рис. 1 Рис. 2 Рис. 3 Какие утверждения соответствуют результатам проведенных экспериментальных наблюдений? Из п",Нет,Да
vpr_sd_945840,physics,8,"К источнику постоянного напряжения вначале подключают алюминиевую проволоку, а затем кювету с электролитом. При этом в каждом случае рядом с проводниками помещают магнитную стрелку. В каком случае магнитная стрелка после замыкания ключа зафиксирует факт появления магнитного поля? 1 2 1) ни в том, ни в другом случае 2) в обоих случаях 3) только в первом случае 4) только во втором случае",Нет,Нет
vpr_sd_945896,physics,8,"Почему расходятся листочки электроскопа, если его шарика коснуться заряженным телом? Как называется такое явление?",Нет,Нет
vpr_sd_945711,physics,8,"На рисунке представлена картина линий магнитного поля, полученная с помощью железных опилок от двух полосовых магнитов. Каким полюсам полосовых магнитов соответствуют области 1 и 2? 1) 1 — северному полюсу, 2 — южному 2) 2 — северному полюсу, 1 — южному 3) и 1, и 2 — северному полюсу 4) и 1, и 2 — южному полюсу",Нет,Да
vpr_sd_945801,physics,8,"На рисунке представлена электрическая схема, содержащая источник тока, проводник AB , ключ и реостат. Проводник AB помещен между полюсами постоянного магнита. Используя рисунок, выберите из предложенного перечня два верных утверждения. Укажите их номера. 1) При замкнутом ключе электрический ток в проводнике имеет направление от точки A к точке B . 2) Магнитные линии поля постоянного магнита в обла",Нет,Да
vpr_sd_945847,physics,8,"К источнику постоянного напряжения вначале подключают медную проволоку, а затем трубку с разреженным газом, в которой возникает газовый разряд. При этом в каждом случае рядом с проводниками помещают магнитную стрелку. В каком случае магнитная стрелка после замыкания ключа зафиксирует факт появления магнитного поля? 1 2 1) ни в том, ни в другом случае 2) только в первом случае 3) только во втором с",Нет,Нет
vpr_sd_945803,physics,8,"Линейный проводник закрепили над магнитной стрелкой и собрали электрическую цепь, представленную на рисунке. При замыкании ключа магнитная стрелка 1) останется на месте 2) повернется на 180° 3) повернется на 90° и установится перпендикулярно плоскости рисунка южным полюсом на читателя 4) повернется на 90° и установится перпендикулярно плоскости рисунка северным полюсом на читателя",Нет,Да
vpr_sd_945867,physics,8,"Электрическая цепь состоит из соединенных последовательно источника постоянного напряжения, идеального амперметра и длинной однородной проволоки постоянного сечения. При этом амперметр показывает ток силой I 1 . Эту же проволоку складывают в виде правильного пятиугольника и снова включают в ту же цепь так, как показано на рисунке. При таком подключении амперметр показывает ток силой I 2 . Найдите ",Нет,Нет
vpr_sd_945857,physics,8,"Определите сопротивление лампы накаливания, если известно, что напряжение на участке АВ равно 100 В, а сила тока в цепи — 0,4 А. Ответ дайте в омах.",Нет,Нет
vpr_sd_945862,physics,8,"В электрической цепи, представленной на схеме, сила тока равна 4 А, напряжение на первом проводнике 20 В. Вольтметр показывает напряжение 60 В. Найдите сопротивление второго проводника. Ответ запишите в омах.",Нет,Нет
vpr_sd_945863,physics,8,"На рисунке приведен график зависимости силы тока I в никелиновой проволоке от напряжения U на ее концах. Длина проволоки составляет 10 м. Чему равна площадь поперечного сечения проволоки? Ответ дайте в квадратных миллиметрах. Для вычислений использовать удельное сопротивление никелина — 0,4 Ом · мм 2 /м.",Нет,Нет
vpr_sd_946126,physics,8,"На входе в электрическую цепь квартиры стоит предохранитель, размыкающий цепь при силе тока 10 А. Подаваемое в цепь напряжение равно 110 В. Какое максимальное число электрических чайников, мощность каждого из которых 400 Вт, можно одновременно включить в квартире?",Нет,Нет
vpr_sd_945869,physics,8,"Чему равно общее сопротивление участка цепи, изображенного на рисунке, если R 1 = 1 Ом, R 2 = 10 Ом, R 3 = 10 Ом, R 4 = 5 Ом? Ответ дайте в омах.",Нет,Нет
vpr_sd_945239,physics,8,"На графике показана зависимость температуры некоторого вещества от подведённого к нему количества теплоты. Найдите удельную теплоёмкость этого вещества при изменении его температуры от 70 °C до 100 °C. Масса вещества 0,5 кг.",Нет,Нет
vpr_sd_945858,physics,8,"Чему равно общее сопротивление участка цепи, изображённого на рисунке, если R 1 = 10 Ом, R 2 = 10 Ом, R 3 = 2 Ом, R 4 = 3 Ом? Ответ дайте в омах.",Нет,Нет
vpr_sd_945974,physics,8,"Воду, взятую при температуре 40 °С, поместили в морозильную камеру. На рисунке представлен график зависимости температуры t воды от времени Определите мощность морозильника, если в процессе кристаллизации вода отдала количество теплоты 720 кДж. Ответ дайте в ваттах.",Нет,Нет
vpr_sd_945868,physics,8,"Чему равно общее сопротивление участка цепи, изображенного на рисунке, если R 1 = 1 Ом, R 2 = 3 Ом, R 3 = 10 Ом, R 4 = 10 Ом? Ответ дайте в омах.",Нет,Нет
vpr_sd_945919,physics,8,"Некая компания начала выпускать елочные гирлянды с разветвляющимися участками. Схема такого участка показана на рисунке, на ней указаны сопротивления лампочек. Напряжение на этом участке равно 4,5 В. Чему равна сила тока, текущего через ту лампу, сопротивление которой меньше? Ответ запишите в амперах.",Нет,Нет
vpr_sd_945852,physics,8,"Электрическая цепь состоит из двух параллельно соединенных резисторов, сопротивление которых R 1 = 10 Ом, R 2 = 5 Ом. Сила тока в первом резисторе 1 А. Чему равна сила тока в неразветвленной части цепи? Ответ запишите в амперах.",Нет,Нет
vpr_sd_945864,physics,8,"В сеть, напряжение которой 120 В, последовательно с лампой включен резистор. Напряжение на лампе 45 В. Какова сила тока в цепи, если сопротивление резистора равно 6,25 Ом? Ответ запишите в амперах.",Нет,Нет
vpr_sd_945975,physics,8,"Петя проводил эксперимент по определению силы тока в цепи. Для этого он взял два одинаковых резистора, батарейку с напряжением 3 В и амперметр. Петя сначала собрал последовательную цепь из батарейки, резистора и амперметра. Прибор показал силу тока равную 1,2 А. После этого Петя добавил в цепь второй резистор, подсоединив его последовательно. Какую силу тока теперь покажет амперметр? Ответ дайте в",Нет,Нет
vpr_sd_945782,physics,8,"На рисунке показана схема электрической цепи, где R 1 = 2 Ом, R 2 = 2 Ом, R 3 = 3 Ом. В цепи выделяется мощность P 1 = 2 Вт. Найдите мощность P 2 , выделяемую в электрической цепи после размыкания ключа. Ответ дайте в ваттах.",Нет,Нет
vpr_sd_945745,physics,8,"Электровоз, потребляющий ток 1,6 кА, развивает при скорости 12 м/с силу тяги 340 кН. КПД двигателя электровоза равен 85 %. Под каким напряжением работает двигатель электровоза? Ответ дайте в вольтах.",Нет,Нет
vpr_sd_945760,physics,8,"Резисторы R 1 = 2 Ом и R 2 = 3 Ом соединены параллельно, как показано на схеме. Какая мощность выделяется в резисторе R 1 , если амперметр показывает силу тока I = 1 А? Ответ запишите в ваттах.",Нет,Нет
vpr_sd_945736,physics,8,"Груз массой 2 кг равномерно втаскивают по шероховатой наклонной плоскости, имеющей высоту 0,6 м и длину 1 м, действуя на него силой, равной по модулю 20 Н и направленной вдоль наклонной плоскости. Чему равен КПД наклонной плоскости? В ответе запишите целое число процентов.",Нет,Нет
vpr_sd_946131,physics,8,"Удельное сопротивление ρ (при 20 °C) Вещество | Ом · м // Алюминий | 2,8 · 10 −8 // Вольфрам | 5,5 · 10 −8 // Латунь | 7,1 · 10 −8 // Медь | 1,7 · 10 −8 // Никелин | 42 · 10 −8 // Нихром | 110 · 10 −8 // Свинец | 21 · 10 −8 // Серебро | 1,6 · 10 −8 // Сталь | 12 · 10 −8 Есть два проводника. Один из меди, другой из алюминия. Длина первого в 3 раза больше второго, площади поперечного сечения равны. ",Нет,Нет
vpr_sd_946133,physics,8,"В справочнике физических свойств различных материалов представлена следующая таблица плотностей и удельных теплоёмкостей. Вещество | Плотность, кг/м 3 | Удельная теплоемкость, Дж/кг·°С // Алюминий | 2700 | 920 // Вода | 1000 | 4200 // Железо | 7800 | 460 // Лёд | 900 | 2100 // Медь | 8900 | 380 // Олово | 7300 | 250 // Свинец | 11300 | 140 // Серебро | 10500 | 250 // Сталь | 7800 | 500 На сколько ",Нет,Нет
vpr_sd_946118,physics,8,"Твёрдые тела // Вещество | Температура плавления, °C | Удельная теплоемкость, Дж/кг·°С // Алюминий | 660 | 920 // Лёд | 0 | 2100 // Медь | 1083 | 380 // Олово | 232 | 250 // Свинец | 327 | 140 // Серебро | 960 | 250 // Сталь | 1400 | 500 Кузнецу нужно разогреть кусок стали массой 0,5 кг до температуры плавления при температуре воздуха 20 °C. Какое количество теплоты ему потребуется? Ответ дайте в ",Нет,Нет
vpr_sd_946136,physics,8,"На какой высоте над поверхностью океана летел в самолете футбольный мяч в то время, как потенциальная энергия этого футбольного мяча в самолете была эквивалентна количеству теплоты, которая выделяется при полном сгорании 1 г нефти? Масса футбольного мяча составляет 0,4 кг, удельная теплота сгорания нефти Ответ дайте в километрах.",Нет,Нет
vpr_sd_945791,physics,8,"Сколько спирта надо сжечь, чтобы получить столько же энергии, сколько ее выделяется при сгорании бензина объемом Удельная теплота сгорания спирта удельная теплота сгорания бензина Плотность бензина Ответ дайте в килограммах, округлите до целых.",Нет,Нет
vpr_sd_945836,physics,8,Какое количество теплоты выделится при полном сгорании бензина массой 5 кг. Удельная теплота сгорания бензина Ответ дайте в МДж.,Нет,Нет
vpr_sd_945843,physics,8,"Вычислите, сколько энергии выделится при полном сгорании древесного угля массой 200 г. Удельная теплота сгорания древесного угля Ответ дайте в МДж.",Нет,Нет
vpr_sd_945920,physics,8,"В 1970−х годах были разработаны арамидные волокна, получившие название «кевлар». Этот материал в пять раз прочнее стали, но при этом значительно легче алюминия (плотность алюминия 2,7 г/см 3 , а плотность кевлара 1,5 г/см 3 ). В 2017 году совершил свой первый полёт пассажирский самолёт МС−21 «Иркут», в конструкции которого использовался кевлар, что позволило сделать машину легче и прочнее. 1) Во с",Нет,Нет
vpr_sd_945956,physics,8,"Археологи обнаружили топор неандертальца, состоящий из чудом сохранившейся деревянной ручки и каменного тесла. Плотность дерева равна 600 кг/м 3 , объём ручки 12 дм 3 . Известно, что масса деревянной ручки составляет 1/6 всей массы, а объём ручки — половину всего объёма. 1) Какую массу имеет деревянная ручка и каменное тесло? Ответ дайте с точностью до десятых для массы ручки и с точностью до целы",Нет,Нет
vpr_sd_945977,physics,8,"Электрический самовар имеет два нагревателя: первый мощностью 600 Вт, второй мощностью 300 Вт. В самовар налили 5 л воды с температурой 20 °С. Удельная теплоёмкость воды 4200 Дж/(кг · °C). 1) Какое количество теплоты потребуется, чтобы довести воду до кипения? Ответ дайте в килоджоулях. 2) Через какое время вода закипит, если включён только первый нагреватель? Ответ дайте в секундах. 3) Через како",Нет,Нет
vpr_sd_946127,physics,8,"Перебирая свои «сокровища», ученик нашёл моток медной проволоки, покрытой тонким слоем лака (диэлектрика). Оба конца проволоки были вне мотка, и ученик решил воспользоваться этим, чтобы найти длину проволоки, не разматывая мотка. Взвесив моток, ученик нашёл, что его масса 0,5 кг. Соединив концы мотка с источником напряжения 6 В, ученик измерил, что сила тока 1,5 А. Какова длина проволоки? Будем сч",Нет,Нет
vpr_sd_945890,physics,8,"Металлический шарик свободно проходит через кольцо. Если шарик нагреть, то он останется в кольце. Каким физическим явлением это объясняется? В чём состоит это явление?",Нет,Нет
vpr_sd_945887,physics,8,"Какое количество теплоты выделится при охлаждении и кристаллизации воды массой 1 кг, взятой при температуре 10 °С? Ответ дайте в килоджоулях. Удельная теплоемкость воды 4,2 кДж/(кг·°С), удельная теплота плавления льда 330 кДж/кг.",Нет,Нет
vpr_sd_945883,physics,8,"Литровую кастрюлю, полностью заполненную водой, из комнаты вынесли на мороз. Зависимость температуры воды от времени представлена на рисунке. Какое количество теплоты выделилось при кристаллизации и охлаждении льда? Ответ запишите в килоджоулях. (Удельная теплота плавления льда — 330 кДж/кг.)",Нет,Нет
vpr_sd_945771,physics,8,"В тонкостенный сосуд налили воду, поставили его на электрическую плитку мощностью 800 Вт и начали нагревать. На рисунке представлен график зависимости температуры воды t от времени τ . Найдите массу налитой в сосуд воды. Потерями теплоты и теплоёмкостью сосуда пренебречь. Ответ дайте в килограммах.",Нет,Нет
vpr_sd_945777,physics,8,"В тонкостенный сосуд налили воду массой 1 кг, поставили его на электрическую плитку и начали нагревать. На рисунке представлен график зависимости температуры воды t от времени τ . Найдите мощность плитки. Потерями теплоты и теплоёмкостью сосуда пренебречь. Ответ дайте в ваттах.",Нет,Да
vpr_sd_945732,physics,8,"Бетонную плиту объёмом 0,25 м 3 равномерно подняли на некоторую высоту с помощью троса. Плотность бетона 2000 кг/м 3 . Чему равна высота, на которую подняли плиту, если сила упругости троса совершила работу 3·10 4 Дж? Ответ дайте в метрах.",Нет,Нет
vpr_sd_945764,physics,8,В электрической печи нагревается некоторое твердое вещество с удельной теплоемкостью 250 Дж/(кг·°С) и удельной теплотой плавления 87 кДж/кг. Нагревание этого вещества на 10 °C (в твердом состоянии) занимает 50 секунд. Сколько времени понадобится для полного расплавления этого вещества? Мощность печи остается постоянной. Ответ дайте в минутах.,Нет,Нет
vpr_sd_945981,physics,8,"Гайка была завинчена на заводе при помощи автоматического гаечного ключа, обеспечивающего заданный момент силы. Станок был отрегулирован так, что момент силы при закручивании гаек составлял 100 H·м. Вася может оторвать от пола груз максимальной массой 50 кг. Гаечный ключ какой минимальной длины необходимо взять Васе для того, чтобы отвернуть завинченную на заводе гайку? Ускорение свободного падени",Нет,Нет
vpr_sd_945839,physics,8,"На сколько больше теплоты выделится при полном сгорании бензина массой 2кг, чем при сгорании сухих березовых дров той же массы? Удельная теплота сгорания бензина удельная теплота сгорания сухих березовых дров Ответ дайте в МДж.",Нет,Нет
vpr_sd_946128,physics,8,"Сколько бензина нужно сжечь, чтобы получилось столько же энергии, сколько ее требуется для нагревания кубометра воды на 12 °C? Плотность воды 1000кг/м 3 , удельная теплоемкость воды 4200 Дж/(кг·°С), удельная теплота сгорания бензина 44 МДж/кг. Ответ дайте в килограммах, округлите до сотых.",Нет,Нет
vpr_sd_945694,physics,8,"В справочнике представлена следующая таблица плотностей и удельных теплот сгорания. Топливо | Плотность, кг/м 3 | Удельная теплота сгорания, МДж/кг // Береза (сухая) | 700 | 13 // Бензин | 710 | 46 // Керосин | 800 | 46 // Нефть | 800 | 44 // Сосна (сухая) | 400 | 13 // Спирт | 800 | 27 Сколько кг нефти потребуется, чтобы объем теплоты был такой, как при полном сгорании 1 м 3 сосновых дров? Ответ ",Нет,Нет
vpr_sd_945693,physics,8,"В справочнике физических свойств различных материалов представлена следующая таблица плотностей и удельных теплоёмкостей. Вещество | Плотность, кг/м 3 | Удельная теплота сгорания топлива, 10 6 Дж/кг // Бензин | 700 | 46 // Керосин | 800 | 46 // Спирт | 800 | 27 Смешали 3 литра бензина и 4 кг керосина. Какое количество теплоты выделится при полном сгорании такой горючей смеси? Ответ запишите с мега",Нет,Нет
vpr_sd_945228,physics,8,"Пэчворк — это вид рукоделия, при котором из разноцветных кусочков ткани по принципу мозаики сшивается цельное изделие так, чтобы получился определённый рисунок. Для изготовления коврика сшили 70 квадратных лоскутков размерами 5 см × 6 см из ткани с поверхностной плотностью 0,3 г/см 2 . 1) Определите массу этих 70 лоскутков. 2) Сколько прямоугольных лоскутков с размерами 5 см × 10 см из другой ткан",Нет,Нет
vpr_sd_945957,physics,8,"Археологи обнаружили топор неандертальца, состоящий из чудом сохранившейся деревянной ручки и каменного тесла. Плотность камня равна 3000 кг/м 3 , его объём составляет 12 дм 3 . Известно, что масса каменного тесла составляет 5/6 всей массы топора, а его объём — половину всего объема. 1) Какая масса каменного тесла и деревянной ручки? Ответ дайте с точностью до десятых для массы ручки и с точностью",Нет,Нет
vpr_sd_945967,physics,8,"Путь между соседними станциями Одинцово и Тестовская, расстояние между которыми 24 км, электричка проходит со скоростью 72 км/ч. Электричка отошла от станции Одинцово в 12:17, а от станции Тестовская в 12:42. 1) Сколько времени электричка стояла на станции Тестовская? 2) С какой скоростью нужно ехать электричке, чтобы при том же времени на остановку на станции Тестовская отойти от нее в 12:38? Отв",Нет,Нет
vpr_sd_945962,physics,8,"Средняя скорость тела за 20 с составила 4 м/с. За первые 16 с тело двигалось со скоростью 9 км/ч. 1) Чему равен путь, пройденный тело за всё время? 2) Чему равна средняя скорость тела за оставшиеся 4 с? Округлите оба ответа до целого числа. Ответ: 1) путь м 2) средняя скорость м/с.",Нет,Нет
vpr_sd_945910,physics,8,"На первой электролампе написано, что она рассчитана на напряжение 110 В и потребляет при этом мощность 20 Вт, а на второй — что она рассчитана на напряжение 220 В и потребляет при этом мощность 50 Вт. Две эти лампы соединили последовательно и включили в сеть с напряжением 110 В. 1) Определите сопротивление первой лампы. Ответ дайте в омах. 2) Найдите при таком подключении отношение мощности, потре",Нет,Нет
vpr_sd_945730,physics,8,"Источник тока, два резистора и ключ включены в цепь, как показано на рисунке. При разомкнутом ключе на резисторе R 1 выделяется мощность P 1 = 2 Вт, а на резисторе R 2 — мощность P 2 = 1 Вт. Какая мощность будет выделяться на резисторе R 2 после замыкания ключа К ? Внутренним сопротивлением источника пренебречь. Ответ дайте в ваттах.",Нет,Да
vpr_sd_945947,physics,8,"Имеется набор разновесов, при помощи которых взвешивают дробинки. Оказалось, что масса 8 дробинок меньше 1 грамма, а 9 дробинок больше 1 грамма, масса 17 дробинок меньше 2 граммов, а 18 дробинок больше 2 граммов, масса 25 дробинок меньше, а 26 дробинок больше 3 граммов. Оцените массу одной дробинки и погрешность её измерения в этом эксперименте. 1) В каком из экспериментов масса дробинки будет опр",Нет,Нет
vpr_sd_945898,physics,8,На каком физическом явлении основано действие плавкого предохранителя? В чём состоит это явление?,Нет,Нет
vpr_sd_945973,physics,8,"При силе тока 0,2 А напряжение на спирали лампы равно 6 В. Какая мощность выделяется в этой лампе? Ответ дайте в ваттах.",Нет,Нет
vpr_sd_945748,physics,8,"Электровоз, работающий при напряжении 3 кВ, развивает при скорости 12 м/с силу тяги 340 кН. КПД двигателя электровоза равен 85%. Чему равна сила тока в обмотке электродвигателя? Ответ дайте в амперах.",Нет,Нет
vpr_sd_945925,physics,8,"Петя с родителями поехал в горы. Определите, на какой минимальной высоте Петя может встретить снег, если известно, что в среднем при подъёме на каждые 100 м температура падает на 0,6 °С, а температура воздуха у подножья горы +27 °С. Ответ дайте в метрах",Нет,Нет
vpr_sd_945946,physics,8,"Автомобиль выехал из Москвы в Псков, расстояние между которыми равно 600 км. Скорость машины была 100 км/ч. Но на участке дороги, равном всего пути, проводились дорожные работы. Поэтому машина ехала на этом участке со скоростью 50 км/ч. 1. На сколько позже машина прибудет в Псков? Ответ дайте с точностью до десятых. 2. Какой оказалась средняя скорость автомобиля на всем пути движения? Ответ дайте ",Нет,Нет
vpr_sd_945235,physics,8,"Подковообразный магнит поднесли к длинному прямому медному проводу (провод расположен перпендикулярно плоскости рисунка). При пропускании по этому проводу электрического тока I в направлении «на нас» провод начинает смещаться вправо. В каком направлении будет смещаться провод, если поменять направление тока в проводе на противоположное? Ответ обоснуйте.",Нет,Нет
vpr_sd_945888,physics,8,Туго натянутый между двумя столбами провод при низких температурах рвется. Каким физическим явлением это объясняется? В чём состоит это явление?,Нет,Нет
vpr_sd_945794,physics,8,Смешали бензин массой 2 кг и керосин массой 3 кг. Какое количество теплоты выделится при полном сгорании полученного топлива? Дайте ответ в МДж.,Нет,Нет
vpr_sd_945964,physics,8,"Электрический самовар имеет два нагревателя: первый мощностью 600 Вт, второй мощностью 300 Вт. В самовар налили 5 л воды с температурой 25 °С. Удельная теплоёмкость воды 4200 Дж/(кг · °C). 1) Какое количество теплоты потребуется, чтобы довести воду до кипения? Ответ дайте в килоджоулях. 2) Через какое время вода закипит, если включён только первый нагреватель? Ответ дайте в секундах. 3) Через како",Нет,Нет
vpr_sd_946121,physics,8,"Школьница Алиса проводит опыты с подвешенной к потолку пружиной, кубиком, большим числом одинаковых шариков и гирями. Алиса обнаружила, что подвешенный к пружине кубик растягивает её сильнее, чем шарик и гиря массой 300 г, но слабее, чем шарик и гиря массой 500 г. Также Алиса обнаружила, что подвешенный к пружине кубик растягивает пружину сильнее, чем три шарика, но слабее, чем четыре шарика. Како",Нет,Нет
vpr_sd_946056,russian,10,"Прочитайте текст и выполните задания 1–2 . (1)...Изогнулась берёза, тянется кверху, ослепляя своей белизной, а рядом белеют стволы её соседок; вдали золотится на солнце полоска зимнего леса, и надо всем этим миром расстилается огромное синее небо. (2)«В то необычайное утро, — рассказывал великий И. Э. Грабарь о создании «Февральской лазури», — природа праздновала какой-то небывалый праздник — праз",Нет,Нет
vpr_sd_946132,russian,10,"(1)Толстой — великий художник, это признанная читающим миром и нигде и никем серьёзно не оспариваемая истина. (2)Мир Толстого — это мир, залитый солнечным светом, в котором все отражения соответствуют явлениям действительности. (З)Над его пейзажем светит солнце, несутся облачные пятна, в нём есть людская радость и печаль, есть грехи и добродетели... (4)И эти образы, трепещущие жизнью, движением, к",Нет,Нет
vpr_sd_946049,russian,10,"(1)Весенний полдень. (2)Широко разлившаяся река пронесла уже свои льдины, и только иногда по её поверхности кое-где проплывают последние из них, выделяясь белыми пятнышками; временами по воде пробегает лёгкая рябь, словно невидимое дыхание ветра касается речной глади и оставляет за собой дрожащие серебряные следы. (З)Природа величественно раскинулась кругом, точно великолепный храм, приготовленный",Нет,Нет
vpr_sd_945318,russian,10,"(1)В женских портретах, написанных Фёдором Рокотовым, одним из ярчайших живописцев XVIII столетия; всегда присутствовала таинственность, которая проявлялась во всём: в полуулыбке, в удивлённом взгляде или в слегка прищуренных глазах. (2)Женские образы, трепетные и пленительные, отражают изумительное мастерство художника. (3)С «Портрета Струйской» на зрителя смотрит изящная женщина, облачённая в лё",Нет,Нет
vpr_sd_946024,russian,10,"Прочитайте текст и выполните задания 8−10. (1)Он был гостеприимен, как магнат. (2)Хлебосольство у него доходило до страсти. (3)Стоило ему поселиться в деревне, и он тотчас же приглашал к себе кучу гостей. (4)Многим это могло показаться безумием: человек только что выбился из многолетней нужды, ему приходится таким тяжким трудом содержать всю семью — и мать, и брата, и сестру, и отца; у него нет ни",Нет,Нет
vpr_sd_945680,russian,10,"Поставьте знак ударения в следующих словах. Позвонит, донизу, кухонный, эксперт.",Нет,Нет
vpr_sd_945304,russian,10,"Установите соответствие между видами речевых ошибок и примерами, в которых допущены такие ошибки: к каждой позиции первого столбца подберите соответствующую позицию из второго столбца. ВИДЫ РЕЧЕВЫХ ОШИБОК А) речевая избыточность Б) нарушение лексической сочетаемости В) употребления слова в несвойственном ему значении ПРИМЕРЫ 1) Скорость ветра была очень сильная. 2) Температура у ребёнка была очень",Нет,Нет
vpr_sd_946113,russian,10,"Укажите номера предложений, в которых выделенные слова образованы в соответствии с морфологическими нормами русского литературного языка. 1) Солнце сегодня жжёт невыносимо. 2) Очень хотелось попробовать варенье из абрикос . 3) На карте осталось меньше пятисот рублей. 4) Новогодняя ёлочка одела праздничный наряд.",Нет,Нет
vpr_sd_945310,russian,10,"Выпишите слова, в которых пропущена согласная буква С/З в приставке . Ни..ший, бли..кий, бе..молвный, ..дешний, ..делка, ре..кий, ..горбиться, не видно ни ..ги, .. дравие, ..жигать, ..двоенный, ра..стелить, ра..жать, ..жать, вы..ший, ..гибать, во..торг, сколь..кий, .. добный, ра..тение.",Нет,Нет
vpr_sd_945873,russian,10,"Заполните таблицу: спишите предложения, раскрывая скобки в выделенных словах. 1) Остальную мебель привезли только (на)кануне . 2) Не установлено, (от)чего рыбак получает больше удовольствия — от самой рыбалки или от подготовки к ней. 3) Задача была чрезвычайно трудной и в то(же) время очень интересной. 4) Проникнуть (в)глубь тайги самостоятельно удаётся не многим путешественникам. 5) Семейство, в ",Нет,Нет
vpr_sd_945696,russian,10,"Поставьте знак ударения в следующих словах. Банты, скучно, поняв, приведена.",Нет,Нет
vpr_sd_945899,russian,10,"Установите соответствие между видами речевых ошибок и примерами, в которых допущены такие ошибки: к каждой позиции первого столбца подберите соответствующую позицию из второго столбца. ВИДЫ РЕЧЕВЫХ ОШИБОК А) речевая избыточность Б) смешение паронимов В) неправильное употребление фразеологического оборота ПРИМЕРЫ 1) Автору статьи не удалось избежать нескольких досадных речевых ошибок. 2) Все памятл",Нет,Нет
vpr_sd_945900,russian,10,"Укажите номера предложений, в которых выделенные слова образованы в соответствии с морфологическими нормами русского литературного языка. 1) Пока я вылаживал из рюкзака продукты, Петя сбегал за водой. 2) Поднимается ветер, поэтому нужно осторожно грести к берегу. 3) Главные бухгалтера предприятий города были вызваны на совещание. 4) Уже изготовлены значки для восьмисот участников съезда.",Нет,Нет
vpr_sd_945705,russian,10,"Поставьте знак ударения в следующих словах. Прибыла, областей, включена, премировать.",Нет,Нет
vpr_sd_945892,russian,10,"Установите соответствие между видами речевых ошибок и примерами, в которых допущены такие ошибки: к каждой позиции первого столбца подберите соответствующую позицию из второго столбца. ВИДЫ РЕЧЕВЫХ ОШИБОК А) речевая избыточность Б) нарушение лексической сочетаемости В) смешение паронимов ПРИМЕРЫ 1) Я хотел бы сделать другу подарочный презент. 2) Он стремится играть заглавную роль во всех делах кла",Нет,Нет
vpr_sd_945307,russian,10,"Укажите номера предложений, в которых формы выделенных слов образованы в соответствии с морфологическими нормами русского литературного языка. 1) Один мешок оказался порватый . 2) На вашем счёте недостаточно средств. 3) Это была сцена, запоминаемая на всю жизнь. 4) « Поезжай немедленно, время не терпит», — сказал отец.",Нет,Нет
vpr_sd_946023,russian,10,"Прочитайте текст и выполните задания 8–10 . (1)Я застала Москву в самое лучшее её время. (2)Белые дома с их дворами и садами утопали в молодой зелени и цветущей сирени. (3)Какой удивительный и непонятный контраст представляют две столицы одной и той же империи на расстоянии нескольких часов железнодорожной езды друг от друга, в которых всё до такой степени различно, что, покидая Петербург и приезж",Нет,Нет
vpr_sd_945308,russian,10,"(1)В 1880 году в Санкт-Петербурге состоялась выставка одной картины — пейзажа А. И. Куинджи «Лунная ночь на Днепре». (2)Днепр, величавый, широкий, переливался под луной, будто атласная ткань или жидкое серебро. (3)На берегу в сладостной полудрёме стояли крытые соломой, посеребрённые лунным светом белёные хатки. (4)Ночное небо, затканное мерцающими облаками, завораживало бесконечностью, бездонность",Нет,Нет
vpr_sd_946080,russian,10,"Прочитайте текст и выполните задания 1−2. (1)О случае сильной привязанности собаки к человеку, которая продолжала ждать своего умершего хозяина на железнодорожной станции в течение почти 10 лет, до конца своей жизни, в 2009 году был снят невероятно трогательный фильм «Хатико: Самый верный друг». (2)В основу его легла реальная история невероятной дружбы и преданности, которую редко встретишь среди ",Нет,Нет
vpr_sd_946081,russian,10,"Прочитайте текст и выполните задания 8−10. (1)Она мечтала, что выйдет на сцену и просто, ясно, без аффектации ремесленников сцены будет говорить публике слова́ из своей короткой маленькой роли. (2)И, слушая её, эта публика будет думать про себя: «(3)Вот истинное искусство! (4)Вот как надо изображать жизнь души́ для того, чтобы все понимали, как живёт душа». (5)Ей, дебютантке, ещё девочке, которая ",Нет,Нет
vpr_sd_945734,russian,10,"Поставьте знак ударения в следующих словах. Облегчит, надолго, согнутый, искра.",Нет,Нет
vpr_sd_946139,russian,10,"Укажите номера предложений, в которых выделенные слова образованы в соответствии с морфологическими нормами русского литературного языка. 1) Измерительные приборы находились в четыреста метрах от вулкана. 2) Выскочивший без зонта отец весь промокнул . 3) Для выполнения упражнения ноги поставьте на ширине плеч . 4) Карманы джинсов были порваны.",Нет,Нет
vpr_sd_945300,russian,10,"Раскрыв скобки, запишите выделенные слова в правую колонку таблицы в соответствии с частеречной принадлежностью. Укажите номера предложений, в которых содержатся выписанные слова. 1) А вот что сделать, что(бы) узнать лучше других, да ещё не ошибиться? 2) Таким образом, ранее ничем (не)примечательное место становится модным и начинает привлекать новых покупателей, 3) Сотрудники зоопарка обуче(н/нн)",Нет,Нет
vpr_sd_946083,russian,10,"Прочитайте текст и выполните задания 8−10. (1)На задворках нашего села стояло на сваях длинное помещение из досок. (2)Я первый раз в жизни здесь услышал музыку — скрипку. (3)На ней играл Вася-поляк. (4)О чём мне рассказывала музыка? (5)О чём-то очень большом. (6)На что же это жаловалась она, на кого гневалась? (7)Тревожно и горько мне. (8)Хочется заплакать, оттого что мне жалко самого себя, жалко ",Нет,Нет
vpr_sd_945978,russian,10,"Поставьте знак ударения в следующих словах. Красивейший, сосредоточение, прозорливый, дозировать.",Нет,Нет
vpr_sd_946112,russian,10,"Установите соответствие между видами речевых ошибок и примерами, в которых допущены такие ошибки: к каждой позиции первого столбца подберите соответствующую позицию из второго столбца. ВИДЫ РЕЧЕВЫХ ОШИБОК А) речевая избыточность Б) неверное использование фразеологизма В) употребление слова в несвойственном ему значении ПРИМЕРЫ 1) До утра он не сомкнул взгляда, а утром узнал, что контора их разогна",Нет,Нет
vpr_sd_945760,russian,10,"Выпишите слова, в которых пропущена проверяемая безударная гласная в корне слова. Прогл..тить язык, испыт..вать насл..ждение, раст..ржение д..говора, ед..ничный случай, закр..пление м..териала, увл..каться в..занием, уд..вительное пр..ключение, под..лить пор..вну.",Нет,Нет
vpr_sd_946133,russian,10,"Заполните таблицу: спишите предложения, раскрывая скобки в выделенных словах. 1) Земля любит солнце за(то) , что солнце горит и смеётся. 2) (В)следствие ранних заморозков работы в саду прекратились 3) Она спорила с родителями (в)пустую : её всё равно не пустили бы в поход. 4) (В)продолжение ночи я не спал ни минуты. 5) Статья немного сложна и запута(н, нн)а . 6) Одержа(н, нн)ая победа была для все",Нет,Нет
vpr_sd_945748,russian,10,"Поставьте знак ударения в следующих словах: Добела, начатый, звонит, бензопровод.",Нет,Нет
vpr_sd_945852,russian,10,"Установите соответствие между видами речевых ошибок и примерами, в которых допущены такие ошибки: к каждой позиции первого столбца подберите соответствующую позицию из второго столбца. ВИДЫ РЕЧЕВЫХ ОШИБОК А) смешение паронимов Б) нарушение лексической сочетаемости В) речевая избыточность ПРИМЕРЫ 1) Она не производила особого влияния на окружающих. 2) Как все легкомысленные люди, она часто бросала ",Нет,Нет
vpr_sd_945973,russian,10,"Выпишите слова, в которых пропущена гласная в окончании , вставьте пропущенные буквы. Расплавленным свинц..м, побывать в имень..це, на центральной площад.., гулять на раздоль.., разов..ёт скорость, на выцветш..й бумаге, пастушок гон..т стадо, обиж..нный ребёнок, разж..вать сухарь, имитац..я деятельности, с утра нездоров..лось, сообщить о происшеств..и, неглубокий овраж..к, аккомпанир..вать хору, в",Нет,Нет
vpr_sd_945789,russian,10,"Прочитайте текст и выполните задания 8−10. (1)Сегодня я увидела ребёнка... (2)Многие говорят, что дети сегодня стали другие, и с большой радостью объясняют: они ведут себя совсем как взрослые. (3)И ещё говорят, что теперь дети более «смышлёные» и усваивают всё гораздо быстрее. (4)Взрослые радуются их вопросам не к месту, а потерю - если не сказать отсутствие - наивности расценивают как шаг вперёд ",Нет,Нет
vpr_sd_945773,russian,10,"Прочитайте текст и выполните задания 8−10. (1)Если бы из всех мелких рассказов многотомного собрания сочинений А. Чехова вдруг каким-нибудь чудом на московскую улицу хлынули все люди, изображённые там, все эти полицейские, акушерки, актёры, портные, арестанты, повара, богомолки, педагоги, помещики, архиереи, циркачи, чиновники всех рангов и ведомств, крестьяне северных и южных губерний, генералы, ",Нет,Нет
vpr_sd_945841,russian,10,"Поставьте знак ударения в следующих словах: Баловать, километр, понятый, черпать.",Нет,Нет
vpr_sd_945855,russian,10,"Выпишите слова, в которых пропущен твёрдый знак (Ъ) . Двух(?)местный, двух(?)ядерный, трех(?)палубный, заш(?)ём (дырку), пед(?)институт, ад(?)ютант, пред(?)юбилейный, об(?)ективный, из(?)ять, б(?)ётся (током), д(?)явол, н(?)юанс.",Нет,Нет
vpr_sd_946100,russian,10,"Прочитайте текст и выполните задания 8−10. (1)Человек должен излучать доброту и жить в сфере добра. (2)Эта сфера добра в значительной степени создаётся им самим. (3)Она создаётся из его добрых дел, добрых чувств, добрых воздействий на окружающую среду, памяти на добро. (4)Злое дело забывается быстрее, чем доброе. (5)Может быть, это происходит оттого, что вспоминать хорошее приятнее, чем злое? (6)К",Нет,Нет
vpr_sd_945315,russian,10,"Раскрыв скобки, запишите выделенные слова в правую колонку таблицы в соответствии с частеречной принадлежностью. Укажите номера предложений, в которых содержатся выписанные слова. 1) (По)тому берегу двигалась колонна пленных немцев, сопровождаемая белорусскими партизанами. 2) Известный художник-маринист Иван Айвазовский умер в 1900 году, (не)закончив картину «Взрыв корабля». 3) Картина И. Шишкина ",Нет,Нет
vpr_sd_945312,russian,10,"Раскрыв скобки, запишите выделенные слова в правую колонку таблицы в соответствии с частеречной принадлежностью. Укажите номера предложений, в которых содержатся выписанные слова. 1) Что(бы) лучше понять творчество И. Бунина, нужно не только читать его произведения, но и знать художественный мир писателя. 2) Уходящее вдаль и теряющееся среди горных склонов ущелье было бы идеальным изображением для",Нет,Нет
vpr_sd_946047,russian,10,"Раскрыв скобки, запишите выделенные слова в правую колонку таблицы в соответствии с частеречной принадлежностью. Укажите номера предложений, в которых содержатся выписанные слова. 1) Разговор предстоял далеко (не)приятный . 2) Многие дворы и парки были благоустрое(н/нн)ы благодаря помощи жителей. 3) (За)время каникул я планирую почитать Рэя Брэдбери. 4) Едва они оказались (в)близи реки, как их вст",Нет,Нет
vpr_sd_945838,russian,10,"Заполните таблицу: спишите предложения, раскрывая скобки в выделенных словах. 1) На столе стоял букет полевых цветов в глиня(н/нн)ом кувшине. 2) Мероприятия было организова(н/нн)о родителями выпускников. 3) Сливаются оба голоса и уносятся (в)высь безоблачную к ослепительно сверкающему солнцу. 4) Вы ошибаетесь, если воображаете себе женьшеневую плантацию (в)виде поляны. 5) Она ещё раз что-то прокри",Нет,Нет
vpr_sd_945879,russian,10,"Заполните таблицу: спишите предложения, раскрывая скобки в выделенных словах. 1) Она печатала (в)слепую с невероятной скоростью. 2) Максим вошёл в класс, что(бы) убедиться окончательно, что там никого нет. 3) В газете было опубликова(н/нн)о сообщение о спортивном празднике. 4) Исти(н/нн)о великие научные открытия делают человека более мудрым, чем природа. 5) (Не)скошенные луга источают дивный аром",Нет,Нет
vpr_sd_945884,russian,10,"Заполните таблицу: спишите предложения, раскрывая скобки в выделенных словах. 1) (За)тем белым вокзалом — пустая площадь. 2) Я удивился, что он уже идёт (на)встречу . 3) Лёд (по)верху припорошило снегом 4) Почему у тебя такие исцарапа(н, нн)ые руки? 5) Краше(н, нн)ые хной волосы приобретают рыжий оттенок. 6) Вы ошибаетесь, если воображаете себе женьшеневую плантацию (в)виде поляны. 7) Эти низкие г",Нет,Нет
vpr_sd_945890,russian,10,"Заполните таблицу: спишите предложения, раскрывая скобки в выделенных словах. 1) Дети в этой семье были приуче(н, нн)ы к строгому порядку. 2) Лече(н, нн)ый недавно зуб сегодня опять разболелся. 3) Сливаются оба голоса и уносятся (в)высь безоблачную к ослепительно сверкающему солнцу. 4) Пожар начался (в)следствие неосторожного обращения с огнём. 5) Антилопы так(же) , как и другие обитатели пустыни,",Нет,Нет
vpr_sd_945872,russian,10,"Заполните таблицу: спишите предложения, раскрывая скобки в выделенных словах. 1) Эти суровые зимы повторялись (в)течение целых пяти лет. 2) В конце горной дороги надо идти так(же) медленно, как и в её начале. 3) Море безмолвно и торжестве(н/нн)о . 4) Наше поколение воспита(н/нн)о лучшими образцами классической литературы. 5) Меня огорчило (не)вежливое , грубое замечание приятеля. 6) Нимало (не)сму",Нет,Нет
vpr_sd_945322,russian,10,"Раскрыв скобки, запишите выделенные слова в правую колонку таблицы в соответствии с частеречной принадлежностью. Укажите номера предложений, в которых содержатся выписанные слова. 1) Девушка была образова(н,нн)а и воспита(н,нн)а . 2) Многие личностные качества лицеистов были сформирова(н,нн)ы талантливыми педагогами Царскосельского лицея. 3) (В)даль морскую умчался парусник. 4) Мы договорились (на",Нет,Нет
vpr_sd_945319,russian,10,"Раскрыв скобки, запишите выделенные слова в правую колонку таблицы в соответствии с частеречной принадлежностью. Укажите номера предложений, в которых содержатся выписанные слова. 1) Девушка была образова(н,нн)а и воспита(н,нн)а . 2) Она была воспита(н,нн)а бабушкой. 3) (В)даль морскую уплыл парусник. 4) Мы договорились (на)счёт поездки. 5) Тётя Света посмотрела на Соню и покачала головой, думая о",Нет,Нет
vpr_sd_945758,russian,10,"Заполните таблицу: спишите предложения, раскрывая скобки в выделенных словах. 1) К (не)расчётливости прибавилась и всегдашняя его медлительность. 2) Вылет задержали (в)виду плохой погоды. 3) У Ксении не было оснований считать, что работа плохо выполне(н/нн)а . 4) Этот случай далеко (не)уникальный . 5) Опыт был проведён удачно, (при)чём впервые. 6) Глебов стал (в)тайне готовиться к отъезду. 7) (Не)",Нет,Нет
vpr_sd_945874,russian,10,"Заполните таблицу: спишите предложения, раскрывая скобки в выделенных словах. 1) Приятный, свежий ветерок дул (на)встречу нам. 2) Становилось с каждой минутой всё холоднее, (за)то дождь наконец-то прекратился. 3) Она была дружна с Кошевым так(же) , как были дружны когда-то их родители. 4) (В)следствие непредвиденной остановки в пути, мы прибыли к месту назначения с большим опозданием. 5) В просьбе",Нет,Нет
vpr_sd_945757,russian,10,"Заполните таблицу: спишите предложения, раскрывая скобки в выделенных словах. 1) Они увидели (не)скошенный луг. 2) (В)течение лета мы много путешествовали. 3) (На)встречу бежал пёс, издали заметивший хозяина. 4) Пороги (в)течении реки были серьёзным препятствием. 5) (Не)широкая тропинка вела через поле в дальнюю рощу. 6) (Не)приятель готовился к обороне, а мы — к наступлению. 7) Так(же) , как и в ",Нет,Нет
vpr_sd_945848,russian,10,"Заполните таблицу: спишите предложения, раскрывая скобки в выделенных словах. 1) Он ценил общение с Марком за то , что друг никогда, как говорят, не лез в душу. 2) (В)начале зимы Левин приехал в Москву. 3) Они оборудовали спортплощадку так(же) , как и в соседнем дворе. 4) Место, куда мы приехали, было поисти(н/нн)е очаровательно! 5) Меню было тщательно продума(н/нн)о и учитывало особенности детей-",Нет,Нет
vpr_sd_945314,russian,10,"Раскрыв скобки, запишите выделенные слова в правую колонку таблицы в соответствии с частеречной принадлежностью. Укажите номера предложений, в которых содержатся выписанные слова. 1) А день (по)тихоньку катился на убыль, но солнце стояло ещё высоко. 2) (Не)смотря на поздний час, стояла невыносимая духота, пронизанная едва уловимым дымным запахом, который проникал в комнату с улиц. 3) Из трёх икон,",Нет,Нет
vpr_sd_945885,russian,10,"Заполните таблицу: спишите предложения, раскрывая скобки в выделенных словах. 1) Твои действия опрометчивы и непродума(н, нн)ы . 2) На столе стоял букет полевых цветов в глиня(н, нн)ом кувшине. 3) Путники выходят из деревни и по пыльной дороге направляются к синеющей (в)дали графской роще. 4) Наш проводник плохо знал местность, (за)то оказался весёлым собеседником. 5) Он всё делал так, что(бы) это",Нет,Нет
vpr_sd_945313,russian,10,"Раскрыв скобки, запишите выделенные слова в правую колонку таблицы в соответствии с частеречной принадлежностью. Укажите номера предложений, в которых содержатся выписанные слова. 1) (На)счёте в банке у фабриканта находилась крупная сумма денег. 2) Стихотворения А. Блока музыкальны, изыска(н,нн)ы , сложны по форме и ритмике. 3) И. Крамской ушёл из жизни, так и (не)закончив самую масштабную свою ка",Нет,Нет
vpr_sd_945759,russian,10,"Заполните таблицу: спишите предложения, раскрывая скобки в выделенных словах. 1) (На)бегу Казбич выхватил из чехла ружьё и выстрелил. 2) Виднелись ещё (не)убранные поля ржи. 3) (Ни)когда ещё он не врал так правдоподобно. 4) На болотах дымились торфя(н,нн)ики . 5) (Высоко)квалифицирова(н,нн)ых специалистов не хватает. 6) Я так(же) прочла эту книгу. 7) Дом он решил строить (на)подоби(е,и) замка. 8) ",Нет,Нет
vpr_sd_945891,russian,10,"Заполните таблицу: спишите предложения, раскрывая скобки в выделенных словах. 1) Безлунная ночь была всё так(же) великолепна, как и прежде. 2) Что(бы) узнать происхождение слова, возьмите этимологический словарь. 3) Цветы у гороха (на)подобие белых мотыльков. 4) Бумаги были разброса(н, нн)ы по всей комнате. 5) Зачем вам нужна гашё(н, нн) ая известь? 6) Ира ушла, Андрей так(же) не стал засиживаться",Нет,Нет
vpr_sd_946075,russian,10,"Прочитайте текст и выполните задания 8−10. (1)Был осенний серенький день в конце листопада. (2)И серенькое настроение. (3)Я пришёл в Тимирязевский парк прогуляться. (4)Пустынно было в парке и тихо. (5)И вдруг из леса через дорогу в пяти шагах от меня проследовал заяц. (6)Он не пробежал, а медленно пропрыгал мимо, удостоив меня лишь косым взглядом. (7)Невдалеке от меня он остановился, поскрёб за ух",Нет,Нет
vpr_sd_945687,russian,10,"Поставьте знак ударения в следующих словах. Баловать, черпая, щавель, газопровод.",Нет,Нет
vpr_sd_945902,russian,10,"Укажите номера предложений, в которых выделенные слова образованы в соответствии с морфологическими нормами русского литературного языка. 1) В начале месяца всем работникам выдали новые пропуска . 2) Новый рассказ более удачнее , чем предыдущий. 3) К двухстам граммам раствора добавьте ещё пятьдесят. 4) Мама приготовила целебный отвар, благодаря ему я не заболел.",Нет,Нет
vpr_sd_945868,russian,10,"Выпишите слова, в которых пропущена гласная буква в суффиксе имени прилагательного . Вермишел..вый, влюбч..вый, допыт..вающийся, гнёзд..шко, обескровл..нный, изменч..вый, вод..ной, ветр..ная (мельница), оборуд..вавший, фасол..вый (суп).",Нет,Нет
vpr_sd_946004,russian,10,"Поставьте знак ударения в следующих словах. Оптовый, плодоносить, донельзя, подняв.",Нет,Нет
vpr_sd_945897,russian,10,"Установите соответствие между видами речевых ошибок и примерами, в которых допущены такие ошибки: к каждой позиции первого столбца подберите соответствующую позицию из второго столбца. ВИДЫ РЕЧЕВЫХ ОШИБОК А) речевая избыточность Б) нарушение лексической сочетаемости В) неправильное употребление фразеологического оборота ПРИМЕРЫ 1) Надо быстро что-нибудь съесть, пока суть да дело. 2) Этому важному ",Нет,Нет
vpr_sd_945914,russian,10,"Укажите номера предложений, в которых формы выделенных слов образованы в соответствии с морфологическими нормами русского литературного языка. 1) Счёт у её пополнился на два процента. 2) Костя Иванов — мой лучший друг. 3) Отправляя меня на рынок, мама велела купить два килограмма помидор . 4) Я смогу его победить в следующем матче.",Нет,Нет
vpr_sd_945762,russian,10,"Выпишите слова, в которых пропущена буква Ы после приставки . Без..мянный герой, с..кономить деньги, супер..нтересная игра, трёх..тажное здание, под..тожить выступление, без..нициативный ученик, с..грать вн..чью, за..нтересовать уроком, раз..скать человека.",Нет,Нет
vpr_sd_945894,russian,10,"Выпишите слова, в которых пропущена гласная буква в окончании слова. Увид..в мышонка, она произнос..т вслух, отчаянно ненавид..ли, закле..ть с обеих сторон, если напиш..те письмо, бор..щийся со злом, сын осмелива..тся перечить, скач..щий мяч, веточка колыш..тся, он не печал..тся, колебл..мый ветром, не повер..в никому, меч..тся от страха, немедленно вынес..те мусор.",Нет,Нет
vpr_sd_946025,russian,10,"Выпишите слова с орфограммой в приставке , вставьте пропущенные буквы. Н..ручные часы, пр..грессивный деятель, служить пр..вратником, на минуту ост..новиться, пр..рвать товарища, оп..здать на поезд, р..сставлять мебель, д..машнее варенье, ст..лется туман, взгляд и..подлобья, уютный с..наторий, поставить на з..рядку, бли..кие люди, слегка к..снуться, в..ются вокруг дома.",Нет,Нет
vpr_sd_945893,russian,10,"Выпишите слова, в которых пропущена гласная буква в корне слова . Тихий ш..рох, говорить общ.., печ..ный пирог, вкусный пирож..к, накормить борщ..м, боч..нок с водой, кумач..вый флаг, последние подсч..ты, асфальтированное ш..ссе, не ударить в грязь лиц..м, искусный ж..нглёр, вертеть трещ..тку, ш..лковая ш..рстка, двойной ш..в.",Нет,Нет
vpr_sd_946007,russian,10,"Выпишите слова с орфограммой в суффиксе . Вставьте пропущенные буквы. Прослуш..нные звонки, неиссяка..мый источник, суп с лапш..й, преодол..вать препятствия, выт..чка на платье, отбиватьчеч..тку, крупн..панельный дом, невид..мый образ, ц..трусовый сок, туш..нка из говядины, деш..вая мебель, аккуратный поч..рк, прик..сновение к прекрасному, мелодический маж..р, ист..нный путь.",Нет,Нет
vpr_sd_945895,russian,10,"Выпишите слова, в которых пропущена гласная буква в суффиксе слова . Потухшей свеч..й, размеж..вывать территорию, вчерашняя ноч..вка, сладкая сгущ..нка, улич..нный в измене, резиновым мяч..м, тяж..лая ноша, звонкая пощ..чина, поч..тная грамота, плюш..вый медвеж..нок, свежим борщ..м, увитый плющ..м, прыж..к со склона.",Нет,Нет
vpr_sd_945889,russian,10,"Выпишите слова, в которых пропущена проверяемая безударная гласная в корне слова. Прим..рять пальто, прим..рять поссорившихся, зам..реть от страха, разв..вающийся ребёнок, зап..вать молоком, кл..нировать прил..жение, скл..нить набок, пот..рять кошелёк, пот..реть ладони, прит..гательный взгляд, усл..жнить задание, медвежья б..рлога, в..пиющий факт, ед..ничный случай.",Нет,Нет
vpr_sd_946021,russian,10,"Выпишите слова, в которых пропущена безударная проверяемая гласная в корне, вставьте пропущенные буквы. Раз..грать сценку, ч..стота ударов сердца, бл..стательный номер, трава колыш..тся, осв..тить прожектором, встать около знамен.., отв..рить макароны, вкрадч..вый голос, застр..вать вдали от берега, замечательный к..ламбур, эмал..вый ковш, п..тнистый олень, непр..язненный взгляд, беспр..кословное ",Нет,Нет
vpr_sd_945888,russian,10,"Выпишите слова, в которых пропущены непроизносимые согласные . Високос..ный год, тёплые ватру..ки, влас..ный взгляд, , горес..ный плач, гнус..ный человек, декаден..ство, извес..ный персонаж, конъю..ктивит, корыс..ный человек, чу..ствовать страх, мои ровес..ники, играть со сверс..никами, меховые варе..ки.",Нет,Нет
vpr_sd_945763,russian,10,"Выпишите слова, в которых пропущена буква О в корне слова. Ч..порный человек, ж...лтый капюш..н, железный ж..лоб, крепкий ш..в, старый ж..рнов, крупный ж..лудь, погрузить в щ..лочь, гладкое ш..ссе, крупный обж..ра, крутой береж..к, ловкий ж..кей, любить горяч..",Нет,Нет
vpr_sd_945837,russian,10,"Выпишите слова, в которых пропущена неизменяемая приставка С . Не..гораемый шкаф, бе..полезная затея, у..корение движения, ..двинуть с места, бе..дарный писатель, мирово..приятие, смотреть ..боку, ра..жечь костёр, при..корбный факт, ни..ходящий поток.",Нет,Нет
vpr_sd_945782,russian,10,"Выпишите слова, в которых пропущена проверяемая безударная гласная в корне слова. Ост..регаться мошенников, ув..рнуться от столкновения, д..рижировать оркестром, орган ос..зания, к..мпьютерный класс, вел..колепный шанс, др..жать от страха, тр..стись от холода, несвежий п..рог, п..рочинный нож, обж..гает лицо, пром..кнуть салфеткой, ст..реть написанное, воздух выт..сняется.",Нет,Нет
vpr_sd_945761,russian,10,"Выпишите слова, в которых пропущена безударная чередующаяся гласная в корне слова. Пром..чить ноги, препод..ватель танц..в, распол..гаться на д..ване, в..днеется вд..леке, пом..риться с т..варищем, см..треть с зам..ранием, изменение прил..гательных, заст..лить п..стель, подг..товить выступление.",Нет,Нет
vpr_sd_946046,russian,10,"Выпишите слова, в которых пропущена безударная чередующаяся гласная в корне слова. Наступило перем..рие, оп..здал на занятия, в промышленной отр..сли, зан..мательная история, предв..рительный просмотр, отв..рить картофель, сотв..рить чудо, бл..стящая пуговка, св..щенное место, м..нистерство просв..щения, предл..гают работу, усл..жнили условие, комнатный т..рмометр, настоящая б..рлога.",Нет,Нет
vpr_sd_945311,russian,10,"Выпишите слова, в которых пропущена гласная буква в суффиксе слова . Размахивать меч..м, команд..вать парадом, оранж..вый цвет, милый медвеж..нок, железный крюч..к, изменч..вый характер, открыть ключ..м, древним летописц..м, борьба с саранч..й, покрыться румянц..м, дириж..р, игрушечное ружь..цо, натри..вая соль.",Нет,Нет
vpr_sd_946051,russian,10,"Поставьте знак ударения в следующих словах. Облегчив, подолгу, прибыла, доверху.",Нет,Нет
vpr_sd_945712,russian,10,"Поставьте знак ударения в следующих словах. Шоферы, торты, создана, понятый.",Нет,Нет
vpr_sd_945728,russian,10,"Поставьте знак ударения в следующих словах. Балуясь, начавший, доверху, создана.",Нет,Нет
vpr_sd_945941,russian,10,"Прочитайте текст и выполните задания 8−10. (1)У любого человека есть место его рождения. (2)Та точка на Земле, где он впервые набрал в грудь воздуха и закричал. (3)Мне сказочно повезло: я издал свой первый крик и увидел свой первый свет в городе Смоленске. (4)Повезло не потому, что он несказанно красив и эпически древен — есть множество городов и красивее, и древнее его. (5)Повезло потому, что Смо",Нет,Нет
vpr_sd_945731,russian,10,"Поставьте знак ударения в следующих словах. Движимый, подолгу, ободрена, удобнее.",Нет,Нет
vpr_sd_946019,russian,10,"Прочитайте текст и выполните задания 8–10 . — (1)Как же, Марсель знаю... (2)Мне Марсель тяжелее дался. (3)Я там восемь месяцев служил чернорабочим, поезда разгружал. (4)Ну и занятие, я вам скажу... (5)Нас на «Марселе-товарном» целая артель подобралась русских. (6)Офицеры и судейские, бывшие учителя, студенты... (7)Н-н-да... (8)Немало я на своей спине разного добра перетаскал... (9)Один вечер выдал",Нет,Нет
vpr_sd_945784,russian,10,"Прочитайте текст и выполните задания 8−10. (1)Алексей Кондратьевич Саврасов писал картины природы и преподавал в Московском училище живописи и ваяния. (2)Добрый и снисходительный к людям в жизни, в вопросах искусства он становился требовательным и строгим. (3) — Ну какая же это верба, юноша? — говорил он, просматривая работу ученика. — (4)Не знаете — посмотрите. (5)Десять раз посмотрите, потом рис",Нет,Нет
vpr_sd_945918,russian,2,"Расставь по алфавиту и запиши в алфавитном порядке данные слова. школа, класс, парта, урок, звонок",Нет,Нет
vpr_sd_946153,russian,2,"Подчеркни слова, в которых первая буква обозначает звонкий согласный звук. Луг, поле, ров, крапива, трава.",Нет,Нет
vpr_sd_946163,russian,2,"Подчеркни слова, в которых первая буква обозначает мягкий согласный звук. Лимон, мандарин, персик, груша, крыжовник.",Нет,Нет
vpr_sd_945885,russian,2,"Раздели слова на слоги . При делении слов на слоги используй вертикальную линию. Бежать, юла, дорога, еда",Нет,Нет
vpr_sd_945718,russian,2,"Запиши только те слова, которые можно разделить для переноса . Обозначь место переноса чёрточкой (например, не-бо). Рыбка, хвоя, лето, карандаш",Нет,Нет
vpr_sd_945831,russian,2,"Составь предложение из данных слов. Запиши его правильно. идёт, лужайке, Петя, к",Нет,Нет
vpr_sd_945710,russian,2,"Составь предложение из данных слов. Запиши его правильно. ёлочки, в купались, пушистом, снегу",Нет,Нет
vpr_sd_945772,russian,2,"Подчеркни слова, в которых первая буква обозначает твёрдый согласный звук. Ночной, ширина, ликовать, село, вершина",Нет,Нет
vpr_sd_946154,russian,2,"Подчеркни слова, в которых первая буква обозначает мягкий согласный звук. Роль, фильм, кадры, герои, плёнка.",Нет,Нет
vpr_sd_945874,russian,2,"Подчеркни слова, в которых первая буква обозначает мягкий согласный звук. Шипы, миска, валенок, час, ракушка",Нет,Нет
vpr_sd_946173,russian,2,"Подчеркни слова, в которых первая буква обозначает мягкий согласный звук. Барс, лев, вол, тигр, пума.",Нет,Нет
vpr_sd_945686,russian,2,"Расставь по алфавиту и запиши в алфавитном порядке данные слова. ветер, луна, звезда, месяц, небо",Нет,Нет
vpr_sd_945688,russian,2,"Подчеркни слова, в которых первая буква обозначает звонкий согласный звук. Друг, подруга, брат, сестра, тётя.",Нет,Нет
vpr_sd_945407,russian,2,"Подчеркни слова, в которых первая буква обозначает мягкий согласный звук. Шум, лист, горсть, дело, жук.",Нет,Нет
vpr_sd_945672,russian,2,"Раздели слова на слоги . При делении слов на слоги используй вертикальную линию. Пробег, яма, София, каравай.",Нет,Нет
vpr_sd_945905,russian,2,"Запиши только те слова, которые можно разделить для переноса . Обозначь место переноса чёрточкой (например, не-бо). Илья, белый, жили, удача",Нет,Нет
vpr_sd_945747,russian,2,"Составь предложение из данных слов. Запиши его правильно. у, был, нас, кот, любимый, Рыжик",Нет,Нет
vpr_sd_945834,russian,2,"Расставь по алфавиту и запиши в алфавитном порядке данные слова. Земляника, пчёлки, ульи, весна, мёд",Нет,Нет
vpr_sd_945919,russian,2,"Подчеркни слова, в которых первая буква обозначает звонкий согласный звук. Зима, коньки, санки, горка, шапка.",Нет,Нет
vpr_sd_945781,russian,2,"Подчеркни слова, в которых первая буква обозначает мягкий согласный звук. Метель, жадность, хлопья, вещь, залить",Нет,Нет
vpr_sd_945735,russian,2,"Раздели слова на слоги . При делении слов на слоги используй вертикальную линию. Мая, ложечка, камыш, мышка",Нет,Нет
vpr_sd_945821,russian,2,"Запиши только те слова, которые можно разделить для переноса . Обозначь место переноса чёрточкой (например, не-бо). Еда, ёлка, телефон, ключи",Нет,Нет
vpr_sd_945887,russian,2,"Составь предложение из данных слов. Запиши его правильно. на, заиграли, небе, звёздочки",Нет,Нет
vpr_sd_945862,russian,2,"Расставь по алфавиту и запиши в алфавитном порядке данные слова. Булочка, яма, растение, восток, лето",Нет,Нет
vpr_sd_945863,russian,2,"Подчеркни слова, в которых первая буква обозначает звонкий согласный звук. Снежинка, вулкан, праздник, косынка, гость",Нет,Нет
vpr_sd_945856,russian,2,"Подчеркни слова, в которых первая буква обозначает мягкий согласный звук. Край, молодёжь, дядя, пилочка, фундук",Нет,Нет
vpr_sd_945875,russian,2,"Раздели слова на слоги . При делении слов на слоги используй вертикальную линию. Осёл, ватный, короб, кукла",Нет,Нет
vpr_sd_945839,russian,2,"Запиши только те слова, которые можно разделить для переноса . Обозначь место переноса чёрточкой (например, не-бо). Енот, кубок, диван, лиса",Нет,Нет
vpr_sd_945719,russian,2,"Составь предложение из данных слов. Запиши его правильно. бегу, на, я, лыжах, лесу, по",Нет,Нет
vpr_sd_945769,russian,2,"Расставь по алфавиту и запиши в алфавитном порядке данные слова. Карандаш, росток, обувь, виноград, искра",Нет,Нет
vpr_sd_945817,russian,2,"Подчеркни слова, в которых первая буква обозначает звонкий согласный звук. Расчёска, привет, машина, табурет, щавель",Нет,Нет
vpr_sd_945743,russian,2,"Подчеркни слова, в которых первая буква обозначает твёрдый согласный звук. Поле, семеро, кресло, чистота, вид",Нет,Нет
vpr_sd_945913,russian,2,"Раздели слова на слоги . При делении слов на слоги используй вертикальную линию. Полёт, удар, Мария, сарай.",Нет,Нет
vpr_sd_945765,russian,2,"Запиши только те слова, которые можно разделить для переноса . Обозначь место переноса чёрточкой (например, не-бо). Зонтик, закупка, Рая, ветер",Нет,Нет
vpr_sd_945794,russian,2,"Составь предложение из данных слов. Запиши его правильно. бегали, мы, речку, на, ребятами, с",Нет,Нет
vpr_sd_945405,russian,2,"Расставь по алфавиту и запиши в алфавитном порядке данные слова. чаша, юг, трос, икра, сад",Нет,Нет
vpr_sd_945798,russian,2,"Подчеркни слова, в которых первая буква обозначает звонкий согласный звук. Цыплёнок, люк, враг, скрыться, шум",Нет,Нет
vpr_sd_945801,russian,2,"Раздели слова на слоги . При делении слов на слоги используй вертикальную линию. Стульчик, бычок, дедушка, орёл",Нет,Нет
vpr_sd_945890,russian,2,"Расставь по алфавиту и запиши в алфавитном порядке данные слова. Андрей, чаща, ландыш, тишина, мел",Нет,Нет
vpr_sd_945669,russian,2,"Подчеркни слова, в которых первая буква обозначает звонкий согласный звук. Василёк, флокс, пион, гвоздика, трава.",Нет,Нет
vpr_sd_945680,russian,2,"Подчеркни слова, в которых первая буква обозначает мягкий согласный звук. Рюкзак, портфель, чемодан, ранец, сумка.",Нет,Нет
vpr_sd_945726,russian,2,"Раздели слова на слоги . При делении слов на слоги используй вертикальную линию. Платок, маяк, она, поклон",Нет,Нет
vpr_sd_945727,russian,2,"Запиши только те слова, которые можно разделить для переноса . Обозначь место переноса чёрточкой (например, не-бо). Платок, маяк, она, поклон",Нет,Нет
vpr_sd_945738,russian,2,"Составь предложение из данных слов. Запиши его правильно. порхал, над, ветерок, озером",Нет,Нет
vpr_sd_945797,russian,2,"Расставь по алфавиту и запиши в алфавитном порядке данные слова. Рывок, укроп, картина, ананас, цирк",Нет,Нет
vpr_sd_945696,russian,2,"Расставь по алфавиту и запиши в алфавитном порядке данные слова. день, утро, полдень, вечер, ночь",Нет,Нет
vpr_sd_945667,russian,2,"Расставь по алфавиту и запиши в алфавитном порядке данные слова. ирисы, ромашка, василёк, флоксы, лилия",Нет,Нет
vpr_sd_945926,russian,2,"Расставь по алфавиту и запиши в алфавитном порядке данные слова. шёлк, угол, ель, оса, рука",Нет,Нет
vpr_sd_945773,russian,2,"Раздели слова на слоги . При делении слов на слоги используй вертикальную линию. Ехать, зажим, жилище, ландыш",Нет,Нет
vpr_sd_946155,russian,2,"Раздели слова на слоги . При делении слов на слоги используй вертикальную линию. Юлия, опасен, медок, уровень.",Нет,Нет
vpr_sd_945717,russian,2,"Раздели слова на слоги . При делении слов на слоги используй вертикальную линию. Рыбка, хвоя, лето, карандаш",Нет,Нет
vpr_sd_945692,russian,2,"Запиши только те слова, которые можно разделить для переноса . Обозначь место переноса чёрточкой (например, не-бо). Закат, ива, здание, музей.",Нет,Нет
vpr_sd_946161,russian,2,"Расставь по алфавиту и запиши в алфавитном порядке данные слова. петрушка, салат, укроп, щавель, мята",Нет,Нет
vpr_sd_945836,russian,2,"Подчеркни слова, в которых первая буква обозначает звонкий согласный звук. Город, деревня, море, пустыня, север",Нет,Нет
