ID,Предмет,Класс,Задание,ЕстьАудио,ЕстьКартинки
vpr_sd_945777,literature,8,"Как называется жанр лирики, представляющий собой стихотворение, посвященное какому-либо событию, герою или особому событию?",Нет,Нет
vpr_sd_945906,literature,8,"Как называется структура художественного произведения, его построение?",Нет,Нет
vpr_sd_945841,literature,8,Как называется итог кульминации художественного произведения?,Нет,Нет
vpr_sd_945872,literature,8,Как называется жанр лирики в форме письма или обращения к кому-либо?,Нет,Нет
vpr_sd_945882,literature,8,"Как называется авторская трактовка темы: то, что особенно интересует автора, является для него самым существенным вопросом жизни и становится предметом изображения и размышления в литературном произведении?",Нет,Нет
vpr_sd_945799,literature,8,"Никто не стеснял моей свободы. Я делал что хотел, особенно с тех пор, как я расстался с последним моим гувернером-французом, который никак не мог привыкнуть к мысли, что он упал «как бомба» (comme une bombe) в Россию, и с ожесточенным выражением на лице по целым дням валялся на постели. Отец обходился со мной равнодушно-ласково; матушка почти не обращала на меня внимания, хотя у ней, кроме меня, н",Нет,Нет
vpr_sd_945774,literature,8,"Бабье лето Ох, грибок ты мой, грибочек, белый груздь! То шатаясь причитает в поле — Русь. Помогите — на ногах нетверда! Затуманила меня кровь-руда! И справа и слева Кровавые зевы, И каждая рана: — Мама! И только и это И внятно мне, пьяной, Из чрева — и в чрево: — Мама! Все рядком лежат — Не развесть межой. Поглядеть: солдат. Где свой, где чужой? Белый был — красным стал: Кровь обагрила. Красным бы",Нет,Нет
vpr_sd_945791,literature,8,"Утренняя заря только что начинает окрашивать небосклон над Сапун-горою; темно-синяя поверхность моря сбросила с себя уже сумрак ночи и ждет первого луча, чтобы заиграть веселым блеском; с бухты несет холодом и туманом; снега нет — все черно, но утренний резкий мороз хватает за лицо и трещит под ногами, и далекий неумолкаемый гул моря, изредка прерываемый раскатистыми выстрелами в Севастополе, один",Нет,Нет
vpr_sd_945809,literature,8,"Можжевеловый куст Я увидел во сне можжевеловый куст, Я услышал вдали металлический хруст, Аметистовых ягод услышал я звон, И во сне, в тишине, мне понравился он. Я почуял сквозь сон легкий запах смолы. Отогнув невысокие эти стволы, Я заметил во мраке древесных ветвей Чуть живое подобье улыбки твоей. Можжевеловый куст, можжевеловый куст, Остывающий лепет изменчивых уст, Легкий лепет, едва отдающий ",Нет,Нет
vpr_sd_945862,literature,8,"Анчар В пустыне чахлой и скупой, На почве, зноем раскаленной, Анчар, как грозный часовой, Стоит — один во всей вселенной. Природа жаждущих степей Его в день гнева породила И зелень мертвую ветвей И корни ядом напоила. Яд каплет сквозь его кору, К полудню растопясь от зною, И застывает ввечеру Густой прозрачною смолою. К нему и птица не летит И тигр нейдет — лишь вихорь черный На древо смерти набеж",Нет,Нет
vpr_sd_945915,literature,8,"Кибитка подъехала к крыльцу комендантского дома. Народ узнал колокольчик Пугачёва и толпою бежал за нами. Швабрин встретил самозванца на крыльце. Он был одет казаком и отрастил себе бороду. Изменник помог Пугачёву вылезть из кибитки, в подлых выражениях изъявляя свою радость и усердие. Увидя меня, он смутился; но вскоре оправился, протянул мне руку, говоря: «И ты наш? Давно бы так!» Я отворотился ",Нет,Нет
vpr_sd_945857,literature,8,"* * * Быть знаменитым некрасиво, Не это подымает ввысь. Не надо заводить архива, Над рукописями трястись. Цель творчества — самоотдача, А не шумиха, не успех. Позорно, ничего не знача, Быть притчей на устах у всех. Но надо жить без самозванства, Так жить, чтобы в конце концов Привлечь к себе любовь пространства, Услышать будущего зов. И надо оставлять пробелы В судьбе, а не среди бумаг, Места и гл",Нет,Нет
vpr_sd_945902,literature,8,"Какое литературное произведение, рассмотренное Вами на уроках литературы в этом учебном году или прочитанное самостоятельно, раскрывает тему стойкости человека перед лицом испытаний? Чему учит это произведение? Дайте развёрнутый ответ, опираясь на текст выбранного Вами произведения.",Нет,Нет
vpr_sd_945752,literature,8,"Как называется род литературы, к которому относятся произведения, предназначенные для постановки на сцене?",Нет,Нет
vpr_sd_945848,literature,8,"Валерик (фрагмент) Я к вам пишу случайно; право, Не знаю как и для чего. Я потерял уж это право. И что скажу вам? — ничего! Что помню вас? — но, боже правый, Вы это знаете давно; И вам, конечно, все равно. И знать вам также нету нужды, Где я? что я? в какой глуши? Душою мы друг другу чужды, Да вряд ли есть родство души. Страницы прошлого читая, Их по порядку разбирая Теперь остынувшим умом, Разуве",Нет,Нет
vpr_sd_945788,literature,8,"Бабье лето Нет даже слова такого В толстых чужих словарях. Август. Ущерб. Увяданье. Милый, единственный прах. Русское лето в России. Запахи пыльной травы. Небо какой-то старинной, Тёмной, густой синевы. Утро. Пастушья жалейка. Поздний и горький волчец. Эх, если б узкоколейка Шла из Парижа в Елец... ( Дон-Аминадо )",Нет,Нет
vpr_sd_945828,literature,8,"Мы уселись. «В Белогорскую крепость!» — сказал Пугачев широкоплечему татарину, стоя правящему тройкою. Сердце мое сильно забилось. Лошади тронулись, колокольчик загремел, кибитка полетела... «Стой! стой!» — раздался голос, слишком мне знакомый, — и я увидел Савельича, бежавшего нам на встречу. Пугачев велел остановиться. «Батюшка, Петр Андреич!» — кричал дядька. — «Не покинь меня на старости лет п",Нет,Нет
vpr_sd_945918,literature,8,"Как называется средство создания художественных образов — форма воссоздания жизни в литературном произведении, основанная на творческом воображении автора, не имеющая прямых соответствий в реальности?",Нет,Нет
vpr_sd_945726,literature,8,"Как называется вид комического, представляющий собой скрытую насмешку над изображаемым героем или явлением?",Нет,Нет
vpr_sd_945896,literature,8,"Как называется высшая точка напряжения, столкновение противоборствующих сил, пик эмоционального накала конфликта?",Нет,Нет
vpr_sd_945716,literature,8,"Как называется стихотворение, в основе которого чаще всего лежит историческое событие, предание с острым, напряжённым сюжетом и характерной чертой которого является сочетание реального и фантастического, лирического и эпического (наличие сюжета)?",Нет,Нет
vpr_sd_945790,literature,8,"Как называется двусложная стопа, в которой ударение падает второй слог?",Нет,Нет
vpr_sd_945834,literature,8,"Как называется художественное направление в литературе XVII – начала XIX в., важнейшей чертой которого является высокая гражданственность тематики, обращение к образцам и формам античной литературы как к эстетическому эталону?",Нет,Нет
vpr_sd_945885,literature,8,"ДЕЙСТВИЕ ПЯТОЕ Явление VIII Городничий. (бьет себя по лбу). Как я — нет, как я, старый дурак? Выжил, глупый баран, из ума!.. Тридцать лет живу на службе; ни один купец, ни подрядчик не мог провести; мошенников над мошенниками обманывал, пройдох и плутов таких, что весь свет готовы обворовать, поддевал на уду. Трех губернаторов обманул!.. Что губернатор! (махнул рукой) нечего и говорить про губерна",Нет,Нет
vpr_sd_945802,literature,8,"Он не вернулся из боя Почему всё не так? Вроде всё как всегда: То же небо — опять голубое, Тот же лес, тот же воздух и та же вода, Только он не вернулся из боя. Мне теперь не понять, кто же прав был из нас В наших спорах без сна и покоя. Мне не стало хватать его только сейчас — Когда он не вернулся из боя. Он молчал невпопад и не в такт подпевал, Он всегда говорил про другое, Он мне спать не давал",Нет,Нет
vpr_sd_945753,literature,8,"Мцыри Отрывок И вспомнил я отцовский дом, Ущелье наше и кругом В тени рассыпанный аул; Мне слышался вечерний гул Домой бегущих табунов И дальний лай знакомых псов. Я помнил смуглых стариков, При свете лунных вечеров Против отцовского крыльца Сидевших с важностью лица; И блеск оправленных ножон Кинжалов длинных… и как сон Всё это смутной чередой Вдруг пробегало предо мной. А мой отец? он как живой ",Нет,Нет
vpr_sd_945780,literature,8,"Ленинград Я вернулся в мой город, знакомый до слез, До прожилок, до детских припухлых желез. Ты вернулся сюда — так глотай же скорей Рыбий жир ленинградских речных фонарей. Узнавай же скорее декабрьский денек, Где к зловещему дегтю подмешан желток. Петербург, я еще не хочу умирать: У тебя телефонов моих номера. Петербург, у меня еще есть адреса, По которым найду мертвецов голоса. Я на лестнице чер",Нет,Нет
vpr_sd_945806,literature,8,"Действие III, явление VI Хлестаков. Да деревня, впрочем, тоже имеет свои пригорки, ручейки... Ну, конечно, кто же сравнит с Петербургом! Эх, Петербург! что за жизнь, право! Вы, может быть, думаете, что я только переписываю: нет, начальник отделения со мной на дружеской ноге. Этак ударит по плечу: «Приходи, братец, обедать!» Я только на две минуты захожу в департамент, с тем только, чтобы сказать: ",Нет,Нет
vpr_sd_945820,literature,8,"Через шесть дней после истории с водой и котом из домкома к Шарикову явился молодой человек, оказавшийся женщиной, и вручил ему документы, которые Шариков немедленно заложил в карман пиджака и немедленно после этого назвал доктора Борменталя: — Борменталь! — Нет, уж вы меня по имени отчеству, пожалуйста, называйте, — отозвался Борменталь, меняясь в лице. Нужно заметить, что в эти шесть дней хирург",Нет,Нет
vpr_sd_945816,literature,8,"О КРАСОТЕ ЧЕЛОВЕЧЕСКИХ ЛИЦ Есть лица, подобные пышным порталам, Где всюду великое чудится в малом. Есть лица — подобия жалких лачуг, Где варится печень и мокнет сычуг. Иные холодные, мертвые лица Закрыты решетками, словно темница. Другие — как башни, в которых давно Никто не живет и не смотрит в окно. Но малую хижинку знал я когда-то, Была неказиста она, небогата, Зато из окошка ее на меня Струило",Нет,Нет
vpr_sd_945895,literature,8,"— Дайте мне руку, — сказал я моей незнакомке, — и он не посмеет больше к нам приставать. Она молча подала мне свою руку, еще дрожавшую от волнения и испуга. О, незваный господин! как я благословлял тебя в эту минуту! Я мельком взглянул на нее: она была премиленькая и брюнетка — я угадал; на ее черных ресницах еще блестели слезинки недавнего испуга или прежнего горя, — не знаю. Но на губах уже свер",Нет,Нет
vpr_sd_945842,literature,8,"В ту осень много было у Матрёны обид. Вышел перед тем новый пенсионный закон, и надоумили её соседки добиваться пенсии. Была она одинокая кругом, а с тех пор, как стала сильно болеть, — и из колхоза её отпустили. Наворочено было много несправедливостей с Матрёной: она была больна, но не считалась инвалидом; она четверть века проработала в колхозе, но потому что не на заводе — не полагалось ей пенс",Нет,Нет
vpr_sd_945727,literature,8,"Старик! я слышал много раз, Что ты меня от смерти спас — Зачем? Угрюм и одинок, Грозой оторванный листок, Я вырос в сумрачных стенах Душой дитя, судьбой монах. Я никому не мог сказать Священных слов «отец» и «мать». Конечно, ты хотел, старик, Чтоб я в обители отвык От этих сладостных имён, — Напрасно: звук их был рождён Со мной. И видел у других Отчизну, дом, друзей, родных, А у себя не находил Не",Нет,Нет
vpr_sd_945838,literature,8,"Прощание А напоследок я скажу: прощай, любить не обязуйся. С ума схожу. Иль восхожу к высокой степени безумства. Как ты любил? — ты пригубил погибели. Не в этом дело. Как ты любил? — ты погубил, но погубил так неумело. Жестокость промаха... О, нет тебе прощенья. Живо тело и бродит, видит белый свет, но тело мое опустело. Работу малую висок еще вершит. Но пали руки, и стайкою, наискосок, уходят зап",Нет,Нет
vpr_sd_945741,literature,8,"Акакий Акакиевич начал было отговариваться, но все стали говорить, что неучтиво, что просто стыд и срам, и он уж никак не мог отказаться. Впрочем, ему потом сделалось приятно, когда вспомнил, что он будет иметь чрез то случай пройтись даже и ввечеру в новой шинели. Этот весь день был для Акакия Акакиевича точно самый большой торжественный праздник. Он возвратился домой в самом счастливом расположе",Нет,Нет
vpr_sd_945751,literature,8,"Господин оценил преданность и у самой пожарной команды, у окна, из которого слышалось приятное ворчание валторны, наградил пса вторым куском поменьше, золотников на пять. Эх, чудак. Подманивает меня. Не беспокойтесь! Я и сам никуда не уйду. За вами буду двигаться, куда ни прикажете. — Фить-фить-фить! Сюда! В Обухов? Сделайте одолжение. Очень хорошо известен нам этот переулок. Фить-фить! Сюда? С уд",Нет,Нет
vpr_sd_945831,literature,8,"МНЕ ТРУДНО БЕЗ РОССИИ Земля, и человек, и та или другая Страна, особенно для сердца дорогая, Чей радует обычай и язык, Чьё имя связывать ты с жребием привык, Тебе назначенным. Великая утрата — Остаться без неё... А может быть, тогда-то Такую (и такое) потеряв, Но ей чужим или врагом не став, — Тогда-то, может быть, и чувствуешь впервые Всю жизни глубину... Мне трудно без России... Мне трудно, пото",Нет,Нет
vpr_sd_945867,literature,8,"РОССИЯ Опять, как в годы золотые, Три стёртых треплются шлеи, И вязнут спицы расписные В расхлябанные колеи... Россия, нищая Россия, Мне избы серые твои, Твои мне песни ветровые, — Как слёзы первые любви! Тебя жалеть я не умею И крест свой бережно несу... Какому хочешь чародею Отдай разбойную красу! Пускай заманит и обманет, — Не пропадёшь, не сгинешь ты, И лишь забота затуманит Твои прекрасные че",Нет,Нет
vpr_sd_945883,literature,8,"Когда и в какое время он поступил в департамент и кто определил его, этого никто не мог припомнить. Сколько ни переменялось директоров и всяких начальников, его видели все на одном и том же месте, в том же положении, в той же самой должности, тем же чиновником для письма, так что потом уверились, что он, видно, так и родился на свет уже совершенно готовым, в вицмундире и с лысиной на голове. В деп",Нет,Нет
vpr_sd_945813,literature,8,"Сегодня был день печальный, дождливый, без просвета, точно будущая старость моя. Меня теснят такие странные мысли, такие темные ощущения, такие еще неясные для меня вопросы толпятся в моей голове, — а как-то нет ни силы, ни хотения их разрешить. Не мне разрешить всё это! Сегодня мы не увидимся. Вчера, когда мы прощались, облака стали заволакивать небо и подымался туман. Я сказал, что завтра будет ",Нет,Нет
vpr_sd_945823,literature,8,"Какое литературное произведение о любви к Родине, рассмотренное Вами на уроках литературы в этом учебном году или прочитанное самостоятельно, Вы бы посоветовали прочитать своим друзьям? Чему оно может научить современного читателя? Дайте развёрнутый ответ, опираясь на текст выбранного Вами произведения.",Нет,Нет
vpr_sd_945890,literature,8,"Какое литературное произведение, рассмотренное Вами на уроках литературы в этом учебном году или прочитанное самостоятельно, раскрывает тему чести и бесчестия? Чему учит это произведение? Дайте развёрнутый ответ, опираясь на текст выбранного Вами произведения.",Нет,Нет
vpr_sd_945748,literature,8,"Какое литературное произведение, рассмотренное в этом году на уроках или прочитанное самостоятельно, показалось Вам интересным для современного читателя? Чем именно? Дайте развёрнутый ответ, опираясь на текст выбранного Вами произведения.",Нет,Нет
vpr_sd_945914,literature,8,"Напишите мини-сочинение. Старайтесь чётко отвечать на поставленные вопросы, следите за логикой своих рассуждений. Опирайтесь на текст выбранного Вами произведения. Объём высказывания — не менее 80 слов. Какое литературное произведение, рассмотренное в этом году на уроках или прочитанное самостоятельно, раскрывает тему становления человека, осознания им жизненных ценностей? Чему именно Вас научило ",Нет,Нет
vpr_sd_945794,literature,8,"Какое литературное произведение о человеческих пороках, рассмотренное Вами на уроках литературы в этом учебном году или прочитанное самостоятельно, Вы бы посоветовали прочитать своим друзьям? Чему оно может научить родителей? Дайте развёрнутый ответ, опираясь на текст выбранного Вами произведения.",Нет,Нет
vpr_sd_945837,literature,8,"Какое литературное произведение, рассмотренное Вами на уроках литературы в этом учебном году или прочитанное самостоятельно, Вы бы посоветовали почитать своим друзьям, чтобы поразмышлять над проблемой настоящего искусства? Чему учит это произведение? Дайте развёрнутый ответ, опираясь на текст выбранного Вами произведения.",Нет,Нет
vpr_sd_945786,literature,8,"Какое литературное произведение, рассмотренное Вами на уроках литературы в этом учебном году или прочитанное самостоятельно, Вы бы посоветовали прочитать своим друзьям в трудные минуты жизни? Чему оно может научить? Дайте развёрнутый ответ, опираясь на текст выбранного Вами произведения.",Нет,Нет
vpr_sd_945878,literature,8,"Какое литературное произведение о вере в мечту, рассмотренное Вами на уроках литературы в этом учебном году или прочитанное самостоятельно, Вы бы посоветовали почитать своим друзьям? Чему учит это произведение? Дайте развёрнутый ответ, опираясь на текст выбранного Вами произведения. Человек должен обязательно следовать за своей мечтой, потому что она окрыляет, даёт силы, помогает делать новые важн",Нет,Нет
vpr_sd_945722,literature,8,"Герой какого литературного произведения, рассмотренного в этом году на уроках или прочитанного самостоятельно, близок Вам по духу? Чем именно? Дайте развёрнутый ответ, опираясь на текст выбранного Вами произведения.",Нет,Нет
vpr_sd_945866,literature,8,"Какое литературное произведение, рассмотренное Вами на уроках литературы в этом учебном году или прочитанное самостоятельно, Вы бы посоветовали почитать своим друзьям, чтобы поучиться быть патриотами своей Родины? Чему учит это произведение? Дайте развёрнутый ответ, опираясь на текст выбранного Вами произведения.",Нет,Нет
vpr_sd_945830,literature,8,"Какое литературное произведение, рассмотренное Вами на уроках литературы в этом учебном году или прочитанное самостоятельно, на Ваш взгляд, можно считать патриотическим? Чему оно может научить современного читателя? Дайте развёрнутый ответ, опираясь на текст выбранного Вами произведения.",Нет,Нет
vpr_sd_945808,literature,8,"Какое литературное произведение о любви, рассмотренное Вами на уроках литературы в этом учебном году или прочитанное самостоятельно, Вы бы посоветовали прочитать своим друзьям? Чему оно может научить современного читателя? Дайте развёрнутый ответ, опираясь на текст выбранного Вами произведения.",Нет,Нет
vpr_sd_945773,literature,8,"Какое литературное произведение, рассмотренное Вами на уроках литературы в этом учебном году или прочитанное самостоятельно, Вы бы посоветовали прочитать своим друзьям в период определения жизненной цели? Чему оно может научить? Дайте развёрнутый ответ, опираясь на текст выбранного Вами произведения.",Нет,Нет
vpr_sd_945801,literature,8,"Какое литературное произведение, рассмотренное Вами на уроках литературы в этом учебном году или прочитанное самостоятельно, Вы бы посоветовали прочитать своим родителям, когда они не понимают Вас? Чему оно может научить родителей? Дайте развёрнутый ответ, опираясь на текст вы-бранного Вами произведения.",Нет,Нет
vpr_sd_945864,literature,8,"У-у-у-у-у-у-гу-гугу-уу! О, гляньте, гляньте на меня, я погибаю! Вьюга в подворотне ревет мне отходную, и я вою с нею. Пропал я, пропал! Негодяй в грязном колпаке — повар столовой нормального питания служащих Центрального Совета Народного Хозяйства — плеснул в меня кипятком и обварил мне левый бок. Какая гадина, а еще пролетарий! Господи, боже мой, как больно! До костей проело кипяточком. Я теперь ",Нет,Нет
vpr_sd_945898,literature,8,"ЯВЛЕНИЕ VII Те же, г-жа Простакова и Митрофан Г-жа Простакова. Пока он отдыхает, друг мой, ты хоть для виду поучись, чтоб дошло до ушей его, как ты трудишься, Митрофанушка. Митрофан. Ну! А там что? Г-жа Простакова. А там и женишься. Митрофан. Слушай, матушка, я те потешу. Поучусь; только чтоб это был последний раз и чтоб сегодни ж быть сговору. Г-жа Простакова. Придет час воли Божией! Митрофан. Ча",Нет,Нет
vpr_sd_945779,literature,8,"Очнувшись, я несколько времени не мог опомниться и не понимал, что со мною сделалось. Я лежал на кровати, в незнакомой горнице, и чувствовал большую слабость. Передо мною стоял Савельич со свечкою в руках. Кто-то бережно развивал перевязи, которыми грудь и плечо были у меня стянуты. Мало-помалу мысли мои прояснились. Я вспомнил свой поединок и догадался, что был ранен. В эту минуту скрыпнула дверь",Нет,Нет
vpr_sd_945851,literature,8,"* * * У птицы есть гнездо, у зверя есть нора. Как горько было сердцу молодому, Когда я уходил с отцовского двора, Сказать прости родному дому! У зверя есть нора, у птицы есть гнездо, Как бьётся сердце, горестно и громко, Когда вхожу, крестясь, в чужой, наёмный дом С своей уж ветхою котомкой! (И. А. Бунин)",Нет,Нет
vpr_sd_945853,literature,8,"К Чаадаеву Любви, надежды, тихой славы Недолго нежил нас обман, Исчезли юные забавы, Как сон, как утренний туман; Но в нас горит еще желанье, Под гнетом власти роковой Нетерпеливою душой Отчизны внемлем призыванье. Мы ждем с томленьем упованья Минуты вольности святой, Как ждет любовник молодой Минуты верного свиданья. Пока свободою горим, Пока сердца для чести живы, Мой друг, отчизне посвятим Души",Нет,Нет
vpr_sd_945699,math,10,Найдите значение выражения при,Нет,Нет
vpr_sd_945753,math,10,Найдите значение выражения,Нет,Нет
vpr_sd_945785,math,10,Футболка стоила 800 рублей. После снижения цены она стала стоить 680 рублей. На сколько процентов была снижена цена на футболку?,Нет,Нет
vpr_sd_945882,math,10,"Найдите положительное число С , которое нужно расположить между числами А = 81 и В = 9 так, чтобы получилось три последовательных члена А , С и В геометрической прогрессии.",Нет,Нет
vpr_sd_946069,math,10,"Сторона ромба равна 34, а острый угол равен 60°. Высота ромба, опущенная из вершины тупого угла, делит сторону на два отрезка. Каковы длины этих отрезков? Перечислите эти длины в ответе без пробелов в порядке возрастания .",Нет,Нет
vpr_sd_945945,math,10,"В среднем из 100 карманных фонариков, поступивших в продажу, восемь неисправных. Найдите вероятность того, что выбранный наудачу в магазине фонарик окажется исправен.",Нет,Нет
vpr_sd_945909,math,10,"Каждый из 25 учащихся в классе посещает хотя бы один из двух кружков. Известно, что 10 человек занимаются в химическом кружке, а 18 — в биологическом. Сколько учащихся посещают оба кружка?",Нет,Нет
vpr_sd_945395,math,10,"На рисунке изображён график функции Найдите значение x , при котором",Нет,Нет
vpr_sd_945464,math,10,"В коробке лежат три диска. Обе стороны первого цвета апельсина, второго — цвета мякоти грейпфрута, а у третьего одна сторона апельсиновая, а другая грейпфрутовая. Из коробки достают диск и показывают одну из сторон. Вам нужно угадать цвет обратной стороны. Найдите вероятности успеха стратегии называть цвет, противоположный тому, что виден. Результат округлите до сотых.",Нет,Нет
vpr_sd_945311,math,10,В прямоугольном треугольнике ABC с прямым углом C известны катеты: Найдите медиану CK этого треугольника.,Нет,Нет
vpr_sd_945836,math,10,"Дана четырехугольная пирамида SABCD . Выберите из предложенного списка пары скрещивающихся прямых. 1) прямые SD и AB 2) прямые AB и BC 3) прямые AB и SC 4) прямые BC и AD В ответе запишите номера выбранных пар прямых без пробелов, запятых и других дополнительных символов.",Нет,Нет
vpr_sd_945772,math,10,Мобильный телефон стоил 3500 рублей. Через некоторое время цену на эту модель снизили до 2800 рублей. На сколько процентов была снижена цена?,Нет,Нет
vpr_sd_945880,math,10,"Сумма бесконечно убывающей геометрической прогрессии равна 32, а сумма ее первых пяти членов равна 31. Найдите первый член прогрессии.",Нет,Нет
vpr_sd_946036,math,10,"Тангенс острого угла прямоугольной трапеции равен Найдите ее большее основание, если меньшее основание равно высоте и равно 58.",Нет,Нет
vpr_sd_945971,math,10,"Для экзамена подготовили билеты с номерами от 1 до 50. Какова вероятность того, что наугад взятый учеником билет имеет однозначный номер?",Нет,Нет
vpr_sd_945866,math,10,"Из 100 туристов, выехавших в заграничное путешествие, 10 человек не знают ни немецкого, ни французского языков, 76 человек знают немецкий и 83 — французский. Сколько туристов знают оба эти языка?",Нет,Нет
vpr_sd_945469,math,10,"Одновременно бросают 3 игральных кубика. Какова вероятность того, что хотя бы на одном кубике выпало число 1 и ни на одном кубике не выпало число 6? Результат округлите до сотых.",Нет,Нет
vpr_sd_945318,math,10,Найдите значение выражения:,Нет,Нет
vpr_sd_945294,math,10,"Найдите угол АСО , если его сторона СА касается окружности, О — центр окружности, а дуга AD окружности, заключенная внутри этого угла, равна 100°.",Нет,Нет
vpr_sd_945900,math,10,"Дана четырёхугольная пирамида SABCD с вершиной S . Основание ABCD является прямоугольной трапецией с прямыми углами A и D . Отрезок SD перпендикулярен плоскости основания. Выберите из предложенного списка пары перпендикулярных прямых. 1) прямые SA и АВ 2) прямые SA и DB 3) прямые AB и SC 4) прямые SD и CB В ответе запишите номера выбранных пар прямых без пробелов, запятых и других дополнительных с",Нет,Нет
vpr_sd_945808,math,10,"а) Решите уравнение б) Найдите корни этого уравнения, принадлежащие промежутку",Нет,Нет
vpr_sd_945635,math,10,"Постройте график функции и определите, при каких значениях m прямая y = m имеет с графиком ровно две общие точки.",Нет,Нет
vpr_sd_945566,math,10,"В основании прямой призмы лежит прямоугольный треугольник, катеты которого равны 11 и 5. Найдите объём призмы, если её высота равна 4.",Нет,Нет
vpr_sd_945792,math,10,"Спортсмен должен поразить 4 мишени пятью выстрелами. Каждый выстрел попадает в цель с вероятностью 0,4. Какова вероятность того, что он поразит все мишени?",Нет,Нет
vpr_sd_945983,math,10,"В треугольнике ABC известно, что AD — биссектриса. Найдите угол BAD . Ответ дайте в градусах.",Нет,Нет
vpr_sd_946067,math,10,В ромбе ABCD угол ABC равен 72°. Найдите угол ACD . Ответ дайте в градусах.,Нет,Нет
vpr_sd_946045,math,10,"Боковая сторона трапеции равна 5, а один из прилегающих к ней углов равен 30°. Найдите площадь трапеции, если ее основания равны 3 и 9.",Нет,Нет
vpr_sd_946106,math,10,"Площадь прямоугольного треугольника равна Один из острых углов равен 30°. Найдите длину катета, прилежащего к этому углу.",Нет,Нет
vpr_sd_946124,math,10,"Диагональ AC параллелограмма ABCD образует с его сторонами углы, равные 25° и 30°. Найдите больший угол параллелограмма.",Нет,Нет
vpr_sd_946079,math,10,"В треугольнике ABC известно, что AB = BC , Найдите угол BCA . Ответ дайте в градусах.",Нет,Нет
vpr_sd_946013,math,10,Синус острого угла A треугольника ABC равен Найдите,Нет,Нет
vpr_sd_946132,math,10,"Угол A четырехугольника ABCD , вписанного в окружность, равен 82°. Найдите угол C этого четырехугольника. Ответ дайте в градусах.",Нет,Нет
vpr_sd_946109,math,10,Площадь прямоугольного треугольника равна Один из острых углов равен 30°. Найдите длину гипотенузы.,Нет,Нет
vpr_sd_946043,math,10,"В трапеции ABCD AB = CD , ∠ BDA = 49° и ∠ BDC = 13°. Найдите угол ABD . Ответ дайте в градусах.",Нет,Нет
vpr_sd_945288,math,10,"Найдите величину угла AOE , если OE — биссектриса угла AOC , OD — биссектриса угла COB .",Нет,Нет
vpr_sd_945272,math,10,"Биссектриса угла A параллелограмма ABCD пересекает его сторону BC в точке Найдите площадь параллелограмма ABCD , если а",Нет,Нет
vpr_sd_945296,math,10,"Отрезки AB и DC лежат на параллельных прямых, а отрезки AC и BD пересекаются в точке M . Найдите MC , если AB = 13, DC = 65, AC = 42.",Нет,Нет
vpr_sd_945266,math,10,"Биссектриса угла A параллелограмма ABCD пересекает сторону BC в точке K . Найдите периметр параллелограмма, если BK = 6, CK = 10.",Нет,Нет
vpr_sd_945308,math,10,"В треугольнике ABC угол равен 72°, угол C равен 63°, Найдите радиус описанной около этого треугольника окружности.",Нет,Нет
vpr_sd_945844,math,10,"Дана треугольная призма ABCA 1 B 1 C 1 . Выберите из предложенного списка пары скрещивающихся прямых. 1) прямые AC и CB 2) прямые A 1 C 1 и BB 1 3) прямые AA 1 и CC 1 4) прямые A 1 C 1 и B 1 C 1 В ответе запишите номера выбранных пар прямых без пробелов, запятых и других дополнительных символов.",Нет,Нет
vpr_sd_945846,math,10,"Дана прямая четырехугольная призма ABCDA 1 B 1 C 1 D 1 . Выберите из предложенного списка пары скрещивающихся прямых. 1) прямые CD и C 1 D 1 2) прямые BC и AD 3) прямые AB и CC 1 4) прямые AB и CD В ответе запишите номера выбранных пар прямых без пробелов, запятых и других дополнительных символов.",Нет,Нет
vpr_sd_945843,math,10,"Дана правильная шестиугольная призма ABCDEFA 1 B 1 C 1 D 1 E 1 F 1 . Выберите из предложенного списка пары параллельных прямых. 1) прямые BB 1 и DE 2) прямые AF и CD 3) прямые D 1 C 1 и A 1 F 1 4) прямые EF и DD 1 В ответе запишите номера выбранных пар прямых без пробелов, запятых и других дополнительных символов.",Нет,Нет
vpr_sd_945847,math,10,"Дана прямая четырехугольная призма ABCDA 1 B 1 C 1 D 1 . Выберите из предложенного списка пары прямых, которые лежат в одной плоскости. 1) прямые CD и C 1 D 1 2) прямые BC и AD 3) прямые AB и CC 1 4) прямые AB и CD В ответе запишите номера выбранных пар прямых без пробелов, запятых и других дополнительных символов.",Нет,Нет
vpr_sd_945841,math,10,"Дана треугольная призма ABCA 1 B 1 C 1 . Выберите из предложенного списка пары прямых, которые лежат в одной плоскости. 1) прямые AC и CB 2) прямые A 1 C 1 и BB 1 3) прямые AA 1 и CC 1 4) прямые A 1 C 1 и B 1 C 1 В ответе запишите номера выбранных пар прямых без пробелов, запятых и других дополнительных символов.",Нет,Нет
vpr_sd_945780,math,10,Налог на доходы составляет 13% от заработной платы. Заработная плата Ивана Кузьмича равна 12 500 рублей. Сколько рублей он получит после вычета налога на доходы?,Нет,Нет
vpr_sd_945782,math,10,"В школе французский язык изучают 124 учащихся, что составляет 25% от числа всех учащихся школы. Сколько учащихся в школе?",Нет,Нет
vpr_sd_945784,math,10,Цена на электрический чайник была повышена на 16% и составила 3480 рублей. Сколько рублей стоил чайник до повышения цены?,Нет,Нет
vpr_sd_946134,math,10,Сторона квадрата равна Найдите диагональ этого квадрата.,Нет,Нет
vpr_sd_946078,math,10,"В треугольнике ABC AB = BC = 53, AC = 56. Найдите длину медианы BM .",Нет,Нет
vpr_sd_946016,math,10,"В треугольнике ABC BM — медиана и BH — высота. Известно, что AC = 216, HC = 54 и ∠ ACB = 40°. Найдите угол AMB . Ответ дайте в градусах.",Нет,Нет
vpr_sd_945948,math,10,"В случайном эксперименте симметричную монету бросают дважды. Найдите вероятность того, что орел выпадет ровно 1 раз.",Нет,Нет
vpr_sd_945400,math,10,"Фирма «Вспышка» изготавливает фонарики. Вероятность того, что случайно выбранный фонарик из партии бракованный, равна 0,02. Какова вероятность того, что два случайно выбранных из одной партии фонарика окажутся небракованными?",Нет,Нет
vpr_sd_945958,math,10,Из каждых 1000 электрических лампочек 5 бракованных. Какова вероятность купить исправную лампочку?,Нет,Нет
vpr_sd_945383,math,10,На рисунке изображены графики функций и которые пересекаются в точках A и B . Найдите ординату точки B .,Нет,Нет
vpr_sd_945389,math,10,На рисунке изображены графики двух линейных функций. Найдите ординату точки пересечения графиков.,Нет,Нет
vpr_sd_945837,math,10,"Дана прямая четырехугольная призма ABCDA 1 B 1 C 1 D 1 . Выберите из предложенного списка пары перпендикулярных прямых. 1) прямые CD и C 1 D 1 2) прямые BC и AD 3) прямые AB и AA 1 4) прямые AB и AD В ответе запишите номера выбранных пар прямых без пробелов, запятых и других дополнительных символов.",Нет,Нет
vpr_sd_945829,math,10,"Дана четырёхугольная пирамида SABCD , в основании которой лежит квадрат ABCD . Диагонали квадрата пересекаются в точке O , и отрезок SO перпендикулярен плоскости основания. Точка М — середина стороны CD . Выберите из предложенного списка пары скрещивающихся прямых. 1) прямые SМ и BD 2) прямые AB и AD 3) прямые CD и AC 4) прямые AC и BD В ответе запишите номера выбранных пар прямых без пробелов, за",Нет,Нет
vpr_sd_945656,math,10,"Решите уравнение Если уравнение имеет более одного корня, в ответе запишите меньший из корней.",Нет,Нет
vpr_sd_944674,math,10,Точка E — середина ребра CC 1 куба ABCDA 1 B 1 C 1 D 1 . Найдите угол между прямыми BE и B 1 D .,Нет,Нет
vpr_sd_944862,math,10,В кубе ребро которого равно a . Найдите расстояние от вершины B до плоскости,Нет,Нет
vpr_sd_944789,math,10,В прямоугольном параллелепипеде найдите расстояние: а) от точки A до прямой б) от середины ребра до прямой если,Нет,Нет
vpr_sd_946048,math,10,"Найдите угол ABC равнобедренной трапеции ABCD , если диагональ AC образует с основанием AD и боковой стороной CD углы, равные 30° и 80° соответственно.",Нет,Нет
vpr_sd_946022,math,10,В остроугольном треугольнике ABC высота AH равна а сторона AB равна 40. Найдите,Нет,Нет
vpr_sd_945988,math,10,"Углы, отмеченные на рисунке одной дугой, равны. Найдите угол Ответ дайте в градусах.",Нет,Нет
vpr_sd_946126,math,10,"В параллелограмм вписана окружность. Найдите периметр параллелограмма, если одна из его сторон равна 6.",Нет,Нет
vpr_sd_946072,math,10,Сторона равностороннего треугольника равна Найдите медиану этого треугольника.,Нет,Нет
vpr_sd_946066,math,10,Один из углов ромба равен 43°. Найдите больший угол этого ромба. Ответ дайте в градусах.,Нет,Нет
vpr_sd_946102,math,10,Катеты прямоугольного треугольника равны 8 и 15. Найдите гипотенузу этого треугольника.,Нет,Нет
vpr_sd_946141,math,10,"Четырехугольник ABCD вписан в окружность. Угол ABC равен 136°, угол CAD равен 82°. Найдите угол ABD . Ответ дайте в градусах.",Нет,Нет
vpr_sd_946082,math,10,"Площадь равнобедренного треугольника равна Угол, лежащий напротив основания равен 120°. Найдите длину боковой стороны.",Нет,Нет
vpr_sd_946040,math,10,"Основания трапеции равны 4 и 10. Найдите больший из отрезков, на которые делит среднюю линию этой трапеции одна из ее диагоналей.",Нет,Нет
vpr_sd_945994,math,10,Биссектрисы углов N и M треугольника MNP пересекаются в точке A . Найдите если а,Нет,Нет
vpr_sd_946131,math,10,"В параллелограмме ABCD проведена диагональ AC . Угол DAC равен 47°, а угол CAB равен 11°. Найдите больший угол параллелограмма ABCD . Ответ дайте в градусах.",Нет,Нет
vpr_sd_945985,math,10,"Найдите величину угла AOK , если OK — биссектриса угла AOD , ∠ DOB = 64°. Ответ дайте в градусах.",Нет,Нет
vpr_sd_946115,math,10,"Катеты прямоугольного треугольника равны 35 и 120. Найдите высоту, проведенную к гипотенузе.",Нет,Нет
vpr_sd_946018,math,10,"В треугольнике ABC известно, что BM — медиана, Найдите AM .",Нет,Нет
vpr_sd_946146,math,10,В выпуклом четырехугольнике ABCD Найдите угол A . Ответ дайте в градусах.,Нет,Нет
vpr_sd_946127,math,10,"Найдите величину острого угла параллелограмма ABCD , если биссектриса угла A образует со стороной BC угол, равный 15°. Ответ дайте в градусах.",Нет,Нет
vpr_sd_946054,math,10,"Найдите меньший угол равнобедренной трапеции, если два ее угла относятся как 1:2. Ответ дайте в градусах.",Нет,Нет
vpr_sd_946090,math,10,"В треугольнике ABC угол C равен 90°, Найдите AC .",Нет,Нет
vpr_sd_946011,math,10,"Точки M и N являются серединами сторон AB и BC треугольника ABC соответственно. Отрезки AN и CM пересекаются в точке O , AN = 12, CM = 18. Найдите AO .",Нет,Нет
vpr_sd_946117,math,10,"Диагонали AC и BD параллелограмма ABCD пересекаются в точке O , AC = 12, BD = 20, AB = 7. Найдите DO .",Нет,Нет
vpr_sd_946071,math,10,"Точка O — центр окружности, на которой лежат точки P, Q и R таким образом, что OPQR — ромб. Найдите угол ORQ . Ответ дайте в градусах.",Нет,Нет
vpr_sd_945700,math,10,Найдите значение выражения если,Нет,Нет
vpr_sd_945790,math,10,"Игральный кубик брошен 4 раза. Найти вероятность того, что чётное число очков выпадет ровно 3 раза.",Нет,Нет
vpr_sd_945789,math,10,"Игральный кубик брошен 3 раза. Найти вероятность того, что нечётное число очков выпадет ровно 2 раза.",Нет,Нет
vpr_sd_945799,math,10,"Спортсмен должен поразить 3 мишени, сделав не более пяти выстрелов. Каждый выстрел попадает в цель с вероятностью 0,5. Какова вероятность того, что он поразит все мишени?",Нет,Нет
vpr_sd_945795,math,10,"Вероятность попадания при одном выстреле 0,8. Какова вероятность четырёх попаданий при шести выстрелах? Ответ округлите до сотых.",Нет,Нет
vpr_sd_945794,math,10,"Какова вероятность, что при бросании 12 раз игральной кости 4 очка выпадут ровно 4 раза?",Нет,Нет
vpr_sd_945317,math,10,Найдите значение выражения если и,Нет,Нет
vpr_sd_945904,math,10,Найдите если и Ответ:,Нет,Нет
vpr_sd_945312,math,10,"На диаграмме Эйлера схематически показали случайный опыт S , с которым связана случайная величина X . Все элементарные события равновозможны, и около каждого указано соответствующее значение случайной величины X . Найдите вероятность события",Нет,Нет
vpr_sd_946150,math,10,Найдите значения выражения,Нет,Нет
vpr_sd_945883,math,10,"Первый член арифметической прогрессии равен 5, разность прогрессии d = −7. Найдите количество членов данной арифметической прогрессии, если",Нет,Нет
vpr_sd_946049,math,10,"Найдите меньший угол равнобедренной трапеции ABCD , если диагональ AC образует с основанием BC и боковой стороной CD углы, равные 30° и 105° соответственно.",Нет,Нет
vpr_sd_945952,math,10,"Из 1600 пакетов молока в среднем 80 протекают. Какова вероятность того, что случайно выбранный пакет молока не течет ?",Нет,Нет
vpr_sd_945863,math,10,"На одной из кафедр университета работают 13 человек, причем каждый из них знает хотя бы один иностранный язык. Десять человек знают английский, семеро — немецкий, шестеро — французский, пятеро знают английский и немецкий, четверо — английский и французский, трое — немецкий и французский языки. Выясните, сколько человек знают все три языка.",Нет,Нет
vpr_sd_945832,math,10,"Дана четырёхугольная пирамида SABCD с вершиной S . Основание ABCD является прямоугольной трапецией с прямыми углами A и D . Отрезок SD перпендикулярен плоскости основания. Выберите из предложенного списка пары скрещивающихся прямых. 1) прямые AB и CD 2) прямые SA и DC 3) прямые AC и SB 4) прямые BD и AC В ответе запишите номера выбранных пар прямых без пробелов, запятых и других дополнительных сим",Нет,Нет
vpr_sd_945821,math,10,"а) Решите уравнение б) Найдите все его корни, принадлежащие отрезку",Нет,Нет
vpr_sd_945219,math,10,Найдите корень уравнения,Нет,Нет
vpr_sd_945633,math,10,"Постройте график функции и определите, при каких значениях c прямая будет пересекать построенный график в трех точках.",Нет,Нет
vpr_sd_944713,math,10,"В правильной треугольной призме ABCA 1 B 1 C 1 , все рёбра которой равны 4, найдите расстояние между прямыми AA 1 и BC 1 .",Нет,Нет
vpr_sd_945813,math,10,"а) Решите уравнение б) Найдите корни этого уравнения, принадлежащие отрезку",Нет,Нет
vpr_sd_945817,math,10,"а) Решите уравнение б) Найдите все корни этого уравнения, принадлежащие отрезку",Нет,Нет
vpr_sd_945812,math,10,"а) Решите уравнение б) Найдите корни этого уравнения, принадлежащие промежутку [2π; 3π].",Нет,Нет
vpr_sd_945823,math,10,"а) Решите уравнение б) Укажите корни этого уравнения, принадлежащие отрезку",Нет,Нет
vpr_sd_945811,math,10,"а) Решите уравнение: б) Найдите корни этого уравнения, принадлежащие промежутку [1; 3,5).",Нет,Нет
vpr_sd_945822,math,10,"а) Решите уравнение б) Укажите корни этого уравнения, принадлежащие промежутку",Нет,Нет
vpr_sd_945816,math,10,"а) Решите уравнение б) Найдите все корни этого уравнения, принадлежащие промежутку",Нет,Нет
vpr_sd_945810,math,10,"а) Решите уравнение: б) Найдите корни этого уравнения, принадлежащие промежутку (9; 12).",Нет,Нет
vpr_sd_945818,math,10,"а) Решите уравнение б) Найдите корни этого уравнения, принадлежащие отрезку [10; 13].",Нет,Нет
vpr_sd_945804,math,10,"А) Решите уравнение: Б) Найдите корни этого уравнения, принадлежащие промежутку [0; 3].",Нет,Нет
vpr_sd_945827,math,10,"а) Решите уравнение б) Найдите все корни уравнения, принадлежащие отрезку",Нет,Нет
vpr_sd_945800,math,10,"а) Решите уравнение: б) Найдите корни этого уравнения, принадлежащие промежутку [–13; –10].",Нет,Нет
vpr_sd_945807,math,10,"а) Решите уравнение: б) Найдите корни этого уравнения, принадлежащие промежутку (8; 13].",Нет,Нет
vpr_sd_945903,math,10,"а) Решите уравнение б) Найдите корни этого уравнения, принадлежащие отрезку [12; 15].",Нет,Нет
vpr_sd_945590,math,10,Объем параллелепипеда равен 9. Найдите объем треугольной пирамиды,Нет,Нет
vpr_sd_945579,math,10,"В основании пирамиды SABC лежит правильный треугольник ABC со стороной 10, а боковое ребро SA перпендикулярно основанию и равно Найдите полную поверхность пирамиды SABC .",Нет,Нет
vpr_sd_945564,math,10,"Основанием прямой треугольной призмы служит прямоугольный треугольник с катетами 6 и 8, боковое ребро равно 5. Найдите объем призмы.",Нет,Нет
vpr_sd_945581,math,10,"Стороны основания правильной шестиугольной пирамиды равны 10, боковые ребра равны 13. Найдите площадь боковой поверхности этой пирамиды.",Нет,Нет
vpr_sd_945584,math,10,"Два ребра прямоугольного параллелепипеда равны 7 и 4, а объём параллелепипеда равен 140. Найдите площадь поверхности этого параллелепипеда.",Нет,Нет
vpr_sd_945892,math,10,"Дана треугольная пирамида SABC с вершиной в точке S . Треугольник ABC равносторонний с центром точке O . Отрезок SO перпендикулярен плоскости основания. Известно, что AB = 6, а Найдите расстояние от точки S до плоскости ABC .",Нет,Нет
vpr_sd_945586,math,10,"В прямоугольном параллелепипеде ABCDA 1 B 1 C 1 D 1 рёбра CD , CB и диагональ CD 1 боковой грани равны соответственно 2, 4 и Найдите площадь поверхности параллелепипеда ABCDA 1 B 1 C 1 D 1 .",Нет,Нет
vpr_sd_945583,math,10,"Найдите объем правильной треугольной пирамиды, стороны основания которой равны 1, а высота равна",Нет,Нет
vpr_sd_945565,math,10,"В основании прямой призмы лежит прямоугольный треугольник, один из катетов которого равен 2, а гипотенуза равна Найдите объём призмы, если её высота равна 3.",Нет,Нет
vpr_sd_945767,math,10,При оплате услуг через платежный терминал взимается комиссия 5%. Терминал принимает суммы кратные 10 рублям. Аня хочет положить на счет своего мобильного телефона не меньше 400 рублей. Какую минимальную сумму она должна положить в приемное устройство данного терминала?,Нет,Нет
vpr_sd_945786,math,10,"В городе N живет 200 000 жителей. Среди них 15% детей и подростков. Среди взрослых жителей 45% не работает (пенсионеры, студенты, домохозяйки и т. п.). Сколько взрослых жителей работает?",Нет,Нет
vpr_sd_945876,math,10,"Геометрическая прогрессия { b n } — возрастающая, Найдите b 5 .",Нет,Нет
vpr_sd_945871,math,10,"Арифметическая прогрессия 5, 8, 11... и геометрическая прогрессия 4, 8, 16... имеют по 50 членов. Сколько одинаковых членов в обеих прогрессиях?",Нет,Нет
vpr_sd_945194,math,10,Решите рациональное неравенство,Нет,Нет
vpr_sd_945834,math,10,"Дана прямая шестиугольная призма ABCDEFA 1 B 1 C 1 D 1 E 1 F 1 . Выберите из предложенного списка прямые, параллельные плоскости ABC . 1) прямая B 1 A 1 2) прямая BB 1 3) прямая FF 1 4) прямая A 1 F 1 В ответе запишите номера выбранных прямых без пробелов, запятых и других дополнительных символов.",Нет,Нет
vpr_sd_945833,math,10,"Дана прямая четырехугольная призма ABCDA 1 B 1 C 1 D 1 . Выберите из предложенного списка прямые, параллельные плоскости AA 1 D 1 . 1) прямая AB 2) прямая A 1 B 1 3) прямая BB 1 4) прямая CD В ответе запишите номера выбранных прямых без пробелов, запятых и других дополнительных символов.",Нет,Нет
vpr_sd_945828,math,10,"Дана прямая треугольная призма ABCA 1 B 1 C 1 . Выберите из предложенного списка прямые, параллельные плоскости AA 1 C 1 . 1) прямая C 1 B 1 2) прямая CC 1 3) прямая A 1 B 1 4) прямая BB 1 В ответе запишите номера выбранных прямых без пробелов, запятых и других дополнительных символов.",Нет,Нет
vpr_sd_945839,math,10,"Дана прямая шестиугольная призма ABCDEFA 1 B 1 C 1 D 1 E 1 F 1 . Выберите из предложенного списка прямые, перпендикулярные плоскости ABC . 1) прямая BA 2) прямая BB 1 3) прямая FF 1 4) прямая A 1 F 1 В ответе запишите номера выбранных прямых без пробелов, запятых и других дополнительных символов.",Нет,Нет
vpr_sd_945838,math,10,"Дана прямая шестиугольная призма ABCDEFA 1 B 1 C 1 D 1 E 1 F 1 . Выберите из предложенного списка пары перпендикулярных прямых. 1) прямые BB 1 и BA 2) прямые AF и DC 3) прямые D 1 C 1 и A 1 F 1 4) прямые EF и DE В ответе запишите номера выбранных пар прямых без пробелов, запятых и других дополнительных символов.",Нет,Нет
vpr_sd_946129,math,10,"Разность углов, прилежащих к одной стороне параллелограмма, равна 40°. Найдите меньший угол параллелограмма. Ответ дайте в градусах.",Нет,Нет
vpr_sd_946105,math,10,"Площадь прямоугольного треугольника равна Один из острых углов равен 30°. Найдите длину катета, лежащего напротив этого угла.",Нет,Нет
vpr_sd_945991,math,10,"Прямые m и n параллельны. Найдите ∠3, если ∠1 = 22°, ∠2 = 72°. Ответ дайте в градусах.",Нет,Нет
vpr_sd_946012,math,10,Медиана равностороннего треугольника равна Найдите сторону этого треугольника.,Нет,Нет
vpr_sd_946145,math,10,Сумма трех углов выпуклого четырехугольника равна 300°. Найдите четвертый угол. Ответ дайте в градусах.,Нет,Нет
vpr_sd_945297,math,10,"Точка H является основанием высоты BH , проведенной из вершины прямого угла B прямоугольного треугольника ABC . Окружность с диаметром BH пересекает стороны AB и CB в точках P и K соответственно. Найдите PK , если BH = 11.",Нет,Нет
vpr_sd_945282,math,10,"Прямая, параллельная основаниям MP и NK трапеции MNKP , проходит через точку пересечения диагоналей трапеции и пересекает ее боковые стороны MN и KP в точках и соответственно. Найдите длину отрезка AB , если см, см.",Нет,Нет
vpr_sd_945295,math,10,В треугольнике АВС углы А и С равны 20° и 60° соответственно. Найдите угол между высотой ВН и биссектрисой BD .,Нет,Нет
vpr_sd_945302,math,10,"Точка H является основанием высоты BH , проведенной из вершины прямого угла B прямоугольного треугольника ABC . Окружность с диаметром BH пересекает стороны AB и CB в точках P и K соответственно. Найдите BH , если PK = 14.",Нет,Нет
vpr_sd_945285,math,10,"В трапеции АВСD боковые стороны AB и CD равны, CH — высота, проведенная к большему основанию AD . Найдите длину отрезка HD , если средняя линия KM трапеции равна 16, а меньшее основание BC равно 4.",Нет,Нет
vpr_sd_945576,math,10,Основанием пирамиды является прямоугольник со сторонами 4 и 5. Ее объем равен 80. Найдите высоту этой пирамиды.,Нет,Нет
vpr_sd_945591,math,10,"Два ребра прямоугольного параллелепипеда, выходящие из одной вершины, равны 1 и 2. Объем параллелепипеда равен 6. Найдите площадь его поверхности.",Нет,Нет
vpr_sd_945578,math,10,"Найдите объём правильной четырёхугольной пирамиды, сторона основания которой равна 4, а боковое ребро равно",Нет,Нет
vpr_sd_946080,math,10,В равностороннем треугольнике ABC медианы BK и AM пересекаются в точке O . Найдите,Нет,Нет
vpr_sd_946023,math,10,"В треугольнике ABC AB = BC , а высота AH делит сторону BC на отрезки BH = 64 и CH = 16. Найдите cos B .",Нет,Нет
vpr_sd_946130,math,10,Один угол параллелограмма в два раза больше другого. Найдите меньший угол. Ответ дайте в градусах.,Нет,Нет
vpr_sd_946143,math,10,"Радиус окружности с центром в точке O равен 85, длина хорды AB равна 80 (см. рис.). Найдите расстояние от хорды AB до параллельной ей касательной k .",Нет,Нет
vpr_sd_946044,math,10,"Найдите угол АВС равнобедренной трапеции ABCD, если диагональ АС образует с основанием AD и боковой стороной CD углы, равные 20° и 100° соответственно.",Нет,Нет
vpr_sd_946060,math,10,"Сторона ромба равна 4, а один из углов этого ромба равен 150°. Найдите высоту этого ромба.",Нет,Нет
vpr_sd_945915,math,10,"Известно, что в треугольнике ABC стороны AB и BC равны. Внешний угол при вершине B равен 138°. Найдите угол C . Ответ дайте в градусах.",Нет,Нет
vpr_sd_946142,math,10,ABCDEFGH — правильный восьмиугольник. Найдите угол EFG . Ответ дайте в градусах.,Нет,Нет
vpr_sd_945907,math,10,"В ромбе ABCD диагонали пересекаются в точке О . Окружность радиусом 4 вписана в ромб и касается стороны AD в точке Е . Найдите площадь ромба, если известно, что DE = 2.",Нет,Нет
vpr_sd_945298,math,10,"В прямоугольном треугольнике ABC с прямым углом C известны катеты: AC = 6 , BC = 8 . Найдите медиану CK этого треугольника.",Нет,Нет
vpr_sd_945290,math,10,В треугольнике АВС углы А и С равны 40° и 60° соответственно. Найдите угол между высотой ВН и биссектрисой BD .,Нет,Нет
vpr_sd_945273,math,10,"Расстояние от точки пересечения диагоналей ромба до одной из его сторон равно 19, а одна из диагоналей ромба равна 76. Найдите углы ромба. В ответе укажите величину большего угла.",Нет,Нет
vpr_sd_946119,math,10,"В треугольнике ABC угол C прямой, BC = 8, Найдите AB .",Нет,Нет
vpr_sd_946033,math,10,Один из углов равнобедренной трапеции равен 66°. Найдите больший угол этой трапеции. Ответ дайте в градусах.,Нет,Нет
vpr_sd_946133,math,10,"Четырехугольник ABCD описан около окружности, AB = 7, BC = 10, CD = 14. Найдите AD .",Нет,Нет
vpr_sd_946139,math,10,"Сторона AC треугольника ABC проходит через центр описанной около него окружности. Найдите ∠ C , если ∠ A = 44°. Ответ дайте в градусах.",Нет,Нет
vpr_sd_946064,math,10,"Точка O — центр окружности, на которой лежат точки S, T и V таким образом, что OSTV — ромб. Найдите угол STV . Ответ дайте в градусах.",Нет,Нет
vpr_sd_945276,math,10,"Найдите площадь выпуклого четырехугольника с диагоналями 8 и 5, если отрезки, соединяющие середины его противоположных сторон, равны.",Нет,Нет
vpr_sd_945289,math,10,На сторонах угла BAC и на его биссектрисе отложены равные отрезки и AD . Величина угла BDC равна 160°. Определите величину угла BAC .,Нет,Нет
vpr_sd_945307,math,10,"Высота треугольника разбивает его основание на два отрезка с длинами 8 и 9. Найдите длину этой высоты, если известно, что другая высота треугольника делит ее пополам.",Нет,Нет
vpr_sd_945310,math,10,"Углы B и C треугольника ABC равны соответственно 67° и 83°. Найдите BC , если радиус окружности, описанной около треугольника ABC , равен 16.",Нет,Нет
vpr_sd_945286,math,10,"В трапеции ABCD основание AD вдвое больше основания ВС и вдвое больше боковой стороны CD . Угол ADC равен 60°, сторона AB равна 2. Найдите площадь трапеции. Результат разделите на",Нет,Нет
vpr_sd_945845,math,10,"Дана прямая четырехугольная призма ABCDA 1 B 1 C 1 D 1 . Выберите из предложенного списка пары скрещивающихся прямых. 1) прямые CD и C 1 D 1 2) прямые A 1 D 1 и DC 3) прямые AB и CC 1 4) прямые DD 1 и A 1 B 1 В ответе запишите номера выбранных пар прямых без пробелов, запятых и других дополнительных символов.",Нет,Нет
vpr_sd_945835,math,10,"Дана прямая треугольная призма ABCA 1 B 1 C 1 . Выберите из предложенного списка прямые, перпендикулярные плоскости ABC . 1) прямая AA 1 2) прямая CC 1 3) прямая A 1 B 1 4) прямая CB В ответе запишите номера выбранных прямых без пробелов, запятых и других дополнительных символов.",Нет,Нет
vpr_sd_945869,math,10,"Сумма первых четырех членов арифметической прогрессии равна 38, а сумма последних четырех членов данной прогрессии равна 62. Сколько членов в заданной арифметической прогрессии, если ее первый член равен 5?",Нет,Нет
vpr_sd_946042,math,10,"В трапецию, сумма длин боковых сторон которой равна 24, вписана окружность. Найдите длину средней линии трапеции.",Нет,Нет
vpr_sd_945979,math,10,"Телевизор у Маши сломался и показывает только один случайный канал. Маша включает телевизор. В это время по трем каналам из двадцати показывают кинокомедии. Найдите вероятность того, что Маша попадет на канал, где комедия не идет.",Нет,Нет
vpr_sd_945850,math,10,"В фитнес-клубе занятия проводятся по вторникам и пятницам. 24 человека посещают занятия по вторникам, а 40 человек — по пятницам. Сколько человек посещают фитнес-клуб дважды в неделю, если занятия проводятся только в указанные дни, а всего фитнес-клуб посещают 57 человек?",Нет,Нет
vpr_sd_945386,math,10,На рисунке изображён график функции Найдите,Нет,Нет
vpr_sd_945352,math,10,"Одновременно бросают 3 игральных кубика. Какова вероятность того, что одинаковые числа выпадут хотя бы на двух кубиках? Результат округлите до сотых.",Нет,Нет
vpr_sd_945281,math,10,Диагонали AC и BD трапеции ABCD пересекаются в точке O . Площади треугольников AOD и BOC равны соответственно и Найдите площадь трапеции.,Нет,Нет
vpr_sd_945627,math,10,"Постройте график функции Какое наибольшее число общих точек график данной функции может иметь с прямой, параллельной оси абсцисс?",Нет,Нет
vpr_sd_944803,math,10,"В кубе все рёбра которого равны 1, найдите расстояние от точки B до прямой",Нет,Нет
vpr_sd_945544,math,10,"Чтобы пройти в следующий круг соревнований, футбольной команде нужно набрать хотя бы 4 очка в двух играх. Если команда выигрывает, она получает 3 очка, в случае ничьей — 1 очко, если проигрывает — 0 очков. Найдите вероятность того, что команде удастся выйти в следующий круг соревнований. Считайте, что в каждой игре вероятности выигрыша и проигрыша одинаковы и равны 0,4.",Нет,Нет
vpr_sd_945356,math,10,"В случайном эксперименте бросают три игральные кости. Найдите вероятность того, что в сумме выпадет 11 очков.",Нет,Нет
vpr_sd_945351,math,10,"В случайном эксперименте симметричную монету бросают трижды. Найдите вероятность того, что решка выпадет не меньше двух раз.",Нет,Нет
vpr_sd_945465,math,10,"Одновременно бросают три игральных кубика. Какова вероятность того, что выпавшие числа на всех кубиках разные? Результат округлите до сотых.",Нет,Нет
vpr_sd_945370,math,10,"В коробке лежат три диска. Обе стороны первого цвета апельсина, второго — цвета мякоти грейпфрута, а у третьего одна сторона апельсиновая, а другая грейпфрутовая. Из коробки достают диск и показывают одну из сторон. Вам нужно угадать цвет обратной стороны. Найдите вероятности успеха всегда называть апельсиновый цвет.",Нет,Нет
vpr_sd_945344,math,10,"В случайном эксперименте симметричную монету бросают четырежды. Найдите вероятность того, что выпадет хотя бы две решки.",Нет,Нет
vpr_sd_945362,math,10,"В случайном эксперименте бросают четыре игральные кости. Найдите вероятность того, что в сумме выпадет 19 очков. Ответ округлите до тысячных.",Нет,Нет
vpr_sd_945346,math,10,"В случайном эксперименте симметричную монету бросают шесть раз. Найдите вероятность того, что в первый раз выпадет решка, а сразу затем — три раза орёл.",Нет,Нет
vpr_sd_945365,math,10,"Монетный двор отчеканил три юбилейные монеты. Одна монета получилась правильно, у второй монеты на обеих сторонах оказалось два орла, а у третьей обе стороны — решки. Директор монетного двора, не глядя, выбрал одну из этих монет и бросил её наудачу. Выпал орёл. Чему равна вероятность того, что на второй стороне этой монеты тоже орёл? Ответ округлите до сотых.",Нет,Нет
vpr_sd_945361,math,10,"В случайном эксперименте бросают четыре игральные кости. Найдите вероятность того, что в сумме выпадет 5 очков. В ответе укажите знаменатель получившейся дроби.",Нет,Нет
vpr_sd_945350,math,10,"В случайном эксперименте симметричную монету бросают трижды. Найдите вероятность того, что орел выпадет ровно два раза.",Нет,Нет
vpr_sd_945371,math,10,"На фабрике посуды 10% произведённых тарелок имеют дефект. При контроле качества продукции выявляется 80% дефектных тарелок. Остальные тарелки поступают в продажу. Найдите вероятность того, что случайно выбранная при покупке тарелка не имеет дефектов. Ответ округлите до сотых.",Нет,Нет
vpr_sd_945367,math,10,"В случайном эксперименте бросают две игральные кости. Найдите вероятность того, что в сумме выпадет 8 очков. Результат округлите до сотых.",Нет,Нет
vpr_sd_945357,math,10,"Бросили две игральные кости: красную и зелёную. Найдите вероятность того, что на красной кости выпало очков больше, чем на зелёной. Результат округлите до тысячных.",Нет,Нет
vpr_sd_945975,math,10,"Миша с папой решили покататься на колесе обозрения. Всего на колесе двадцать четыре кабинки, из них 5 — синие, 7 — зеленые, остальные — красные. Кабинки по очереди подходят к платформе для посадки. Найдите вероятность того, что Миша прокатится в красной кабинке.",Нет,Нет
vpr_sd_945345,math,10,"В случайном эксперименте симметричную монету бросают четырежды. Найдите вероятность того, что выпадет хотя бы три орла.",Нет,Нет
vpr_sd_945783,math,10,Студентами технических вузов собираются стать 27 выпускников школы. Они составляют 30% от числа выпускников. Сколько в школе выпускников?,Нет,Нет
vpr_sd_945887,math,10,Геометрическая прогрессия задана условием: Найдите пятый член данной прогрессии.,Нет,Нет
vpr_sd_946027,math,10,"У треугольника со сторонами 16 и 2 проведены высоты к этим сторонам. Высота, проведенная к первой стороне, равна 1. Чему равна высота, проведенная ко второй стороне?",Нет,Нет
vpr_sd_945951,math,10,"В магазине канцтоваров продается 100 ручек, из них 37 — красные, 8 — зеленые, 17 — фиолетовые, еще есть синие и черные, их поровну. Найдите вероятность того, что Алиса наугад вытащит красную или черную ручку.",Нет,Нет
vpr_sd_945867,math,10,"В классе 20 учеников, 8 из них умеют играть на фортепиано, а 6 — на виолончели. Сколько учеников умеют играть и на фортепиано, и на виолончели, если 12 учеников этого класса не умеют играть ни на одном из этих музыкальных инструментов?",Нет,Нет
vpr_sd_945388,math,10,На рисунке изображены графики двух линейных функций. Найдите абсциссу точки пересечения графиков.,Нет,Нет
vpr_sd_945368,math,10,"У главного редактора «Математики в школе» есть три раритетные пластинки. На одной с обеих сторон записаны фуги Баха, на другой — с обеих сторон рондо Моцарта, а на третьей с одной стороны записан Бах, а с другой Моцарт. Придя вечером домой, он поставил одну из пластинок. Зазвучал Бах. Какова вероятность того, что на обратной стороне тоже Бах? Ответ округлите до сотых.",Нет,Нет
vpr_sd_945906,math,10,"В прямоугольном треугольнике АВС с прямым углом С на стороне ВС отметили точку Е так, что Найдите АВ , если известно, что ВЕ = 3, В ответе укажите квадрат полученного значения.",Нет,Нет
vpr_sd_945840,math,10,"Дана треугольная призма ABCA 1 B 1 C 1 . Выберите из предложенного списка пары прямых, которые лежат в одной плоскости. 1) прямые AC и B 1 C 1 2) прямые AC и AB 3) прямые AB и CC 1 4) прямые A 1 B 1 и B 1 C 1 В ответе запишите номера выбранных пар прямых без пробелов, запятых и других дополнительных символов.",Нет,Нет
vpr_sd_946083,math,10,В треугольнике ABC AC = BC . Внешний угол при вершине B равен 146°. Найдите угол C . Ответ дайте в градусах.,Нет,Нет
vpr_sd_946147,math,10,Углы выпуклого четырехугольника относятся как 1:2:3:4. Найдите меньший угол. Ответ дайте в градусах.,Нет,Нет
vpr_sd_946008,math,10,"В треугольнике ABC угол A равен 45°, угол B равен 30°, Найдите AC .",Нет,Нет
vpr_sd_946108,math,10,Катеты прямоугольного треугольника равны и 1. Найдите синус наименьшего угла этого треугольника.,Нет,Нет
vpr_sd_945287,math,10,"Основания равнобедренной трапеции равны 8 и 18, а периметр равен 56. Найдите площадь трапеции. Результат умножьте на",Нет,Нет
vpr_sd_945300,math,10,"Медианы треугольника ABC пересекаются в точке M . Найдите длину медианы, проведенной к стороне BC , если угол BAC равен 47°, угол BMC равен 133°,",Нет,Нет
vpr_sd_945279,math,10,"В трапеции ABCD основание AD вдвое больше основания ВС и вдвое больше боковой стороны CD . Угол ADC равен 60°, сторона AB равна 1. Найдите площадь трапеции. Результат умножьте на",Нет,Нет
vpr_sd_945851,math,10,"Дана треугольная призма ABCA 1 B 1 C 1 . Выберите из предложенного списка пары скрещивающихся прямых. 1) прямые AC и B 1 C 1 2) прямые AC и AB 3) прямые AB и CC 1 4) прямые A 1 B 1 и B 1 C 1 В ответе запишите номера выбранных пар прямых без пробелов, запятых и других дополнительных символов.",Нет,Нет
vpr_sd_946107,math,10,"В прямоугольном треугольнике ABC катет а высота CH , опущенная на гипотенузу, равна Найдите",Нет,Нет
vpr_sd_946014,math,10,Косинус острого угла A треугольника ABC равен Найдите,Нет,Нет
vpr_sd_946032,math,10,"Основания трапеции равны 4 и 10, а высота равна 5. Найдите площадь этой трапеции.",Нет,Нет
vpr_sd_946116,math,10,Один из углов параллелограмма равен 41°. Найдите больший угол этого параллелограмма. Ответ дайте в градусах.,Нет,Нет
vpr_sd_945995,math,10,"Углы, отмеченные на рисунке одной дугой, равны. Найдите угол α. Ответ дайте в градусах.",Нет,Нет
vpr_sd_945303,math,10,"Отрезки AB и DC лежат на параллельных прямых, а отрезки AC и BD пересекаются в точке M . Найдите MC , если AB = 16, DC = 24, AC = 25 .",Нет,Нет
vpr_sd_945309,math,10,"Окружность с центром на стороне AC треугольника ABC проходит через вершину C и касается прямой AB в точке B . Найдите AC , если диаметр окружности равен 7,5, а AB = 2.",Нет,Нет
vpr_sd_945842,math,10,"Дана шестиугольная призма ABCDEFA 1 B 1 C 1 D 1 E 1 F 1 . Выберите из предложенного списка пары скрещивающихся прямых. 1) прямые BB 1 и DE 2) прямые BC и FE 3) прямые D 1 C 1 и A 1 F 1 4) прямые EF и DD 1 В ответе запишите номера выбранных пар прямых без пробелов, запятых и других дополнительных символов.",Нет,Нет
vpr_sd_945881,math,10,"Первый член арифметической прогрессии равен 8, разность прогрессии равна 3. Найдите a 25 .",Нет,Нет
vpr_sd_945914,math,10,Найдите сумму бесконечно убывающей геометрической прогрессии,Нет,Нет
vpr_sd_945853,math,10,"Среди пользователей стримингового сервиса 127 человек используют сервис на мобильном телефоне, 46 — на компьютере, а 20 человек пользуются сервисом и на телефоне, и на компьютере. Сколько человек пользуется стриминговым сервисом?",Нет,Нет
vpr_sd_945865,math,10,Даны множества: Найдите пересечение множеств. В ответе укажите нужные символы без пробелов и других символов.,Нет,Нет
vpr_sd_945359,math,10,"Одновременно бросают три игральный кубика. Какова вероятность того, что на всех кубиках выпадут одинаковые числа? Результат округлите до тысячных.",Нет,Нет
vpr_sd_945470,math,10,"В коробке лежат три диска. Обе стороны первого цвета апельсина, второго — цвета мякоти грейпфрута, а у третьего одна сторона апельсиновая, а другая грейпфрутовая. Из коробки достают диск и показывают одну из сторон. Вам нужно угадать цвет обратной стороны. Найдите вероятности успеха называть попеременно то апельсиновый, то грейпфрутовый цвет.",Нет,Нет
vpr_sd_945768,math,10,При оплате услуг через платежный терминал взимается комиссия 5%. Терминал принимает суммы кратные 10 рублям. Аня хочет положить на счет своего мобильного телефона не меньше 300 рублей. Какую минимальную сумму она должна положить в приемное устройство данного терминала?,Нет,Нет
vpr_sd_945874,math,10,"Сумма бесконечно убывающей прогрессии равна 32, а сумма ее первых четырех членов 30. Чему равен первый член данной прогрессии, если знаменатель прогрессии больше нуля?",Нет,Нет
vpr_sd_945989,math,10,"На плоскости даны четыре прямые. Известно, что Найдите Ответ дайте в градусах.",Нет,Нет
vpr_sd_945972,math,10,"На тарелке 12 пирожков: 5 с мясом, 4 с капустой и 3 с вишней. Наташа наугад выбирает один пирожок. Найдите вероятность того, что он окажется с вишней.",Нет,Нет
vpr_sd_945864,math,10,Даны множества: Найдите объединение множеств. В ответе укажите нужные символы без пробелов и других символов.,Нет,Нет
vpr_sd_945642,math,10,"Постройте график функции и найдите все значение k , при которых прямая имеет с графиком данной функции ровно одну общую точку.",Нет,Нет
vpr_sd_944864,math,10,"В кубе ABCDA 1 B 1 C 1 D 1 , ребро которого равно a , найдите расстояние от вершины A до грани CC 1 D 1 D .",Нет,Нет
vpr_sd_945537,math,10,"Перед началом волейбольного матча капитаны команд тянут честный жребий, чтобы определить, какая из команд начнёт игру с мячом. Команда «Статор» по очереди играет с командами «Ротор», «Мотор» и «Стартер». Найдите вероятность того, что «Статор» будет начинать только первую и последнюю игры.",Нет,Нет
vpr_sd_946047,math,10,"В равнобедренной трапеции известны высота, меньшее основание и угол при основании. Найдите большее основание.",Нет,Нет
vpr_sd_946125,math,10,"На продолжении стороны AD параллелограмма ABCD за точкой D отмечена точка E так, что DC = DE . Найдите больший угол параллелограмма ABCD , если ∠ DEC = 53°. Ответ дайте в градусах.",Нет,Нет
vpr_sd_945268,math,10,"Биссектрисы углов A и D параллелограмма ABCD пересекаются в точке, лежащей на стороне BC . Найдите BC , если AB = 34.",Нет,Нет
vpr_sd_945304,math,10,"Прямая AD , перпендикулярная медиане ВМ треугольника АВС , делит ее пополам. Найдите сторону АС , если сторона АВ равна 4.",Нет,Нет
vpr_sd_945901,math,10,"Дана четырёхугольная пирамида SABCD , в основании которой лежит квадрат ABCD . Диагонали квадрата пересекаются в точке O , и отрезок SO перпендикулярен плоскости основания. Точка М — середина стороны CD . Выберите из предложенного списка пары перпендикулярных прямых. 1) прямые SМ и АВ 2) прямые BS и DC 3) прямые SA и DB 4) прямые AB и SO 5) прямые AB и CB В ответе запишите номера выбранных пар пря",Нет,Нет
vpr_sd_945703,math,4,Найди значение выражения 81 − 32.,Нет,Нет
vpr_sd_945690,math,4,Найди значение выражения (15 · 18) : (9 · 5).,Нет,Нет
vpr_sd_945817,math,4,"Рассмотри рисунок и ответь на вопрос: сколько рублей сдачи получит покупатель, расплатившийся за одну лилию и одну розу купюрой в 500 руб.? Запиши решение и ответ.",Нет,Нет
vpr_sd_944803,math,4,Февраль На рисунке показан календарь на февраль 2011 года. На какое число приходится первый понедельник марта 2011 года?,Нет,Нет
vpr_sd_945934,math,4,"Площадь большой квадратной кровати равна 4 м 2 . Какова должна быть площадь покрывала, чтобы оно свисало со всех сторон по 20 см? Ответ дать в см 2 .",Нет,Нет
vpr_sd_945390,math,4,"На клетчатом поле со стороной клетки 1 см изображена фигура. Изобрази на рисунке прямоугольник площадью 8 см 2 так, чтобы он весь был частью данной фигуры.",Нет,Нет
vpr_sd_945432,math,4,"Подруги прочитали несколько книг из списка литературы, заданной на лето. Количество прочитанных книг по месяцам указано в таблице. Ответь на вопросы. | Июнь | Июль | Август // Катя | 3 | 2 | 4 // Маша | 2 | 1 | 5 // Алиса | 3 | 5 | 6 // Вика | 3 | 2 | 1 Сколько книг прочитала Алиса в июле?",Нет,Нет
vpr_sd_945321,math,4,"Иван Владимирович выращивает яблоки трёх сортов: Мечта, Богатырь, Медуница. Каждый сорт он выращивал на отдельном участке в течение четырёх лет. Иван Владимирович заносит в таблицу количество килограммов урожая, которое он получает с каждого участка за год. Используя таблицу, ответь на вопросы. Годы по порядку | Мечта | Богатырь | Медуница // Первый год | 420 кг | 530 кг | 480 кг // Второй год | 4",Нет,Нет
vpr_sd_944866,math,4,Найди значение выражения,Нет,Нет
vpr_sd_946035,math,4,"Двенадцать каменщиков построили первый этаж детского сада за 28 дней. Чтобы ускорить окончание работы‚ на строительство второго этажа, точно такого же по размерам, прораб стройки пригласил ещё несколько каменщиков из другой бригады. Сколько каменщиков пригласил прораб, если второй этаж был построен за 16 дней? Запиши решение и ответ.",Нет,Нет
vpr_sd_945873,math,4,"В новогодней гирлянде 21 лампочка. Лампочки идут в таком порядке: одна красная, две синих, три красных, четыре синих и так далее. Назовите цвет семнадцатой лампочки. Ответ дайте в именительном падеже.",Нет,Нет
vpr_sd_945250,math,4,"На рыбалку отправились пятеро мужчин из одной семьи: дедушка, оба его сына и два внука — сыновья одного из его сыновей. Их имена в алфавитном порядке такие: Иван Петрович, Михаил Иванович, Пётр Иванович, Пётр Михайлович, и Семён Петрович. Как зовут внуков?",Нет,Нет
vpr_sd_946007,math,4,"Ваня написал на футболке своё имя (см. рис. 1). Затем он подошёл к зеркалу. Нарисуй, как будет выглядеть отражение его имени в зеркале (рис. 2).",Нет,Да
vpr_sd_945962,math,4,"Магазин получил со склада 100 линеек. Одни из них имеют длину 20 см, а другие — 30 см. Общая длина линеек 22 м. Сколько линеек длиной 20 см получил магазин? Запиши решение и ответ.",Нет,Нет
vpr_sd_945795,math,4,Найдите значение выражение 67 + 29.,Нет,Нет
vpr_sd_945669,math,4,Найди значение выражения 21 + 9 · (19 + 1).,Нет,Нет
vpr_sd_945656,math,4,Рассмотри рисунок и ответь на вопрос: сколько рублей надо заплатить при покупке двух килограммов апельсинов и одного килограмма груш? Запиши решение и ответ.,Нет,Нет
vpr_sd_945493,math,4,Ноябрь На рисунке показан календарь на ноябрь 2007 года. Каким днём недели в 2007 году было 7 декабря? Ответ приведите в именительном падеже .,Нет,Нет
vpr_sd_945370,math,4,"Лист бумаги расчерчен на клетки со стороной 1 см. Нарисуй по клеткам прямоугольник, который содержит все отмеченные клетки и имеет периметр 18 см.",Нет,Да
vpr_sd_946088,math,4,"Ниже приведены данные о количестве различных отметок по математике за четвёртую четверть в разных классах одной школы. Используя эти данные, ответь на вопросы. Класс | Отметка «3» | Отметка «4» | Отметка «5» // 4 «А» | 2 | 14 | 9 // 4 «Б» | 6 | 8 | 8 // 4 «В» | 5 | 10 | 7 // 4 «Г» | 4 | 14 | 7 Сколько четвёрок по математике в 4 «Б» классе?",Нет,Нет
vpr_sd_945316,math,4,"В таблице показано распределение медалей на Зимних Олимпийских играх в Сочи среди команд, занявших первые пять мест по количеству золотых медалей. Места | Команды | Медали // Золотые | Серебряные | Бронзовые // 1 | Россия | 13 | 11 | 9 // 2 | Норвегия | 11 | 5 | 10 // 3 | Канада | 10 | 10 | 5 // 4 | США | 9 | 7 | 12 // 5 | Нидерланды | 8 | 7 | 9 Сколько серебряных медалей получили все эти страны в",Нет,Нет
vpr_sd_946073,math,4,Найди значение выражения 1001 · 34 − 280 : 4.,Нет,Нет
vpr_sd_946012,math,4,"Масса восьми баночек зелёного горошка равна 1 кг 600 г. Какова масса горошка в одной баночке, если масса баночки — 70 г? Запиши решение и ответ.",Нет,Нет
vpr_sd_945512,math,4,"Вова, Саша и Игорь ловили окуней. Вова поймал 12 окуней, Игорь поймал на 4 окуня меньше, чем Вова и Саша вместе. Один из троих ребят поймал 7 окуней. Сколько окуней поймал Саша?",Нет,Нет
vpr_sd_945419,math,4,"Маша, Юра и Аня пошли по грибы. Маша нашла меньше грибов, чем Юра. Вместе Маша и Юра нашли столько же грибов, сколько нашла Аня. Меньше трёх грибов не нашёл никто из них, а все вместе они нашли 16 грибов. Сколько грибов нашёл Юра?",Нет,Нет
vpr_sd_945985,math,4,"Из картона вырезали фигуру, составленную из квадратиков. Затем из этой фигуры сложили кубик и поставили его на закрашенный квадратик. Какая буква будет написана вместо знака вопроса?",Нет,Да
vpr_sd_945987,math,4,"У Васи в кармане лежит 16 монет, среди которых есть монеты достоинством 1 рубль, 2 рубля и 5 рублей. При этом общая сумма денег, находящихся в кармане у Васи, составляет 56 рублей. Какое наименьшее число монет достоинством 5 рублей может быть у Васи?",Нет,Нет
vpr_sd_944874,math,4,Найдите значение выражения,Нет,Нет
vpr_sd_945686,math,4,Найди значение выражения (21 + 16) · 2 + 5.,Нет,Нет
vpr_sd_945510,math,4,В магазине продаются бакалейные товары в упаковках. На рисунке показаны цены. Сколько всего рублей надо заплатить за две упаковки гороха и одну упаковку манной крупы? Запиши решение и ответ.,Нет,Нет
vpr_sd_946147,math,4,Вера родилась в ноябре 2002 года. Сколько полных лет было Вере в мае 2013 года?,Нет,Нет
vpr_sd_945438,math,4,"На клетчатой бумаге нарисован квадрат, а ниже — некоторая фигура. Площадь квадрата равна 32 кв. см. Найди площадь этой фигуры. Ответ дай в кв. см. В ответе писать единицы измерения не нужно.",Нет,Нет
vpr_sd_945358,math,4,"На рисунке внизу представлен эскиз крышки журнального столика. Проведи прямую линию так, чтобы прямоугольник на эскизе оказался разбит на треугольник и четырёхугольник.",Нет,Нет
vpr_sd_944836,math,4,"Пятиклассники сравнивали свои четвертные отметки. Они записали в таблицу, сколько у кого троек, четвёрок и пятёрок. Ответь на вопросы. | «3» | «4» | «5» // Серёжа | 1 | 3 | 6 // Настя | 1 | 4 | 5 // Рита | 0 | 4 | 6 // Костя | 0 | 1 | 9 Сколько четвёрок у Серёжи?",Нет,Нет
vpr_sd_945331,math,4,"Чемпионат по футболу проходил в четыре круга. Виктор следил за количеством забитых голов своих любимых команд и записывал результаты в таблицу. Используя данные этой таблицы, ответь на вопросы. Номер игрового круга | «Спартак» | «Динамо» | «Торпедо» // Первый круг | 12 | 11 | 22 // Второй круг | 21 | 15 | 17 // Третий круг | 14 | 23 | 9 // Четвёртый круг | 32 | 24 | 14 Какая команда забила больше ",Нет,Нет
vpr_sd_945872,math,4,Найди значение выражения 51 · 8 − 51000 : 300.,Нет,Нет
vpr_sd_945153,math,4,"Большая упаковка пастилы стоит 210 рублей. Маленькая — 120 рублей. У Марины была одна купюра в 1000 рублей. Она купила две большие упаковки и столько маленьких, на сколько хватило денег. Сколько маленьких упаковок пастилы купила Марина? Запиши решение и ответ.",Нет,Нет
vpr_sd_944776,math,4,"Витя, Катя и Света съели вместе 17 конфет. Больше 9 конфет не съел никто. Витя съел больше всех конфет, а Катя съела на 3 конфеты больше, чем Света. Сколько конфет съел Витя?",Нет,Нет
vpr_sd_945245,math,4,"Вика, Аня, Даша и Света собираются пойти на дискотеку. При этом девочки хотят надеть платья разных цветов. У Вики есть красное и жёлтое платья, у Ани — синее и зелёное. у Даши — только красное, а у Светы — синее и жёлтое платья. Назовите цвет платья, которое наденет Аня.",Нет,Нет
vpr_sd_946011,math,4,"На прямоугольный лист бумаги Оля наклеила один за другим пять одинаковых квадратов и затем подписала видимые части квадратов буквами А, Б, В, Г и Д. В итоге у неё получилась аппликация, изображённая на данном ниже рисунке. Определи последовательность, в которой Оля наклеивала квадраты, если известно, что квадрат, на котором написана буква Б, был наклеек раньше, чем квадрат, на котором написана бук",Нет,Да
vpr_sd_944789,math,4,Ваня вырезал из бумаги несколько шестиугольников и семиугольников. Всего у вырезанных фигурок 38 вершин. Сколько шестиугольников вырезал Ваня? Запиши решение и ответ.,Нет,Нет
vpr_sd_945543,math,4,Игорь вырезал из бумаги несколько пятиугольников и шестиугольников. Всего у вырезанных фигурок 28 вершин. Сколько пятиугольников вырезал Игорь? Запиши решение и ответ.,Нет,Нет
vpr_sd_945708,math,4,Найди значение выражения 45 − 37.,Нет,Нет
vpr_sd_945464,math,4,На рисунке показаны цены на хлебобулочные изделия в магазине. Сколько всего рублей надо заплатить за две арабские лепёшки и одну буханку «Бородинского» хлеба? Запиши решение и ответ.,Нет,Нет
vpr_sd_945920,math,4,"Средняя скорость бегущего зайца — 57 км/ч, лошади — 61 км/ч, антилопы — 40 км/ч. Кто из животных быстрее преодолеет расстояние 7 км? Запишите название животного.",Нет,Нет
vpr_sd_946128,math,4,На рисунке изображён треугольник. Найди площадь данного на рисунке треугольника.,Нет,Да
vpr_sd_945372,math,4,На клетчатом поле со стороной клетки 1 см изображена геометрическая фигура. Разрежьте эту фигуру на одинаковые фигурки (смотри рисунок справа).,Нет,Да
vpr_sd_945450,math,4,"Подруги прочитали несколько книг из списка литературы, заданной на лето. Количество прочитанных книг по месяцам указано в таблице. Ответь на вопросы. | Июнь | Июль | Август // Катя | 3 | 2 | 5 // Маша | 1 | 4 | 2 // Алиса | 2 | 6 | 4 // Вика | 1 | 2 | 1 Сколько книг прочитала Маша в августе?",Нет,Нет
vpr_sd_945159,math,4,"В эстафете биатлонистов приняли участие 3 команды. В таблице показано, сколько дополнительных патронов использовали спортсмены на каждом этапе. Используя эти данные, ответь на вопросы. Команда | I этап | II этап | III этап | IV этап // «Робин Гуд» | 4 | 1 | 2 | 0 // «Яблочко» | 0 | 6 | 4 | 2 // «Меткие» | 1 | 2 | 1 | 1 Какая команда использовала наименьшее количество дополнительных патронов?",Нет,Нет
vpr_sd_944867,math,4,"Семь килограммов мороженого упаковали в большие и маленькие пачки. Большая пачка весит 600 г, а маленькая — 400 г. Получилось 4 маленьких пачки. Сколько понадобилось больших пачек?",Нет,Нет
vpr_sd_946055,math,4,"Чтобы поступить в 5 класс лицея, нужно с понедельника по пятницу пройти три вступительных испытания: по математике, по русскому языку и по английскому языку. В один и тот же день проходить два испытания не разрешается. В лицее повесили расписание: математику можно сдать в понедельник и в пятницу, русский — в понедельник, среду и пятницу, английский язык — только в среду. При этом математику обязат",Нет,Нет
vpr_sd_945559,math,4,"Витя, Федя и Лена ходили за грибами. Витя собрал 12 грибов, Федя собрал на 5 грибов меньше, чем Витя и Лена вместе. Один из троих ребят собрал 6 грибов. Сколько всего грибов собрали ребята?",Нет,Нет
vpr_sd_945524,math,4,Таня смотрит на прозрачную дверь изнутри магазина. Что написано на двери?,Нет,Нет
vpr_sd_945713,math,4,Найди значение выражения 50 · 19.,Нет,Нет
vpr_sd_945726,math,4,Найди значение выражения 840 : (40 : 2) · 7.,Нет,Нет
vpr_sd_946165,math,4,"Рассмотри рисунок и ответь на вопрос: какую сдачу получит покупатель, расплатившийся за пакет молока, кусок сыра и связку бананов двумя купюрами в 100 рублей? Запиши решение и ответ.",Нет,Да
vpr_sd_945864,math,4,"Матвей собирается пойти на встречу с друзьями, с которыми он договорился увидеться в 15 ч 20 мин. Он вышел из дома в 14 ч 50 мин. На сколько минут Матвей опоздает к началу встречи, если дорога от дома до места встречи занимает 40 мин.? Ответ: на мин.",Нет,Нет
vpr_sd_945746,math,4,"На рисунке изображён прямоугольник. Найди его периметр, если сторона одной клетки равна 1 см. Ответ запишите в сантиметрах.",Нет,Да
vpr_sd_945411,math,4,"На клетчатой бумаге нарисована фигура. Сторона клетки равна 1 см. Нарисуй по клеточкам квадрат, периметр которого равен периметру этой фигуры.",Нет,Нет
vpr_sd_946103,math,4,"В таблице приведены данные о количестве девочек и мальчиков в пяти четвёртых классах школы. Используя эти данные, ответь на вопросы. | Количество школьников // 4 «А» | 4 «Б» | 4 «В» | 4 «Г» | 4 «Д» // Мальчики | 13 | 10 | 15 | 16 | 17 // Девочки | 15 | 14 | 14 | 12 | 9 В каком классе наибольшая разница между числом мальчиков и девочек?",Нет,Нет
vpr_sd_944781,math,4,"Пятиклассники занимаются в школьных спортивных секциях. В таблице показано, сколько пятиклассников занимается в каждой секции. Ответь на вопросы. Класс | Волейбольная | Баскетбольная | Футбольная // 5 «А» | 1 | 5 | 5 // 5 «Б» | 5 | 2 | 4 // 5 «В» | 4 | 3 | 3 // 5 «Г» | 3 | 4 | 8 Сколько пятиклассников занимается в футбольной секции?",Нет,Нет
vpr_sd_946065,math,4,Найди значение выражения 36036 : 3 − 120 · 5.,Нет,Нет
vpr_sd_945849,math,4,"Автомобиль ехал 10 мин. и за каждую минуту проезжал 900 м, потом сделал остановку, а потом ехал несколько минут, проезжая за каждую минуту 800 м. Всего он проехал расстояние, равное 13 км. За сколько минут он проехал путь после остановки? Запиши решение и ответ",Нет,Нет
vpr_sd_945484,math,4,"Перед отпуском Иван Иванович купил горные лыжи, куртку и рюкзак, потратив на эти покупки 21 000 рублей. Самая дорогая покупка стоила 12 000 рублей. Самая дешёвая покупка стоила 4000 рублей. А лыжи и куртка вместе стоили на 7000 рублей дороже, чем куртка и рюкзак вместе. Сколько рублей стоили лыжи?",Нет,Нет
vpr_sd_945258,math,4,"Менеджер Наталья обсуждала свою новую идею с начальником отдела продаж, юристом и программистом. Каждое из обсуждений длилось ровно 45 минут с перерывами по 15 минут между ними. Известно, что юрист приехал в офис к 10:30, а у начальника отдела продаж было важное совещание с 9:00 до 10:00. При этом Наталья смогла закончить все три обсуждения к 12:00, начав первое из них в 9:15. Назовите должность с",Нет,Нет
vpr_sd_945995,math,4,"Миша видит стеклянную дверь, на которой написано «ВХОД» (см. рис. 1). Нарисуй, как эту же надпись видит Алёша, который стоит с другой стороны двери (рис. 2).",Нет,Да
vpr_sd_945969,math,4,Пять друзей пожали друг другу руки. Сколько всего было сделано рукопожатий? Запиши решение и ответ.,Нет,Нет
vpr_sd_945800,math,4,Найдите значение выражения: 76 − 28.,Нет,Нет
vpr_sd_945711,math,4,Найди значение выражения 90 − 38.,Нет,Нет
vpr_sd_945696,math,4,Найди значение выражения 66 − 39.,Нет,Нет
vpr_sd_945769,math,4,Найдите значение выражение 12 · 7.,Нет,Нет
vpr_sd_945782,math,4,Найдите значение выражение 46 + 37.,Нет,Нет
vpr_sd_945857,math,4,Найди значение выражения 50 − 28.,Нет,Нет
vpr_sd_945738,math,4,Найдите значение выражения 78 : 6.,Нет,Нет
vpr_sd_945701,math,4,Найди значение выражения 68 − 39.,Нет,Нет
vpr_sd_945883,math,4,Найди значение выражения 237 − 18.,Нет,Нет
vpr_sd_945725,math,4,Найдите значение выражение 123 · 4.,Нет,Нет
vpr_sd_945926,math,4,"Даны числа: 24, 35, 27, 77, 497, 990, 175, 162, 348. Запишите наименьшее число, которое делится на 7 без остатка.",Нет,Нет
vpr_sd_945710,math,4,Найди значение выражения 64 − 28.,Нет,Нет
vpr_sd_945924,math,4,"Задана последовательность из шести чисел по следующему правилу: каждое последующее число меньше предыдущего на 7. Известно, что последнее число равно 3. Запишите через запятую три первых члена данной последовательности.",Нет,Нет
vpr_sd_944802,math,4,"Папа с дочкой пришли в парк с аттракционами и купили два билета в лабиринт: взрослый и детский, а также детский билет на автодром. Цены на билеты показаны на рисунке. Сколько рублей они заплатили за все билеты? Запиши решение и ответ.",Нет,Нет
vpr_sd_945771,math,4,"Ширина ящика равна 45 см. Какое наибольшее число таких ящиков может быть поставлено в один ряд на полку, ширина которой составляет 3 метра 50 сантиметров?",Нет,Нет
vpr_sd_945448,math,4,"На клетчатой бумаге нарисован квадрат, а ниже — некоторая фигура. Площадь квадрата равна 48 кв. см. Найди площадь этой фигуры. Ответ дай в кв. см. В ответе писать единицы измерения не нужно.",Нет,Нет
vpr_sd_945367,math,4,"На рисунке ниже изображена фигура. Проведи отрезок так, чтобы эта фигура оказалась разбита на 4 части.",Нет,Да
vpr_sd_945922,math,4,На диаграмме показано содержание питательных веществ в сгущённом молоке. Какие вещества составляют наименьший процент в сгущенке?,Нет,Да
vpr_sd_945326,math,4,"Баскетбольная команда детской спортивной школы встречалась с командами нескольких школ. Количество очков, набранных игроками, тренер записывал в таблицу. Используя таблицу, ответь на вопросы. Номер игры | Артём | Тимур | Владимир // Первая игра | 2 | 9 | 9 // Вторая игра | 6 | 5 | 8 // Третья игра | 8 | 2 | 7 // Четвёртая игра | 4 | 10 | 9 В какой игре мальчики вместе набрали больше всего очков?",Нет,Нет
vpr_sd_945743,math,4,Бревно длиной 8 м 50 см разрезают на длинные и короткие заготовки длиной 1 м 20 см и 60 см соответственно. При этом длинных заготовок хотят получить не меньше трёх. Какое наибольшее число коротких заготовок может при этом получиться? Запиши решение и ответ.,Нет,Нет
vpr_sd_946054,math,4,"Алина, Маша, Ира и Лера собираются пойти на дискотеку. При этом девочки хотят надеть платья разных цветов. У Алины есть только синее платье, у Маши — синее и жёлтое, у Иры — красное и жёлтое, а у Леры — красное и зелёное платья. Назовите цвет платья, которое наденет Ира.",Нет,Нет
vpr_sd_945262,math,4,Новогодние украшения в коробке уложены в семь рядов. В первом ряду лежит три украшения; во втором — четыре; в третьем — снова три; в четвёртом — снова четыре и так далее. Сколько всего украшений лежит в коробке?,Нет,Нет
vpr_sd_944817,math,4,Оля вырезала из бумаги несколько шестиугольников и семиугольников. Всего у вырезанных фигурок 32 вершины. Сколько семиугольников вырезала Оля? Запиши решение и ответ.,Нет,Нет
vpr_sd_945680,math,4,Найди значение выражения (13 + 11) · 5 + 8.,Нет,Нет
vpr_sd_945820,math,4,"Костя собирается пойти на встречу с друзьями, с которыми он договорился увидеться в 16 ч 10 мин. Он вышел из дома в 15 ч 40 мин. На сколько минут Костя опоздает к началу встречи, если дорога от дома до места встречи занимает 50 мин.? Ответ: на мин.",Нет,Нет
vpr_sd_945504,math,4,На клетчатой бумаге нарисована фигура. Сторона клетки равна 1 см. Найди площадь этой фигуры. Ответ дай в кв. см. В ответе писать единицы измерения не нужно.,Нет,Нет
vpr_sd_945384,math,4,"На клетчатом поле со стороной клетки 1 см изображена фигура. Изобрази на рисунке прямоугольник площадью 21 см 2 так, чтобы вся данная фигура была его частью.",Нет,Нет
vpr_sd_945534,math,4,"Мушкетёры соревновались в стрельбе по мишеням. У каждого было 3 попытки, а в каждой попытке — 5 выстрелов. В таблице показано, кто сколько раз попал в мишень при каждой попытке. Ответь на вопросы. Мушкетёр | Первая попытка | Вторая попытка | Третья попытка // Атос | 3 | 2 | 5 // Портос | 4 | 4 | 4 // Арамис | 5 | 1 | 3 // Д’Артаньян | 4 | 5 | 4 Сколько раз Д’Артаньян попал в мишень при третьей поп",Нет,Нет
vpr_sd_945292,math,4,В таблице приведены данные о количестве человек на различных горках аквапарка в разное время. Время | Название горки // «Дикая река» | «Цунами» | «Циклон» // 10:00 | 3 | 5 | 1 // 11:00 | 4 | 7 | 6 // 12:00 | 12 | 15 | 10 // 13:00 | 16 | 18 | 9 // 14:00 | 16 | 17 | 9 Сколько всего человек было на трёх горках в 12:00?,Нет,Нет
vpr_sd_945473,math,4,"В коробки разложили 7 кг печенья. В большую коробку помещается 700 г, а в маленькую — 400 г печенья. Было использовано 6 больших коробок. Сколько потребовалось маленьких коробок?",Нет,Нет
vpr_sd_945741,math,4,"Изюм, орехи, конфеты и мармелад лежат в четырёх непрозрачных банках с надписями «изюм или орехи», «конфеты или изюм», «мармелад или конфеты», «орехи или мармелад». Пете известно, что содержимое каждой из банок не соответствует сделанной на ней надписи. Открыв банку с надписью «орехи или мармелад», Петя увидел, что в ней лежит изюм. В банке с какой надписью лежат конфеты?",Нет,Нет
vpr_sd_945235,math,4,"В первой половине дня мама должна успеть сходить на почту, в магазин и в аптечный киоск, а в 13 ч 30 мин встретить сына-первоклассника около школы. В магазине обеденный перерыв с 13 до 14 ч, аптечный киоск в первой половине дня работает только до 12 ч, а почта открывается только в 12 ч 30 мин. Мама хочет спланировать дела так, чтобы успеть посетить почту, магазин и аптеку перед тем, как пойти в шк",Нет,Нет
vpr_sd_944844,math,4,Миша смотрит в реку и видит там отражение вывески на здании. Что написано на вывеске?,Нет,Нет
vpr_sd_945704,math,4,Найди значение выражения 83 − 75.,Нет,Нет
vpr_sd_945894,math,4,Найди значение выражения 7 + 3 · (8 + 12).,Нет,Нет
vpr_sd_946161,math,4,"Рассмотри рисунок и ответь на вопрос: сколько рублей надо заплатить за покупку, состоящую из шести конструкторов и пяти мячей? Запиши решение и ответ.",Нет,Да
vpr_sd_946116,math,4,На рисунке ниже изображена фигура. Найди периметр этой фигуры. В ответе укажите число.,Нет,Да
vpr_sd_945747,math,4,"Ниже приведены данные за три года о количестве дождливых дней в июне-октябре в Челябинске. Используя эти данные, ответь на вопрос. Месяц | 2010 год | 2011 год | 2012 год // Июнь | 2 | 7 | 4 // Июль | 3 | 4 | 2 // Август | 4 | 8 | 4 // Сентябрь | 4 | 10 | 7 // Октябрь | 1 | 4 | 6 Сколько дождливых дней было в Челябинске в августе 2011 года?",Нет,Нет
vpr_sd_945653,math,4,"Четверо друзей каждые выходные ходили в парк аттракционов. В таблице показано, сколько раз каждый посетил каждый аттракцион. Используя эти данные, ответь на вопросы. | Колесо обозрения | «Гонки» | Комната смеха // Дима | 5 | 5 | 3 // Кирилл | 2 | 4 | 2 // Никита | 4 | 3 | 4 // Паша | 5 | 6 | 1 Кто из друзей посетил самое большое количество аттракционов?",Нет,Нет
vpr_sd_945445,math,4,"Четыре килограмма мёда разлили в большие и маленькие банки. В большую банку помещается 300 г мёда, а в маленькую — 200 г. Было заполнено 4 большие банки. Сколько потребовалось маленьких банок?",Нет,Нет
vpr_sd_946052,math,4,"Маша, Таня, Света и Катя собираются пойти на дискотеку. При этом девочки хотят надеть платья разных цветов. У Маши есть красное и синее платья, у Тани — красное и зелёное, у Светы — красное и жёлтое, а у Кати только зелёное платье. Назовите цвет платья, которое наденет Таня.",Нет,Нет
vpr_sd_945228,math,4,"Рассмотри рисунок и установи закономерность. Выбери фигуру, которую надо поставить вместо вопросительного знака. Запиши её номер.",Нет,Да
vpr_sd_945679,math,4,Найдите значение выражения (12 + 17) · 3 + 15.,Нет,Нет
vpr_sd_946164,math,4,"Рассмотри рисунок и ответь на вопрос: какую сдачу получил покупатель, расплатившийся за пакет молока, кусок сыра и батон хлеба двумя купюрами в 100 рублей? Запиши решение и ответ.",Нет,Да
vpr_sd_945163,math,4,Футбольный матч начался в 15:30 и продолжался 1 час 50 минут. В котором часу закончился матч? Ответ: в час. мин.,Нет,Нет
vpr_sd_945363,math,4,"На рисунке изображён прямоугольник. Проведи прямую линию так, чтобы этот прямоугольник оказался разбит на два равных прямоугольника.",Нет,Да
vpr_sd_946094,math,4,"Ниже приведены данные о количестве различных отметок по математике за четвёртую четверть в разных классах одной школы. Используя эти данные, ответь на вопросы. Класс | Отметка «3» | Отметка «4» | Отметка «5» // 4 «А» | 6 | 11 | 6 // 4 «Б» | 2 | 13 | 8 // 4 «В» | 5 | 12 | 5 // 4 «Г» | 7 | 9 | 10 Сколько пятёрок по математике в 4 «Г» классе?",Нет,Нет
vpr_sd_945517,math,4,"Мушкетёры соревновались в стрельбе по мишеням. У каждого было 3 попытки, а в каждой попытке — 5 выстрелов. В таблице показано, кто сколько раз попал в мишень при каждой попытке. Ответь на вопросы. Мушкетёр | Первая попытка | Вторая попытка | Третья попытка // Атос | 4 | 1 | 5 // Портос | 3 | 2 | 1 // Арамис | 2 | 3 | 4 // Д’Артаньян | 5 | 4 | 4 Кто из мушкетёров занял третье место по общему количе",Нет,Нет
vpr_sd_946014,math,4,Масса семи одинаковых ящиков с курагой равна 210 кг. Масса пустого ящика — 700 г. Чему равна масса кураги в одном ящике? Запиши решение и ответ.,Нет,Нет
vpr_sd_946037,math,4,Рассмотри рисунок и установи закономерность. Сколько признаков меняется при переходе от одной фигуры к другой?,Нет,Да
vpr_sd_945233,math,4,"Дети в загородном лагере отдыха хотели посетить три тренировки по разным видам спорта. Они располагали свободным временем, начиная с 10 ч. Тренировка по гандболу проходит с 12 до 13 ч, по настольному теннису — с 10 до 12 ч, а по бадминтону — с 11 до 13 ч. Назовите вид тренировки, после которой ребята пойдут на гандбол.",Нет,Нет
vpr_sd_944862,math,4,Паша смотрит в реку и видит там отражение вывески на здании. Что написано на вывеске?,Нет,Нет
vpr_sd_945970,math,4,Восемь друзей пожали друг другу руки. Сколько всего было сделано рукопожатий? Запиши решение и ответ.,Нет,Нет
vpr_sd_945839,math,4,Найди значение выражения 61 − 19.,Нет,Нет
vpr_sd_945670,math,4,Найди значение выражения 2 + 8 · (27 + 13).,Нет,Нет
vpr_sd_944886,math,4,В магазине продаются кондитерские изделия в пачках. На рисунке показаны цены. Сколько всего рублей надо заплатить за три пачки крекеров и одну пачку зефира? Запиши решение и ответ.,Нет,Нет
vpr_sd_945846,math,4,"Вика собирается пойти с подругами в кино. Сеанс начинается в 15 ч 10 мин. Она вышла из дома в 14 ч 30 мин. На сколько минут Вика опоздает к началу сеанса, если дорога от дома до кинотеатра занимает 50 мин.? Ответ: на мин.",Нет,Нет
vpr_sd_945888,math,4,На клетчатом поле со стороной клетки 1 см изображён прямоугольник. Найди площадь этого прямоугольника. Ответ дайте в квадратных сантиметрах. В ответе писать единицы измерения не нужно.,Нет,Нет
vpr_sd_945382,math,4,"На рисунке изображён прямоугольник. Начерти прямоугольник с таким же периметром, но с другими длинами сторона, каждая из которых больше 1 см.",Нет,Нет
vpr_sd_945329,math,4,"В спортивных соревнованиях по нескольким видам спорта приняли участие 4 команды. Количество медалей, полученных командами, представлено в таблице. Используя эти данные, ответь на вопросы. Команда | Золотые | Серебряные | Бронзовые // Сириус | 7 | 8 | 3 // Орион | 6 | 4 | 5 // Заря | 4 | 6 | 7 // Весна | 3 | 2 | 5 Какая команда заняла 3 место по сумме всех медалей?",Нет,Нет
vpr_sd_946013,math,4,Масса четырёх пакетов с конфетами равна 1 кг. Масса пустого пакета — 10 г. Чему равна масса конфет в одном пакете? Запиши решение и ответ.,Нет,Нет
vpr_sd_945767,math,4,"Старый волшебник разложил свои сокровища в четыре разноцветных сундука — красный, жёлтый, зелёный и синий. В один сундук он положил золотые монеты, в другой — изумруды, в третий — алмазы, а в четвёртый — книги заклинаний. Он помнит, что: — жёлтый сундук правее, чем изумруды и алмазы; — золотые монеты правее, чем жёлтый сундук; — изумруды лежат не в красном сундуке. Назовите цвет сундука, в котором",Нет,Нет
vpr_sd_945660,math,4,Поверни слово по образцу:,Нет,Нет
vpr_sd_945983,math,4,"В классе 24 человека, из них 13 девочек. Известно, что у 15 человек светлые волосы. Сколько может быть девочек со светлыми волосами? Найди наименьшее возможное число. Запиши решение и ответ.",Нет,Нет
vpr_sd_945691,math,4,Найди значение выражения (828 : 4) : (36 : 4).,Нет,Нет
vpr_sd_946167,math,4,"Петя купил продукты. В чеке указано наименование каждого товара‚ количество и цена. Например, Петя купил две пачки сливочного масла по 86 р. и заплатил за них 172 р. Макароны, подсолнечное масло и помидоры он купил для соседки. Сколько рублей соседка должна вернуть Пете? Запиши решение и ответ.",Нет,Да
vpr_sd_946142,math,4,"Джеймс Уатт родился в 1736 году, а в 1782 году изобрёл универсальную паровую машину двойного действия. Сколько ему тогда могло быть лет?",Нет,Нет
vpr_sd_945378,math,4,На рисунке изображён треугольник. Дострой этот треугольник до прямоугольника.,Нет,Да
vpr_sd_946092,math,4,"Ниже приведены данные за три года о количестве дождливых дней в июне — октябре в посёлке Сосновое. Используя эти данные, ответь на вопросы. Месяц | Количество дождливых дней // 2012 год | 2013 год | 2014 год // Июнь | 7 | 5 | 6 // Июль | 3 | 3 | 2 // Август | 5 | 6 | 5 // Сентябрь | 7 | 9 | 6 // Октябрь | 10 | 8 | 10 Сколько дождливых дней было в посёлке Сосновое в августе 2012 года?",Нет,Нет
vpr_sd_946022,math,4,"Петя хочет на свой день рождения угостить гостей пиццей, причём так, чтобы каждому из семерых, включая Петю, досталось хотя бы по 3 куска. Каждая пицца разрезана на 8 кусков. Сколько пицц должен заказать Петя? Запиши решение и ответ.",Нет,Нет
vpr_sd_944806,math,4,Максим с книгой в руках подошёл к зеркалу и увидел в отражении название книги. Как называется книга?,Нет,Нет
vpr_sd_945661,math,4,"В товарном составе много вагонов: цистерны, вагоны с лесом и вагоны с углём. Вагонов с лесом 7, цистерн 15, а вагонов с углём на столько же больше, чем вагонов с лесом, на сколько меньше, чем цистерн. Сколько в этом составе вагонов с углём? Запиши решение и ответ.",Нет,Нет
vpr_sd_946132,math,4,"Для изготовления рамок для картин юных художников понадобится планка общей длиной 15 м 34 см. Сколько сантиметров составит остаток, если купили восемь планок длиной 2 м каждая?",Нет,Нет
vpr_sd_945803,math,4,"На рисунке изображена фигура. Найди её площадь, если сторона одной клетки равна 1 см.",Нет,Нет
vpr_sd_945374,math,4,"На рисунке ниже изображена фигура. Найди периметр этой фигуры, если сторона клетки — 1 см.",Нет,Нет
vpr_sd_945721,math,4,"В таблице указаны средние цены (в рублях) на некоторые основные продукты питания в двух городах России (по данным на начало 2014 года). Наименование продукта | Казань | Воронеж // Пшеничный хлеб (батон) | 22 | 19 // Молоко (1 л, жирность 3,8%) | 49 | 45 // Мясо (говядина) (1 кг) | 220 | 245 // Подсолнечное масло (1 л) | 78 | 71 Какой из продуктов в каком из этих городов является наиболее дешёвым с",Нет,Нет
vpr_sd_944893,math,4,"Подруги прочитали несколько книг из списка литературы, заданной на лето. Количество прочитанных книг по месяцам указано в таблице. Ответь на вопросы. | Июнь | Июль | Август // Катя | 3 | 1 | 2 // Маша | 2 | 4 | 1 // Алиса | 2 | 4 | 2 // Вика | 3 | 2 | 4 Кто из подруг за лето прочитал книг больше всех?",Нет,Нет
vpr_sd_945417,math,4,"Пять килограммов мёда разлили в большие и маленькие банки. В большую банку помещается 400 г мёда, а в маленькую — 200 г. Было заполнено 4 большие банки. Сколько потребовалось маленьких банок?",Нет,Нет
vpr_sd_945236,math,4,"Алёша Попович сказал: «У Змея Горыныча больше четырёх голов». Добрыня Никитич сказал: ‹У Змея Горыныча больше пяти голов». Илья Муромец сказал: «У Змея Горыныча больше шести голов». Князь Киевский сказал: «У Змея Горыныча больше семи голов». Известно, что только двое из них сказали правду. Сколько голов у Змея Горыныча?",Нет,Нет
vpr_sd_945650,math,4,"На столбе висела табличка (рис. 1). Верхний винт, державший табличку, выпал, и табличка перевернулась. Нарисуй, как будет выглядеть перевёрнутая табличка с надписью (рис. 2). Рис. 1 Рис. 2",Нет,Нет
vpr_sd_945972,math,4,Петя говорит Васе: «Я тяжелее тебя в два раза». А Вася говорит Пете: «А я легче тебя на 22 килограмма». Оба говорят правду. Сколько килограммов весит Петя? Запиши решение и ответ.,Нет,Нет
vpr_sd_944840,math,4,"Мама с дочкой пришли в парк с аттракционами и купили два билета на колесо обозрения: взрослый и детский, а также детский билет на батут на 5 минут. Цены на билеты показаны на рисунке. Сколько рублей они заплатили за все билеты? Запиши решение и ответ.",Нет,Нет
vpr_sd_945391,math,4,"Ниже на клетчатом поле со стороной клетки 1 см изображён прямоугольник. Изобрази на рисунке прямоугольник, имеющий площадь 42 см 2 , так, чтобы весь исходный прямоугольник был его частью.",Нет,Нет
vpr_sd_945547,math,4,"На изготовление одного пододеяльника требуется 4 м 80 см полотна, а на одну наволочку — 70 см полотна. Всего было израсходовано 90 м полотна. Пододеяльников сшили 10 штук. Сколько сшили наволочек? Запиши решение и ответ.",Нет,Нет
vpr_sd_945514,math,4,Лида смотрит на прозрачную дверь изнутри магазина. Что написано на двери?,Нет,Нет
vpr_sd_945973,math,4,Петя говорит Васе: «Я легче тебя в два раза». А Вася говорит Пете: «А я тяжелее тебя на 22 килограмма». Оба говорят правду. Сколько килограммов весит Петя? Запиши решение и ответ.,Нет,Нет
vpr_sd_945705,math,4,Найди значение выражения 18 + 44.,Нет,Нет
vpr_sd_945845,math,4,Найди значение выражения 53 − 3 · 8 + 12.,Нет,Нет
vpr_sd_944868,math,4,В магазине продаются кондитерские изделия в пачках. На рисунке показаны цены. Сколько всего рублей надо заплатить за две пачки печенья «Мария» и одну пачку слоёных десертов? Запиши решение и ответ.,Нет,Нет
vpr_sd_945895,math,4,"Во сколько начались занятия спортивной секции, если они длились 1 час 30 минут и закончились в 17 часов 15 минут? Ответ: в час. мин.",Нет,Нет
vpr_sd_946122,math,4,"Найди периметр этого прямоугольника, если сторона клетки — 1 см.",Нет,Нет
vpr_sd_946095,math,4,"Ниже приведены данные о количестве различных отметок по математике за четвёртую четверть в разных классах одной школы. Используя эти данные, ответь на вопросы. Класс | Отметка «3» | Отметка «4» | Отметка «5» // 4 «А» | 3 | 13 | 5 // 4 «Б» | 8 | 7 | 9 // 4 «В» | 4 | 11 | 9 // 4 «Г» | 6 | 15 | 4 Сколько четвёрок по математике в 4 «А» классе?",Нет,Нет
vpr_sd_945461,math,4,"Четыре друга решили заняться спортивными упражнениями, а результаты — кто сколько раз подтянулся, присел и отжался — записали в таблицу. Ответь на вопросы. | Подтягивания | Приседания | Отжимания // Саша | 8 | 25 | 19 // Максим | 10 | 22 | 15 // Илья | 6 | 18 | 17 // Олег | 7 | 25 | 20 Сколько всего приседаний они сделали вместе?",Нет,Нет
vpr_sd_945797,math,4,Найди значение выражения 16320 : 4 − 263 · 5,Нет,Нет
vpr_sd_945882,math,4,Три килограмма варенья разложили в банки по 400 г и в банки по 200 г. Банок по 400 г оказалось 4. Сколько потребовалось банок по 200 г? Запиши решение и ответ.,Нет,Нет
vpr_sd_946044,math,4,"Алёша Попович сказал: «У Змея Горыныча больше четырёх голов». Добрыня Никитич сказал: ‹У Змея Горыныча больше пяти голов». Илья Муромец сказал: «У Змея Горыныча больше шести голов». Князь Киевский сказал: «У Змея Горыныча больше семи голов». Известно, что только один из них сказал правду. Сколько голов у Змея Горыныча?",Нет,Нет
vpr_sd_944823,math,4,"Илья, Кирилл и Лена вместе съели 16 конфет. Больше 9 конфет не съел никто. Илья съел больше всех конфет, а Лена съела на 2 конфеты больше, чем Кирилл. Сколько конфет съела Лена?",Нет,Нет
vpr_sd_945780,math,4,"Брусок, изображённый на данном ниже рисунке, собран из трёх деталей. Каждая деталь состоит из четырёх кубиков и окрашена в свой цвет. Нарисуй изображение белой детали.",Нет,Нет
vpr_sd_945833,math,4,"Электричка из Новгорода в Псков отправляется в 15 ч 40 мин. В какое время электричка окажется в Пскове, если длительность поездки составляет 5 ч 50 мин.? Разницы во времени в городах нет. Ответ: в час. мин.",Нет,Нет
vpr_sd_946148,math,4,Поезд вышел в два часа дня и прибыл на конечную станцию в пять часов вечера следующих суток. Сколько часов он был в пути? Ответ: часов.,Нет,Нет
vpr_sd_945427,math,4,Январь На рисунке показан календарь на январь 2009 года. На какое число пришлась первая среда февраля 2009 года?,Нет,Нет
vpr_sd_946134,math,4,"Для показательного выступления гимнасткам понадобилось 35 м атласной ленты, а в магазине остался только кусок ленты длиной 33 м 48 см. Сколько сантиметров ленты не хватает?",Нет,Нет
vpr_sd_945789,math,4,"Электричка из Ростова-на-Дону в Краснодар отправилась в 7 часов 40 минут и прибыла в 12 часов 25 минут.. Сколько времени занимает дорога из Ростова-на-Дону в Краснодар, если ехать этой электричкой? Ответ вырази в минутах.",Нет,Нет
vpr_sd_944859,math,4,Декабрь На рисунке показан календарь на декабрь 2006 года. На какое число пришлась первая суббота января 2007 года?,Нет,Нет
vpr_sd_945409,math,4,Июнь На рисунке показан календарь на июнь 2012 года. На какое число пришёлся первый четверг июля 2012 года?,Нет,Нет
vpr_sd_944813,math,4,Сентябрь На рисунке показан календарь на сентябрь 2010 года. На какое число пришёлся первый четверг октября 2010 года?,Нет,Нет
vpr_sd_945539,math,4,Апрель На рисунке показан календарь на апрель 2013 года. Каким днём недели в 2013 году было 6 мая? Ответ приведите в именительном падеже .,Нет,Нет
vpr_sd_946141,math,4,"Когда в Одоеве 11 часов утра, в Норильске 3 часа дня. Сколько времени в Одоеве, когда в Норильске 9 часов 45 минут вечера? Ответ: час. мин.",Нет,Нет
vpr_sd_945859,math,4,Поезда в метро ходят с одинаковым интервалом в 5 мин. 40 с. Первый утренний поезд прибыл на платформу в 6 ч 30 мин. 50 с. Во сколько прибудет следующий поезд? Ответ: в час. мин. сек.,Нет,Нет
vpr_sd_946152,math,4,"Экскурсионный теплоход по маршруту Казань-Астрахань-Казань отправляется в пятницу ровно в 10 часов. Каков день и час его возвращения в Казань, если длительность этого экскурсионного маршрута составляет 237 часов? Ответ запишите в формате: вторник, 8:00.",Нет,Нет
vpr_sd_945521,math,4,Октябрь На рисунке показан календарь на октябрь 2014 года. Каким днём недели в 2014 году было 5 ноября? Ответ приведите в именительном падеже .,Нет,Нет
vpr_sd_944831,math,4,Сентябрь На рисунке показан календарь на сентябрь 2009 года. На какое число пришлась первая среда октября 2009 года? В ответе укажите число .,Нет,Нет
vpr_sd_946140,math,4,"Когда в Москве полдень, в Красноярске 4 часа дня. Сколько времени в Москве, когда в Красноярске 2 часа ночи?",Нет,Нет
vpr_sd_946029,math,4,"Андрей хотел купить 4 двухлитровые бутылки газированной воды. Но в магазине вода была только в бутылках по пол-литра. Андрей решил купить столько же воды, но в бутылках по пол-литра. Сколько бутылок он должен купить? Запиши решение и ответ.",Нет,Нет
vpr_sd_944783,math,4,"Пять килограммов варенья разложили по маленьким и большим банкам. В каждую большую банку помещается 500 г варенья, а в маленькую — 200 г. Получилось 4 большие банки варенья. Сколько понадобилось маленьких банок?",Нет,Нет
vpr_sd_945730,math,4,Стандартный прут арматуры имеет длину 11 м 70 см. Требуется разрезать его на длинные и короткие куски длиной 1 м 10 см и 70 см соответственно. При этом длинных кусков должно получиться не меньше шести. Какое наибольшее число коротких кусков может при этом получиться? Запиши решение и ответ.,Нет,Нет
vpr_sd_946030,math,4,"Петя хотел купить 3 литровые бутылки газированной воды. Но в магазине вода была только в бутылках по пол-литра. Петя решил купить столько же воды, но в бутылках по пол-литра. Сколько бутылок он должен купить? Запиши решение и ответ.",Нет,Нет
vpr_sd_945435,math,4,"Шесть килограммов мёда разлили в большие и маленькие банки. В большую банку помещается 400 г мёда, а в маленькую — 300 г. Было заполнено 6 больших банок. Сколько потребовалось маленьких банок?",Нет,Нет
vpr_sd_946027,math,4,"Варя и Тоня договорились встретиться у седьмого вагона поезда. Варя отсчитывает вагоны с «головы», а Тоня с «хвоста» состава. Тем не менее они подошли к одному и тому же вагону. Сколько вагонов было в поезде? Запиши решение и ответ.",Нет,Нет
vpr_sd_946018,math,4,"Масса восьми одинаковых коробок с хурмой равна 480 кг. Чему равна масса пустой коробки, если масса хурмы в одной коробке 59 кг 500 г? Запиши решение и ответ.",Нет,Нет
vpr_sd_945748,math,4,"Для перевозки 16 тонн груза были использованы два автомобиля «газель», грузоподъёмность одного из которых 1 тонна 900 кг, а другого — 2 тонны 500 кг. Автомобиль грузоподъёмностью 1 тонна 900 кг сделал два рейса, будучи полностью загруженным. Сколько рейсов нужно сделать второму автомобилю, чтобы перевести весь оставшийся груз? Запиши решение и ответ.",Нет,Нет
vpr_sd_945529,math,4,"На изготовление одного пододеяльника требуется 4 м 60 см полотна, а на одну наволочку — 80 см полотна. Всего было израсходовано 70 м полотна. Пододеяльников сшили 10 штук. Сколько сшили наволочек? Запиши решение и ответ.",Нет,Нет
vpr_sd_946016,math,4,"Петя хочет на свой день рождения угостить гостей пиццей, причём так, чтобы каждому из четверых, включая Петю, досталось хотя бы по 4 куска. Каждая пицца разрезана на 7 кусков. Сколько пицц должен заказать Петя? Запиши решение и ответ.",Нет,Нет
vpr_sd_944839,math,4,"Четыре килограмма мороженого упаковали в большие и маленькие пачки. Большая пачка весит 300 г, а маленькая — 200 г. Получилось 8 маленьких пачек. Сколько понадобилось больших пачек?",Нет,Нет
vpr_sd_946032,math,4,Масса шести одинаковых ящиков с конфетами равна 183 кг. Масса пустого ящика равна 1 кг 500 грамм. Чему равна масса конфет в одном ящике? Запиши решение и ответ.,Нет,Нет
vpr_sd_945818,math,4,Стёпа и Артур собирают прямую железную дорогу длиной 3 м. У них есть короткие и длинные детали длиной 20 см и 30 см соответственно. При сборке ребята использовали шесть коротких деталей. Сколько длинных деталей они использовали? Запиши решение и ответ.,Нет,Нет
vpr_sd_944821,math,4,"Пять килограммов варенья разложили по маленьким и большим банкам. В каждую большую банку помещается 300 г варенья, а в маленькую — 200 г. Получилось 6 больших банок варенья. Сколько понадобилось маленьких банок?",Нет,Нет
vpr_sd_946031,math,4,Оля хочет купить как можно больше ручек на 40 рублей. Одна ручка стоит 5 рублей 50 копеек. Сколько ручек сможет купить Оля? Запиши решение и ответ.,Нет,Нет
vpr_sd_945787,math,4,Миша и Андрей собрали железную дорогу длиной 3 метра 50 см из коротких и длинных деталей длиной 15 см и 25 см соответственно. При сборке ребята использовали пять длинных деталей. Сколько коротких деталей они использовали? Запиши решение и ответ.,Нет,Нет
vpr_sd_946028,math,4,"Ко дню рождения Петя хотел купить 3 двухлитровые бутылки газированной воды. Но в магазине вода была только бутылках по пол-литра. Петя решил купить столько же воды, но в бутылках по пол-литра. Сколько бутылок он должен купить? Запиши решение и ответ.",Нет,Нет
vpr_sd_945831,math,4,"На пошив одной блузки уходит 80 см ткани, а на пошив одной юбки — 90 см. Из 5 м ткани сшили четыре блузки и несколько юбок. Сколько сшили юбок? Запиши решение и ответ.",Нет,Нет
vpr_sd_945813,math,4,Найдите значение выражение 87 − 69.,Нет,Нет
vpr_sd_945666,math,4,Ниже приведены цены на некоторые спорттовары в двух спортивных магазинах. 1-й магазин | 2-й магазин // Домино — 150 руб. | Домино — 140 руб. // Нарды — 250 руб. | Нарды — 290 руб. // Шахматные часы — 950 руб. | Шахматные часы — 900 руб. // Эспандер — 100 руб. | Эспандер — 120 руб. // Очки для плавания — 560 руб. | Очки для плавания — 620 руб. // Секундомер — 890 руб. | Секундомер — 940 руб. В како,Нет,Нет
vpr_sd_945745,math,4,"Для изготовления четырёх одинаковых штор требуется 4 куска ткани длиной по 2 м 30 см каждый. Для этой цели был куплен отрез ткани длиной 10 м. Какова будет длина куска ткани, оставшегося после раскроя? Ответ вырази в сантиметрах.",Нет,Нет
vpr_sd_946126,math,4,"На рисунке ниже изображена фигура. Найди площадь этой фигуры, если сторона клетки — 1 см. В ответе запишите только число.",Нет,Нет
vpr_sd_945853,math,4,"Кассир в кинотеатре отмечал в таблице количество проданных билетов на различные кинофильмы. Используя данные этой таблицы, ответь на вопросы. Название фильма | 12 мая | 13 мая | 14 мая // «Книга джунглей» | 91 | 200 | 25 // «Джентльмены удачи» | 109 | 144 | 98 // «Приключения Электроника» | 125 | 61 | 92 // «Приключения Буратино» | 75 | 39 | 56 Сколько билетов было куплено 13 мая на кинофильм «Дже",Нет,Нет
vpr_sd_945489,math,4,"Четыре друга решили заняться спортивными упражнениями, а результаты — кто сколько раз подтянулся, присел и отжался — записали в таблицу. Ответь на вопросы. | Подтягивания | Приседания | Отжимания // Саша | 8 | 25 | 20 // Максим | 6 | 20 | 17 // Илья | 7 | 22 | 12 // Олег | 5 | 18 | 15 Сколько всего приседаний они сделали вместе?",Нет,Нет
vpr_sd_946057,math,4,"Вася и Петя играли в разведчиков. Они передавали друг другу шифрованный световой сигнал с помощью фонариков следующим образом: сначала Вася включал свой фонарик на 1 минуту, затем Петя включал свой фонарик на 2 минуты, потом снова Вася Включал фонарик на 3 минуты, затем Петя включал фонарик на 4 минуты и т. д. Когда Вася попробовал включить свой фонарик в девятый раз, у него сразу же перегорела ла",Нет,Нет
vpr_sd_946009,math,4,"Миша написал на футболке своё имя (см. рис. 1). Затем он подошел к зеркалу. Нарисуй, как будет выглядеть отражение его имени в зеркале (рис. 2).",Нет,Да
vpr_sd_944779,math,4,Коля вырезал из бумаги несколько шестиугольников и семиугольников. Всего у вырезанных фигурок 40 вершин. Сколько шестиугольников вырезал Коля? Запиши решение и ответ.,Нет,Нет
vpr_sd_946133,math,4,"Для изготовления занавесей в актовый зал школы необходимо 48 м 60 см ткани. Купили 50 м ткани. Хватит ли остатка ткани на штору в костюмерную, если длина этой шторы 1 м 50 см?",Нет,Нет
vpr_sd_945802,math,4,"Электричка из Санкт-Петербурга в Строганово идёт 100 минут. Когда электричка отправилась из Санкт-Петербурга, если в Строганово она прибыла в 15 часов 40 минут? Ответ: в час. мин.",Нет,Нет
vpr_sd_945847,math,4,На клетчатом поле со стороной клетки 1 см изображён прямоугольник. Найди периметр этого прямоугольника. В ответе укажите число.,Нет,Нет
vpr_sd_945154,math,4,"В группе детского сада много детей и всех зовут по-разному. Все дети встали в круг. Между Ваней и Олей с одной стороны 5 детей, а с другой стороны 13 детей, между Ваней и Мишей с одной стороны 5 детей, а с другой стороны 13 детей. Сколько всего детей в группе?",Нет,Нет
vpr_sd_945719,math,4,"На новогодние праздники мама купила детям шоколадки трёх видов: большие, средние и маленькие. Каждая большая шоколадка стоила 60 рублей, средняя — 40 рублей, а маленькая — 20 рублей. 3а 15 шоколадок мама за-платила 800 рублей. Какое наименьшее число больших шоколадок могла купить мама?",Нет,Нет
vpr_sd_945566,math,4,В магазине продаются бакалейные товары в упаковках. На рисунке показаны цены. Сколько всего рублей надо заплатить за две упаковки гречневой и одну упаковку пшеничной крупы? Запиши решение и ответ.,Нет,Нет
vpr_sd_945420,math,4,На клетчатой бумаге нарисована фигура. Сторона клетки равна 1 см. Найди периметр этой фигуры. Ответ дай в сантиметрах. В ответе писать единицы измерения не нужно.,Нет,Нет
vpr_sd_945309,math,4,"В таблице приведены цены на пирожные в трёх кондитерских (в рублях). Используя эти данные, ответь на вопросы. Название пирожного | Цена в рублях в кондитерской // «Сладкая жизнь» | «Наслаждение» | «Домашняя» // «Эклер» | 15 | 13 | 11 // «Картошка» | 20 | 21 | 25 // «Корзинка» | 32 | 35 | 29 // «Ромовая баба» | 14 | 10 | 13 Какое пирожное и в какой кондитерской дешевле всего?",Нет,Нет
vpr_sd_946068,math,4,Найди значение выражения 2002 · 16 + 630 : 7.,Нет,Нет
vpr_sd_945265,math,4,"В новогодней гирлянде 21 лампочка. Лампочки идут в таком порядке: одна красная, две синих, три красных, четыре синих и так далее. Сколько всего красных лампочек в гирлянде?",Нет,Нет
vpr_sd_945996,math,4,"На столбе висел знак (см. рис. 1). Верхний болт, державший знак, отвалился, и знак перевернулся. Нарисуй, как будет выглядеть знак (рис. 2).",Нет,Да
vpr_sd_945976,math,4,"В классе 28 человек, из них 13 девочек. Известно, что у 17 человек светлые волосы. Сколько может быть девочек со светлыми волосами? Найди наименьшее возможное число. Запиши решение и ответ.",Нет,Нет
vpr_sd_945809,math,4,"Пётр Иванович выращивает морковь, лук и свёклу. Каждый овощ он выращивал на отдельном участке в течение четырёх лет. Пётр Иванович заносит в таблицу количество килограммов урожая, которое он получает с каждого участка за год. Используя таблицу, ответь на вопросы. Годы по порядку | Морковь | Лук | Свекла // Первый год | 750 кг | 560 кг | 690 кг // Второй год | 720 кг | 680 кг | 740 кг // Третий год",Нет,Нет
vpr_sd_945295,math,4,У начинающих водителей в день бывает по несколько экстренных торможений. Ниже приведены данные о количестве экстренных торможений в течение рабочей недели для трёх водителей. День недели | Имя // Пётр | Вадим | Елена // Понедельник | 6 | 4 | 7 // Вторник | 4 | 5 | 6 // Среда | 3 | 3 | 8 // Четверг | 3 | 2 | 5 // Пятница | 7 | 5 | 7 Сколько всего экстренных торможений в течение рабочей недели совер,Нет,Нет
vpr_sd_946078,math,4,Найди значение выражения 16016 : 8 − 120 · 7.,Нет,Нет
vpr_sd_945501,math,4,"В коробки разложили 6 кг печенья. В большую коробку помещается 600 г, а в маленькую — 400 г печенья. Было использовано 8 больших коробок. Сколько потребовалось маленьких коробок? Запиши решение и ответ.",Нет,Нет
vpr_sd_945665,math,4,"Лёша пришёл в школьную столовую пообедать, у него с собой есть 75 рублей. В столовой висит меню: Первые блюда | Щи | 27 рублей // Рисовый суп | 30 рублей // Вторые блюда | Тефтели с картофельным пюре | 45 рублей // Жаркое по-домашнему | 48 рублей // Печень тушёная с овощами | 35 рублей // Напитки | Чай | 6 рублей // Компот | 8 рублей Выбери обед из трёх блюд (первое, второе и напиток), который мож",Нет,Нет
vpr_sd_945940,math,4,Ширина каждого прямоугольника 10 мм. Длина указана на рисунке. Найди площадь заштрихованной фигуры (в мм 2 ).,Нет,Да
vpr_sd_946023,math,4,"Петя хочет на свой день рождения угостить гостей пиццей, причём так, чтобы каждому из пятерых, включая Петю, досталось хотя бы по 4 куска. Каждая пицца разрезана на 12 кусков. Сколько пицц должен заказать Петя? Запиши решение и ответ.",Нет,Нет
vpr_sd_945428,math,4,"Перед отпуском Ольга Павловна купила фотоаппарат, купальник и босоножки, потратив на эти покупки 22 000 рублей. Самая дорогая покупка стоила 12 000 рублей. Самая дешёвая покупка стоила 4000 рублей. А фотоаппарат и босоножки вместе стоили на 6000 рублей дороже, чем босоножки и купальник вместе. Сколько рублей стоил фотоаппарат?",Нет,Да
vpr_sd_945447,math,4,"Перед командировкой Наталья Владимировна купила костюм, зонт и сапоги, потратив на эти покупки 20 000 рублей. Самая дорогая покупка стоила 11 000 рублей. Самая дешёвая покупка стоила 3000 рублей. А костюм и зонт вместе стоили на 5000 рублей дороже, чем зонт и сапоги вместе. Сколько рублей стоили сапоги?",Нет,Нет
vpr_sd_945412,math,4,Вова смотрит в реку и видит там отражение вывески на здании. Что написано на вывеске?,Нет,Нет
vpr_sd_945678,math,4,Найди значение выражения (8 + 35) · 2 + 7.,Нет,Нет
vpr_sd_944830,math,4,"Папа с сыном пришли в парк с аттракционами и купили два билета на американские горки: взрослый и детский, а также билет на паровозик. Цены на билеты показаны на рисунке. Сколько рублей они заплатили за все билеты? Запиши решение и ответ.",Нет,Нет
vpr_sd_945939,math,4,Найди периметр многоугольника (в см).,Нет,Да
vpr_sd_945395,math,4,"Ниже на клетчатом поле со стороной клетки 1 см изображён прямоугольник. Изобрази на рисунке прямоугольник, который имеет площадь на 9 см 2 меньше исходного и весь является его частью.",Нет,Да
vpr_sd_945330,math,4,"У тёти Веры три коровы: Бурёнка, Красавица и Любава. Тётя Вера заносит в таблицу количество литров молока, которое она получает от каждой коровы за день. Используя таблицу, ответь на вопросы. Сколько литров молока дала Любава за все четыре дня? Дни по порядку | Бурёнка | Красавица | Любава // Первый день | 12 | 20 | 14 // Второй день | 15 | 22 | 11 // Третий день | 14 | 18 | 12 // Четвёртый день |",Нет,Нет
vpr_sd_946072,math,4,Найди значение выражения 25025 : 5 + 250 · 3.,Нет,Нет
vpr_sd_946019,math,4,Масса девяти одинаковых чемоданов с вещами равна 180 кг. Масса пустого чемодана — 1 кг 500 г. Чему равна масса вещей в одном чемодане? Запиши решение и ответ.,Нет,Нет
vpr_sd_944832,math,4,"Аня, Боря и Вера съели вместе 14 конфет. Больше 8 конфет не съел никто. Аня съела больше всех конфет, а Боря съел на 1 конфету больше, чем Вера. Сколько конфет съела Аня?",Нет,Нет
vpr_sd_945239,math,4,"Вася, Маша. Юля и Петя собирали грибы. Вместе они собрали 98 грибов. Петя собрал 30 грибов, а Маша 16. Меньше всего грибов собрала девочка. Кто-то из детей собрал 15 грибов. Сколько грибов собрали девочки?",Нет,Нет
vpr_sd_944851,math,4,"Даша, Миша и Катя пошли по грибы. Миша нашёл больше грибов, чем Катя. Вместе Миша и Катя нашли столько же грибов, сколько нашла Даша. Меньше трёх грибов не нашёл никто из них, а все вместе они нашли 14 грибов. Сколько грибов нашёл Миша?",Нет,Нет
vpr_sd_945486,math,4,На рисунке изображён штамп. Что будет отпечатано на бумаге при использовании этого штампа?,Нет,Да
vpr_sd_944778,math,4,Марина с книгой в руках подошла к зеркалу и увидела в отражении название книги. Как называется книга?,Нет,Нет
vpr_sd_945812,math,4,"Куртка на 700 руб. дешевле, чем пять шапок, но на 200 руб. дороже, чем две шапки. Сколько стоит шапка? Запиши решение и ответ.",Нет,Нет
vpr_sd_945781,math,4,"На кухне у бабушки в вазочке лежало 25 конфет. В течение дня её внучки Даша, Марина и внук Витя съели все эти конфеты. Причём Даша съела конфет в два раза больше, чем Марина, а Витя съел конфет больше, чем Maрина, но меньше, чем Даша. Сколько конфет съел Витя?",Нет,Нет
vpr_sd_946136,math,4,"Николай Васильевич Гоголь родился в 1809 году, а в 1836 году он закончил работу над комедией «Ревизор». Сколько ему тогда могло быть лет?",Нет,Нет
vpr_sd_946111,math,4,"На рисунке дан чертёж кафельной плитки. Найди площадь такой плитки, если сторона клетки — 1 см.",Нет,Нет
vpr_sd_945385,math,4,"На рисунке изображена фигура. Начертите прямоугольник с такой же площадью, каждая из сторон которого больше 1 см.",Нет,Нет
vpr_sd_945879,math,4,"У тёти Веры три коровы: Бурёнка, Красавица и Любава. Тётя Вера заносит в таблицу количество литров молока, которое она получает от каждой коровы за день. Используя таблицу, ответь на вопросы. Какая корова дала больше всех молока за второй день? Дни по порядку | Бурёнка | Красавица | Любава // Первый день | 12 | 20 | 14 // Второй день | 15 | 22 | 11 // Третий день | 14 | 18 | 12 // Четвёртый день |",Нет,Нет
vpr_sd_945557,math,4,"На изготовление одного пододеяльника требуется 4 м 40 см полотна, а на одну наволочку — 90 см полотна. Всего было израсходовано 80 м полотна. Пододеяльников сшили 10 штук. Сколько сшили наволочек? Запиши решение и ответ.",Нет,Нет
vpr_sd_946053,math,4,"Вика, Аня, Даша и Света собираются пойти на дискотеку. При этом девочки хотят надеть платья разных цветов. У Вики есть красное и жёлтое платья, у Ани — синее и зелёное. у Даши — только красное, а у Светы — синее и жёлтое платья. Назовите цвет платья, которое наденет Света.",Нет,Нет
vpr_sd_944816,math,4,Вова с книгой в руках подошёл к зеркалу и увидел в отражении название книги. Как называется книга?,Нет,Нет
vpr_sd_945980,math,4,"В футболе команда получает за победу 3 очка, за ничью — 1 очко, за поражение — 0 очков. Команда сыграла в чемпионате страны 30 матчей и набрала 75 очков. Какое наибольшее число ничейных матчей могло быть у этой команды?",Нет,Нет
vpr_sd_945483,math,4,Сентябрь На рисунке показан календарь на сентябрь 2009 года. Каким днём недели в 2009 году было 8 октября? Ответ приведите в именительном падеже .,Нет,Нет
vpr_sd_944794,math,4,"Рома, Оля и Паша съели вместе 13 конфет. Больше 8 конфет не съел никто. Паша съел больше всех конфет, а Оля съела на 2 конфеты больше, чем Рома. Сколько конфет съел Паша?",Нет,Нет
vpr_sd_944861,math,4,"Вера, Игорь и Миша ловили окуней. Игорь поймал больше окуней, чем Вера. Вместе Игорь и Вера поймали столько же окуней, сколько поймал Миша. Меньше двух окуней не поймал никто из них, а все вместе они поймали 12 окуней. Сколько окуней поймал Игорь?",Нет,Нет
vpr_sd_944863,math,4,Лена вырезала из бумаги несколько пятиугольников и семиугольников. Всего у вырезанных фигурок 39 вершин. Сколько пятиугольников вырезала Лена? Запиши решение и ответ.,Нет,Нет
vpr_sd_945804,math,4,"У Лёни есть 450 рублей, и ему нужно купить три пакета молока и пачку масла. Лёня решил на все оставшиеся деньги купить шоколадки. Сколько шоколадок он сможет купить? Запиши решение и ответ.",Нет,Да
vpr_sd_946163,math,4,Рассмотри рисунок и ответь на вопрос: хватит ли 2000 р. на покупку двух теннисных ракеток и трёх теннисных мячей? Запиши решение и ответ.,Нет,Да
vpr_sd_945865,math,4,На клетчатом поле со стороной клетки 1 см изображён прямоугольник. Найди периметр этого прямоугольника. Ответ дайте в сантиметрах.,Нет,Да
vpr_sd_945659,math,4,"На клеточном поле со стороной клетки 1 см изображён квадрат. Проведи на рисунке прямую линию, которая разделит квадрат на два прямоугольника, так, чтобы площадь одного из них была равна 4 кв. см.",Нет,Да
vpr_sd_945388,math,4,"На клетчатом поле со стороной клетки 1 см изображена фигура. Изобрази на рисунке прямоугольник площадью 20 см 2 так, чтобы он весь был частью данной фигуры.",Нет,Да
vpr_sd_945361,math,4,"На рисунке ниже изображена фигура. Разрежь фигуру по границам клеток на две одинаковые части так, чтобы в каждой части было по одной отмеченной клетке.",Нет,Да
vpr_sd_945467,math,4,"На клетчатой бумаге нарисован квадрат, а ниже — некоторая фигура. Площадь квадрата равна 27 кв. см. Нарисуй по клеточкам прямоугольник, площадь которого равна 54 кв. см.",Нет,Нет
vpr_sd_945356,math,4,"На рисунке изображён план игровой площадки. Проведи одну прямую линию так, чтобы выделить место площадью 12 кв. м.",Нет,Да
vpr_sd_945294,math,4,"На уроке физкультуры ученики прыгали в длину. Ниже приведены данные о результатах трёх попыток, выполненных тремя учениками. Номер попытки | Имя // Вова | Юля | Марат // 1 | 2 м 20 см | 1 м 81 см | 2 м 48 см // 2 | 2 м 52 см | 2 м 13 см | 2 м 68 см // 3 | 2 м 35 см | 2 м 11 см | 2 м 75 см На сколько прыгнул Марат в третьей попытке? Ответ выразите в сантиметрах. В ответ впишите только число.",Нет,Нет
vpr_sd_945313,math,4,"В таблице указаны средние цены (в рублях) на некоторые основные продукты питания в двух городах России (по данным на конец 2013 года). Наименование продукта | Белгород | Челябинск // Яйца куриные (1 десяток) | 58 | 66 // Сметана (1 л, жирность 20%) | 145 | 140 // Мясо (говядина) (1 кг) | 250 | 270 // Сливочное масло (1 кг) | 234 | 221 В каком из городов окажется дешевле следующий набор продуктов: ",Нет,Нет
vpr_sd_944837,math,4,"Пятиклассники сравнивали свои четвертные отметки. Они записали в таблицу, сколько у кого троек, четвёрок и пятёрок. Ответь на вопрос. | «3» | «4» | «5» // Серёжа | 1 | 3 | 6 // Настя | 1 | 4 | 5 // Рита | 0 | 4 | 6 // Костя | 0 | 1 | 9 У кого ровно половина отметок — пятёрки? В ответ запиши имя этого человека.",Нет,Нет
vpr_sd_945451,math,4,"Подруги прочитали несколько книг из списка литературы, заданной на лето. Количество прочитанных книг по месяцам указано в таблице. Ответь на вопросы. | Июнь | Июль | Август // Катя | 3 | 2 | 5 // Маша | 1 | 4 | 2 // Алиса | 2 | 6 | 4 // Вика | 1 | 2 | 1 Кто из подруг за лето прочитал книг больше всех?",Нет,Нет
vpr_sd_945297,math,4,"Ниже приведены данные о количестве различных отметок по математике за четвёртую четверть в разных классах одной школы. Используя эти данные, ответь на вопросы. Класс | Отметка «3» | Отметка «4» | Отметка «5» // 4 «А» | 2 | 14 | 9 // 4 «Б» | 6 | 8 | 8 // 4 «В» | 5 | 10 | 7 // 4 «Г» | 4 | 14 | 7 В каком классе больше всего учеников получили отметки выше тройки?",Нет,Нет
vpr_sd_945655,math,4,"Грузоподъёмность лифта 550 кг. В лифт загрузили 12 коробок с сахарным песком, по 25 кг в каждой коробке, и 15 ящиков с подсолнечным маслом, по 20 кг в каждом ящике. На сколько килограммов будет превышена грузоподъёмность лифта? Запиши решение и ответ.",Нет,Нет
vpr_sd_946021,math,4,"Корабль рассчитан на 370 пассажиров и 35 членов команды. В спасательную шлюпку помещается 70 человек. Какое наименьшее количество шлюпок должно быть на корабле, чтобы в случае необходимости их хватило на всех? Запиши решение и ответ.",Нет,Нет
vpr_sd_944833,math,4,"Аня, Боря и Вера съели вместе 14 конфет. Больше 8 конфет не съел никто. Аня съела больше всех конфет, а Боря съел на 1 конфету больше, чем Вера. Сколько конфет съел Боря?",Нет,Нет
vpr_sd_945243,math,4,"Аня делает открытки к Восьмому марта для родственников: мамы, бабушки и тёти. Сначала она сделала открытку синего цвета, затем — оранжевого, а потом — зелёного. Известно, что мамин любимый цвет оранжевый, а бабушка не любит синий цвет. Назовите родственника, для которого Аня сделала открытку сразу после открытки для мамы.",Нет,Нет
vpr_sd_945964,math,4,Электронные часы показывают часы и минуты (от 00:00 до 23:59). Сколько раз за сутки в наборе цифр на табло этих часов участвуют только цифры 2 и 5 или одна из этих цифр? Запиши решение и ответ.,Нет,Нет
vpr_sd_945979,math,4,"5 карандашей стоят на 15 рублей дешевле, чем 3 ручки и 2 карандаша. На сколько рублей карандаш дешевле ручки? Запиши решение и ответ.",Нет,Нет
vpr_sd_945750,math,4,"В викторине для школьников по краеведению принимали участие команды нескольких школ. Всего было задано 20 вопросов. За правильный ответ команде начисляли 2 очка, а за неправильный снимали 1 очко (если команда совсем не давала ответ на вопрос, то очки не начисляли и не снимали). Команда Лицея №1 отвечала на все вопросы без исключения и по итогу викторины набрала 25 очков. Сколько раз команда Лицея ",Нет,Нет
vpr_sd_945825,math,4,"Слава собирался купить 20 конфет, но ему не хватало для этого 3 руб. Тогда Слава купил 15 конфет, и у него осталось 7 руб. сдачи. Сколько стоит одна конфета?",Нет,Нет
vpr_sd_945921,math,4,"Выпиши номера, соответствующие верным утверждениям: 1. Вес измеряется только в граммах. 2. В одном километре 1000 метров. 3. Площадь фигуры вычисляется в мм, см, дм, м, км. 4. Длина отрезка может быть равна 10 кг 15 мм. 5. В сутках 1440 мин.",Нет,Нет
vpr_sd_945437,math,4,Февраль На рисунке показан календарь на февраль 2008 года. Каким днём недели в 2008 году было 8 марта? Ответ приведите в именительном падеже .,Нет,Нет
vpr_sd_945740,math,4,Найди значение выражения 42 · 8 − 33000 : 550.,Нет,Нет
vpr_sd_945418,math,4,"Маша, Юра и Аня пошли по грибы. Маша нашла меньше грибов, чем Юра. Вместе Маша и Юра нашли столько же грибов, сколько нашла Аня. Меньше трёх грибов не нашёл никто из них, а все вместе они нашли 16 грибов. Сколько грибов нашла Аня?",Нет,Нет
vpr_sd_945692,math,4,Найди значение выражения 74 − 39.,Нет,Нет
vpr_sd_945783,math,4,Найди значение выражения 12 + 24 : 4 + 23.,Нет,Нет
vpr_sd_945799,math,4,"У Саши есть 300 рублей, и ему нужно купить шесть стаканчиков йогурта и две булки хлеба. Саша решил на все оставшиеся деньги купить бублики. Сколько сдачи он получит в итоге? Запиши решение и ответ.",Нет,Да
vpr_sd_946113,math,4,"На рисунке изображён прямоугольник. Найди площадь прямоугольника, если сторона клетки равна 1 см.",Нет,Да
vpr_sd_945394,math,4,"На клетчатом поле со стороной клетки 1 см изображён прямоугольник. Проведи на рисунке выше прямую линию так, чтобы этот прямоугольник оказался разбит на квадрат и ещё один прямоугольник.",Нет,Да
vpr_sd_945288,math,4,"Три бригады укладывают асфальт. В таблице приведены данные о длине участков, заасфальтированных с понедельника по среду. День недели | Номер бригады // Первая | Вторая | Третья // Понедельник | 80 м | 95 м | 100 м // Вторник | 90 м | 145 м | 110 м // Среда | 130 м | 140 м | 150 м Сколько всего метров заасфальтировала первая бригада за три дня?",Нет,Нет
vpr_sd_946049,math,4,"Аня делает открытки к Восьмому марта для родственников: мамы, бабушки и тёти. Сначала она сделала открытку сиреневого цвета, затем — розового, а потом — голубого. Известно, что мамин любимый цвет голубой, а бабушка не любит сиреневый цвет. Назовите цвет открытки , которая досталась тёте.",Нет,Нет
vpr_sd_945249,math,4,"Вася и Петя играли в разведчиков. Они передавали друг другу шифрованный световой сигнал с помощью фонариков следующим образом: сначала Вася включал свой фонарик на 1 минуту, затем Петя включал свой фонарик на 2 минуты, потом снова Вася включал фонарик на 3 минуты, затем Петя включал фонарик на 4 минуты и т. д. Когда Вася попробовал включить свой фонарик в девятый раз, у него сразу же перегорела ла",Нет,Нет
vpr_sd_944834,math,4,Никита с книгой в руках подошёл к зеркалу и увидел в отражении название книги. Как называется книга?,Нет,Нет
vpr_sd_945459,math,4,Вера вырезала из бумаги несколько пятиугольников и шестиугольников. Всего у вырезанных фигурок 43 вершины. Сколько шестиугольников вырезала Вера? Запиши решение и ответ.,Нет,Нет
vpr_sd_945832,math,4,Найди значение выражения 20 + 20 : 5 − 17.,Нет,Нет
vpr_sd_944784,math,4,"Папа с сыном пришли в парк с аттракционами и купили два билета на автодром: взрослый и детский, а также детский билет в комнату смеха. Цены на билеты показаны на рисунке. Сколько рублей они заплатили за все билеты? Запиши решение и ответ.",Нет,Нет
vpr_sd_945476,math,4,"На клетчатой бумаге нарисован квадрат, а ниже — некоторая фигура. Площадь квадрата равна 72 кв. см. Найди площадь этой фигуры. Ответ дай в кв. см. В ответе писать единицы измерения не нужно.",Нет,Нет
vpr_sd_945544,math,4,"Мушкетёры соревновались в стрельбе по мишеням. У каждого было 3 попытки, а в каждой попытке — 5 выстрелов. В таблице показано, кто сколько раз попал в мишень при каждой попытке. Ответь на вопросы. Мушкетёр | Первая попытка | Вторая попытка | Третья попытка // Атос | 4 | 4 | 5 // Портос | 4 | 3 | 2 // Арамис | 1 | 3 | 4 // Д’Артаньян | 5 | 5 | 4 Сколько раз Портос попал в мишень при второй попытке?",Нет,Нет
vpr_sd_945306,math,4,"В таблице приведены данные о численности населения трёх городов России в разные годы (в тыс. человек). Используя эти данные, ответь на вопросы. Город | Численность населения // 1970 г. | 1982 г. | 1990 г. | 2000 г. | 2010 г. // Екатеринбург | 1025 | 1250 | 1304 | 1264 | 1350 // Ростов-на-Дону | 790 | 966 | 1013 | 1001 | 1090 // Казань | 780 | 1023 | 1094 | 1092 | 1150 В каком городе численность на",Нет,Нет
vpr_sd_946024,math,4,Оля хочет купить как можно больше ручек на 50 рублей. Одна ручка стоит 4 рубля 50 копеек. Сколько ручек сможет купить Оля? Запиши решение и ответ.,Нет,Нет
vpr_sd_944804,math,4,"Данила, Петя и Вика съели вместе 15 конфет. Больше 8 конфет не съел никто. Петя съел больше всех конфет, а Вика съела на 2 конфеты больше, чем Данила. Сколько конфет съел Петя?",Нет,Нет
vpr_sd_945531,math,4,"Боря, Юля и Лиза собирали яблоки. Боря набрал 18 вёдер яблок, Юля набрала на 10 вёдер яблок меньше, чем Боря и Лиза вместе. Один из троих ребят набрал 7 вёдер яблок. Сколько всего вёдер яблок набрали ребята?",Нет,Нет
vpr_sd_945982,math,4,"В шахматном кружке проводился турнир в средней группе обучающихся, в рамках которого каждый участник играл с каждым другим по две партии (одну белыми фигурами, а другую — чёрными). За победу начислялось 2 очка, за ничью — 1 очко, за поражение 0 очков. Всего в турнире участвовало пять ребят. Игорь занял второе место, набрав больше очков, чем Руслан, Люда и Вова вместе взятые. Сколько очков набрала ",Нет,Нет
vpr_sd_945830,math,4,"Рассмотри рисунок и ответь на вопрос: сколько рублей сдачи получит покупатель, расплатившийся за одну конфету и одну плитку шоколада купюрой в 100 руб.? Запиши решение и ответ.",Нет,Нет
vpr_sd_945511,math,4,Декабрь На рисунке показан календарь на декабрь 2006 года. Каким днём недели в 2007 году было 7 января? Ответ приведите в именительном падеже .,Нет,Нет
vpr_sd_944787,math,4,"На клетчатой бумаге нарисована фигура. Сторона клетки равна 1 см. Нарисуй по клеточкам прямоугольник, площадь которого равна площади изображённой фигуры.",Нет,Нет
vpr_sd_945319,math,4,"Ниже приведены данные за три года о количестве дождливых дней в июне-октябре в Старом Осколе. Используя эти данные, ответь на вопрос. Месяц | 2013 год | 2014 год | 2015 год // Июнь | 11 | 6 | 8 // Июль | 8 | 3 | 8 // Август | 9 | 5 | 0 // Сентябрь | 13 | 4 | 1 // Октябрь | 7 | 3 | 5 В каком месяце с июня по октябрь какого года в Старом Осколе было наибольшее количество дождливых дней за период с 2",Нет,Нет
vpr_sd_946076,math,4,Найди значение выражения 15015 : 5 − 230 · 3.,Нет,Нет
vpr_sd_945842,math,4,"Машины на стоянке стоят в семь рядов: в первом ряду четыре машины, во втором три, в третьем снова четыре, в четвёртом снова три и так далее. Сколько на стоянке рядов по три машины?",Нет,Нет
vpr_sd_945264,math,4,"Татьяна должна обсудить свою новую идею с директором, бухгалтером и программистом. С каждым из них обсуждение длится ровно час. Известно, что директор занят с 10 до 12 часов, бухгалтер приезжает на работу к 10 часам, а у программиста важное совещание с 10 до 11 часов. При этом Татьяна смогла закончить все три обсуждения к 12 часам, придя на работу к 9 часам. Назовите должность сотрудника, к которо",Нет,Нет
vpr_sd_945863,math,4,"На макете нового микрорайона дома размещены на клетчатом поле, причём стены домов расположены по границам клеток (см. рис.). Изобрази, как выглядят эти дома на плане местности. Сохраняй расположение домов относительно сторон света. Каждый дом изображай прямоугольником, составленным из клеток. В качестве примера один из домов уже изображён. Ответ",Нет,Нет
vpr_sd_945968,math,4,"В лесу на разных кустах висят 300 шнурков. Сова утверждает, что в среднем четыре шнурка из пяти, которые можно найти в лесу, ей не подходят, поскольку они слишком длинные для дверного звонка. Ослик Иа утверждает, что в среднем пять из шести шнурков из леса ему не подходят, поскольку они слишком короткие, чтобы сделать из них хвост. Оба правы. Сколько шнурков, висящих на кустах, не подходят ни Сове",Нет,Нет
vpr_sd_945709,math,4,Найди значение выражения 95 − 46.,Нет,Нет
vpr_sd_946146,math,4,Ваня родился в октябре 2005 года. Сколько полных лет было Ване в июле 2015 года?,Нет,Нет
vpr_sd_945852,math,4,Ниже на клетчатом поле со стороной клетки 1 см изображён прямоугольник. Найдите площадь этого прямоугольника. Ответ укажите в см 2 . В ответе писать единицы измерения не нужно.,Нет,Нет
vpr_sd_945303,math,4,"Ниже приведены данные о количестве различных отметок по математике за четвёртую четверть в разных классах одной школы. Используя эти данные, ответь на вопросы. Класс | Отметка «3» | Отметка «4» | Отметка «5» // 4 «А» | 6 | 11 | 6 // 4 «Б» | 2 | 13 | 8 // 4 «В» | 5 | 12 | 5 // 4 «Г» | 7 | 9 | 10 В каком классе больше всего учеников получили отметки выше тройки?",Нет,Нет
vpr_sd_945779,math,4,Найди значение выражения 18918 : 6 − 260 · 6.,Нет,Нет
vpr_sd_944890,math,4,Дима смотрит в реку и видит там отражение вывески на здании. Что написано на вывеске?,Нет,Нет
vpr_sd_944845,math,4,Рита вырезала из бумаги несколько пятиугольников и семиугольников. Всего у вырезанных фигурок 43 вершины. Сколько пятиугольников вырезала Рита? Запиши решение и ответ.,Нет,Нет
vpr_sd_945907,math,5,"Приведите пример натурального числа, большего 12, которое делится на 12 и не делится на 8. В ответ запишите двузначное число .",Нет,Нет
vpr_sd_945846,math,5,"Какое число нужно написать в числителе, чтобы равенство стало верным?",Нет,Нет
vpr_sd_945797,math,5,Длина дороги 20 км. Заасфальтировали дороги. Сколько километров осталось заасфальтировать?,Нет,Нет
vpr_sd_945728,math,5,"За 3,2 кг товара заплатили 115,2 р. Сколько следует заплатить за 1,5 кг этого товара? Запишите решение и ответ.",Нет,Нет
vpr_sd_946118,math,5,В магазине продается несколько видов куриного филе в различных упаковках и по различной цене. Какова наименьшая цена в расчёте на 1 кг среди данных в таблице видов? Упаковка | Цена за упаковку // 400 г | 122 руб. // 250 г | 83 руб. // 400 г | 135 руб. // 250 г | 81 руб. Запишите решение и ответ.,Нет,Нет
vpr_sd_945871,math,5,"Найдите все трехзначные числа, которые меньше 200 и одновременно кратны 36, сложите их, а полученную сумму разделите на 9. В ответ запишите полученное частное.",Нет,Нет
vpr_sd_945803,math,5,"Вася загадал число. Известно, что число 12 составляет от загаданного Васей числа. Какое число загадал Вася?",Нет,Нет
vpr_sd_945743,math,5,"В железной руде на 7 частей железа приходится 3 части примесей. Сколько тонн примесей в руде, которая содержит 73,5 т железа? Запишите решение и ответ.",Нет,Нет
vpr_sd_946137,math,5,"Лена купила два пирожка, килограмм персиков и полтора килограмма груш. Один пирожок стоит 27 рублей, один килограмм персиков — 350 рублей, а один килограмм груш — 30 рублей. Какую сдачу получит Лена с 500 рублей? Запишите решение и ответ.",Нет,Нет
vpr_sd_945861,math,5,"Запишите натуральное число, которое на 113 меньше числа 56300.",Нет,Нет
vpr_sd_945719,math,5,"Масса 21 литра нефти составляет 16,8 кг. Какова масса 35 литров нефти? Запишите решение и ответ.",Нет,Нет
vpr_sd_946126,math,5,"Билет на цирковое представление «Маугли» стоит для взрослого 1500 руб., для школьника — половину стоимости взрослого билета, а для дошкольника треть стоимости взрослого билета. Сколько рублей должна заплатить за билеты семья, включающая двух родителей, одного школьника и трех малышей? Запишите решение и ответ.",Нет,Нет
vpr_sd_945873,math,5,"Найдите все двузначные числа, которые кратны 15 и одновременно не кратны 25. Сложите эти числа, затем умножьте полученную сумму на 7. В ответ запишите найденное произведение.",Нет,Нет
vpr_sd_945837,math,5,Из числа 72 вычтите числа 81. В ответе напишите полученный результат.,Нет,Нет
vpr_sd_945812,math,5,"Найдите число, если его равна 1.",Нет,Нет
vpr_sd_945798,math,5,"На базу в Антарктиду доставили 22 собаки. Из всех собак составили упряжку, на которой отправились в поход. Сколько собак не вошло в упряжку?",Нет,Нет
vpr_sd_945752,math,5,При каком значении x верно равенство:,Нет,Нет
vpr_sd_945718,math,5,"Толщина 300 листов бумаги для принтера составляет 3,3 см. Какую толщину будет иметь пачка из 500 листов такой же бумаги? Запишите решение и ответ.",Нет,Нет
vpr_sd_945705,math,5,"24 яблока разделили поровну между 5 детьми, а остаток разделили папа и мама. Сколько яблок получили папа и мама?",Нет,Нет
vpr_sd_945678,math,5,"Ученик прочитал 138 страниц, что составляет 23% числа всех страниц в книге. Сколько страниц в книге?",Нет,Нет
vpr_sd_946149,math,5,Найдите значение выражения Запишите решение и ответ.,Нет,Нет
vpr_sd_946112,math,5,В магазине продается несколько видов кефира в различных упаковках и по различной цене. Какова наименьшая цена за 1 л кефира среди данных в таблице видов? Упаковка | Цена за упаковку // 250 мл | 21 руб. // 300 мл | 27 руб. // 500 мл | 44 руб. // 800 мл | 58 руб. Запишите решение и ответ.,Нет,Нет
vpr_sd_945993,math,5,"В Зелёном Лесу есть пять авиакомпаний: «Лесные авиалинии», «Ласточка», «Вихрь», «Ариэль» и «Пчела». В таблице дано число самолётов, принадлежащих каждой компании. По этим данным построена круговая диаграмма, на ней подписаны названия только двух авиакомпаний. Авиакомпания | Количество самолётов // Лесные авиалинии | 251 // Ласточка | 134 // Вихрь | 170 // Ариэль | 180 // Пчела | 115",Нет,Да
vpr_sd_945964,math,5,"На диаграмме показано распределение дневной нормы питания, которую рекомендуют врачи. Используя диаграмму, ответьте на вопрос.",Нет,Да
vpr_sd_946013,math,5,На рисунке изображён план сада.,Нет,Да
vpr_sd_945389,math,5,На рисунке изображён огород. На каждый ар (100 м 2 ) нужно 4 кг удобрений.,Нет,Да
vpr_sd_946066,math,5,"Коробку начали заполнять кубиками, как показано на рисунке. Сколько кубиков войдёт в коробку?",Нет,Да
vpr_sd_945987,math,5,"Серёжа задумал натуральное число. Он умножил это число на 5, затем прибавил задуманное число, а из результата вычел 13. В итоге у него получилось число 544. Докажите, что Серёжа ошибся в подсчётах.",Нет,Нет
vpr_sd_945875,math,5,"Найдите и запишите двузначное число, которое кратно 7 и одновременно 13.",Нет,Нет
vpr_sd_945826,math,5,"Найдите значение выражения 10,1 − 7,05 + 0,3.",Нет,Нет
vpr_sd_945796,math,5,Иван Владимирович работает на предприятии. В апреле он не работал 15 дней. Какую часть апреля работал Иван Владимирович? Ответ выразите десятичной дробью.,Нет,Нет
vpr_sd_945717,math,5,"Длина отрезка на местности 6,2 км. Чему равна длина этого отрезка на карте, сделанной в масштабе 1 : 2 000 000. Запишите решение и ответ.",Нет,Нет
vpr_sd_945693,math,5,На овощной базе 2 ц картофеля раскладывают в пакеты по 3 кг. Сколько килограммов картофеля осталось неупакованным? В ответе укажите только число .,Нет,Нет
vpr_sd_945670,math,5,"Сколько процентов соли содержит раствор, приготовленный из 35 г соли и 165 г воды?",Нет,Нет
vpr_sd_946136,math,5,"Билет на новогоднее представление «Приключение в Снежном королевстве» стоит для взрослого 400 руб., для школьника — половину стоимости взрослого билета, а для дошкольника — четверть стоимости взрослого билета. Сколько рублей должна заплатить за билеты семья, включающая двух родителей, двух школьников и одного двухлетнего малыша? Запишите решение и ответ.",Нет,Нет
vpr_sd_946101,math,5,"Пётр Иванович выращивает морковь, лук и свёклу. Каждый овощ он выращивал на отдельном участке в течение четырёх лет. Пётр Иванович заносит в таблицу количество килограммов урожая, которое он получает с каждого участка за год. Используя таблицу, ответьте на вопрос. Годы по порядку | Морковь | Лук | Свёкла // Первый год | 750 кг | 560 кг | 690 кг // Второй год | 720 кг | 380 кг | 740 кг // Третий го",Нет,Нет
vpr_sd_945958,math,5,"На диаграмме показано количество посетителей сайта РИА «Новости» в течение каждого часа 8 декабря 2009 года. По горизонтали указывается час, по вертикали — количество посетителей сайта на протяжении этого часа. Используя диаграмму, ответьте на вопрос.",Нет,Нет
vpr_sd_946004,math,5,На плане участка показан водопровод.,Нет,Да
vpr_sd_945393,math,5,На рисунке изображен план земельного участка.,Нет,Да
vpr_sd_946057,math,5,"Мальчик построил из кубиков здание. На рисунке показано, как это здание выглядит спереди и слева. Какое наибольшее число кубиков потребуется для постройки?",Нет,Да
vpr_sd_946045,math,5,Имеется 9 листов бумаги. Некоторые из них разорвали на 3 или 5 частей. Некоторое из образовавшихся частей разорвали на 3 или 5 частей и так несколько раз. Можно ли после нескольких таких операций получить 100 частей? Запишите решение и ответ.,Нет,Нет
vpr_sd_945867,math,5,"Найдите все двузначные числа, которые кратны 9 и одновременно 12, сложите их и умножьте полученную сумму на 8. В ответ запишите полученное произведение.",Нет,Нет
vpr_sd_945891,math,5,"Приведите пример натурального трехзначного числа, меньшего 201, которое делится на 20 и 30.",Нет,Нет
vpr_sd_945777,math,5,В классе 40 человек. Из них 10 человек ещё не сдали нормы ГТО. Какая часть учащихся сдала нормы ГТО? Ответ выразите десятичной дробью.,Нет,Нет
vpr_sd_945788,math,5,"До обеда выгрузили зерна, находившегося в товарном вагоне. Сколько тонн зерна было в вагоне, если выгрузили 42 т?",Нет,Нет
vpr_sd_945764,math,5,Найдите значение выражения,Нет,Нет
vpr_sd_945699,math,5,"Сколько надо 3-литровых банок, чтобы перелить в них молоко из 10-литрового ведра?",Нет,Нет
vpr_sd_945706,math,5,"Группа туристов, состоящая из 85 человек, разместилась в четырёхместных купе. Сколько купе занято полностью?",Нет,Нет
vpr_sd_946172,math,5,"Масса сушёных яблок составляет 16% массы свежих яблок. Сколько тонн свежих яблок надо взять, чтобы получить 4 т сушёных? Единицы измерения писать не нужно.",Нет,Нет
vpr_sd_945673,math,5,"Применяя интенсивную технологию, бригада изготовила сверх плана 250 деталей, перевыполнив тем самым план на 5%. Сколько деталей изготовила бригада?",Нет,Нет
vpr_sd_946089,math,5,"На диаграмме приведены данные о протяжённости восьми крупнейших рек России. Первое место по протяжённости занимает Лена. Используя диаграмму, ответьте на вопрос. Ответ напишите с точностью до десятых.",Нет,Да
vpr_sd_945961,math,5,"На диаграмме показан средний балл участников 10 стран в тестировании учащихся 4-го класса, по математике в 2007 году (по 1000-балльной шкале). Используя диаграмму, ответьте на вопрос.",Нет,Да
vpr_sd_945979,math,5,"В таблице приведены данные о количестве девочек и мальчиков в пяти четвёртых классах школы. Используя эти данные, ответьте на вопрос. | Количество школьников // 4 «А» | 4 «Б» | 4 «В» | 4 «Г» | 4 «Д» // Мальчики | 13 | 10 | 15 | 16 | 17 // Девочки | 15 | 14 | 14 | 12 | 9",Нет,Нет
vpr_sd_945899,math,5,В одном из районов города кварталы имеют форму квадратов со стороной 100 м. Ширина всех улиц равна 30 м.,Нет,Да
vpr_sd_946001,math,5,На рисунке изображён план пруда.,Нет,Да
vpr_sd_945866,math,5,"Сложите все двузначные числа, которые кратны 3 и одновременно оканчивающиеся на 5. Разделите полученную сумму на 27. В ответ запишите результат деления.",Нет,Нет
vpr_sd_945821,math,5,Запишите цифрами десятичную дробь: «ноль целых пятьдесят девять десятитысячных».,Нет,Нет
vpr_sd_945791,math,5,"Около дома стояло 8 машин. Из них 2 были серыми, а остальные синими. Какую часть всех машин составляли синие машины? Ответ выразите десятичной дробью.",Нет,Нет
vpr_sd_945709,math,5,"На пошив одного костюма нужно 3 м ткани. Сколько метров ткани было в рулоне, если пошили 5 костюмов и осталось 2 м ткани?",Нет,Нет
vpr_sd_945671,math,5,Слесарь и его ученик изготовили 1200 деталей. Ученик сделал 30% всех деталей. Сколько деталей сделал слесарь?,Нет,Нет
vpr_sd_946134,math,5,"2 пары туфель стоят в магазине 1380 рублей. Сколько нужно заплатить за 3 пары сапог, если стоимость пары сапог на 370 руб больше, чем пары туфель? Запишите решение и ответ.",Нет,Нет
vpr_sd_945992,math,5,"В Северной Долине есть пять авиакомпаний: «Стрела», «Омикрон», «Компас», «Сванегольм» и «Небесный Скороход». В таблице дано число самолётов, принадлежащих каждой компании. По этим данным построена круговая диаграмма, но на ней подписаны названия только двух авиакомпаний. Авиакомпания | Количество самолётов // Стрела | 162 // Омикрон | 145 // Компас | 75 // Сванегольм | 144 // Небесный Скороход | 1",Нет,Да
vpr_sd_945965,math,5,"На диаграмме показано количество осадков, выпавших за год в Новинске. Используя диаграмму, ответьте на вопрос.",Нет,Да
vpr_sd_946067,math,5,"Чему равен объём тела, сложенного из одинаковых кубиков (см. рис.), если объём одного кубика равен 1 кубической единице (1 куб. ед.)? Ответ дайте в кубических единицах, единицы измерения указывать не нужно.",Нет,Да
vpr_sd_946048,math,5,"Два охотника отправились одновременно навстречу друг другу из двух деревень, расстояние между которыми 18 км. Первый шёл со скоростью 5 км/ч, а второй — 4 км/ч. Первый охотник взял с собой собаку, которая бежала со скоростью 8 км/ч. Собака сразу же побежала навстречу второму охотнику, встретила его, повернула и с той же скоростью побежала навстречу своему хозяину. Встретила его, повернула и побежа",Нет,Нет
vpr_sd_945890,math,5,"Приведите пример натурального двузначного четного числа, меньшего 50, которое делится на 7 и 21.",Нет,Нет
vpr_sd_945817,math,5,"Найдите число, если его равна 20.",Нет,Нет
vpr_sd_945790,math,5,У ученика было 50 к. На завтрак он истратил этих денег. Сколько копеек у него осталось?,Нет,Нет
vpr_sd_945735,math,5,"В 6,5 кг свинины содержится 2,6 кг жиров. Сколько жиров содержится в 10,5 кг такой свинины? Запишите решение и ответ.",Нет,Нет
vpr_sd_945704,math,5,Дедушке нужно разрезать проволоку длиной 50 м на части по 12 м. Сколько таких частей получится?,Нет,Нет
vpr_sd_946174,math,5,"В классе 17 мальчиков, а девочек на 6 больше. Сколько процентов класса составляют девочки?",Нет,Нет
vpr_sd_946125,math,5,"Данила купил два пирожка, торт и полтора килограмма яблок. Один пирожок стоит 20 рублей, торт — 390 рублей, а один килограмм яблок — 30 рублей. Какую сдачу получит Данила с 500 рублей? Запишите решение и ответ.",Нет,Нет
vpr_sd_945954,math,5,"На диаграмме показано распределение выплавки меди в 10 странах мира (в тысячах тонн) за 2006 год. Среди представленных стран первое место по выплавке меди занимали США, десятое место — Казахстан. Используя диаграмму, ответьте на вопрос.",Нет,Нет
vpr_sd_946079,math,5,"Фигура, изображённая на рисунке составлена из кубиков с ребром 2 см. Найдите объём данной фигуры. Ответ дайте в см 3 .",Нет,Да
vpr_sd_945986,math,5,"Сева задумал натуральное число. Он умножил это число на 3, затем прибавил задуманное число, а к результату прибавил 17. В итоге у него получилось число 752. Докажите, что Сева ошибся в подсчётах.",Нет,Нет
vpr_sd_945870,math,5,"Найдите все трехзначные числа, которые меньше 217, являются четными и одновременно кратны 27. Найдите разность между наибольшим и наименьшим из этих чисел.",Нет,Нет
vpr_sd_945808,math,5,"Найдите значение выражения 16,78 − 5,48.",Нет,Нет
vpr_sd_945784,math,5,"Отряд решил собрать 12 т металлолома, а собрал этого количества. Сколько тонн металлолома собрал отряд?",Нет,Нет
vpr_sd_945716,math,5,"Длина отрезка на карте 4,4 см. Найдите длину соответствующего отрезка на местности, если масштаб карты 1 : 100000. Запишите решение и ответ.",Нет,Нет
vpr_sd_945708,math,5,"Пачка мороженого стоит 20 руб. Сколько денег было у Ани, если она купила 5 пачек мороженого и у неё осталось 11 руб? Ответ дайте в руб.",Нет,Нет
vpr_sd_945668,math,5,"В механическом цехе установлено 350 станков, из которых 35 находятся сейчас в ремонте. Сколько процентов станков находятся сейчас в действующем состоянии?",Нет,Нет
vpr_sd_946096,math,5,"Используя диаграмму, ответьте на вопрос.",Нет,Нет
vpr_sd_946056,math,5,На рисунке показаны игральный кубик и три развёртки. Какие из них могут быть развёртками именно этого кубика? В ответ запишите одну из букв.,Нет,Да
vpr_sd_945869,math,5,Запишите цифрами число девяносто пять миллиардов триста восемь миллионов шестьсот тысяч семьсот сорок пять.,Нет,Нет
vpr_sd_945839,math,5,Три четверти числа равны 60. Найдите это число.,Нет,Нет
vpr_sd_945815,math,5,"Найдите значение выражения 8,9021 + 0,68.",Нет,Нет
vpr_sd_945802,math,5,"В гараже 30 зелёных машин, всего машин — 120. Какую часть составляют зелёные машины? Ответ выразите десятичной дробью.",Нет,Нет
vpr_sd_945697,math,5,"Масса чугунной болванки 15 кг. Сколько таких болванок понадобится для отливки 40 деталей, каждая из которых имеет массу 13 кг?",Нет,Нет
vpr_sd_946122,math,5,"В магазин привезли 250 коробок, в каждой коробке по 54 пачки печенья. Сколько денег выручит магазин от продажи этого печенья, если одна пачка печенья стоит 32 к.? Запишите решение и ответ.",Нет,Нет
vpr_sd_945978,math,5,"В таблице приведены цены на пирожные в трёх кондитерских (в рублях). Используя эти данные, ответьте на вопрос. Название пирожного | Цена в рублях в кондитерской // «Сладкая жизнь» | «Наслаждение» | «Домашняя» // «Эклер» | 15 | 13 | 11 // «Картошка» | 20 | 21 | 25 // «Корзинка» | 32 | 35 | 29 // «Буше» | 14 | 10 | 13",Нет,Нет
vpr_sd_946074,math,5,Можно ли из прямоугольных параллелепипедов 1x1x2 сложить куб 3x3x3? В ответе запишите «да» или «нет».,Нет,Да
vpr_sd_946051,math,5,"Возьмём любое четырёхзначное число, в котором есть различные цифры. Напишем его цифры в порядке убывания, а затем в порядке возрастания и вычтем из первого второе. (Если полученное при вычитании число не четырёхзначное, припишем спереди нули). С этим числом поступим так же. Продолжим этот процесс. Не позднее чем на 7-м шаге получим некоторое число, которое потом будет повторяться. Найдите это числ",Нет,Нет
vpr_sd_945887,math,5,Сколько тысяч в миллионе?,Нет,Нет
vpr_sd_945789,math,5,Продолжительность урока 45 минут. На решение задачи ушло 9 мин. Какая часть урока ушла на решение задачи? Ответ выразите десятичной дробью.,Нет,Нет
vpr_sd_945715,math,5,Моток ленты длиной 10 м надо разрезать на куски по 45 см. Сколько сантиметров ленты останется?,Нет,Нет
vpr_sd_946077,math,5,"В какую из двух коробок, изображённых на рисунке, поместится больше кубиков с ребром, равным 6 см? 1) 2)",Нет,Да
vpr_sd_945881,math,5,"Напишите число, большее 387627 на 3254.",Нет,Нет
vpr_sd_945727,math,5,"Некоторое расстояние велосипедист проезжает за 1,5 ч со скоростью 20 км/ч. За сколько минут проедет то же расстояние автомобилист, если будет ехать со скоростью 80 км/ч? Запишите решение и ответ.",Нет,Нет
vpr_sd_945690,math,5,Имеется 100 одинаковых стаканов. Их нужно упаковать по 6 штук. Сколько таких полных упаковок получится?,Нет,Нет
vpr_sd_945897,math,5,В магазине куртки продавались по цене 8000 руб. за одну куртку. Летом на эту цену стала действовать скидка в 20%. Сколько рублей составляет скидка?,Нет,Нет
vpr_sd_946167,math,5,Найдите значение выражения 7091 + 9663 − (243916 + 75446) : 527 : 3. Запишите решение и ответ.,Нет,Нет
vpr_sd_946130,math,5,"Билет на вход в контактный зоопарк стоит для взрослого 300 руб., для школьника — половину стоимости взрослого билета, а для дошкольника — треть стоимости взрослого билета. Сколько рублей должна заплатить за билеты семья, включающая двух родителей, двух школьников и одного трехлетнего малыша? Запишите решение и ответ.",Нет,Нет
vpr_sd_946033,math,5,"Три математика ехали в разных вагонах одного и того же поезда. Подъезжая к станции, они начали подсчитывать скамейки на привокзальном перроне. У них получилось 7, 12 и 15 скамеек. Отъезжая от станции, математики стали заново подсчитывать количество скамеек, причём один насчитал скамеек в три раза больше, чем другой. Сколько скамеек насчитал третий (математик, у которого при первом подсчёте получил",Нет,Нет
vpr_sd_945860,math,5,"Сложите все двузначные числа, которые кратные 4 и одновременно оканчивающиеся на 8. Разделите полученную сумму на 8. В ответ запишите результат деления.",Нет,Нет
vpr_sd_945833,math,5,Сложите числа 20 и числа 18. В ответе напишите полученный результат.,Нет,Нет
vpr_sd_945827,math,5,Запишите цифрами десятичную дробь: «ноль целых шестьсот семь десятитысячных».,Нет,Нет
vpr_sd_945691,math,5,Шнур длиной 4 м нужно разрезать на куски по 35 см. Сколько таких кусков получится?,Нет,Нет
vpr_sd_946110,math,5,На игре КВН судьи поставили оценки командам за конкурсы: Команда | Баллы за конкурс «Приветствие» | Баллы за конкурс «СТЭМ» | Баллы за музыкальный конкурс // «Диоды» | 23 | 20 | 24 // «Шарм» | 28 | 21 | 22 // «Блеск» | 21 | 18 | 27 // «Лирики» | 27 | 22 | 20,Нет,Нет
vpr_sd_945982,math,5,"На диаграмме представлены площади нескольких озёр. Пользуясь диаграммой, ответьте на вопрос.",Нет,Нет
vpr_sd_946035,math,5,"Математик Нуликов купил 20 одинаковых карандашей и несколько ластиков. Стоимость каждого ластика 15 р., а стоимость карандаша он забыл, помнит только, что она выражается целым числом рублей. Сможет ли Нуликов расплатиться за покупку без сдачи только пятирублёвыми монетами? Запишите решение и ответ.",Нет,Нет
vpr_sd_945794,math,5,"Мастерская получила 700 м шёлка. Из полученной ткани сшили халаты, а из полученной ткани сшили платья. Сколько метров шёлка осталось?",Нет,Нет
vpr_sd_945740,math,5,"Из 21 кг хлопкового семени получили 5,1 кг масла. Сколько масла получится из 7 кг хлопкового семени? Запишите решение и ответ.",Нет,Нет
vpr_sd_945685,math,5,Мама получила премию 180 руб. На подарок дочери она потратила 1% этой премии. Сколько рублей стоит подарок?,Нет,Нет
vpr_sd_946146,math,5,"Найдите значение выражения 61,7 · 52,1 − 43,6 · ((119,62 + 218,48) : 13,8). Запишите решение и ответ.",Нет,Нет
vpr_sd_945402,math,5,"На рисунке изображен план клумбы с цветами, вокруг которой нужно поставить изгородь.",Нет,Да
vpr_sd_946028,math,5,"Было 7 листов бумаги. Некоторые из них разрезали на 7 частей, потом некоторые ещё разрезали на 7 частей, и такие действия повторили несколько раз. Могло ли в результате получиться 1000 листов бумаги? Запишите решение и ответ.",Нет,Нет
vpr_sd_945882,math,5,"Напишите наибольшее число, предшествующее числу 301, кратное 5, но не кратное 10.",Нет,Нет
vpr_sd_945813,math,5,"Найдите значение выражения 0,769 + 42,389.",Нет,Нет
vpr_sd_945741,math,5,Для строительства стадиона 5 бульдозеров расчистили площадку за 210 мин. За какое время 7 бульдозеров расчистили бы эту площадку? Запишите решение и ответ.,Нет,Нет
vpr_sd_946168,math,5,"Площадь одной комнаты 12 м 2 , и она составляет 25% площади всей квартиры. Найдите площадь всей квартиры.",Нет,Нет
vpr_sd_946162,math,5,Найдите значение выражения 54 · 3465 − 9016 : 92 + 360272 : 712. Запишите решение и ответ.,Нет,Нет
vpr_sd_945895,math,5,"В магазине продаётся несколько видов творога в различных упаковках и по различной цене. В таблице показана масса каждой упаковки и её цена. Определите, килограмм какого творога стоит дешевле других. В ответ запишите стоимость одного килограмма этого творога. Наименование | Масса упаковки | Цена за упаковку // «Любимый» | 200 г | 52 руб. // «Утренний» | 250 г | 62 руб. // «Рассыпчатый» | 500 г | 12",Нет,Нет
vpr_sd_946121,math,5,"Для покраски двери требуется 800 г белил, а для покраски окна на 200 г меньше. Сколько белил потребуется чтобы покрасить 3 окна и 4 двери? Запишите решение и ответ.",Нет,Нет
vpr_sd_946116,math,5,"Один рабочий работал 3 дня по 7 ч в день, а другой — 2 дня по 8 ч в день. Вместе они изготовили 481 деталь. Сколько деталей изготовил каждый рабочий, если за час они изготовляли деталей поровну? Запишите решение и ответ.",Нет,Нет
vpr_sd_946119,math,5,В магазине продается несколько видов куриного филе в различных упаковках и по различной цене. Какова наименьшая цена в расчёте на 1 кг куриного филе среди данных в таблице видов? Упаковка | Цена за упаковку // 300 г | 54 руб. // 250 г | 43 руб. // 250 г | 41 руб. // 200 г | 33 руб. Запишите решение и ответ.,Нет,Нет
vpr_sd_946124,math,5,"Билет на «Шоу мыльных пузырей» стоит для взрослого 600 руб., для школьника — половину стоимости взрослого билета, а для дошкольника — четверть стоимости взрослого билета. Сколько рублей должна заплатить за билеты семья, включающая двух родителей, двух школьников и одного трёхлетнего малыша? Запишите решение и ответ.",Нет,Нет
vpr_sd_946105,math,5,"В таблице приведены данные о численности населения трёх областей России в разные годы (в тыс. человек). Используя эти данные, ответьте на вопрос. Область | Численность населения // 1970 г. | 1979 г. | 1990 г. | 2000 г. | 2010 г. // Астраханская | 1400 | 1467 | 1575 | 1390 | 1230 // Мурманская | 800 | 965 | 1191 | 941 | 795 // Калининградская | 730 | 807 | 881 | 959 | 940",Нет,Нет
vpr_sd_946049,math,5,"Женя за весну похудел на 20%, потом поправился за лето на 30%, за осень опять похудел на 20% и за зиму прибавил в весе на 10%. Остался ли за этот год его вес прежним? Уменьшился или увеличился? Запишите решение и ответ.",Нет,Нет
vpr_sd_945868,math,5,"Среди чисел больших, чем 217, но меньших, чем 343, найдите наибольшее и наименьшее число, кратное 9. Сложите их и разделите на 9. В ответ запишите найденное частное.",Нет,Нет
vpr_sd_945772,math,5,Длина дороги 36 км. Заасфальтировали дороги. Сколько километров осталось заасфальтировать?,Нет,Нет
vpr_sd_945689,math,5,"Содержание книги разделено на главы, каждая из которых занимает 25 страниц. Первая глава начинается с пятой страницы. Какую главу читает Миша, если книга открыта на 170-й странице?",Нет,Нет
vpr_sd_945403,math,5,"На рисунке изображён план участка, вокруг которого нужно построить забор.",Нет,Да
vpr_sd_946083,math,5,"Найдите объём коробки, имеющей форму прямоугольного параллелепипеда. Ответ дайте в см 3 .",Нет,Да
vpr_sd_946038,math,5,"Сколько одинаковых изделий помещается в одной коробке, если в 13 коробках их меньше 118, а в 20 коробках больше 179? Запишите решение и ответ.",Нет,Нет
vpr_sd_945886,math,5,"Напишите число, в котором 7 тысяч 8 единиц 0 сотен 0 десятков.",Нет,Нет
vpr_sd_945783,math,5,"От деревни Никольское до города 24 км. Лесом проходит пути, а остальная часть — полем. Сколько километров пути проходит полем?",Нет,Нет
vpr_sd_945700,math,5,В спортивном празднике участвовали 90 школьников. Могут ли они на заключительном параде построиться в колонну по шесть человек в ряд?,Нет,Нет
vpr_sd_945675,math,5,У Гриши было 80 к. Он купил тетрадь за 10 к. Сколько процентов своих денег потратил Гриша на тетрадь?,Нет,Нет
vpr_sd_946155,math,5,"Найдите значение выражения 227,36 : (865,6 − 20,8 · 40,5) · 8,38 + 1,12. Запишите решение и ответ.",Нет,Нет
vpr_sd_946135,math,5,"В магазине купили 4 чашки по 54 руб. и 2 стакана. Сколько стоят 4 чашки и 2 стакана, если стакан в 2 раза дешевле чашки? Запишите решение и ответ.",Нет,Нет
vpr_sd_945835,math,5,Запишите цифрами десятичную дробь: «ноль целых четыреста пять десятитысячных».,Нет,Нет
vpr_sd_945786,math,5,"В первый день картофель посадили на участка, а во второй день — на участка. Какая площадь (в м 2 ) была засажена картофелем за эти два дня, если площадь участка 14 м 2 ?",Нет,Нет
vpr_sd_945731,math,5,"Отрезку на карте, длина которого 3,6 см, соответствует расстояние на местности в 72 км. Каково расстояние между городами, если на этой карте расстояние между ними 12,6 см? Запишите решение и ответ.",Нет,Нет
vpr_sd_946133,math,5,"Бабушка купила 9 мотков шерсти белого и красного цвета. За красные мотки она заплатила 320 руб., а за белые 400 руб. Сколько белых и красных мотков по отдельности купила бабушка, если все мотки стоили одинаково? Запишите решение и ответ.",Нет,Нет
vpr_sd_945377,math,5,На рисунке изображён план земельного участка.,Нет,Да
vpr_sd_946050,math,5,"Вася знает четыре числа, сумма которых равна 99. Если первое число увеличить на 2, второе уменьшить на 2, третье умножить на 2, а четвёртое разделить на 2, то каждый раз получается одно и то же число. Найдите эти четыре числа. Запишите решение и ответ.",Нет,Нет
vpr_sd_945889,math,5,"Напишите число, в котором 9 сотен 0 десятков 3 единицы.",Нет,Нет
vpr_sd_945843,math,5,Сколько минут в ч? В ответе укажите только число.,Нет,Нет
vpr_sd_945902,math,5,В автобусе 51 место для пассажиров. Две трети этих мест уже заняты. Сколько еще пассажиров может сесть в автобус на оставшиеся места?,Нет,Нет
vpr_sd_946139,math,5,"Лиза купила два пирожных, полкило ветчины и полтора килограмма слив. Одно пирожное стоит 25 рублей, один килограмм ветчины — 460 рублей, а один килограмм слив — 42 рубля. Какую сдачу получит Лиза с 500 рублей? Запишите решение и ответ.",Нет,Нет
vpr_sd_946082,math,5,"Прозрачную коробку заполняют кубиками с ребром, равным 1 см. Сколько кубиков войдёт в коробку?",Нет,Да
vpr_sd_946054,math,5,"В одной коробке лежат два белых шара, в другой — два черных, в третьей — один белый и один черный. На каждой коробке имеется рисунок, но он неправильно указывает содержимое коробки. Из какой коробки, не глядя, надо вынуть шар, чтобы можно было определить содержимое каждой коробки? Запишите решение и ответ.",Нет,Да
vpr_sd_945400,math,5,"На плане одного из районов города клетками изображены кварталы, каждый из которых имеет форму квадрата со стороной 140 м. Ширина всех улиц в этом районе — 30 м.",Нет,Да
vpr_sd_945407,math,5,"На плане одного из районов города клетками изображены кварталы, каждый из которых имеет форму квадрата со стороной 120 м. Ширина всех улиц в этом районе — 40 м.",Нет,Да
vpr_sd_945865,math,5,"Найдите все трёхзначные числа, для записи которых употребляются только цифры 3 или 0, сложите эти числа и разделите их сумму на 422. В ответ запишите полученный результат.",Нет,Нет
vpr_sd_945805,math,5,Запишите в виде десятичной дроби частное 1849 : 1000.,Нет,Нет
vpr_sd_945785,math,5,"Турист прошёл за первый день 18 км, что составляет пути, который он должен пройти во второй день. Сколько километров должен пройти турист за оба дня вместе?",Нет,Нет
vpr_sd_945669,math,5,При плане 35 деталей в день рабочий сделал 42 детали. На сколько процентов он перевыполнил план?,Нет,Нет
vpr_sd_946075,math,5,"Можно ли из прямоугольных параллелепипедов 1x1x2 сложить куб 3x3x3, из которого вынут угловой кубик?",Нет,Да
vpr_sd_945878,math,5,"Напишите число, которое на 1756 больше числа 8999.",Нет,Нет
vpr_sd_945799,math,5,Купили 5 кг 600 г сахара и израсходовали на варенье всего сахара. Сколько граммов сахара осталось? В ответе укажите только число.,Нет,Нет
vpr_sd_945732,math,5,"Чтобы приготовить 4 порции картофельной запеканки, нужно взять 0,44 кг картофеля. Сколько картофеля потребуется, чтобы приготовить 12 порций запеканки? Запишите решение и ответ.",Нет,Нет
vpr_sd_945880,math,5,Сколько уникальных цифр использовано для записи числа 640046?,Нет,Нет
vpr_sd_945820,math,5,"Найдите значение выражения 10,3 − 4,09 + 0,4.",Нет,Нет
vpr_sd_945736,math,5,Для приготовления борща на каждые 100 г мяса надо взять 60 г свёклы. Сколько свёклы надо взять на 650 г мяса? Запишите решение и ответ.,Нет,Нет
vpr_sd_945894,math,5,Найдите значение выражения. 480 480 : 24 − 4 · (81 − 63) : 2. Запишите решение и ответ.,Нет,Нет
vpr_sd_946040,math,5,"В шести коробках лежат копейки. В первой — 1, во второй — 2, в третьей — 3 и т. д., в шестой — 6. За один ход разрешается в любые две коробки добавить по 1 копейке. Можно ли за несколько ходов уравнять количество копеек в коробках? Запишите решение и ответ.",Нет,Нет
vpr_sd_945747,math,5,"Стальной шарик объёмом 6 см 3 имеет массу 46,8 г. Какова масса шарика из той же стали, если его объём 2,5 см 3 ? Запишите решение и ответ.",Нет,Нет
vpr_sd_945710,math,5,Масса стальной болванки 32 кг. Сколько деталей по 7 кг можно изготовить из 5 таких болванок? Остатки болванок можно переплавлять.,Нет,Нет
vpr_sd_946169,math,5,"За три дня турист прошёл 40 км. В первый день он прошёл 40%, а во второй день — 30% всего пути. Сколько километров прошёл турист в третий день? Единицы измерения писать не нужно.",Нет,Нет
vpr_sd_946114,math,5,"Билет на новогоднее представление «В гости к дедушке Морозу» стоит для взрослого 800 руб., для школьника — половину стоимости взрослого билета, а для дошкольника — четверть стоимости взрослого билета. Сколько рублей должна заплатить за билеты семья, включающая двух родителей, двух школьников и одного трехлетнего малыша? Запишите решение и ответ.",Нет,Нет
vpr_sd_946070,math,5,"Деревянный куб покрасили со всех сторон, потом распилили его на 27 одинаковых кубиков. Сколько кубиков не окрашено?",Нет,Нет
vpr_sd_946127,math,5,"Саша купил два пирожных, полкило конфет и килограмм груш. Одно пирожное стоит 27 рублей, один килограмм конфет — 460 рублей, а один килограмм груш — 20 рублей. Какую сдачу получит Саша с 500 рублей? Запишите решение и ответ.",Нет,Нет
vpr_sd_945781,math,5,"В первый день турист прошёл всего пути, а во второй день всего пути. Известно, что за эти два дня турист прошёл 36 км. Сколько всего километров составляет путь туриста? В ответе укажите только число.",Нет,Нет
vpr_sd_945733,math,5,"Некоторое расстояние ласточка пролетела за 0,5 ч со скоростью 50 км/ч. За сколько минут пролетит то же расстояние стриж, если будет лететь со скоростью 100 км/ч? Запишите решение и ответ.",Нет,Нет
vpr_sd_946058,math,5,Какие из этих многогранников одинаковые? Напишите буквы многогранников без запятых и других дополнительных символов.,Нет,Да
vpr_sd_946030,math,5,"Из двух сцепленных шестерёнок одна имеет 16 зубцов, а другая — 28. До начала вращения шестерёнок соприкасающиеся зубцы пометили мелом. Через какое наименьшее число оборотов каждой шестерёнки метки совпадут? Запишите решение и ответ.",Нет,Нет
vpr_sd_945834,math,5,Из числа 56 вычтите числа 33. В ответе напишите полученный результат.,Нет,Нет
vpr_sd_945810,math,5,"Найдите значение выражения 6,6 − 5,99.",Нет,Нет
vpr_sd_945793,math,5,На огороде собрали 42 кг огурцов и всех огурцов засолили. Сколько килограммов огурцов остались свежими?,Нет,Нет
vpr_sd_946128,math,5,"Килограмм масла стоил 240 рублей. После подорожания цена выросла на 1/8, но потом уменьшилась на 1/9. Сколько после этого стоит килограмм масла? Запишите решение и ответ.",Нет,Нет
vpr_sd_946068,math,5,"На рисунке показан куб, сложенный из 8 маленьких кубиков. Из скольки равных прямоугольных параллелепипедов можно составить такой куб?",Нет,Да
vpr_sd_946043,math,5,"Мотоциклист проезжает путь от деревни до станции за 0,3 ч. Он выехал из деревни, когда велосипедист, следующий по тому же маршруту со скоростью 15 км/ч, уже отъехал на расстояние 9 км. На станцию велосипедист и мотоциклист прибыли одновременно. На каком расстоянии от велосипедиста был мотоциклист через 10 мин после своего выезда? Запишите решение и ответ.",Нет,Нет
vpr_sd_945824,math,5,"Найдите значение выражения 10,5 − 6,08 + 0,2.",Нет,Нет
vpr_sd_945730,math,5,"Длина отрезка на местности 4,5 км. Чему равна длина этого отрезка на карте, сделанной в масштабе 1 : 1 000 000? Запишите решение и ответ.",Нет,Нет
