ID,Предмет,Класс,Задание,ЕстьАудио,ЕстьКартинки
vpr_sd_945709,chemistry,8,"Из приведённого списка выберите верные суждения о способах очистки веществ и методах разделения смесей. В ответе запишите цифры, под которыми они указаны. (В задании может быть несколько верных суждений.) 1) Очистить воду от примеси масла можно с помощью дистилляции. 2) Выпаривание относят к физическим способам разделения смесей. 3) Для отделения осадка от раствора можно использовать фильтровальну",Нет,Нет
vpr_sd_946111,chemistry,8,"Из приведённого списка выберите верные суждения о правилах безопасной работы в химической лаборатории. В ответе запишите цифры, под которыми они указаны. (В задании может быть несколько верных суждений.) 1) Метан образует взрывчатые смеси с воздухом. 2) Растворять серную кислоту следует, добавляя к ней воду. 3) Воду можно кипятить в любой стеклянной посуде. 4) В лаборатории можно знакомиться с зап",Нет,Нет
vpr_sd_945230,chemistry,8,"Из приведённого списка выберите верные суждения о правилах поведения в химической лаборатории и обращении с химическими веществами в быту. В ответе запишите цифры, под которыми они указаны. (В задании может быть несколько верных суждений.) 1) При нагревании пробирки с раствором её следует располагать над горелкой строго вертикально. 2) Реактив, просыпанный на лабораторный стол, следует собрать щёт",Нет,Нет
vpr_sd_945764,chemistry,8,"Из приведённого списка выберите верные суждения о правилах безопасной работы в лаборатории. В ответе запишите цифры, под которыми они указаны. (В задании может быть несколько верных суждений.) 1) При нагревании пробирки с раствором поваренной соли необходимо использовать защитные очки. 2) Все опыты с любыми растворами кислот и щелочей следует проводить в резиновых перчатках. 3) При перемешивании ж",Нет,Нет
vpr_sd_944889,chemistry,8,"Превращение одних веществ в другие называется химической реакцией. Из представленных ниже рисунков выберите тот, на котором изображено протекание химической реакции. укажите номер рисунка и объясните сделанный вами выбор. Рис. 1 Рис. 2 Рис. 3",Нет,Да
vpr_sd_945741,chemistry,8,Из списка солей п. 3.1 выберите основную соль. Запишите номер соли.,Нет,Нет
vpr_sd_945742,chemistry,8,"Даны два химических элемента А и В. Известно, что в атоме элемента А в основном состоянии находится 14 электронов, а в атоме элемента В — 3 протона. 1) Используя Периодическую систему химических элементов Д. И. Менделеева, определите химические элементы А и В. 2) Укажите номер периода и номер группы в Периодической системе химических элементов Д. И. Менделеева, в которых расположен каждый элемент.",Нет,Нет
vpr_sd_945756,chemistry,8,"На завтрак Саша выпил чашку кофе (200 г), а также бутерброд со сливочным маслом (хлеб = 25 г,масло = 4 г). Используя данные приведённой ниже таблицы, определите, какую массу углеводов получил при этом организм Саши. Ответ подтвердите расчётом. Содержание углеводов в некоторых продуктах Сок | Сахар | Вишнёвое варенье | Белый хлеб | Сливочное масло | Кофе // Массовая доля углеводов, % | 99,70 | 64,0",Нет,Нет
vpr_sd_945757,chemistry,8,"На завтрак Саша выпил чашку кофе (200 г), а также бутерброд со сливочным маслом (хлеб = 25 г,масло = 4 г). Какую долю суточной физиологической нормы (400 г) составляет потреблённое Сашей количество углеводов? Ответ подтвердите расчётом.",Нет,Нет
vpr_sd_945527,chemistry,8,"Ниже даны описания двух химических превращений с участием веществ, перечень которых был приведён в задании 6: (1) железо + хлороводород (р-р) → хлорид железа(II) + водород; (2) гидроксид алюминия → оксид алюминия + вода.",Нет,Нет
vpr_sd_945583,chemistry,8,Восьмиклассница Надя съела на завтрак 150 г жирного творога.,Нет,Нет
vpr_sd_946170,chemistry,8,"Ниже даны словесные описания двух химических превращений с участием веществ, перечень которых был приведён в задании 6: (1) водород + кислород → вода; (2) цинк + сульфат меди(II) → сульфат цинка + медь.",Нет,Нет
vpr_sd_945674,chemistry,8,"Установите соответствие между химическим веществом и типом химической связи в нём: к каждой позиции, обозначенной буквой, подберите соответствующую позицию, обозначенную цифрой. ВЕЩЕСТВО A) хлор Б) оксид натрия В) оксид азота(V) Г) натрий ТИП ХИМИЧЕСКОЙ СВЯЗИ 1) ионная 2) ковалентная полярная 3) ковалентная неполярная 4) металлическая 5) водородная Запишите в ответ цифры, расположив их в порядке, ",Нет,Нет
vpr_sd_945498,chemistry,8,"Превращение одних веществ в другие называется химической реакцией. Из представленных ниже рисунков выберите тот, на котором изображено протекание химической реакции.",Нет,Да
vpr_sd_945479,chemistry,8,"В таблице приведены названия и химические формулы некоторых газообразных веществ. № п/п | Название вещества | Формула | Молярная масса, г/моль // 1 | Гелий | | // 2 | Фтор | | Используя предложенные Вам справочные материалы, вычислите молярные массы каждого из газов и запишите полученные данные в таблицу.",Нет,Нет
vpr_sd_945472,chemistry,8,"Каким из приведённых в таблице газов следует наполнить шарик с практически невесомой оболочкой, чтобы он оказался легче воздуха и смог взлететь? (Средняя молярная масса воздуха равна 29 г/моль.) Укажите номер вещества и объясните сделанный вами выбор.",Нет,Нет
vpr_sd_946060,chemistry,8,"Даны два химических элемента А и В. Известно, что в атоме элемента А содержится в основном состоянии 37 электронов, а в атоме элемента В все электроны расположены на трёх энергетических уровнях и число валентных электронов в основном состоянии равно пяти. 1) Используя Периодическую систему химических элементов Д. И. Менделеева, определите химические элементы А и В. 2) Укажите номер периода и номер",Нет,Нет
vpr_sd_945635,chemistry,8,"Ниже даны описания двух химических превращений с участием веществ, перечень которых был приведён в задании 6: (1) цинк + хлороводород (р-р) → хлорид цинка + водород; (2) гидроксид железа(III) → оксид железа(III) + вода.",Нет,Нет
vpr_sd_945502,chemistry,8,Установите соответствие между названием химического вещества и областью его применения. К каждому элементу первого столбца подберите соответствующий элемент из второго столбца. НАЗВАНИЕ СОЕДИНЕНИЯ А) алюминий Б) водород В) вода Г) гидроксид натрия ОБЛАСТЬ ПРИМЕНЕНИЕ 1) средство для прочистки труб («каустическая сода») 2) газ для обеспечения дыхания водолазов 3) жидкость для полива растений 4) комп,Нет,Нет
vpr_sd_946123,chemistry,8,"Даны два химических элемента А и В. Известно, что в атоме элемента А все электроны в основном состоянии расположены на трёх энергетических уровнях и число валентных электронов равно двум, а в атоме элемента В — 35 протонов. 1) Используя Периодическую систему химических элементов Д. И. Менделеева, определите химические элементы А и В. 2) Укажите номер периода и номер группы в Периодической системе ",Нет,Нет
vpr_sd_945515,chemistry,8,"Даны два химических элемента А и В . Известно, что в атоме элемента А суммарно содержится 19 электронов, а в атоме элемента Б — на 5 протонов меньше. 4.1. Используя Периодическую систему химических элементов Д. И. Менделеева, определите химические элементы А и В . 4.2. Укажите номер периода и номер группы в Периодической системе химических элементов Д. И. Менделеева, в которых расположен каждый эл",Нет,Нет
vpr_sd_946157,chemistry,8,"Даны два химических элемента А и В. Известно, что в атоме элемента А 51 протон, а в атоме элемента В — 14 электронов в основном состоянии. 1) Используя Периодическую систему химических элементов Д. И. Менделеева, определите химические элементы А и В. 2) Укажите номер периода и номер группы в Периодической системе химических элементов Д. И. Менделеева, в которых расположен каждый элемент. 3) Устано",Нет,Нет
vpr_sd_945873,chemistry,8,"Даны два химических элемента А и В. Известно, что в атоме элемента А все электроны в основном состоянии расположены на трёх энергетических уровнях и число валентных электронов равно трём, а в атоме элемента В — 7 электронов. 1) Используя Периодическую систему химических элементов Д. И. Менделеева, определите химические элементы А и В. 2) Укажите номер периода и номер группы в Периодической системе",Нет,Нет
vpr_sd_944766,chemistry,8,"Даны два химических элемента А и В . Известно, что в атоме элемента А содержится 13 протонов, а в атоме элемента B — на 2 протона больше. 4.1. Используя Периодическую систему химических элементов Д. И. Менделеева, определите химические элементы А и В . 4.2. Укажите номер периода и номер группы в Периодической системе химических элементов Д. И. Менделеева, в которых расположен каждый элемент. 4.3. ",Нет,Нет
vpr_sd_945818,chemistry,8,"Даны два химических элемента А и В. Известно, что в атоме элемента А есть 5 валентных электронов, и все электроны элемента в основном состоянии расположены на трёх энергетических уровнях, а в атоме элемента В — 50 протонов. 1) Используя Периодическую систему химических элементов Д. И. Менделеева, определите химические элементы А и В. 2) Укажите номер периода и номер группы в Периодической системе ",Нет,Нет
vpr_sd_946081,chemistry,8,"Даны два химических элемента А и В. Известно, что в атоме элемента А все электроны в основном состоянии расположены на шести энергетических уровнях и число валентных электронов равно двум, а в атоме элемента В — 14 протонов. 1) Используя Периодическую систему химических элементов Д. И. Менделеева, определите химические элементы А и В. 2) Укажите номер периода и номер группы в Периодической системе",Нет,Нет
vpr_sd_946047,chemistry,8,"Даны два химических элемента А и В. Известно, что в атоме элемента А содержится в основном состоянии 6 электронов, а в атоме элемента В все электроны расположены на пяти энергетических уровнях и число валентных электронов в основном состоянии равно двум. 1) Используя Периодическую систему химических элементов Д. И. Менделеева, определите химические элементы А и В. 2) Укажите номер периода и номер ",Нет,Нет
vpr_sd_945763,chemistry,8,"Даны два химических элемента А и В. Известно, что в атоме элемента А в основном состоянии находится 55 электронов, а в атоме элемента В — 51 протон. 1) Используя Периодическую систему химических элементов Д. И. Менделеева, определите химические элементы А и В. 2) Укажите номер периода и номер группы в Периодической системе химических элементов Д. И. Менделеева, в которых расположен каждый элемент.",Нет,Нет
vpr_sd_945535,chemistry,8,"Даны два химических элемента А и В . Известно, что в атоме элемента А содержится 12 протонов, а в атоме элемента Б — на 3 протона больше. 4.1. Используя Периодическую систему химических элементов Д. И. Менделеева, определите химические элементы А и В . 4.2. Укажите номер периода и номер группы в Периодической системе химических элементов Д. И. Менделеева, в которых расположен каждый элемент. 4.3. ",Нет,Нет
vpr_sd_945839,chemistry,8,"Даны два химических элемента А и В. Известно, что в атоме элемента А содержится 34 протона, а в атоме элемента В — 37 электронов. 1) Используя Периодическую систему химических элементов Д. И. Менделеева, определите химические элементы А и В. 2) Укажите номер периода и номер группы в Периодической системе химических элементов Д. И. Менделеева, в которых расположен каждый элемент. 3) Установите, мет",Нет,Нет
vpr_sd_945797,chemistry,8,"Даны два химических элемента А и В. Известно, что в атоме элемента А есть 6 валентных электронов, и все электроны элемента в основном состоянии расположены на трёх энергетических уровнях, а в атоме элемента В — 34 протона. 1) Используя Периодическую систему химических элементов Д. И. Менделеева, определите химические элементы А и В. 2) Укажите номер периода и номер группы в Периодической системе х",Нет,Нет
vpr_sd_945700,chemistry,8,"Даны два химических элемента А и В. Известно, что в атоме элемента А все электроны в основном состоянии расположены на четырёх энергетических уровнях и число валентных электронов равно шести, а в атоме элемента В — 20 электронов. 1) Используя Периодическую систему химических элементов Д. И. Менделеева, определите химические элементы А и В. 2) Укажите номер периода и номер группы в Периодической си",Нет,Нет
vpr_sd_944809,chemistry,8,"Даны два химических элемента А и В . Известно, что в атоме элемента А содержится 14 протонов, а в атоме элемента B — на два протона меньше. 4.1. Используя Периодическую систему химических элементов Д. И. Менделеева, определите химические элементы А и В . 4.2. Укажите номер периода и номер группы в Периодической системе химических элементов Д. И. Менделеева, в которых расположен каждый элемент. 4.3",Нет,Нет
vpr_sd_946136,chemistry,8,"Даны два химических элемента А и В. Известно, что в атоме элемента А все электроны в основном состоянии расположены на четырёх энергетических уровнях и число валентных электронов равно одному, а в атоме элемента В — 15 протонов. 1) Используя Периодическую систему химических элементов Д. И. Менделеева, определите химические элементы А и В. 2) Укажите номер периода и номер группы в Периодической сис",Нет,Нет
vpr_sd_945473,chemistry,8,"Даны два химических элемента А и В . Известно, что в атоме элемента А содержится 14 электронов, а в атоме элемента B — 20 протонов. 4.1. Используя Периодическую систему химических элементов Д. И. Менделеева, определите химические элементы А и В . 4.2. Укажите номер периода и номер группы в Периодической системе химических элементов Д. И. Менделеева, в которых расположен каждый элемент. 4.3. Устано",Нет,Нет
vpr_sd_945721,chemistry,8,"Даны два химических элемента А и В. Известно, что в атоме элемента А в основном состоянии находится 38 электронов, а в атоме элемента В — 53 протона. 1) Используя Периодическую систему химических элементов Д. И. Менделеева, определите химические элементы А и В. 2) Укажите номер периода и номер группы в Периодической системе химических элементов Д. И. Менделеева, в которых расположен каждый элемент",Нет,Нет
vpr_sd_945776,chemistry,8,"Даны два химических элемента А и В. Известно, что в атоме элемента А есть 2 валентных электрона, и все электроны элемента в основном состоянии расположены на пяти энергетических уровнях, а в атоме элемента В — 53 протона. 1) Используя Периодическую систему химических элементов Д. И. Менделеева, определите химические элементы А и В. 2) Укажите номер периода и номер группы в Периодической системе хи",Нет,Нет
vpr_sd_944885,chemistry,8,"Даны два химических элемента А и Б . Известно, что в атоме элемента А суммарно содержится 32 протона и электрона, а в атоме элемента Б — 13 протонов. 1) Используя Периодическую систему химических элементов Д. И. Менделеева, определите химические элементы А и Б . 2) Укажите номер периода и номер группы в Периодической системе химических элементов Д. И. Менделеева, в которых расположен каждый элемен",Нет,Нет
vpr_sd_945911,chemistry,8,"Даны два химических элемента А и Б. Известно, что в атоме элемента А содержится 12 протонов, а в атоме элемента Б — 16 электронов. 1) Используя Периодическую систему химических элементов Д. И. Менделеева, определите химические элементы А и Б. 2) Укажите номер периода и номер группы в Периодической системе химических элементов Д. И. Менделеева, в которых расположен каждый элемент. 3) Установите, ме",Нет,Нет
vpr_sd_945666,chemistry,8,"Даны два химических элемента А и В. Известно, что в атоме элемента А все электроны в основном состоянии расположены на двух энергетических уровнях и число валентных электронов равно четырём, а в атоме элемента В — 19 протонов. 1) Используя Периодическую систему химических элементов Д. И. Менделеева, определите химические элементы А и В. 2) Укажите номер периода и номер группы в Периодической систе",Нет,Нет
vpr_sd_945582,chemistry,8,"Даны два химических элемента А и В . Известно, что в атоме элемента А содержится 13 протонов, а в атоме элемента Б — 16 электронов. 4.1. Используя Периодическую систему химических элементов Д. И. Менделеева, определите химические элементы А и В . 4.2. Укажите номер периода и номер группы в Периодической системе химических элементов Д. И. Менделеева, в которых расположен каждый элемент. 4.3. Устано",Нет,Нет
vpr_sd_945494,chemistry,8,"Даны два химических элемента А и В . Известно, что в атоме элемента А содержится суммарно содержится 38 протонов и электронов, а в атоме элемента Б — 17 протонов. 4.1. Используя Периодическую систему химических элементов Д. И. Менделеева, определите химические элементы А и В . 4.2. Укажите номер периода и номер группы в Периодической системе химических элементов Д. И. Менделеева, в которых располо",Нет,Нет
vpr_sd_945894,chemistry,8,"Даны два химических элемента А и В. Известно, что в атоме элемента А содержится 17 протонов, а в атоме элемента В — 11 электронов. 1) Используя Периодическую систему химических элементов Д. И. Менделеева, определите химические элементы А и В. 2) Укажите номер периода и номер группы в Периодической системе химических элементов Д. И. Менделеева, в которых расположен каждый элемент. 3) Установите, ме",Нет,Нет
vpr_sd_945643,chemistry,8,"Даны два химических элемента А и В . Известно, что в атоме элемента А содержится 11 электронов, а в атоме элемента Б — на 5 электронов больше. 4.1. Используя Периодическую систему химических элементов Д. И. Менделеева, определите химические элементы А и В . 4.2. Укажите номер периода и номер группы в Периодической системе химических элементов Д. И. Менделеева, в которых расположен каждый элемент. ",Нет,Нет
vpr_sd_945656,chemistry,8,"Даны два химических элемента А и В . Известно, что в атоме элемента А содержится 12 протонов, а в атоме элемента B — протонов в два раза меньше. 4.1. Используя Периодическую систему химических элементов Д. И. Менделеева, определите химические элементы А и В . 4.2. Укажите номер периода и номер группы в Периодической системе химических элементов Д. И. Менделеева, в которых расположен каждый элемент",Нет,Нет
vpr_sd_945603,chemistry,8,"Даны два химических элемента А и В . Известно, что в атоме элемента А содержится 19 электронов, а в атоме элемента Б — на 5 протонов меньше. 4.1. Используя Периодическую систему химических элементов Д. И. Менделеева, определите химические элементы А и В . 4.2. Укажите номер периода и номер группы в Периодической системе химических элементов Д. И. Менделеева, в которых расположен каждый элемент. 4.",Нет,Нет
vpr_sd_946102,chemistry,8,"Даны два химических элемента А и В. Известно, что в атоме элемента А все электроны в основном состоянии расположены на четырёх энергетических уровнях и число валентных электронов равно двум, а в атоме элемента В — 16 протонов. 1) Используя Периодическую систему химических элементов Д. И. Менделеева, определите химические элементы А и В. 2) Укажите номер периода и номер группы в Периодической систе",Нет,Нет
vpr_sd_945548,chemistry,8,"Даны два химических элемента А и В . Известно, что в атоме элемента А содержится 20 электронов, а в атоме элемента Б — на 5 электронов меньше. 4.1. Используя Периодическую систему химических элементов Д. И. Менделеева, определите химические элементы А и В . 4.2. Укажите номер периода и номер группы в Периодической системе химических элементов Д. И. Менделеева, в которых расположен каждый элемент. ",Нет,Нет
vpr_sd_945877,chemistry,8,"Превращение одних веществ в другие называется химической реакцией. Из представленных ниже рисунков выберите тот, на котором изображено протекание химической реакции (рисунок 1 — квашение капусты, рисунок 2 — огранка алмаза, рисунок 3 — испарение воды). Объясните сделанный вами выбор.",Нет,Да
vpr_sd_945727,chemistry,8,"В таблице приведены названия и химические формулы некоторых кислот. № п/п | Название кислоты | Формула | Молярная масса, г/моль // 1 | Бромоводородная кислота | | // 2 | Сернистая кислота | | Используя предложенные вам справочные материалы, вычислите молярные массы каждой из кислот и запишите полученные данные в таблицу.",Нет,Нет
vpr_sd_945720,chemistry,8,Из списка кислот п. 3.1 выберите двухосновную кислоту. Запишите номер кислоты.,Нет,Нет
vpr_sd_945474,chemistry,8,Восьмиклассница Лена выпила за завтраком 150 г апельсинового сока.,Нет,Нет
vpr_sd_946139,chemistry,8,"Имеется следующий перечень химических веществ: барий, кислород, азот, криптон, оксид бария, оксид углерода(IV), карбонат бария.",Нет,Нет
vpr_sd_945831,chemistry,8,"Ниже даны словесные описания двух химических превращений с участием веществ, перечень которых был приведён в задании 6: (1) оксид железа(III) + углерод → железо + оксид углерода(II); (2) оксид железа(III) + соляная кислота → хлорид железа(III) + вода.",Нет,Нет
vpr_sd_945881,chemistry,8,Установите соответствие между названием химического вещества и областью его применения. К каждому элементу первого столбца подберите соответствующий элемент из второго столбца. ВЕЩЕСТВО А) аммиак Б) хлорид натрия В) пероксид водорода Г) диоксид кремния ПРИМЕНЕНИЕ 1) при производстве пластмасс 2) в качестве отбеливателя 3) при производстве удобрений 4) при производстве стекла 5) при производстве хл,Нет,Нет
vpr_sd_945647,chemistry,8,"Превращение одних веществ в другие называется химической реакцией. Из представленных ниже рисунков выберите тот, на котором изображено протекание химической реакции. Напишите номер выбранного процесса и объясните сделанный вами выбор.",Нет,Да
vpr_sd_945713,chemistry,8,"Ниже даны словесные описания двух химических превращений с участием веществ, перечень которых был приведён в задании 6: (1) сера + кислород → оксид серы(IV); (2) сульфит натрия + серная кислота → сульфат натрия + оксид серы(IV) + вода.",Нет,Нет
vpr_sd_944838,chemistry,8,Установите соответствие между названием химического вещества и областью его применения. К каждому элементу первого столбца подберите соответствующий элемент из второго столбца. НАЗВАНИЕ СОЕДИНЕНИЯ А) хлор Б) серная кислота В) гидроксид натрия Г) вода ОБЛАСТЬ ПРИМЕНЕНИЕ 1) газ для дыхания водолазов в аквалангах 2) реагент для чистки труб («каустическая сода») 3) жидкость для тушения пожаров 4) газ ,Нет,Нет
vpr_sd_945503,chemistry,8,"Из приведённого списка выберите верные суждения о правилах поведения в химической лаборатории и обращения с химическими веществами в быту. В ответе запишите цифры, под которыми они указаны. (В задании может быть несколько верных суждений.) 1) В лаборатории запрещено трогать вещества руками. 2) В домашних условиях готовить растворы уксусной, лимонной и других кислот в алюминиевой посуде не рекоменд",Нет,Нет
vpr_sd_945660,chemistry,8,"Превращение одних веществ в другие называется химической реакцией. Укажите, в ходе какого из приведённых ниже процессов протекает химическая реакция. 1. Северное сияние. 2. Гниение фруктов при длительном хранении. 3. Появление изморози на окнах в зимнее время. Напишите номер выбранного процесса и объясните сделанный вами выбор.",Нет,Нет
vpr_sd_945241,chemistry,8,"Какой из приведённых в таблице газов имеет при заданных условиях такую же плотность, как и веселящий газ молярная масса которого равна 44 г/моль? Укажите номер вещества.",Нет,Нет
vpr_sd_945659,chemistry,8,"Имеется следующий перечень химических веществ: оксид кальция, оксид углерода(IV), карбонат кальция, алюминий, сульфат железа(II), сульфат алюминия, железо.",Нет,Нет
vpr_sd_945789,chemistry,8,"Ниже даны словесные описания двух химических превращений с участием веществ, перечень которых был приведён в задании 6: (1) натрий + иод → иодид натрия; (2) алюминий + соляная кислота → хлорид алюминия + водород.",Нет,Нет
vpr_sd_946069,chemistry,8,"Из приведённого списка выберите верные суждения о способах разделения смесей. В ответе запишите цифры, под которыми они указаны. (В задании может быть несколько верных суждений.) 1) Перегонка является химическим способом разделения смесей. 2) Очистить морскую воду от растворённых в ней солей можно с помощью фильтрования. 3) Для разделения смеси речного песка и железных опилок можно использовать ма",Нет,Нет
vpr_sd_944792,chemistry,8,"Из представленных ниже рисунков выберите тот, на котором изображено протекание химической реакции. Напишите номер выбранного рисунка и объясните сделанный вами выбор.",Нет,Да
vpr_sd_945458,chemistry,8,"В таблице приведены названия и химические формулы некоторых газообразных веществ. № п/п | Название вещества | Формула | Молярная масса, г/моль // 1 | Неон | | // 2 | Веселящий газ | | Используя предложенные Вам справочные материалы, вычислите молярные массы каждого из газов и запишите полученные данные в таблицу.",Нет,Нет
vpr_sd_945459,chemistry,8,"Каким из приведённых в таблице газов следует наполнить шарик с практически невесомой оболочкой, чтобы он оказался тяжелее воздуха и не смог взлететь? (Средняя молярная масса воздуха равна 29 г/моль.) Укажите номер вещества и объясните сделанный вами выбор.",Нет,Нет
vpr_sd_945889,chemistry,8,"Имеется следующий перечень химических веществ: бром, магний, натрий, водород, бромид натрия, гидроксид натрия, хлорид аммония.",Нет,Нет
vpr_sd_945651,chemistry,8,"Установите соответствие между названием химического вещества и областью его применения. К каждому элементу первого столбца подберите соответствующий элемент из второго столбца. НАЗВАНИЕ ВЕЩЕСТВА А) железо Б) серебро В) хлорид натрия Г) сульфат бария ОБЛАСТЬ ПРИМЕНЕНИЕ 1) пищевая добавка в кулинарии («соль») 2) производство сплавов (чугуна, стали и др.) 3) жидкость для тушения пожаров 4) в ювелирно",Нет,Нет
vpr_sd_945667,chemistry,8,"Рабочие переработали 480 кг родохрозита (горной породы) с целью получения марганца. Используя данные приведённой ниже таблицы, определите, какую массу марганца добыли рабочие за смену. Ответ подтвердите расчётом. Содержание марганца в некоторых рудах Минерал | Пиролюзит | Манганит | Браунит | Родохрозит | Пурпурит // Массовая доля марганца, % | 63,20 | 62,50 | 69,50 | 47,80 | 36,65",Нет,Нет
vpr_sd_946172,chemistry,8,Рабочие переработали 480 кг родохрозита (горной породы) с целью получения марганца. Какую долю суточной выработки (700 кг) составляет добытое количество марганца? Ответ подтвердите расчётом. Ответ округлите до сотых процента.,Нет,Нет
vpr_sd_945549,chemistry,8,Восьмиклассница Маша выпила за ужином один стакан (250 г) кефира.,Нет,Нет
vpr_sd_946137,chemistry,8,"Рабочие переработали 620 кг кадмоселита (горной породы) с целью получения кадмия. Используя данные приведённой ниже таблицы, определите, какую массу кадмия добыли рабочие за смену. Ответ подтвердите расчётом. Содержание кадмия в некоторых рудах Минерал | Гринокит | Хоулиит | Монтепонит | Кадмоселит | Ксантохроит // Массовая доля кадмия, % | 77,80 | 77,65 | 87,51 | 47,00 | 77,20",Нет,Нет
vpr_sd_946138,chemistry,8,Рабочие переработали 620 кг кадмоселита (горной породы) с целью получения кадмия. Какую долю суточной выработки (380 кг) составляет добытое количество кадмия? Ответ подтвердите расчётом. Ответ округлите до сотых процента.,Нет,Нет
vpr_sd_944886,chemistry,8,Восьмиклассник Михаил съел за обедом 150 г отварного картофеля.,Нет,Нет
vpr_sd_945853,chemistry,8,"Школьница Юля на обед взяла с собой 120 г картофельного пюре и 100 г куриного филе. Используя данные приведённой ниже таблицы, определите, какую массу жиров получил при этом организм девушки. Ответ подтвердите расчётом. Содержание жиров в некоторых продуктах Продукт | Куриное филе | Куриное яйцо | Картофельное пюре | Пшеничный хлеб | Сметана // Массовая доля жиров, % | 1,9 | 11,5 | 4,2 | 1,0 | 20,",Нет,Нет
vpr_sd_945854,chemistry,8,Школьница Юля на обед взяла с собой 120 г картофельного пюре и 100 г куриного филе. Какую долю суточной физиологической нормы (70 г) составляет потреблённое Юлей количество жиров? Ответ подтвердите расчётом. Ответ округлите до сотых процента.,Нет,Нет
vpr_sd_945636,chemistry,8,Восьмиклассница Юля выпила за завтраком 200 г сока чёрной смородины.,Нет,Нет
vpr_sd_946158,chemistry,8,"Рабочие переработали 610 кг поллуцита (горной породы) с целью получения цезия. Используя данные приведённой ниже таблицы, определите, какую массу цезия добыли рабочие за смену. Ответ подтвердите расчётом. Содержание цезия в некоторых рудах Минерал | Поллуцит | Морганит | Родицит | Авогадрит | Лепидолит // Массовая доля цезия, % | 35,28 | 3,14 | 4,89 | 0,85 | 0,89",Нет,Нет
vpr_sd_946159,chemistry,8,Рабочие переработали 610 кг поллуцита (горной породы) с целью получения цезия. Какую долю суточной выработки (530 кг) составляет добытое количество цезия? Ответ подтвердите расчётом. Ответ округлите до сотых процента.,Нет,Нет
vpr_sd_944831,chemistry,8,Восьмиклассница Нина выпила после обеда 200 г компота из вишни.,Нет,Нет
vpr_sd_945551,chemistry,8,"Имеется следующий перечень химических веществ: водород, кислород, вода, нитрат кальция, карбонат калия, карбонат кальция, нитрат калия.",Нет,Нет
vpr_sd_945734,chemistry,8,"Ниже даны словесные описания двух химических превращений с участием веществ, перечень которых был приведён в задании 6: (1) водород + хлор → соляная кислота; (2) гидроксокарбонат меди(II) + соляная кислота → хлорид меди(II) + оксид углерода(IV) + вода.",Нет,Нет
vpr_sd_945826,chemistry,8,"Установите соответствие между химическим элементом и его возможными алло-тропными модификациями: к каждой позиции, обозначенной буквой, подберите соответствующую позицию, обозначенную цифрой. ХИМИЧЕСКИЙ ЭЛЕМЕНТ А) углерод Б) сера В) мышьяк Г) фосфор АЛЛОТРОПНЫЕ МОДИФИКАЦИИ 1) жёлтый, серый 2) ромбическая, моноклинная 3) белый, красный 4) графит, фуллерен 5) кристаллический, аморфный Запишите в отв",Нет,Да
vpr_sd_945669,chemistry,8,Какие вещества изображены на рисунках? Для каждого вещества укажите его химическое название и формулу в формате: Рис. 1: ___________________________(название) __________________(формула). Рис. 2: ___________________________(название) __________________(формула). Рис. 3: ___________________________(название) __________________(формула).,Нет,Нет
vpr_sd_945456,chemistry,8,"Превращение одних веществ в другие называется химической реакцией. Укажите, в ходе какого из приведённых ниже процессов протекает химическая реакция. 1. При нагревании воды в чайнике образуется накипь. 2. При нагревании кристаллов иода выделяются пары фиолетового цвета. 3. При нагревании многие пластмассы плавятся. Напишите номер выбранного процесса и объясните сделанный вами выбор.",Нет,Нет
vpr_sd_944828,chemistry,8,"В таблице приведены названия и химические формулы некоторых газообразных веществ. № п/п | Название вещества | Формула | Молярная масса, г/моль // 1 | Аргон | | // 2 | Кислород | | Используя предложенные Вам справочные материалы, вычислите молярные массы каждого из газов и запишите полученные данные в таблицу.",Нет,Нет
vpr_sd_944829,chemistry,8,"Каким из приведённых в таблице газов следует наполнить шарик с практически невесомой оболочкой, чтобы он оказался существенно легче воздуха и смог взлететь? (Средняя молярная масса воздуха равна 29 г/моль.) Укажите номер вещества.",Нет,Нет
vpr_sd_945455,chemistry,8,"Имеется следующий перечень химических веществ: фосфор, кислород, оксид фосфора(V), медь, нитрат серебра, нитрат меди(II), серебро.",Нет,Нет
vpr_sd_944801,chemistry,8,"Ниже даны описания двух химических превращений с участием веществ, перечень которых был приведён в задании 6: (1) железо + сера → сульфид железа(II); (2) гидроксид бария + хлороводород (р-р) → хлорид бария + вода.",Нет,Нет
vpr_sd_945568,chemistry,8,"Ниже даны описания двух химических превращений с участием веществ, перечень которых был приведён в задании 6: (1) железо + хлороводород (р-р) → хлорид железа(II) + водород; (2) хлорид кальция + карбонат натрия → карбонат кальция + хлорид натрия.",Нет,Нет
vpr_sd_945460,chemistry,8,Установите соответствие между названием химического вещества и областью его применения. К каждому элементу первого столбца подберите соответствующий элемент из второго столбца. НАЗВАНИЕ СОЕДИНЕНИЯ А) магний Б) водород В) хлороводород (раствор) Г) гидроксид кальция ОБЛАСТЬ ПРИМЕНЕНИЕ 1) в строительстве («гашёная известь») 2) газ для обеспечения дыхания водолазов 3) для травления металлических повер,Нет,Нет
vpr_sd_944834,chemistry,8,"Превращение одних веществ в другие называется химической реакцией. Укажите, в каком из приведённых ниже процессов протекает химическая реакция. Укажите номер выбранного процесса и объясните сделанный вами выбор. 1. При нагревании вода в чайнике закипает. 2. При нагревании воск свечи плавится («оплывает»). 3. При сильном нагревании крахмал обугливается.",Нет,Нет
vpr_sd_946064,chemistry,8,"Превращение одних веществ в другие называется химической реакцией. Из представленных ниже рисунков выберите тот, на котором изображено протекание химической реакции (сбор зерна, появление радуги, потребление удобрений растениями). Объясните сделанный вами выбор.",Нет,Да
vpr_sd_946163,chemistry,8,"В таблице приведены названия и химические формулы некоторых кислот. № п/п | Название кислоты | Формула | Молярная масса, г/моль // 1 | Соляная кислота | | // 2 | Азотистая кислота | | Используя предложенные вам справочные материалы, вычислите молярные массы каждой из кислот и запишите полученные данные в таблицу.",Нет,Нет
vpr_sd_946156,chemistry,8,Из списка кислот п. 3.1 выберите двухосновную кислоту. Запишите номер оксида.,Нет,Нет
vpr_sd_945892,chemistry,8,"В таблице приведены названия и химические формулы некоторых газообразных веществ. № п/п | Название вещества | Формула | Молярная масса, г/моль // 1 | Аммиак | | // 2 | Сернистый газ | | Используя предложенные вам справочные материалы, вычислите молярные массы каждого из газов и запишите полученные данные в таблицу.",Нет,Нет
vpr_sd_944814,english,11,"Вы услышите диалог. Запишите в поле ответа цифру 1, 2 или 3, соответствующую выбранному Вами варианту ответа. Вы услышите запись дважды. Who likes surfing? 1) Amanda 2) Trevor 3) Both",Да,Нет
vpr_sd_944815,english,11,"Вы услышите диалог. Запишите в поле ответа цифру 1, 2 или 3, соответствующую выбранному Вами варианту ответа. Вы услышите запись дважды. How often does Trevor go to the beach? 1) Every day. 2) Every weekend. 3) Very seldom.",Да,Нет
vpr_sd_944808,english,11,"Вы услышите диалог. Запишите в поле ответа цифру 1, 2 или 3, соответствующую выбранному Вами варианту ответа. Вы услышите запись дважды. How old is Trevor? 1) 10 2) 15 3) 25",Да,Нет
vpr_sd_944809,english,11,"Вы услышите диалог. Запишите в поле ответа цифру 1, 2 или 3, соответствующую выбранному Вами варианту ответа. Вы услышите запись дважды. For how long has Trevor been practising surfing? 1) 25 years 2) 10 years 3) 15 years",Да,Нет
vpr_sd_944810,english,11,"Вы услышите диалог. Запишите в поле ответа цифру 1, 2 или 3, соответствующую выбранному Вами варианту ответа. Вы услышите запись дважды. Trevor says that Australian beaches as compared with other countries … 1) are smaller. 2) are bigger. 3) lack sand",Да,Нет
vpr_sd_945182,english,11,"Установите соответствие между текстами и рубриками, выбрав рубрику из выпадающего списка. Используйте каждую рубрику только один раз. В задании одна рубрика лишняя. Выпадающий список: 1. Jobs 2. Food 3. Transport 4. Free time 5. Education 6. History A. A full course of study at the Russian school takes 11 years. It aims to develop the abilities that will allow a student to adapt to life in society",Нет,Нет
vpr_sd_944637,english,11,"Преобразуйте, если это необходимо, слово FOUND так, чтобы оно грамматически соответствовало содержанию текста. Vladimir Vladimir is one of the cities which belong to the Golden Ring. It _____________ in 990. It is one of the oldest cities in Russia and a must-see for anyone who is interested in Russian history.",Нет,Нет
vpr_sd_945548,english,11,"Преобразуйте, если это необходимо, слово FOOT так, чтобы оно грамматически соответствовало содержанию текста. Thanks to unique qualities of the sheep’s wool, __________________ stay in comfort all day long.",Нет,Нет
vpr_sd_944613,english,11,"Преобразуйте, если это необходимо, слово CHILD так, чтобы оно грамматически соответствовало содержанию текста. The morning of 9 May begins with the Victory Parade on Red Square in Moscow, _____________ especially enjoy the parade because it is a spectacular event.",Нет,Нет
vpr_sd_944614,english,11,"Преобразуйте, если это необходимо, слово THEY так, чтобы оно грамматически соответствовало содержанию текста. You can see soldiers and cadets in _____________ uniforms as well as modern military equipment.",Нет,Нет
vpr_sd_944760,english,11,"Преобразуйте, если это необходимо, слово IT так, чтобы оно грамматически соответствовало содержанию текста. The main reason tourists from all over the world visit Altai is __________________ magnificent nature. You can choose many different ways to enjoy the local landscapes, for example, it can be a horseback riding tour.",Нет,Нет
vpr_sd_945444,english,11,"Преобразуйте, если это необходимо, слово SHOW так, чтобы оно грамматически соответствовало содержанию текста. The parade __________________ on TV so that the whole country can enjoy the spectacular sight.",Нет,Нет
vpr_sd_944862,english,11,"Прочитайте текст и заполните пропуски 13−18 словами, напечатанными в правой колонке под цифрами 1−8. Каждое из этих слов может быть использовано только один раз. В ответе укажите цифры, под которыми значатся выбранные Вами слова. Два слова в этом списке 1−8 лишние. Twenty-first century cowboys What do you know about twenty-first century cowboys? Cowboys have always had a 13 ______ image. 1. hard 2",Нет,Нет
vpr_sd_944863,english,11,"Прочитайте текст и заполните пропуски 13−18 словами, напечатанными в правой колонке под цифрами 1−8. Каждое из этих слов может быть использовано только один раз. В ответе укажите цифры, под которыми значатся выбранные Вами слова. Два слова в этом списке 1−8 лишние. When people first watched Hollywood films, being a cowboy wasn’t a 14 ______. 1. hard 2. hobby 3. job 4. interesting 5. modern 6. roma",Нет,Нет
vpr_sd_944856,english,11,"Прочитайте текст и заполните пропуски 13−18 словами, напечатанными в правой колонке под цифрами 1−8. Каждое из этих слов может быть использовано только один раз. В ответе укажите цифры, под которыми значатся выбранные Вами слова. Два слова в этом списке 1−8 лишние. It was a life of adventure, freedom, horses. It was a classic 15 ______ of the United States of America. In reality, American cowboys ",Нет,Нет
vpr_sd_944857,english,11,"Прочитайте текст и заполните пропуски 13−18 словами, напечатанными в правой колонке под цифрами 1−8. Каждое из этих слов может быть использовано только один раз. В ответе укажите цифры, под которыми значатся выбранные Вами слова. Два слова в этом списке 1−8 лишние. The adventure and romance have disappeared but the 16 ______ work and long hours are the same as they’ve always been. 1. hard 2. hobby",Нет,Нет
vpr_sd_944858,english,11,"Прочитайте текст и заполните пропуски 13−18 словами, напечатанными в правой колонке под цифрами 1−8. Каждое из этих слов может быть использовано только один раз. В ответе укажите цифры, под которыми значатся выбранные Вами слова. Два слова в этом списке 1−8 лишние. It’s also difficult to define a twenty-first century cowboy. Surely it can’t be the big cattle owners who do business with a seventy-b",Нет,Нет
vpr_sd_944859,english,11,"Прочитайте текст и заполните пропуски 13−18 словами, напечатанными в правой колонке под цифрами 1−8. Каждое из этих слов может быть использовано только один раз. В ответе укажите цифры, под которыми значатся выбранные Вами слова. Два слова в этом списке 1−8 лишние. But even some of the old 18 ______ cattle ranches make more money nowadays by offering holidays to tourists. 1. hard 2. hobby 3. job 4",Нет,Нет
vpr_sd_945483,english,11,"Imagine that you are preparing a project with your friend. You have found some interesting material for the presentation and you want to read this text to your friend. You have 2 minutes to read the text silently, then be ready to read it out aloud. You will not have more than 2 minutes to read it. A cave is a natural area or space under the surface of the Earth. You can find caves in any part of ",Нет,Нет
vpr_sd_944246,english,11,These are photos from your photo album. Choose one photo to describe to your friend. 1 2 3 You will have to start speaking in 2 minutes and will speak for not more than 2 minutes (12–15 sentences). In your talk remember to speak about: — where and when the photo was taken; — what/who is in the photo; — what is happening; — why you keep the photo in your album; — why you decided to show the picture,Нет,Да
vpr_sd_945517,english,11,"Вы услышите диалог. Запишите в поле ответа цифру 1, 2 или 3, соответствующую выбранному Вами варианту ответа. Вы услышите запись дважды. Who is going to have a test in History? 1) Mary 2) James 3) Both",Да,Нет
vpr_sd_945518,english,11,"Вы услышите диалог. Запишите в поле ответа цифру 1, 2 или 3, соответствующую выбранному Вами варианту ответа. Вы услышите запись дважды. Who thinks Mary’s parents did a good thing? 1) Mary 2) James 3) Both",Да,Нет
vpr_sd_945519,english,11,"Вы услышите диалог. Запишите в поле ответа цифру 1, 2 или 3, соответствующую выбранному Вами варианту ответа. Вы услышите запись дважды. Who thinks beige is a good colour for a room? 1) Mary 2) James 3) Both",Да,Нет
vpr_sd_945512,english,11,"Вы услышите диалог. Запишите в поле ответа цифру 1, 2 или 3, соответствующую выбранному Вами варианту ответа. Вы услышите запись дважды. Who has read about popular colours in a magazine? 1) Mary 2) James 3) Neither",Да,Нет
vpr_sd_945513,english,11,"Вы услышите диалог. Запишите в поле ответа цифру 1, 2 или 3, соответствующую выбранному Вами варианту ответа. Вы услышите запись дважды. Who is inviting guests next weekend? 1) Mary 2) James 3) Both",Да,Нет
vpr_sd_945634,english,11,"Установите соответствие между текстами и рубриками, выбрав рубрику из выпадающего списка. Используйте каждую рубрику только один раз. В задании одна рубрика лишняя. Выпадающий список: 1. Sport 2. Literature 3. Travel industry 4. Shops 5. Transport 6. Hobbies A. Ecotourism is becoming more and more popular in Russia. The cultural and environmental heritage of the country is so rich and various, tha",Нет,Нет
vpr_sd_944764,english,11,"Преобразуйте, если это необходимо, слово BEAUTIFUL так, чтобы оно грамматически соответствовало содержанию текста. Visiting Altai Have you ever been to Altai? It is one of the __________________ areas of Russia.",Нет,Нет
vpr_sd_945528,english,11,"Преобразуйте, если это необходимо, слово THEY так, чтобы оно грамматически соответствовало содержанию текста. Each member of the family had their own decorated Christmas tree. A nice table with many beautiful presents stood near all of __________________.",Нет,Нет
vpr_sd_944866,english,11,"Преобразуйте, если это необходимо, слово BUILD так, чтобы оно грамматически соответствовало содержанию текста. It __________________ between 1891 and 1916.",Нет,Нет
vpr_sd_944807,english,11,"Преобразуйте, если это необходимо, слово NOT BE так, чтобы оно грамматически соответствовало содержанию текста. Russian winters are cold but it __________________ a reason to stay indoors.",Нет,Нет
vpr_sd_945631,english,11,"Преобразуйте, если это необходимо, слово THIS так, чтобы оно грамматически соответствовало содержанию текста. Traditionally, the New Year is a family holiday. People usually spend __________________ days at home with loved ones, but some Russians go out to the city’s main square where all the fun usually focuses. The restaurants arrange a New Year’s show.",Нет,Нет
vpr_sd_945212,english,11,"Преобразуйте, если это необходимо, слово THEY так, чтобы оно грамматически соответствовало содержанию текста. Believe it or not, when New York replaced many of its older subway cars in the 1950’s, some of __________________ had been in use for over 40 years.",Нет,Нет
vpr_sd_944211,english,11,"Exploring China Marco Polo is one of the greatest explorers in the world ever. He travelled to China and the Far East from Europe. Marco had to travel across the great Gobi Desert to get to China. lt 13_____________ him months only to cross the desert. When he came to China three years later, Marco was 14_____________ by the wealth and luxury. The capital city was large, but well-organized and cle",Нет,Нет
vpr_sd_944833,english,11,These are photos from your photo album. Choose one photo to describe to your friend. 1 2 3 You will have to start speaking in 2 minutes and will speak for not more than 2 minutes (12–15 sentences). In your talk remember to speak about: 1. where and when the photo was taken 2. what/who is in the photo 3. what is happening 4. why you keep the photo in your album 5. why you decided to show the pictur,Нет,Да
vpr_sd_945637,english,11,"Вы услышите диалог. Запишите в поле ответа цифру 1, 2 или 3, соответствующую выбранному Вами варианту ответа. Вы услышите запись дважды. Who had a busy week? 1) Jack 2) Irene 3) Neither",Да,Нет
vpr_sd_945638,english,11,"Вы услышите диалог. Запишите в поле ответа цифру 1, 2 или 3, соответствующую выбранному Вами варианту ответа. Вы услышите запись дважды. Who is fond of music? 1) Jack 2) Irene 3) Both",Да,Нет
vpr_sd_945639,english,11,"Вы услышите диалог. Запишите в поле ответа цифру 1, 2 или 3, соответствующую выбранному Вами варианту ответа. Вы услышите запись дважды. Who has a father who likes rock music? 1) Jack 2) Irene 3) Both",Да,Нет
vpr_sd_945632,english,11,"Вы услышите диалог. Запишите в поле ответа цифру 1, 2 или 3, соответствующую выбранному Вами варианту ответа. Вы услышите запись дважды. Who likes country music? 1) Jack 2) Irene 3) Both",Да,Нет
vpr_sd_945633,english,11,"Вы услышите диалог. Запишите в поле ответа цифру 1, 2 или 3, соответствующую выбранному Вами варианту ответа. Вы услышите запись дважды. Who is going out tonight? 1) Jack 2) Irene 3) Neither",Да,Нет
vpr_sd_944636,english,11,"Установите соответствие между текстами и рубриками, выбрав рубрику из выпадающего списка. Используйте каждую рубрику только один раз. В задании одна рубрика лишняя. Выпадающий список: 1. Ecology 2. History 3. Cooking 4. Agriculture 5. Economy 6. Geography A. Coffee drinking was first mentioned in the 15 th century. Scientists believe it was at that time when people started making coffee the way we",Нет,Нет
vpr_sd_944784,english,11,"Преобразуйте, если это необходимо, слово FOUND так, чтобы оно грамматически соответствовало содержанию текста. Visiting Russia Have you ever been to Pereslavl-Zalessky? This charming town __________________ in 1152.",Нет,Нет
vpr_sd_944886,english,11,"Преобразуйте, если это необходимо, слово CHOOSE так, чтобы оно грамматически соответствовало содержанию текста. The Swedish __________________ a very good place for the castle.",Нет,Нет
vpr_sd_945630,english,11,"Преобразуйте, если это необходимо, слово CHILD так, чтобы оно грамматически соответствовало содержанию текста. In Russia people have nine or ten days off in a row at the beginning of the month. __________________ have long school holidays too.",Нет,Нет
vpr_sd_945624,english,11,"Преобразуйте, если это необходимо, слово NOT WEAR так, чтобы оно грамматически соответствовало содержанию текста. Kids are waiting for Father Frost who looks much like Santa Clause but he __________________ glasses and travels together with his granddaughter Snow Maiden.",Нет,Нет
vpr_sd_945585,english,11,"Important scientific discovery Four new elements were discovered and added to the periodic table. That’s a 13 ______ deal! The atoms of the elements are so 14 ______ that half a million of them could line up across a single human hair. Atoms are made up of protons, neutrons and electrons. Different atoms have different amounts of them which 15 ______ tell us what kind of element it is. An element ",Нет,Нет
vpr_sd_945264,english,11,These are photos from your photo album. Choose one photo to describe to your friend. 1 2 3 You will have to start speaking in 2 minutes and will speak for not more than 2 minutes (12–15 sentences). In your talk remember to speak about: 1) where and when the photo was taken 2) what/who is in the photo 3) what is happening 4) why you keep the photo in your album 5) why you decided to show the pictur,Нет,Да
vpr_sd_945657,english,11,"Вы услышите диалог. Запишите в поле ответа цифру 1, 2 или 3, соответствующую выбранному Вами варианту ответа. Вы услышите запись дважды. Who wants to cook something special for the birthday dinner? 1) Jill 2) Matthew 3) Both",Да,Нет
vpr_sd_945658,english,11,"Вы услышите диалог. Запишите в поле ответа цифру 1, 2 или 3, соответствующую выбранному Вами варианту ответа. Вы услышите запись дважды. Who has travelled a lot? 1) Jill 2) Matthew 3) Neither",Да,Нет
vpr_sd_945659,english,11,"Вы услышите диалог. Запишите в поле ответа цифру 1, 2 или 3, соответствующую выбранному Вами варианту ответа. Вы услышите запись дважды. Who has a grandmother of German origin? 1) Jill 2) Matthew 3) Both",Да,Нет
vpr_sd_945652,english,11,"Вы услышите диалог. Запишите в поле ответа цифру 1, 2 или 3, соответствующую выбранному Вами варианту ответа. Вы услышите запись дважды. Who never eats soup? 1) Jill 2) Matthew 3) Both",Да,Нет
vpr_sd_945653,english,11,"Вы услышите диалог. Запишите в поле ответа цифру 1, 2 или 3, соответствующую выбранному Вами варианту ответа. Вы услышите запись дважды. Who will cook something special for the birthday dinner? 1) Jill 2) Matthew 3) Both",Да,Нет
vpr_sd_945654,english,11,"Установите соответствие между текстами и рубриками, выбрав рубрику из выпадающего списка. Используйте каждую рубрику только один раз. В задании одна рубрика лишняя. Выпадающий список: 1. Literature 2. Historical facts 3. Outstanding people 4. Good manners 5. Souvenirs 6. Places to stay A. Lapta, a traditional Russian sports game, is over four centuries old. Balls and bats datingback to the 14th ce",Нет,Нет
vpr_sd_945236,english,11,"Преобразуйте, если это необходимо, слово LATE так, чтобы оно грамматически соответствовало содержанию текста. Some years __________________ General Logan organized another ceremony, this time for the soldiers who survived the war.",Нет,Нет
vpr_sd_944826,english,11,"Преобразуйте, если это необходимо, слово SEE так, чтобы оно грамматически соответствовало содержанию текста. He __________________ it as the northern capital of Russia.",Нет,Нет
vpr_sd_944887,english,11,"Преобразуйте, если это необходимо, слово IMPORTANT так, чтобы оно грамматически соответствовало содержанию текста. Thanks to that, the town became one of the __________________ trading centres in the area.",Нет,Нет
vpr_sd_945571,english,11,"Преобразуйте, если это необходимо, слово CHILD так, чтобы оно грамматически соответствовало содержанию текста. __________________ build beautiful snow castles in parks. Squares host concerts where everybody sings and dances.",Нет,Нет
vpr_sd_944841,english,11,"Преобразуйте, если это необходимо, слово ONE так, чтобы оно грамматически соответствовало содержанию текста. When you look at Kizhi, the __________________ thing that you see is the beautiful main building with dozens of teardrop-shaped roofs. There are two smaller buildings with a similar design nearby, which are also very impressive.",Нет,Нет
vpr_sd_945525,english,11,"The «Arkhangelskoye» estate The country estate «Arkhangelskoye» is a wonderful monument of Russian 13 ______ from the end of the XVIII to the beginning of the XIX century. It is famous for the magnificent 14 ______ of its garden and park ensemble and its splendid 15 ______ of paintings, drawings, sculptures and pieces of applied art and apart from it the superb store of rare books. Arkhangelskoye ",Нет,Нет
vpr_sd_944512,english,11,These are photos from your photo album. Choose one photo to describe to your friend. Photo 1 Photo 2 Photo 3 You will have to start speaking in 2 minutes and will speak for not more than 2 minutes (12–15 sentences). In your talk remember to speak about: — where and when the photo was taken; — what/who is in the photo; — what is happening; — why you keep the photo in your album; — why you decided t,Нет,Да
vpr_sd_945514,english,11,"Установите соответствие между текстами и рубриками, выбрав рубрику из выпадающего списка. Используйте каждую рубрику только один раз. В задании одна рубрика лишняя. Выпадающий список: 1. Sports 2. Exhibitions 3. Sightseeing 4. Health 5. War victims 6. Politics A. Kuskovo was built between 1740 and 1780. The bulk of the construction was carriedout in the 1750s. The eighteenth-century engravings and",Нет,Нет
vpr_sd_944619,english,11,"Преобразуйте, если это необходимо, слово IMPORTANT так, чтобы оно грамматически соответствовало содержанию текста. Victory Day in Russia Victory Day in Russia is celebrated on the 9th May. It is one of the _____________ holidays in Russia. It is dedicated to the Victory in the Great Patriotic War of 1941−1945.",Нет,Нет
vpr_sd_944955,english,11,"Преобразуйте, если это необходимо, слово BE так, чтобы оно грамматически соответствовало содержанию текста. It _____________ very difficult to build it because of the swamps around it.",Нет,Нет
vpr_sd_945569,english,11,"Преобразуйте, если это необходимо, слово CELEBRATE так, чтобы оно грамматически соответствовало содержанию текста. It has no fixed date but usually it __________________ at the end of February or at the beginning of March. It lasts a week and each year the dates are different so you should check the calendar of Russian holidays and festivals for the current year.",Нет,Нет
vpr_sd_945218,english,11,"Преобразуйте, если это необходимо, слово BUILD так, чтобы оно грамматически соответствовало содержанию текста. Many people think that the first subway in the world __________________ in New York City. However, Boston was the first city in the U.S. to open a subway in 1897.",Нет,Нет
vpr_sd_944253,english,11,"Преобразуйте, если это необходимо, слово POPULAR так, чтобы оно грамматически соответствовало содержанию текста. Now goldfish is one of the ________ pets in many parts of the world.",Нет,Нет
vpr_sd_945192,english,11,"Преобразуйте, если это необходимо, слово CHILD так, чтобы оно грамматически соответствовало содержанию текста. His life was not easy but he was a man who rose above tragedy to carry on. The stories he wrote still delight millions of __________________ and adults around the world.",Нет,Нет
vpr_sd_944635,english,11,"Stevie Wonder Stevie Wonder achieved early success as a hit-making musician. He is 13_____________for his unusual style. When Wonder was four, he 14_____________singing in the church choir and banging out rhythms on his mom's pots and pans. A family friend gave Wonder a harmonica, which he played day and night. Everybody knew that little Wonder was really 15_____________in music. Then a neighbour ",Нет,Нет
vpr_sd_945265,english,11,"Вы услышите диалог. Запишите в поле ответа цифру 1, 2 или 3, соответствующую выбранному Вами варианту ответа. Вы услышите запись дважды. Who has a headache? 1) Tracy 2) Jack 3) Both",Да,Нет
vpr_sd_945266,english,11,"Вы услышите диалог. Запишите в поле ответа цифру 1, 2 или 3, соответствующую выбранному Вами варианту ответа. Вы услышите запись дважды. Who finds a lot of fun in the National Museum of American Art? 1) Tracy 2) Jack 3) Neither",Да,Нет
vpr_sd_945267,english,11,"Вы услышите диалог. Запишите в поле ответа цифру 1, 2 или 3, соответствующую выбранному Вами варианту ответа. Вы услышите запись дважды. Who prefers still life paintings? 1) Tracy 2) Jack 3) Neither",Да,Нет
vpr_sd_945260,english,11,"Вы услышите диалог. Запишите в поле ответа цифру 1, 2 или 3, соответствующую выбранному Вами варианту ответа. Вы услышите запись дважды. Who is interested in fashion? 1) Tracy 2) Jack 3) Both",Да,Нет
vpr_sd_945261,english,11,"Вы услышите диалог. Запишите в поле ответа цифру 1, 2 или 3, соответствующую выбранному Вами варианту ответа. Вы услышите запись дважды. Who is hungry? 1) Tracy 2) Jack 3) Neither",Да,Нет
vpr_sd_945242,english,11,"Установите соответствие между текстами и рубриками, выбрав рубрику из выпадающего списка. Используйте каждую рубрику только один раз. В задании одна рубрика лишняя. Выпадающий список: 1. Free time 2. Food 3. Advice 4. Sightseeing 5. Animal facts 6. Weather A. Russian summers are warm, but cities such as Moscow (and even those as far east as Tomsk), can experience intense heat waves that drive resi",Нет,Нет
vpr_sd_944844,english,11,"Преобразуйте, если это необходимо, слово THIS так, чтобы оно грамматически соответствовало содержанию текста. Kizhi There are some places in the world which look as if they are from a fairy tale. Kizhi is one of __________________ places.",Нет,Нет
vpr_sd_944785,english,11,"Преобразуйте, если это необходимо, слово BE так, чтобы оно грамматически соответствовало содержанию текста. It __________________ very difficult to build it because of the swamps around it",Нет,Нет
vpr_sd_945549,english,11,"Преобразуйте, если это необходимо, слово NOT GET так, чтобы оно грамматически соответствовало содержанию текста. Everybody knows that with valenki you __________________ frozen even in Siberia. Until the 18th century, valenki were handmade and produced only in Siberia and several Northern regions where manual labour was long and hard.",Нет,Нет
vpr_sd_945417,english,11,"Преобразуйте, если это необходимо, слово LATE так, чтобы оно грамматически соответствовало содержанию текста. __________________ the game developed new rules and opportunities.",Нет,Нет
vpr_sd_945591,english,11,"Преобразуйте, если это необходимо, слово BEGIN так, чтобы оно грамматически соответствовало содержанию текста. Upon his return to Russia, Lomonosov __________________ his teaching career at the St. Petersburg Academy of Sciences.",Нет,Нет
vpr_sd_945172,english,11,"Преобразуйте, если это необходимо, слово EAT так, чтобы оно грамматически соответствовало содержанию текста. It gained popularity thanks to Thomas Jefferson who __________________ macaroni during his stay in Paris in 1784–1789.",Нет,Нет
vpr_sd_945545,english,11,"Flower festival Flower festivals are celebrated all over the world. One of them is the Brussels’ Flower Carpet — a special show that 13 ______ every two years. For five short days a huge carpet of flowers (75 metres by 25 metres) is laid out on the 14 ______ square of Brussels, the Grand Place, in front of the City Hall. 15 ______ are drawn up for the Flower Carpet a year in advance. The designers",Нет,Нет
vpr_sd_944212,english,11,"Установите соответствие между текстами A−E и рубриками 1−6. Занесите свои ответы в таблицу. Используйте каждую цифру только один раз. В задании одна рубрика лишняя. 1. Holiday destinations 2. Languages 3. Education 4. Sport 5. What to eat 6. Health tips A. Stroganoff is a Russian dish that is served on dinner tables worldwide, eating stroganoff from its Russian source is everything you would expec",Нет,Нет
vpr_sd_945595,english,11,"Преобразуйте, если это необходимо, слово FAMOUS так, чтобы оно грамматически соответствовало содержанию текста. Mikhail Lomonosov Everybody knows about Mikhail Lomonosov. He is one of the __________________ Russian scientists. He was also a poet, a geologist, and an astronomer.",Нет,Нет
vpr_sd_944233,english,11,"Преобразуйте, если это необходимо, слово THREE так, чтобы оно грамматически соответствовало содержанию текста. In Turkey or the USA it is the ___________ Sunday of July.",Нет,Нет
vpr_sd_944252,english,11,"Преобразуйте, если это необходимо, слово ONE так, чтобы оно грамматически соответствовало содержанию текста. The __________ European man to see goldfish was Marco Polo.",Нет,Нет
vpr_sd_945511,english,11,"Преобразуйте, если это необходимо, слово GOOD так, чтобы оно грамматически соответствовало содержанию текста. Liza admitted that it was the __________________ present ever. She called the pedigreed puppy Sam, who had to journey across the country from Nizhny Novgorod to Kavalerovo.",Нет,Нет
vpr_sd_945604,english,11,"Преобразуйте, если это необходимо, слово MAKE так, чтобы оно грамматически соответствовало содержанию текста. It __________________ him concentrate on quality work. The result of this is what we know today as modern short story.",Нет,Нет
vpr_sd_944882,english,11,"Прочитайте текст и заполните пропуски 13−18 словами, напечатанными в правой колонке под цифрами 1−8. Каждое из этих слов может быть использовано только один раз. В ответе укажите цифры, под которыми значатся выбранные Вами слова. Два слова в этом списке 1−8 лишние. Last days of the rickshaw Kolkata, previously called Calcutta, is the famous capital of West Bengal in India. The traffic jams and eng",Нет,Нет
vpr_sd_944883,english,11,"Прочитайте текст и заполните пропуски 13−18 словами, напечатанными в правой колонке под цифрами 1−8. Каждое из этих слов может быть использовано только один раз. В ответе укажите цифры, под которыми значатся выбранные Вами слова. Два слова в этом списке 1−8 лишние. You can 14 ______ a train through the city or take the underground but sooner or later you have to go on foot. 1. advantages 2. catch ",Нет,Нет
vpr_sd_944876,english,11,"Прочитайте текст и заполните пропуски 13−18 словами, напечатанными в правой колонке под цифрами 1−8. Каждое из этих слов может быть использовано только один раз. В ответе укажите цифры, под которыми значатся выбранные Вами слова. Два слова в этом списке 1−8 лишние. So when I crossed a small road on my first day in the city, I saw a tiny man pulling a rickshaw. For many people, the rickshaw is a sy",Нет,Нет
vpr_sd_944877,english,11,"Прочитайте текст и заполните пропуски 13−18 словами, напечатанными в правой колонке под цифрами 1−8. Каждое из этих слов может быть использовано только один раз. В ответе укажите цифры, под которыми значатся выбранные Вами слова. Два слова в этом списке 1−8 лишние. When the traffic is bad, rickshaws 16 ______ a way through the traffic. 1. advantages 2. catch 3. find 4. job 5. keep 6. modern 7. pop",Нет,Нет
vpr_sd_944878,english,11,"Прочитайте текст и заполните пропуски 13−18 словами, напечатанными в правой колонке под цифрами 1−8. Каждое из этих слов может быть использовано только один раз. В ответе укажите цифры, под которыми значатся выбранные Вами слова. Два слова в этом списке 1−8 лишние. Some local officials want to ban rickshaws. They believe it is wrong for one man to pull another person when there is 17 ______ transp",Нет,Нет
vpr_sd_944879,english,11,"Прочитайте текст и заполните пропуски 13−18 словами, напечатанными в правой колонке под цифрами 1−8. Каждое из этих слов может быть использовано только один раз. В ответе укажите цифры, под которыми значатся выбранные Вами слова. Два слова в этом списке 1−8 лишние. If the city bans rickshaws, the drivers won’t have a 18 ______ or income. 1. advantages 2. catch 3. find 4. job 5. keep 6. modern 7. p",Нет,Нет
vpr_sd_944197,english,11,"Вы услышите диалог. Запишите в поле ответа цифру 1, 2, 3 или 4, соответствующую выбранному Вами варианту ответа. Вы услышите запись дважды. Who is disappointed about summer holidays? 1) Cindy 2) Peter 3) Both 4) Neither",Да,Нет
vpr_sd_944198,english,11,"Вы услышите диалог. Запишите в поле ответа цифру 1, 2, 3 или 4, соответствующую выбранному Вами варианту ответа. Вы услышите запись дважды. Who worked hard during the school year? 1) Cindy 2) Peter 3) Both 4) Neither",Да,Нет
vpr_sd_944199,english,11,"Вы услышите диалог. Запишите в поле ответа цифру 1, 2, 3 или 4, соответствующую выбранному Вами варианту ответа. Вы услышите запись дважды. Who has experience in hiking? 1) Cindy 2) Peter 3) Both 4) Neither",Да,Нет
vpr_sd_944192,english,11,"Вы услышите диалог. Запишите в поле ответа цифру 1, 2, 3 или 4, соответствующую выбранному Вами варианту ответа. Вы услышите запись дважды. Who dislikes Wales? 1) Cindy 2) Peter 3) Both 4) Neither",Да,Нет
vpr_sd_944193,english,11,"Вы услышите диалог. Запишите в поле ответа цифру 1, 2, 3 или 4, соответствующую выбранному Вами варианту ответа. Вы услышите запись дважды. Who is fond of badminton? 1) Cindy 2) Peter 3) Both 4) Neither",Да,Нет
vpr_sd_945222,english,11,"Установите соответствие между текстами и рубриками, выбрав рубрику из выпадающего списка. Используйте каждую рубрику только один раз. В задании одна рубрика лишняя. Выпадающий список: 1. Animal facts 2. Geography 3. Culture 4. Food 5. Weather 6. History A. Most of Russia has a continental climate, with long, cold winters and brief summers. There is a wide range of summer and winter temperatures. A",Нет,Нет
vpr_sd_945263,english,11,"Преобразуйте, если это необходимо, слово THIS так, чтобы оно грамматически соответствовало содержанию текста. Tennis Some people believe that the name «tennis» comes from the ancient Egyptian town of Tinnis alongside the Nile and the word racquet evolved from the Arabic word for palm of the hand, rahat. Aside from __________________ two words, there is no evidence for any form of tennis preceding ",Нет,Нет
vpr_sd_945416,english,11,"Преобразуйте, если это необходимо, слово BECOME так, чтобы оно грамматически соответствовало содержанию текста. The game __________________ so popular because it explained laws of economics to common people in a simple way.",Нет,Нет
vpr_sd_944632,english,11,"Преобразуйте, если это необходимо, слово THEY так, чтобы оно грамматически соответствовало содержанию текста. Most of _____________ are ancient buildings.",Нет,Нет
vpr_sd_944762,english,11,"Прочитайте текст и заполните пропуски 13−18 словами, напечатанными в правой колонке под цифрами 1−8. Каждое из этих слов может быть использовано только один раз. В ответе укажите цифры, под которыми значатся выбранные Вами слова. Два слова в этом списке 1−8 лишние. Salt What do you know about salt? Today we 13 ______ salt for granted, but many years ago salt was scarce, it was used as money. 1. be",Нет,Нет
vpr_sd_944763,english,11,"Прочитайте текст и заполните пропуски 13−18 словами, напечатанными в правой колонке под цифрами 1−8. Каждое из этих слов может быть использовано только один раз. В ответе укажите цифры, под которыми значатся выбранные Вами слова. Два слова в этом списке 1−8 лишние. African traders 14 ______ it for twice its weight in gold. 1. believe 2. considered 3. exchanged 4. hold 5. pay 6. placed 7. take 8. w",Нет,Нет
vpr_sd_944756,english,11,"Прочитайте текст и заполните пропуски 13−18 словами, напечатанными в правой колонке под цифрами 1−8. Каждое из этих слов может быть использовано только один раз. В ответе укажите цифры, под которыми значатся выбранные Вами слова. Два слова в этом списке 1−8 лишние. The soldiers in Julius Caesar’s army received salt, called salarium, as part of their 15 ______. From this came the word ‘salary’. 1. ",Нет,Нет
vpr_sd_944757,english,11,"Прочитайте текст и заполните пропуски 13−18 словами, напечатанными в правой колонке под цифрами 1−8. Каждое из этих слов может быть использовано только один раз. В ответе укажите цифры, под которыми значатся выбранные Вами слова. Два слова в этом списке 1−8 лишние. In Great Britain four or five hundred years ago, at the great feasts of the ruling families, the saler, or salt container, was 16 ____",Нет,Нет
vpr_sd_944758,english,11,"Прочитайте текст и заполните пропуски 13−18 словами, напечатанными в правой колонке под цифрами 1−8. Каждое из этих слов может быть использовано только один раз. В ответе укажите цифры, под которыми значатся выбранные Вами слова. Два слова в этом списке 1−8 лишние. Those who were seated above the saler, closest to the host, were the honoured guests. Those who sat below the saler were the common pe",Нет,Нет
vpr_sd_944759,english,11,"Прочитайте текст и заполните пропуски 13−18 словами, напечатанными в правой колонке под цифрами 1−8. Каждое из этих слов может быть использовано только один раз. В ответе укажите цифры, под которыми значатся выбранные Вами слова. Два слова в этом списке 1−8 лишние. Many people still 18 ______ this. 1. believe 2. considered 3. exchanged 4. hold 5. pay 6. placed 7. take 8. wealth",Нет,Нет
vpr_sd_944894,english,11,"Вы услышите диалог. Запишите в поле ответа цифру 1, 2 или 3, соответствующую выбранному Вами варианту ответа. Вы услышите запись дважды. Ben is Anna’s … 1) classmate. 2) brother. 3) father.",Да,Нет
vpr_sd_944895,english,11,"Вы услышите диалог. Запишите в поле ответа цифру 1, 2 или 3, соответствующую выбранному Вами варианту ответа. Вы услышите запись дважды. Who is enthusiastic about going to Disneyland? 1) Anna 2) Ben 3) Both",Да,Нет
vpr_sd_944888,english,11,"Вы услышите диалог. Запишите в поле ответа цифру 1, 2 или 3, соответствующую выбранному Вами варианту ответа. Вы услышите запись дважды. Who thinks of being too old to watch cartoons? 1) Anna 2) Ben 3) Both",Да,Нет
vpr_sd_944889,english,11,"Вы услышите диалог. Запишите в поле ответа цифру 1, 2 или 3, соответствующую выбранному Вами варианту ответа. Вы услышите запись дважды. Who went to see How to Train Your Dragon ? 1) Anna 2) Ben 3) Both",Да,Нет
vpr_sd_944890,english,11,"Вы услышите диалог. Запишите в поле ответа цифру 1, 2 или 3, соответствующую выбранному Вами варианту ответа. Вы услышите запись дважды. Who thinks that Disney cartoons are for little children? 1) Anna 2) Ben 3) Both",Да,Нет
vpr_sd_944831,english,11,"Установите соответствие между текстами и рубриками, выбрав рубрику из выпадающего списка. Используйте каждую рубрику только один раз. В задании одна рубрика лишняя. Выпадающий список: 1. History 2. Geography 3. Healthy life 4. Customs 5. Eating out 6. Technology A. Taganay is a national park located in the Southern Urals, in the western part of the Chelyabinsk region, 130 km from Chelyabinsk. The ",Нет,Нет
vpr_sd_944511,english,11,"Преобразуйте, если это необходимо, слово DISCOVER так, чтобы оно грамматически соответствовало содержанию текста. A clever solution Isaac Newton was a great British scientist. Many laws of physics ______ by him in the 17 th century.",Нет,Нет
vpr_sd_944948,english,11,"Преобразуйте, если это необходимо, слово BEAUTIFUL так, чтобы оно грамматически соответствовало содержанию текста. It is certainly one of the ___________ places in Russia.",Нет,Нет
vpr_sd_944208,english,11,"Преобразуйте, если это необходимо, слово DIFFICULT так, чтобы оно грамматически соответствовало содержанию текста. He solved the problems though they were much __________ than his regular homework.",Нет,Нет
vpr_sd_945531,english,11,"Преобразуйте, если это необходимо, слово NOT WANT так, чтобы оно грамматически соответствовало содержанию текста. The party was so good that children __________________ to go home.",Нет,Нет
vpr_sd_944500,english,11,"Преобразуйте, если это необходимо, слово LIGHT так, чтобы оно грамматически соответствовало содержанию текста. Still, each time they did it the coins got ______ than before and lost the value. Newton offered to make round coins so that it was impossible to cut off the corners.",Нет,Нет
vpr_sd_945577,english,11,"Вы услышите диалог. Запишите в поле ответа цифру 1, 2 или 3, соответствующую выбранному Вами варианту ответа. Вы услышите запись дважды. Who has recently started going to the gym? 1) Mary 2) Peter 3) Both",Да,Нет
vpr_sd_945578,english,11,"Вы услышите диалог. Запишите в поле ответа цифру 1, 2 или 3, соответствующую выбранному Вами варианту ответа. Вы услышите запись дважды. Who knows that junk food is bad for one’s health? 1) Mary 2) Peter 3) Both",Да,Нет
vpr_sd_945579,english,11,"Вы услышите диалог. Запишите в поле ответа цифру 1, 2 или 3, соответствующую выбранному Вами варианту ответа. Вы услышите запись дважды. Who knew that eggs are not good for breakfast? 1) Mary 2) Peter 3) Neither",Да,Нет
vpr_sd_945572,english,11,"Вы услышите диалог. Запишите в поле ответа цифру 1, 2 или 3, соответствующую выбранному Вами варианту ответа. Вы услышите запись дважды. Who thinks it’s quite difficult for him/her to go to bed early? 1) Mary 2) Peter 3) Neither",Да,Нет
vpr_sd_945573,english,11,"Вы услышите диалог. Запишите в поле ответа цифру 1, 2 или 3, соответствующую выбранному Вами варианту ответа. Вы услышите запись дважды. Who is going to the gym the next day? 1) Mary 2) Peter 3) Both",Да,Нет
vpr_sd_945474,english,11,"Установите соответствие между текстами и рубриками, выбрав рубрику из выпадающего списка. Используйте каждую рубрику только один раз. В задании одна рубрика лишняя. Выпадающий список: 1. Photography 2. Adventures 3. Sightseeing 4. Sports 5. Holidays 6. Children’s activities A. The Ostankino estate, situated in the northern part of Moscow, is a uniquely well-preserved monument of the 18th century R",Нет,Нет
vpr_sd_944954,english,11,"Преобразуйте, если это необходимо, слово FOUND так, чтобы оно грамматически соответствовало содержанию текста. Pereslavl-Zalessky Have you ever beento Pereslavl-Zalessky? This charming town _____________ in 1152.",Нет,Нет
vpr_sd_945196,english,11,"Преобразуйте, если это необходимо, слово BRING так, чтобы оно грамматически соответствовало содержанию текста. Born in Florida, Missouri, on November 30, 1835, he __________________ up in a small sleepy town on the western bank of the Mississippi River.",Нет,Нет
vpr_sd_945649,english,11,"Преобразуйте, если это необходимо, слово ONE так, чтобы оно грамматически соответствовало содержанию текста. He came up to the __________________ policeman he saw and asked him in Italian the way to the bus station. The policeman was Italian too and he answered Mr. Scotti in Italian.",Нет,Нет
vpr_sd_945451,english,11,"Преобразуйте, если это необходимо, слово LATE так, чтобы оно грамматически соответствовало содержанию текста. __________________ the sky will be full of planes and helicopters. The main participants of the parade are, of course, the veterans who pass through the square in trucks or watch the parade from the stands. Veterans wear their medals and anyone can go and congratulate them, give them flowe",Нет,Нет
vpr_sd_944781,english,11,"Преобразуйте, если это необходимо, слово NOT FORGET так, чтобы оно грамматически соответствовало содержанию текста. You __________________ seeing Pereslavl-Zalessky from the air.",Нет,Нет
vpr_sd_945412,english,11,"Measuring health and happiness How do you measure happiness? Perhaps health is the best way because a famous doctor once said. ""Happy people generally don't get sick."" It’s aLso 13_____________to measure how many people feel ill or unhealthy in a country. For example, one survey says Iceland is the ""healthiest country in the world"" because men and women live a long time there, the air is very 14__",Нет,Нет
vpr_sd_945205,english,11,"Вы услышите диалог. Запишите в поле ответа цифру 1, 2 или 3, соответствующую выбранному Вами варианту ответа. Вы услышите запись дважды. Who won’t be able to study tonight? 1) Fred 2) Jane 3) Both",Да,Нет
vpr_sd_945206,english,11,"Вы услышите диалог. Запишите в поле ответа цифру 1, 2 или 3, соответствующую выбранному Вами варианту ответа. Вы услышите запись дважды. Who knows what is on in the cinema that night? 1) Fred 2) Jane 3) Neither",Да,Нет
vpr_sd_945207,english,11,"Вы услышите диалог. Запишите в поле ответа цифру 1, 2 или 3, соответствующую выбранному Вами варианту ответа. Вы услышите запись дважды. Who has a newspaper? 1) Fred 2) Jane 3) Both",Да,Нет
vpr_sd_945200,english,11,"Вы услышите диалог. Запишите в поле ответа цифру 1, 2 или 3, соответствующую выбранному Вами варианту ответа. Вы услышите запись дважды. Who sleeps badly after watching a horror film? 1) Fred 2) Jane 3) Both",Да,Нет
vpr_sd_945201,english,11,"Вы услышите диалог. Запишите в поле ответа цифру 1, 2 или 3, соответствующую выбранному Вами варианту ответа. Вы услышите запись дважды. Who is going to the cinema tonight? 1) Fred 2) Jane 3) Neither",Да,Нет
vpr_sd_945243,english,11,"Преобразуйте, если это необходимо, слово BURY так, чтобы оно грамматически соответствовало содержанию текста. Memorial Day Memorial Day, a national US holiday has an interesting history. In 1866 the country was recovering slowly from the long and bloody Civil War between the North and the South. Henry Welles, a drugstore owner at Waterloo, suggested that all the shops in town should close for one ",Нет,Нет
vpr_sd_945276,english,11,"Преобразуйте, если это необходимо, слово FIND так, чтобы оно грамматически соответствовало содержанию текста. As a child he had to help his father with the heavy daily tasks of a farmer but he always __________________ time to read. He was really a self-made man.",Нет,Нет
vpr_sd_944929,english,11,"Преобразуйте, если это необходимо, слово NOT EAT так, чтобы оно грамматически соответствовало содержанию текста. However, salt is good only if you __________ too much of it. One teaspoonofsalt a day is enough.",Нет,Нет
vpr_sd_944820,english,11,"Преобразуйте, если это необходимо, слово USE так, чтобы оно грамматически соответствовало содержанию текста. From 1762 to 1904 it __________________ as the official winter residence of the Russian emperors.",Нет,Нет
vpr_sd_945504,english,11,"Преобразуйте, если это необходимо, слово CHILD так, чтобы оно грамматически соответствовало содержанию текста. Russian President is really keen on giving personal presents to __________________ from different regions of the country.",Нет,Нет
vpr_sd_944842,english,11,"Прочитайте текст и заполните пропуски 13−18 словами, напечатанными в правой колонке под цифрами 1−8. Каждое из этих слов может быть использовано только один раз. В ответе укажите цифры, под которыми значатся выбранные Вами слова. Два слова в этом списке 1−8 лишние. Kamchatka Project After travelling round the world for almost half a week and moving through nineteen time zones, we 13 ______ step of",Нет,Нет
vpr_sd_944843,english,11,"Прочитайте текст и заполните пропуски 13−18 словами, напечатанными в правой колонке под цифрами 1−8. Каждое из этих слов может быть использовано только один раз. В ответе укажите цифры, под которыми значатся выбранные Вами слова. Два слова в этом списке 1−8 лишние. We are at the beginning of the Karimskaya River in the 14 ______ of Kamchatka. 1. distance 2. exciting 3. finally 4. nowadays 5. painf",Нет,Нет
vpr_sd_944836,english,11,"Прочитайте текст и заполните пропуски 13−18 словами, напечатанными в правой колонке под цифрами 1−8. Каждое из этих слов может быть использовано только один раз. В ответе укажите цифры, под которыми значатся выбранные Вами слова. Два слова в этом списке 1−8 лишние. It’s a bright sunny day and in the far 15 ______ I can see the Karimski volcano. 1. distance 2. exciting 3. finally 4. nowadays 5. pai",Нет,Нет
vpr_sd_944837,english,11,"Прочитайте текст и заполните пропуски 13−18 словами, напечатанными в правой колонке под цифрами 1−8. Каждое из этих слов может быть использовано только один раз. В ответе укажите цифры, под которыми значатся выбранные Вами слова. Два слова в этом списке 1−8 лишние. In the past, when explorers arrived in a 16 ______ place, they put up their tents or cooked a meal. 1. distance 2. exciting 3. finally",Нет,Нет
vpr_sd_944838,english,11,"Прочитайте текст и заполните пропуски 13−18 словами, напечатанными в правой колонке под цифрами 1−8. Каждое из этих слов может быть использовано только один раз. В ответе укажите цифры, под которыми значатся выбранные Вами слова. Два слова в этом списке 1−8 лишние. But 17 ______, when explorers arrive in a new place, they log on to their social networking site using a satellite phone. Sites like F",Нет,Нет
vpr_sd_944839,english,11,"Прочитайте текст и заполните пропуски 13−18 словами, напечатанными в правой колонке под цифрами 1−8. Каждое из этих слов может быть использовано только один раз. В ответе укажите цифры, под которыми значатся выбранные Вами слова. Два слова в этом списке 1−8 лишние. Someone in our group touched a strange plant and suddenly his skin was red and 18 ______. I asked for advice on Twitter. Minutes later",Нет,Нет
vpr_sd_944825,english,11,"Преобразуйте, если это необходимо, слово FOUND так, чтобы оно грамматически соответствовало содержанию текста. The city __________________ in 1703 by Peter I.",Нет,Нет
vpr_sd_945629,english,11,"Преобразуйте, если это необходимо, слово FOLLOW так, чтобы оно грамматически соответствовало содержанию текста. Perhaps Russian people enjoy celebrating New Year because it __________________ by really long holidays.",Нет,Нет
vpr_sd_945258,english,11,"Преобразуйте, если это необходимо, слово BECOME так, чтобы оно грамматически соответствовало содержанию текста. Time passed and the game __________________ more popular.",Нет,Нет
vpr_sd_944800,english,11,"Преобразуйте, если это необходимо, слово ENJOY так, чтобы оно грамматически соответствовало содержанию текста. There are various extreme winter activities. You __________________ driving a snowmobile on frozen Lake Baikal or climbing Elbrus.",Нет,Нет
vpr_sd_944931,english,11,"Преобразуйте, если это необходимо, слово CAN так, чтобы оно грамматически соответствовало содержанию текста. Only very wealthy people _____________ buy it at that time.",Нет,Нет
vpr_sd_945485,english,11,"An Eye in the Sky More than 400 years ago, Galileo Galilei built a telescope. He was an Italian 13 ______. He used the telescope to study space. Since then, scientists have used telescopes to make 14 ______ discoveries. The Hubble Space Telescope was sent to 15 ______ in 1990. It has sent back more than a million 16 ______. Soon, a new telescope will take over for Hubble. It is the James Webb Spac",Нет,Нет
vpr_sd_944179,english,11,"Вы услышите диалог. Запишите в поле ответа цифру 1, 2, 3 или 4, соответствующую выбранному Вами варианту ответа. Вы услышите запись дважды. Who has got classes today? 1) John 2) Anna 3) Both 4) Neither",Да,Нет
vpr_sd_944172,english,11,"Вы услышите диалог. Запишите в поле ответа цифру 1, 2, 3 или 4, соответствующую выбранному Вами варианту ответа. Вы услышите запись дважды. Who has something to give back to school? 1) John 2) Anna 3) Both 4) Neithe",Да,Нет
vpr_sd_944173,english,11,"Вы услышите диалог. Запишите в поле ответа цифру 1, 2, 3 или 4, соответствующую выбранному Вами варианту ответа. Вы услышите запись дважды. Who has got nothing to do? 1) John 2) Anna 3) Both 4) Neithe",Да,Нет
vpr_sd_944174,english,11,"Вы услышите диалог. Запишите в поле ответа цифру 1, 2, 3 или 4, соответствующую выбранному Вами варианту ответа. Вы услышите запись дважды. Who’s interested in swimming? 1) John 2) Anna 3) Both 4) Neithe",Да,Нет
vpr_sd_944175,english,11,"Вы услышите диалог. Запишите в поле ответа цифру 1, 2, 3 или 4, соответствующую выбранному Вами варианту ответа. Вы услышите запись дважды. Who’s NOT interested in yoga? 1) John 2) Anna 3) Both 4) Neithe",Да,Нет
vpr_sd_944257,english,11,"Преобразуйте, если это необходимо, слово THINK так, чтобы оно грамматически соответствовало содержанию текста. Goldfish Have you ever had goldfish as pets? In fact, people in medieval Europe_____________that goldfish was a mythical creature.",Нет,Нет
vpr_sd_945488,english,11,"Преобразуйте, если это необходимо, слово ONE так, чтобы оно грамматически соответствовало содержанию текста. He was the __________________ person who started the microcomputer revolution.",Нет,Нет
vpr_sd_944189,english,11,"Преобразуйте, если это необходимо, слово TAKE так, чтобы оно грамматически соответствовало содержанию текста. Volgograd is the city where in 1942−1943 great battles between the Soviet and fascist armies ___________ place.",Нет,Нет
vpr_sd_945490,english,11,"Преобразуйте, если это необходимо, слово NOT ENJOY так, чтобы оно грамматически соответствовало содержанию текста. At the same time, few people know details about his biography and personal life. For example, Steve Jobs was adopted at a very young age. He was a rebellious kid and he __________________ high school.",Нет,Нет
vpr_sd_945419,english,11,"Преобразуйте, если это необходимо, слово CALL так, чтобы оно грамматически соответствовало содержанию текста. There are many kinds of Monopoly now. There is even a version which __________________ Russian Monopoly with beautiful figures and pictures of Russian sights.",Нет,Нет
vpr_sd_944944,english,11,Alex Ovechkin Alex Ovechkin is one of the top ice hockey players in the world. Some of the most 13________ goals in hockey history have been scored by Ovechkin. Alex was born in Moscow in 1985. He 14________ up in Russia in an athletic family. His dad was a professional soccer player and his mom was an Olympic Gold Medallist in basketball. At a young age Alex chose hockey as his sport. He loved pl,Нет,Нет
vpr_sd_944874,english,11,"Вы услышите диалог. Запишите в поле ответа цифру 1, 2 или 3, соответствующую выбранному Вами варианту ответа. Вы услышите запись дважды. Who has got the tickets for the Saturday concert? 1) Bob 2) Sally 3) Neither",Да,Нет
vpr_sd_944875,english,11,"Вы услышите диалог. Запишите в поле ответа цифру 1, 2 или 3, соответствующую выбранному Вами варианту ответа. Вы услышите запись дважды. Who has never heard of the Dream Theatre? 1) Bob 2) Sally 3) Neither",Да,Нет
vpr_sd_944868,english,11,"Вы услышите диалог. Запишите в поле ответа цифру 1, 2 или 3, соответствующую выбранному Вами варианту ответа. Вы услышите запись дважды. Who likes Rock music? 1) Bob 2) Sally 3) Neither",Да,Нет
vpr_sd_944869,english,11,"Вы услышите диалог. Запишите в поле ответа цифру 1, 2 или 3, соответствующую выбранному Вами варианту ответа. Вы услышите запись дважды. Who prefers classical music? 1) Bob 2) Sally 3) Neither",Да,Нет
vpr_sd_944870,english,11,"Вы услышите диалог. Запишите в поле ответа цифру 1, 2 или 3, соответствующую выбранному Вами варианту ответа. Вы услышите запись дважды. Who will go to the Saturday concert? 1) Bob 2) Sally 3) Both",Да,Нет
vpr_sd_945575,english,11,"Преобразуйте, если это необходимо, слово POPULAR так, чтобы оно грамматически соответствовало содержанию текста. Maslenitsa Everybody in Russia loves Maslenitsa. It is one of the __________________ holidays in the country.",Нет,Нет
vpr_sd_944232,english,11,"Преобразуйте, если это необходимо, слово WOMAN так, чтобы оно грамматически соответствовало содержанию текста. On this day _____________ congratulate their fathers and give presents to them.",Нет,Нет
vpr_sd_945589,english,11,"Преобразуйте, если это необходимо, слово TELL так, чтобы оно грамматически соответствовало содержанию текста. Lomonosov was born in 1711 in a village. He __________________ by his parents to continue the family business but he wanted to study very much.",Нет,Нет
vpr_sd_944827,english,11,"Преобразуйте, если это необходимо, слово ONE так, чтобы оно грамматически соответствовало содержанию текста. The __________________ thing which tourists want to see in Saint Petersburg is usually the Winter Palace. It is on Palace Square.",Нет,Нет
vpr_sd_944147,english,11,"Преобразуйте, если это необходимо, слово PRODUCE так, чтобы оно грамматически соответствовало содержанию текста. Ice pops In 18 years people started ____________ ice pops.",Нет,Нет
vpr_sd_945245,english,11,"Вы услышите диалог. Запишите в поле ответа цифру 1, 2 или 3, соответствующую выбранному Вами варианту ответа. Вы услышите запись дважды. Who has just come back to England? 1) Kathy 2) Joey 3) Both",Да,Нет
vpr_sd_945246,english,11,"Вы услышите диалог. Запишите в поле ответа цифру 1, 2 или 3, соответствующую выбранному Вами варианту ответа. Вы услышите запись дважды. Who will make a cake? 1) Kathy 2) Joey 3) Neither",Да,Нет
vpr_sd_945247,english,11,"Вы услышите диалог. Запишите в поле ответа цифру 1, 2 или 3, соответствующую выбранному Вами варианту ответа. Вы услышите запись дважды. Who likes tennis? 1) Kathy 2) Joey 3) Both",Да,Нет
vpr_sd_945240,english,11,"Вы услышите диалог. Запишите в поле ответа цифру 1, 2 или 3, соответствующую выбранному Вами варианту ответа. Вы услышите запись дважды. Who stopped playing tennis because of a health problem? 1) Kathy 2) Joey 3) Both",Да,Нет
vpr_sd_945241,english,11,"Вы услышите диалог. Запишите в поле ответа цифру 1, 2 или 3, соответствующую выбранному Вами варианту ответа. Вы услышите запись дважды. Who has a class in half an hour? 1) Kathy 2) Joey 3) Both",Да,Нет
vpr_sd_944780,english,11,"Преобразуйте, если это необходимо, слово THIS так, чтобы оно грамматически соответствовало содержанию текста. __________________ churches belong to the best examples of Russian architecture. Beside them, you can visit many lovely small museums in Pereslavl-Zalessky. An exciting opportunity is to have a ride on a hot air balloon above the town.",Нет,Нет
vpr_sd_944140,english,11,"Преобразуйте, если это необходимо, слово GOOD так, чтобы оно грамматически соответствовало содержанию текста. Ice pops Now ice pop is one of the ____________ treats for kids.",Нет,Нет
vpr_sd_945605,english,11,"Hyde Park Hyde Park is one of London's eight Royal Parks. Set right in the heart of London. it 13_____________an area of 350 acres. Hyde Park 14_____________both world-class events and concerts together w ith plenty of quiet places to relax and unw ind. Speaker's Comer is a 15_____________area within Hyde Park. In 1872, an act of parliament set aside this part of Hyde Park for public speaking. It ",Нет,Нет
vpr_sd_944559,english,11,"Вы услышите диалог. Запишите в поле ответа цифру 1, 2 или 3, соответствующую выбранному Вами варианту ответа. Вы услышите запись дважды. Who is a school student? 1) Charlie 2) Lily 3) Both",Да,Нет
vpr_sd_944552,english,11,"Вы услышите диалог. Запишите в поле ответа цифру 1, 2 или 3, соответствующую выбранному Вами варианту ответа. Вы услышите запись дважды. Who likes swimming? 1) Charlie 2) Lily 3) Both",Да,Нет
vpr_sd_944553,english,11,"Вы услышите диалог. Запишите в поле ответа цифру 1, 2 или 3, соответствующую выбранному Вами варианту ответа. Вы услышите запись дважды. Who prefers gyms to swimming pools? 1) Charlie 2) Lily 3) Both",Да,Нет
vpr_sd_944554,english,11,"Вы услышите диалог. Запишите в поле ответа цифру 1, 2 или 3, соответствующую выбранному Вами варианту ответа. Вы услышите запись дважды. Who wants to become thinner? 1) Charlie 2) Lily 3) Both",Да,Нет
vpr_sd_944555,english,11,"Вы услышите диалог. Запишите в поле ответа цифру 1, 2 или 3, соответствующую выбранному Вами варианту ответа. Вы услышите запись дважды. Who thinks going to the swimming pool is expensive? 1) Charlie 2) Lily 3) Both",Да,Нет
vpr_sd_944891,english,11,"Установите соответствие между текстами и рубриками, выбрав рубрику из выпадающего списка. Используйте каждую рубрику только один раз. В задании одна рубрика лишняя. Выпадающий список: 1. Travel advice 2. Events 3. Art 4. Nature 5. Literature 6. History A. Kamchatka, a peninsula stretching from north to south for 1,200 km, is located in the northeastern part of Eurasia, in Russia. This is one of th",Нет,Нет
vpr_sd_945628,english,11,"Преобразуйте, если это необходимо, слово POPULAR так, чтобы оно грамматически соответствовало содержанию текста. In Russia New Year is one of the __________________ holidays.",Нет,Нет
vpr_sd_945650,english,11,"Преобразуйте, если это необходимо, слово TELL так, чтобы оно грамматически соответствовало содержанию текста. After twelve hours travelling round on a bus, Scotti __________________ that he was in New York and not in Rome.",Нет,Нет
vpr_sd_944228,english,11,"Преобразуйте, если это необходимо, слово CELEBRATE так, чтобы оно грамматически соответствовало содержанию текста. Sorry to say, in Russia there is no such a celebration. Perhaps Russians should start _____________ it too.",Нет,Нет
vpr_sd_945645,english,11,"The White Nights From late May to early July the nights are bright in St. Petersburg. The brightest period, the White Nights, normally 13 ______ from June 11th to July 2nd. St. Petersburg is а northern city. At this time of year the sun never fully sets, it does not go below the horizon enough for the 14 ______ to grow dark. In fact night 15 ______ like day. A walk along the banks of the city’s ri",Нет,Нет
vpr_sd_944834,english,11,"Вы услышите диалог. Запишите в поле ответа цифру 1, 2 или 3, соответствующую выбранному Вами варианту ответа. Вы услышите запись дважды. Who was ill recently? 1) Mike 2) Anna 3) Neither",Да,Нет
vpr_sd_944835,english,11,"Вы услышите диалог. Запишите в поле ответа цифру 1, 2 или 3, соответствующую выбранному Вами варианту ответа. Вы услышите запись дважды. Who had a birthday two weeks ago? 1) Mike 2) Anna 3) Neither",Да,Нет
vpr_sd_944828,english,11,"Вы услышите диалог. Запишите в поле ответа цифру 1, 2 или 3, соответствующую выбранному Вами варианту ответа. Вы услышите запись дважды. Who is at school for the last year? 1) Mike 2) Anna 3) Both",Да,Нет
vpr_sd_944829,english,11,"Вы услышите диалог. Запишите в поле ответа цифру 1, 2 или 3, соответствующую выбранному Вами варианту ответа. Вы услышите запись дважды. Who is good at computers? 1) Mike 2) Anna 3) Neither",Да,Нет
vpr_sd_944830,english,11,"Вы услышите диалог. Запишите в поле ответа цифру 1, 2 или 3, соответствующую выбранному Вами варианту ответа. Вы услышите запись дважды. Who likes photography? 1) Mike 2) Anna 3) Neither",Да,Нет
vpr_sd_945494,english,11,"Установите соответствие между текстами и рубриками, выбрав рубрику из выпадающего списка. Используйте каждую рубрику только один раз. В задании одна рубрика лишняя. Выпадающий список: 1. Natural science 2. Environmental protection 3. Risky business 4. Space travel 5. Sightseeing 6. Sports A. The unusual Ostankino Palace was designed by the famous Russian architects F. Camporesi, V. Brenna and I. S",Нет,Нет
vpr_sd_944144,english,11,"Преобразуйте, если это необходимо, слово INVENT так, чтобы оно грамматически соответствовало содержанию текста. Ice pops In fact, this tasty food_____________ by chance by an 11-year-old boy in 1905.",Нет,Нет
vpr_sd_945510,english,11,"Преобразуйте, если это необходимо, слово PRESENT так, чтобы оно грамматически соответствовало содержанию текста. In fact, this young schoolgirl didn’t expect this present. She was almost crying when the cutest Spitz puppy __________________ to her by the president’s assistant.",Нет,Нет
vpr_sd_944184,english,11,"Преобразуйте, если это необходимо, слово BIG так, чтобы оно грамматически соответствовало содержанию текста. It is one of the _____________ statues in the world (85 metres). The statue is the symbol of strength and courage of Russian people. It is impossible to forget a visit to Mamayev Kurgan.",Нет,Нет
vpr_sd_945153,english,11,"Peterhof If you are travelling to St. Petersburg, a visit you can’t miss is to Peterhof. Peterhof is about 30 km from St. Petersburg, and is located next to the Gulf of Finland. This small town was created by order of Peter the Great and is 13 ______ all over the world. It is popular for palaces and gardens that were the residence of the czars until the Revolution of 1917. In 1918 the Peterhof com",Нет,Нет
vpr_sd_944238,english,11,Установите соответствие между текстами A−E и рубриками 1−6. Занесите свои ответы в таблицу. Используйте каждую цифру только один раз. В задании одна рубрика лишняя. 1. Politics 2. History 3. Education 4. Geography 5. Culture 6. Economy A. Canada is a country in the northern part of North America. It includes ten provinces and three territories from the Atlantic to the Pacific and northward into th,Нет,Нет
vpr_sd_945283,english,11,"Преобразуйте, если это необходимо, слово CALL так, чтобы оно грамматически соответствовало содержанию текста. Abraham Lincoln Of all the presidents in the history of the United States, Abraham Lincoln is probably the one that Americans remember with the deepest affection. Abraham Lincoln was born on February 12, 1809, in a one room cabin. He proved that an ordinary man could become the president o",Нет,Нет
vpr_sd_945237,english,11,"Преобразуйте, если это необходимо, слово SING так, чтобы оно грамматически соответствовало содержанию текста. The two ceremonies were joined in 1868, and northern states commemorated the day on May 30. Children read poems and __________________ civil war songs,",Нет,Нет
vpr_sd_944867,english,11,"Преобразуйте, если это необходимо, слово THAT так, чтобы оно грамматически соответствовало содержанию текста. In __________________ times, Russian tsars used it.",Нет,Нет
vpr_sd_945259,english,11,"Преобразуйте, если это необходимо, слово LATE так, чтобы оно грамматически соответствовало содержанию текста. In __________________ years, courtyard playing areas changed into indoor courts.",Нет,Нет
vpr_sd_944167,english,11,"Tea Do you like tea? Strictly speaking, tea is not a 13_____________ at all, but a suitable occasion for social intercourse, when people often come in for a chat over their cup of tea. There are two kinds of tea, ""afternoon tea"" and ""high tea"". ""Afternoon tea"" takes 14_____________ between 3.30 and 4.30 and consists of tea, bread, butter and jam. cakes and biscuits. ""High tea"", howev er, is more s",Нет,Нет
vpr_sd_944936,english,11,"Вы услышите диалог. Запишите в поле ответа цифру 1, 2 или 3, соответствующую выбранному Вами варианту ответа. Вы услышите запись дважды. Who has seen The Patriot ? 1) Linda 2) Frank 3) Both",Да,Нет
vpr_sd_944937,english,11,"Вы услышите диалог. Запишите в поле ответа цифру 1, 2 или 3, соответствующую выбранному Вами варианту ответа. Вы услышите запись дважды. The main character in The Patriot is ... 1) good. 2) weak. 3) indifferent.",Да,Нет
vpr_sd_944938,english,11,"Вы услышите диалог. Запишите в поле ответа цифру 1, 2 или 3, соответствующую выбранному Вами варианту ответа. Вы услышите запись дважды. The Patriot has good... 1) dialogue. 2) story. 3) photography.",Да,Нет
vpr_sd_944939,english,11,"Вы услышите диалог. Запишите в поле ответа цифру 1, 2 или 3, соответствующую выбранному Вами варианту ответа. Вы услышите запись дважды. Who likes historical films? 1) Linda 2) Frank 3) Both",Да,Нет
vpr_sd_944932,english,11,"Вы услышите диалог. Запишите в поле ответа цифру 1, 2 или 3, соответствующую выбранному Вами варианту ответа. Вы услышите запись дважды. Who is going to see The Patriot that night? 1) Linda 2) Frank 3) Neither",Да,Нет
vpr_sd_945574,english,11,"Установите соответствие между текстами и рубриками, выбрав рубрику из выпадающего списка. Используйте каждую рубрику только один раз. В задании одна рубрика лишняя. Выпадающий список: 1. Weather 2. Sports 3. Health 4. Sightseeing 5. Safety on transport 6. Politics A. The central feature of the Kuskovo estate, the Palace with its splendid forecourt and magnificent formal garden, is the best preserv",Нет,Нет
vpr_sd_945608,english,11,"Преобразуйте, если это необходимо, слово TEACH так, чтобы оно грамматически соответствовало содержанию текста. It is interesting to know that Anton Chekhov __________________ to become a doctor and never thought of being a writer when he was young.",Нет,Нет
vpr_sd_945509,english,11,"Преобразуйте, если это необходимо, слово HE так, чтобы оно грамматически соответствовало содержанию текста. In September Liza sent a letter to the president. She wrote __________________ about the dog of her dream, and that she hoped that one day she would have a fluffy friend.",Нет,Нет
vpr_sd_945238,english,11,"Преобразуйте, если это необходимо, слово THEY так, чтобы оно грамматически соответствовало содержанию текста. and veterans came to school wearing __________________ medals to tell students about the Civil War.",Нет,Нет
vpr_sd_945199,english,11,"Преобразуйте, если это необходимо, слово BECOME так, чтобы оно грамматически соответствовало содержанию текста. In 1863, he took the name Mark Twain. By doing it, Sam Clemens __________________ a new personality, a famous writer.",Нет,Нет
vpr_sd_944861,english,11,"Преобразуйте, если это необходимо, слово GOOD так, чтобы оно грамматически соответствовало содержанию текста. Now it is even __________________, with trains some of which have private bathrooms and showers.",Нет,Нет
vpr_sd_944481,english,11,"Bunchie Young: One to Watch When Los Angeles-based trainer Mike Evans talks about Maxwell ""Bunchie"" Young, it can seem like he's describing some 13 ______ college football recruits. ""Bunchie is a kid that comes around once every 10 years,"" Evans said. Maxwell ""Bunchie"" Young, 10, is a 14 ______ and track star. He lives in Los Angeles, California. He has been named the 2017 SportsKid of the Year by",Нет,Нет
vpr_sd_945223,english,11,"Преобразуйте, если это необходимо, слово BEGIN так, чтобы оно грамматически соответствовало содержанию текста. Subway, underground, tube, metro It is known by different names in different countries, but it is equally popular all over the world. The home of the subway is London. The first system, called the London Transport Executive, __________________ to operate in 1863.",Нет,Нет
vpr_sd_944885,english,11,"Преобразуйте, если это необходимо, слово BUILD так, чтобы оно грамматически соответствовало содержанию текста. It __________________ by the Swedish in 1293.",Нет,Нет
vpr_sd_944146,english,11,"Преобразуйте, если это необходимо, слово NOT REMEMBER так, чтобы оно грамматически соответствовало содержанию текста. Ice pops He ____________ about it until the next morning. The night was very cold and the soda had frozen the glass. The boy was surprised to find out how tasty the ice was.",Нет,Нет
vpr_sd_944209,english,11,"Преобразуйте, если это необходимо, слово NOT CAN так, чтобы оно грамматически соответствовало содержанию текста. His professor ________ say a word when he saw it.",Нет,Нет
vpr_sd_944821,english,11,"Преобразуйте, если это необходимо, слово THIS так, чтобы оно грамматически соответствовало содержанию текста. __________________ days the Winter Palace is part of the Hermitage — a cultural and historical museum.",Нет,Нет
vpr_sd_944822,english,11,"Прочитайте текст и заполните пропуски 13−18 словами, напечатанными в правой колонке под цифрами 1−8. Каждое из этих слов может быть использовано только один раз. В ответе укажите цифры, под которыми значатся выбранные Вами слова. Два слова в этом списке 1−8 лишние. Geography Once, the traditional British holiday was a week at the seaside. It could be either in the UK or somewhere with more 13 ____",Нет,Нет
vpr_sd_944823,english,11,"Прочитайте текст и заполните пропуски 13−18 словами, напечатанными в правой колонке под цифрами 1−8. Каждое из этих слов может быть использовано только один раз. В ответе укажите цифры, под которыми значатся выбранные Вами слова. Два слова в этом списке 1−8 лишние. But recently, holidaymakers have been looking for a 14 ______ holiday experience. Perhaps inspired by wildlife documentaries on televi",Нет,Нет
vpr_sd_944816,english,11,"Прочитайте текст и заполните пропуски 13−18 словами, напечатанными в правой колонке под цифрами 1−8. Каждое из этих слов может быть использовано только один раз. В ответе укажите цифры, под которыми значатся выбранные Вами слова. Два слова в этом списке 1−8 лишние. Interest in China has been growing too. About half a million UK tourists have visited China on 15 ______ tours since the 2008 Olympic ",Нет,Нет
vpr_sd_944817,english,11,"Прочитайте текст и заполните пропуски 13−18 словами, напечатанными в правой колонке под цифрами 1−8. Каждое из этих слов может быть использовано только один раз. В ответе укажите цифры, под которыми значатся выбранные Вами слова. Два слова в этом списке 1−8 лишние. Meanwhile, tour companies have been promoting the traditional package holiday with a new twist to attract more customers — but with 16",Нет,Нет
vpr_sd_944818,english,11,"Прочитайте текст и заполните пропуски 13−18 словами, напечатанными в правой колонке под цифрами 1−8. Каждое из этих слов может быть использовано только один раз. В ответе укажите цифры, под которыми значатся выбранные Вами слова. Два слова в этом списке 1−8 лишние. They have filled all the places on its spa holidays in Spain, but they have 17 ______ only half of their available luxury breaks in Eg",Нет,Нет
vpr_sd_944819,english,11,"Прочитайте текст и заполните пропуски 13−18 словами, напечатанными в правой колонке под цифрами 1−8. Каждое из этих слов может быть использовано только один раз. В ответе укажите цифры, под которыми значатся выбранные Вами слова. Два слова в этом списке 1−8 лишние. One of the most notable changes is that the number of holidaymakers over 60 has 18 ______ in the last three years. 1. cultural 2. diff",Нет,Нет
vpr_sd_945534,english,11,"Установите соответствие между текстами и рубриками, выбрав рубрику из выпадающего списка. Используйте каждую рубрику только один раз. В задании одна рубрика лишняя. Выпадающий список: 1. Economy 2. Nature 3. Sightseeing 4. Politics 5. Outer space 6. Sports A. The main entrance to the Kuskovo Palace is made in the form of a high six-column portico with the monogram PS incised on the central pedimen",Нет,Нет
vpr_sd_945450,english,11,"Преобразуйте, если это необходимо, слово THEY так, чтобы оно грамматически соответствовало содержанию текста. You can see soldiers and cadets in __________________ uniforms as well as modern military equipment.",Нет,Нет
vpr_sd_944880,english,11,"Преобразуйте, если это необходимо, слово GET так, чтобы оно грамматически соответствовало содержанию текста. Russia __________________ Vyborg in 1710 in the Northern War.",Нет,Нет
vpr_sd_945588,english,11,"Преобразуйте, если это необходимо, слово ONE так, чтобы оно грамматически соответствовало содержанию текста. Mikhail Lomonosov was the __________________ Russian scientist who became well-known internationally. He also made an important contribution to the formation of the modern Russian language.",Нет,Нет
vpr_sd_945469,english,11,"Преобразуйте, если это необходимо, слово SEND так, чтобы оно грамматически соответствовало содержанию текста. Last summer she __________________ a letter to Vladimir Putin, asking for a chihuahua dog.",Нет,Нет
vpr_sd_945610,english,11,"Преобразуйте, если это необходимо, слово WRITE так, чтобы оно грамматически соответствовало содержанию текста. So he often __________________ humorous letters to them. Very soon Chekhov got really interested in writing and sent some stories to publishers. Newspaper periodicals and literary journals started to publish his short stories.",Нет,Нет
vpr_sd_944547,english,11,"FEDOR FEDOR is a Russian super robot. It can perform many different functions, such as driving a car or 13 ______ physical exercises. FEDOR can also do household tasks like open doors, insert a key into a lock and lift 14 ______ weights. The robot can work independently, respond to voice, and it can be 15 ______ from different places. FEDOR will be good at 16 ______ decisions. FEDOR will also fly ",Нет,Нет
vpr_sd_944774,english,11,"Вы услышите диалог. Запишите в поле ответа цифру 1, 2 или 3, соответствующую выбранному Вами варианту ответа. Вы услышите запись дважды. Who came in a hybrid car? 1) Peter 2) Linda 3) Both",Да,Нет
vpr_sd_944775,english,11,"Вы услышите диалог. Запишите в поле ответа цифру 1, 2 или 3, соответствующую выбранному Вами варианту ответа. Вы услышите запись дважды. Who wants to buy a hybrid car? 1) Peter 2) Linda 3) Both",Да,Нет
vpr_sd_944768,english,11,"Вы услышите диалог. Запишите в поле ответа цифру 1, 2 или 3, соответствующую выбранному Вами варианту ответа. Вы услышите запись дважды. Who is thinking of protecting environment? 1) Peter 2) Linda 3) Both",Да,Нет
vpr_sd_944769,english,11,"Вы услышите диалог. Запишите в поле ответа цифру 1, 2 или 3, соответствующую выбранному Вами варианту ответа. Вы услышите запись дважды. Who used to drive a conventional Honda Civic? 1) Peter 2) Linda 3) Both",Да,Нет
vpr_sd_944770,english,11,"Вы услышите диалог. Запишите в поле ответа цифру 1, 2 или 3, соответствующую выбранному Вами варианту ответа. Вы услышите запись дважды. Who is disappointed in hybrid cars? 1) Peter 2) Linda 3) Neither",Да,Нет
vpr_sd_945594,english,11,"Установите соответствие между текстами и рубриками, выбрав рубрику из выпадающего списка. Используйте каждую рубрику только один раз. В задании одна рубрика лишняя. Выпадающий список: 1. Nature 2. Health 3. Weather 4. Politics 5. Architecture 6. Sightseeing A. Kuskovo is first mentioned in documents dating from the beginning of the sixteenth century.It was a small boyar estate only about seven kil",Нет,Нет
vpr_sd_944884,english,11,"Преобразуйте, если это необходимо, слово ONE так, чтобы оно грамматически соответствовало содержанию текста. The Castle of Vyborg Have you ever been to Vyborg? It is a beautiful Russian town close to Saint Petersburg. When you come to Vyborg, the __________________ thing which you will see is the Castle of Vyborg.",Нет,Нет
vpr_sd_945278,english,11,"Преобразуйте, если это необходимо, слово SHE так, чтобы оно грамматически соответствовало содержанию текста. In fact, he was very poor when he was courting Mary Todd as a young man. He proposed after a year and __________________ family did not approve.",Нет,Нет
vpr_sd_945471,english,11,"Преобразуйте, если это необходимо, слово CALL так, чтобы оно грамматически соответствовало содержанию текста. However, one afternoon they __________________ by the president’s assistant telling them about the fluffy present.",Нет,Нет
vpr_sd_945557,english,11,"Вы услышите диалог. Запишите в поле ответа цифру 1, 2 или 3, соответствующую выбранному Вами варианту ответа. Вы услышите запись дважды. Who is Anna’s best friend? 1) Sandra 2) Jim 3) Both",Да,Нет
vpr_sd_945558,english,11,"Вы услышите диалог. Запишите в поле ответа цифру 1, 2 или 3, соответствующую выбранному Вами варианту ответа. Вы услышите запись дважды. Who feels guilty about his/her behaviour towards Anna? 1) Sandra 2) Jim 3) Both",Да,Нет
vpr_sd_945559,english,11,"Вы услышите диалог. Запишите в поле ответа цифру 1, 2 или 3, соответствующую выбранному Вами варианту ответа. Вы услышите запись дважды. Who thinks gift certificates don’t make a good present? 1) Sandra 2) Jim 3) Neither",Да,Нет
vpr_sd_945552,english,11,"Вы услышите диалог. Запишите в поле ответа цифру 1, 2 или 3, соответствующую выбранному Вами варианту ответа. Вы услышите запись дважды. Who has already bought a present for Anna? 1) Sandra 2) Jim 3) Neither",Да,Нет
vpr_sd_945553,english,11,"Вы услышите диалог. Запишите в поле ответа цифру 1, 2 или 3, соответствующую выбранному Вами варианту ответа. Вы услышите запись дважды. Who is going shopping tomorrow night? 1) Sandra 2) Jim 3) Both",Да,Нет
vpr_sd_944195,english,11,"Преобразуйте, если это необходимо, слово IT так, чтобы оно грамматически соответствовало содержанию текста. Mamayev Kurgan Have you ever been to Volgograd? This city is famous for _____________memorial architectural complex Mamayev Kurgan.",Нет,Нет
vpr_sd_944638,english,11,"Преобразуйте, если это необходимо, слово ONE так, чтобы оно грамматически соответствовало содержанию текста. When you arrive in Vladimir, the _____________ thing you must do is to go to the medieval Golden Gate.",Нет,Нет
vpr_sd_945177,english,11,"Преобразуйте, если это необходимо, слово BRING так, чтобы оно грамматически соответствовало содержанию текста. The popular story, of course, is that Marco Polo __________________ pasta back from his trips to China sometime around 1295.",Нет,Нет
vpr_sd_944805,english,11,"Преобразуйте, если это необходимо, слово ONE так, чтобы оно грамматически соответствовало содержанию текста. Obviously, sightseeing may be the __________________ thing to come to your mind.",Нет,Нет
vpr_sd_944507,english,11,"Преобразуйте, если это необходимо, слово NOT CAN так, чтобы оно грамматически соответствовало содержанию текста. People ______ see it at once.",Нет,Нет
vpr_sd_944501,english,11,"Pets Perhaps the British are too good to their pets, but more interesting is a recent theory amongst psychologists that pets are very good for us. The basic meaning of 'pet' is an animal we keep for 13 ______ rather than economic reasons. A pet animal is kept as a companion, and we all need companions to keep us feeling happy. But pets 14 ______ us more than mere companionship, they 15 ______ us t",Нет,Нет
vpr_sd_944943,english,11,These are photos from your photo album. Choose one photo to describe to your friend. 1 2 3 You will have to start speaking in 2 minutes and will speak for not more than 2 minutes (12–15 sentences). In your talk remember to speak about: — where and when the photo was taken — what/who is in the photo — what is happening — why you keep the photo in your album — why you decided to show the picture to ,Нет,Да
vpr_sd_944135,english,11,"Вы услышите диалог. Запишите в поле ответа цифру 1, 2, 3 или 4, соответствующую выбранному Вами варианту ответа. Вы услышите запись дважды. Who wants to cook something special for the birthday dinner? 1) Jill 2) Matthew 3) Both 4) Neither",Да,Нет
vpr_sd_944128,english,11,"Вы услышите диалог. Запишите в поле ответа цифру 1, 2, 3 или 4, соответствующую выбранному Вами варианту ответа. Вы услышите запись дважды. Who has travelled a lot? 1) Jill 2) Matthew 3) Both 4) Neither",Да,Нет
vpr_sd_944129,english,11,"Вы услышите диалог. Запишите в поле ответа цифру 1, 2, 3 или 4, соответствующую выбранному Вами варианту ответа. Вы услышите запись дважды. Who has a grandmother of German origin? 1) Jill 2) Matthew 3) Both 4) Neither",Да,Нет
vpr_sd_944130,english,11,"Вы услышите диалог. Запишите в поле ответа цифру 1, 2, 3 или 4, соответствующую выбранному Вами варианту ответа. Вы услышите запись дважды. Who never eats soup? 1) Jill 2) Matthew 3) Both 4) Neither",Да,Нет
vpr_sd_944131,english,11,"Вы услышите диалог. Запишите в поле ответа цифру 1, 2, 3 или 4, соответствующую выбранному Вами варианту ответа. Вы услышите запись дважды. Who will cook something special for the birthday dinner? 1) Jill 2) Matthew 3) Both 4) Neither",Да,Нет
vpr_sd_945489,english,11,"Преобразуйте, если это необходимо, слово INTRODUCE так, чтобы оно грамматически соответствовало содержанию текста. He also co-founded Apple Inc. When the iPhone __________________ to public in 2007, it changed the mobile market once and forever.",Нет,Нет
vpr_sd_945158,english,11,"Преобразуйте, если это необходимо, слово SELL так, чтобы оно грамматически соответствовало содержанию текста. «Then you must accompany him on the piano,» said the boy’s father. This time all the tickets __________________.",Нет,Нет
vpr_sd_945179,english,11,"Преобразуйте, если это необходимо, слово ONE так, чтобы оно грамматически соответствовало содержанию текста. Early Spanish settlers were among the __________________ to bring pasta to America.",Нет,Нет
vpr_sd_945457,english,11,"Вы услышите диалог. Запишите в поле ответа цифру 1, 2 или 3, соответствующую выбранному Вами варианту ответа. Вы услышите запись дважды. Who is writing a report? 1) Bill 2) Toni 3) Neither",Да,Нет
vpr_sd_945458,english,11,"Вы услышите диалог. Запишите в поле ответа цифру 1, 2 или 3, соответствующую выбранному Вами варианту ответа. Вы услышите запись дважды. Who think it’s not difficult to write a report? 1) Bill 2) Toni 3) Both",Да,Нет
vpr_sd_945459,english,11,"Вы услышите диалог. Запишите в поле ответа цифру 1, 2 или 3, соответствующую выбранному Вами варианту ответа. Вы услышите запись дважды. Who says that students often don’t write a plan for their report? 1) Bill 2) Toni 3) Both",Да,Нет
vpr_sd_945452,english,11,"Вы услышите диалог. Запишите в поле ответа цифру 1, 2 или 3, соответствующую выбранному Вами варианту ответа. Вы услышите запись дважды. Who wants to share some recommendations with his/her students? 1) Bill 2) Toni 3) Both",Да,Нет
vpr_sd_945453,english,11,"Вы услышите диалог. Запишите в поле ответа цифру 1, 2 или 3, соответствующую выбранному Вами варианту ответа. Вы услышите запись дважды. Who thinks that students often make the same spelling mistakes? 1) Bill 2) Toni 3) Both",Да,Нет
vpr_sd_945554,english,11,"Установите соответствие между текстами и рубриками, выбрав рубрику из выпадающего списка. Используйте каждую рубрику только один раз. В задании одна рубрика лишняя. Выпадающий список: 1. Weather 2. People 3. Health 4. Sports 5. Sightseeing 6. Nature A. The Kuskovo Palace was built on the site of an old manor-house under the direction of the Moscow architect Karl Blank (1728–1793). The Palace was b",Нет,Нет
vpr_sd_944213,english,11,"Преобразуйте, если это необходимо, слово CONSIDER так, чтобы оно грамматически соответствовало содержанию текста. By chance George Dantzig was a famous US mathematician. He _____________ to be one of the most talented scientists of his time.",Нет,Нет
vpr_sd_944786,english,11,"Преобразуйте, если это необходимо, слово BEAUTIFUL так, чтобы оно грамматически соответствовало содержанию текста. It is certainly one of the __________________ places in Russia.",Нет,Нет
vpr_sd_945530,english,11,"Преобразуйте, если это необходимо, слово CHOOSE так, чтобы оно грамматически соответствовало содержанию текста. After the festive meal the children themselves __________________ a toy from the Christmas tree as a souvenir.",Нет,Нет
vpr_sd_944615,english,11,"Преобразуйте, если это необходимо, слово LATE так, чтобы оно грамматически соответствовало содержанию текста. _____________ the sky will be full of planes and helicopters. The main participants of the parade are, of course, the veterans who pass through the square in trucks or watch the parade from the stands. Veterans wear their medals and anyone can go and congratulate them, give them flowers, o",Нет,Нет
vpr_sd_944608,english,11,"Преобразуйте, если это необходимо, слово SHOW так, чтобы оно грамматически соответствовало содержанию текста. The parade _____________ on TV so that the whole country can enjoy the spectacular sight.",Нет,Нет
vpr_sd_944782,english,11,"Прочитайте текст и заполните пропуски 13−18 словами, напечатанными в правой колонке под цифрами 1−8. Каждое из этих слов может быть использовано только один раз. В ответе укажите цифры, под которыми значатся выбранные Вами слова. Два слова в этом списке 1−8 лишние. Can animals talk? People have always liked to imagine that animals could speak our language. Is it really 13 ______, though, for anima",Нет,Нет
vpr_sd_944783,english,11,"Прочитайте текст и заполните пропуски 13−18 словами, напечатанными в правой колонке под цифрами 1−8. Каждое из этих слов может быть использовано только один раз. В ответе укажите цифры, под которыми значатся выбранные Вами слова. Два слова в этом списке 1−8 лишние. Parrots are very good mimics. They can imitate sounds 14 ______, including the human voice, but to use language we need to understand ",Нет,Нет
vpr_sd_944777,english,11,"Прочитайте текст и заполните пропуски 13−18 словами, напечатанными в правой колонке под цифрами 1−8. Каждое из этих слов может быть использовано только один раз. В ответе укажите цифры, под которыми значатся выбранные Вами слова. Два слова в этом списке 1−8 лишние. Some animals, including dogs and many circus animals, are intelligent enough to be trained to obey 16 ______ commands. 1. able 2. case",Нет,Нет
vpr_sd_944778,english,11,"Прочитайте текст и заполните пропуски 13−18 словами, напечатанными в правой колонке под цифрами 1−8. Каждое из этих слов может быть использовано только один раз. В ответе укажите цифры, под которыми значатся выбранные Вами слова. Два слова в этом списке 1−8 лишние. Again, this is not the same as using language and, in any 17 ______, it is our tone of voice which is more important than the actual w",Нет,Нет
vpr_sd_944779,english,11,"Прочитайте текст и заполните пропуски 13−18 словами, напечатанными в правой колонке под цифрами 1−8. Каждое из этих слов может быть использовано только один раз. В ответе укажите цифры, под которыми значатся выбранные Вами слова. Два слова в этом списке 1−8 лишние. In the 1960s an American couple tried to teach a chimp the sign language used by deaf people. The experiment was a great success. The ",Нет,Нет
vpr_sd_944804,english,11,"Преобразуйте, если это необходимо, слово THEY так, чтобы оно грамматически соответствовало содержанию текста. Visiting Russia Russia is an attractive place for tourists from all over the world. When foreign tourists think of Russia as __________________ future travel destination, it is usually about sights.",Нет,Нет
vpr_sd_945256,english,11,"Преобразуйте, если это необходимо, слово THEY так, чтобы оно грамматически соответствовало содержанию текста. Most historians credit the origins of the game to 11 th or 12 th century French monks, who began playing a ball against __________________ monastery walls.",Нет,Нет
vpr_sd_945178,english,11,"Преобразуйте, если это необходимо, слово NOT MEAN так, чтобы оно грамматически соответствовало содержанию текста. However, Italian records from a decade earlier indicate that pasta was a favourite dish of the Romans, years before Marco’s return. This __________________ that pasta had been invented in Italy before it became a popular dish in China. The opposite is probably true: at least 3,000 year",Нет,Нет
vpr_sd_944928,english,11,"Преобразуйте, если это необходимо, слово TASTY так, чтобы оно грамматически соответствовало содержанию текста. Many people think that food is much ___________ when eaten with salt.",Нет,Нет
vpr_sd_944951,english,11,"Преобразуйте, если это необходимо, слово NOT FORGET так, чтобы оно грамматически соответствовало содержанию текста. You _____________ seeing Pereslavl-Zalessky from the air.",Нет,Нет
vpr_sd_944802,english,11,"Прочитайте текст и заполните пропуски 13−18 словами, напечатанными в правой колонке под цифрами 1−8. Каждое из этих слов может быть использовано только один раз. В ответе укажите цифры, под которыми значатся выбранные Вами слова. Два слова в этом списке 1−8 лишние. Holidays Thousands of people nowadays spend their holidays travelling. They travel by train, bus, motorcycle, or in their own car. The",Нет,Нет
vpr_sd_944803,english,11,"Прочитайте текст и заполните пропуски 13−18 словами, напечатанными в правой колонке под цифрами 1−8. Каждое из этих слов может быть использовано только один раз. В ответе укажите цифры, под которыми значатся выбранные Вами слова. Два слова в этом списке 1−8 лишние. They hike in forests, visit natural preserves and other places. Visiting 14 ______ wonders is called “ecology tourism”. 1. comfortable",Нет,Нет
vpr_sd_944796,english,11,"Прочитайте текст и заполните пропуски 13−18 словами, напечатанными в правой колонке под цифрами 1−8. Каждое из этих слов может быть использовано только один раз. В ответе укажите цифры, под которыми значатся выбранные Вами слова. Два слова в этом списке 1−8 лишние. Some people 15 ______ hitch-hiking on highways. Some go in for mount-climbing or alpine hiking. 1. comfortable 2. country 3. depend 4.",Нет,Нет
vpr_sd_944797,english,11,"Прочитайте текст и заполните пропуски 13−18 словами, напечатанными в правой колонке под цифрами 1−8. Каждое из этих слов может быть использовано только один раз. В ответе укажите цифры, под которыми значатся выбранные Вами слова. Два слова в этом списке 1−8 лишние. Travelling by car has its own fun as you do not 16 ______ on timetables and can swiftly get to almost any place you like. 1. comfortab",Нет,Нет
vpr_sd_944798,english,11,"Прочитайте текст и заполните пропуски 13−18 словами, напечатанными в правой колонке под цифрами 1−8. Каждое из этих слов может быть использовано только один раз. В ответе укажите цифры, под которыми значатся выбранные Вами слова. Два слова в этом списке 1−8 лишние. Hiking is becoming very popular. People like to spend their days off in the country, closer to nature. There are 17 ______ places with",Нет,Нет
vpr_sd_944799,english,11,"Прочитайте текст и заполните пропуски 13−18 словами, напечатанными в правой колонке под цифрами 1−8. Каждое из этих слов может быть использовано только один раз. В ответе укажите цифры, под которыми значатся выбранные Вами слова. Два слова в этом списке 1−8 лишние. It is 18 ______ to spend a day bathing and suntanning oneself on a river bank, a lakeshore or at a seaside, to chat and joke with your",Нет,Нет
vpr_sd_945421,english,11,"Установите соответствие между текстами и рубриками, выбрав рубрику из выпадающего списка. Используйте каждую рубрику только один раз. В задании одна рубрика лишняя. Выпадающий список: 1. Events 2. Traditions 3. Literature 4. Sightseeing 5. History 6. Geography A. Ulan-Ude is a city with a population of 435 thousand people located about 100 km east of Lake Baikal. It is the capital of the Republic ",Нет,Нет
vpr_sd_945197,english,11,"Преобразуйте, если это необходимо, слово LATE так, чтобы оно грамматически соответствовало содержанию текста. In 1847 Sam’s father died and he had to go to work at the age of 12 as a printer’s apprentice. __________________ he worked as a printer, a steamboat pilot, a silver miner and then he started writing humorous sketches.",Нет,Нет
vpr_sd_944950,english,11,"Преобразуйте, если это необходимо, слово THIS так, чтобы оно грамматически соответствовало содержанию текста. ________ churches belong to the best examples of Russian architecture. Beside them, you can visit many lovely small museums in Pereslavl-Zalessky. An exciting opportunity is to have a ride on a hot air balloon above the town.",Нет,Нет
vpr_sd_945755,english,4,"Ты услышишь сообщение. Для каждого предложения A–⁠E выбери один правильный вариант ответа из трёх предложенных (1, 2 или 3). Ты услышишь текст дважды. А. What subject does Tom hope to get a good mark in? He hopes to get a good mark in... 1) Science. 2) History. 3) Art. В. What does Tom like learning about? He likes learning about... 1) painting. 2) the past. 3) football. С. Who is Sam? Sam is Tom’",Да,Нет
vpr_sd_945852,english,4,"Прочитай текст. Для каждого предложения А − Е выбери один правильный вариант ответа из трёх предложенных (1, 2 или 3). Thomas had to write a story for class. His English teacher wanted him to write a story about anything. He had no idea what to write. He could not think of a good idea. This was an important task. After a while he decided to go outside. He took a walk in the park. The park gave him",Нет,Нет
vpr_sd_945745,english,4,"Прочитай рассказ. Вставь вместо каждого пропуска, обозначенного буквами A–⁠E , нужную грамматическую форму, выбрав её из трёх предложенных вариантов (1, 2 или 3). The 1 st of September It was September 1. Jane was very excited. It was her A _____ day in the 5th grade. She woke up B _____ 6 o’clock in the morning and put on a new dress. Her mum made pancakes for breakfast. After breakfast Jane C __",Нет,Нет
vpr_sd_945759,english,4,"Ты услышишь сообщение. Для каждого предложения A–⁠E выбери один правильный вариант ответа из трёх предложенных (1, 2 или 3). Ты услышишь текст дважды. А. What is Tom going to have at the first lesson? He is going to have... 1) a history test. 2) a science test. 3) an art competition. В. Which class is after Science? ... is after Science. 1) Art 2) Math 3) History С. What country will they talk abo",Да,Нет
vpr_sd_945847,english,4,"Ты услышишь сообщение. Для каждого предложения A–⁠E выбери один правильный вариант ответа из трёх предложенных (1, 2 или 3). Ты услышишь текст дважды. А. Who is this message from? It is... 1) from Mike’s father to Mike. 2) from Jimmy to his father. 3) from Mike to his father. В. Where is Mike now? He is... 1) at home. 2) at the café. 3) at the supermarket. С. What colour is the skateboard for Jimm",Да,Нет
vpr_sd_945891,english,4,"Прочитай текст. Для каждого предложения А − Е выбери один правильный вариант ответа из трёх предложенных (1, 2 или 3). Ann and summer It’s summer now. The school is closed for summer vacations. Ann is spending her vacations in the village. The weather is great, the sun is shining. Ann likes nature and she often likes walking in a small forest with her parents. There are many beautiful flowers and ",Нет,Нет
vpr_sd_945737,english,4,"Прочитай рассказ. Вставь вместо каждого пропуска, обозначенного буквами A–⁠E , нужную грамматическую форму, выбрав её из трёх предложенных вариантов (1, 2 или 3). Sam is a happy boy who loves to travel. Last summer he visited Omsk with A _____ family. Omsk B _____ a big city in Russia. Sam was excited to see new places. They went to the beautiful parks and saw trees and flowers. C _____ the aftern",Нет,Нет
vpr_sd_945871,english,4,Помоги своему другу заполнить анкету для сайта «Друзья онлайн». Прочитай текст и запиши информацию в таблицу. Под каждым номером запиши только одно слово (без артиклей). Числа необходимо записать словами. Alex Zolotov Alex lives in Arkhangelsk. It's a very beautiful city in the North of Russia. Alex has got a brother. His brother is 7 years old and Alex is 3 years older. Alex likes cats very much.,Нет,Нет
vpr_sd_945879,english,4,"Прочитай текст. Для каждого предложения А − Е выбери один правильный вариант ответа из трёх предложенных (1, 2 или 3). Ken had no school today. Ken had no homework to do today, he did everything yesterday. He was alone at home.He was usually busy every day. He watched TV for two hours, then he played video games. He went outside to play with his friends and played volleyball and basketball for thr",Нет,Нет
vpr_sd_945741,english,4,"Прочитай рассказ. Вставь вместо каждого пропуска, обозначенного буквами A–⁠E , нужную грамматическую форму, выбрав её из трёх предложенных вариантов (1, 2 или 3). Sochi Park Sochi Park is located in Sochi, a beautiful city by the sea. It is a fun place for children and A _____ families. In Sochi Park there are many exciting rides and games. Children can ride roller coasters, play in the water, and",Нет,Нет
vpr_sd_945736,english,4,"Прочитай текст. Для каждого предложения A– E выбери один правильный вариант ответа из трёх предложенных (1, 2 или 3). The Fox and Bear In a sunny forest there lived a clever fox and a strong bear. One day the fox wanted to have a race. The bear agreed, and they decided to run to the biggest tree in the forest. All the animals came to watch the race. The fox ran very fast at the start. The bear ran",Нет,Нет
vpr_sd_945749,english,4,"Прочитай рассказ. Вставь вместо каждого пропуска, обозначенного буквами A–⁠E , нужную грамматическую форму, выбрав её из трёх предложенных вариантов (1, 2 или 3). A Visit to Father Frost Last winter Anna and her family visited Father Frost in Ustyug. They were so happy! When they arrived A _____ the morning, they saw a big, beautiful house covered in snow. Anna knocked on the door, and Father Fros",Нет,Нет
vpr_sd_945854,english,4,"Помоги своему другу заполнить анкету для сайта «Друзья онлайн». Прочитай текст и запиши информацию в таблицу. Под каждым номером запиши только одно слово (без артиклей). Числа необходимо записать словами. Ann Surikova Ann lives in Vladivostok, Russia. She is 10 years old. She has got a sister. She has got a little puppy Ram. Ann likes painting. She wants to become a famous painter. Ann doesn't lik",Нет,Нет
vpr_sd_945865,english,4,"Прочитай рассказ. Вставь вместо каждого пропуска, обозначенного буквами А − Е, нужную грамматическую форму, выбрав её из трёх предложенных вариантов (1, 2 или 3). Helen is A _____ have her B _____ day at new school tomorrow. She is very excited. Her family moved from another city only a week ago and she didn't make any new friends yet. Though, that girl who lives opposite Helen's home looks very n",Нет,Нет
vpr_sd_945919,english,4,"Прочитай рассказ. Вставь вместо каждого пропуска, обозначенного буквами А − Е, нужную грамматическую форму, выбрав её из трёх предложенных вариантов (1, 2 или 3). Lake Baikal Last year I visited Siberia. I A _____ Lake Baikal. It is a very beautiful deep lake. It is also the B _____ freshwater lake in the world. It is 25 million years old. There are about 100 volcanoes but there are C _____ active",Нет,Нет
vpr_sd_945872,english,4,"Прочитай рассказ. Вставь вместо каждого пропуска, обозначенного буквами А − Е, нужную грамматическую форму, выбрав её из трёх предложенных вариантов (1, 2 или 3). Sally and her Mom went A _____. They wanted to find the B _____ beautiful skirt in the city and buy it C ____ Sally. Sally's Mom asked her daughter to try several skirts but none of them fitted Sally. Then they D ____ to a woman who make",Нет,Нет
vpr_sd_945882,english,4,"Прочитай рассказ. Вставь вместо каждого пропуска, обозначенного буквами А − Е, нужную грамматическую форму, выбрав её из трёх предложенных вариантов (1, 2 или 3). Dorothy was A ______ a tennis game. It was B ___ her school. Her school was competing against another local school. C ___sister was on the tennis team. Dorothy loved watching her sister. She was the D _____ player in the team. Her sister",Нет,Нет
vpr_sd_945843,english,4,"Ты услышишь сообщение. Для каждого предложения А–Е выбери один правильный вариант ответа из трёх предложенных (1, 2 или 3). Ты услышишь текст дважды. А. Who is this message to? This message is to... 1) Kate’s father. 2) Kate’s mother. 3) Kate’s sister. В. What colour is Kate’s new bag? It’s... 1) blue. 2) black. 3) red. С. Whose birthday is next Tuesday? It’s ... birthday. 1) Kate’s 2) Alice’s 3) ",Да,Нет
vpr_sd_945820,english,4,"Прочитай текст. Для каждого предложения А − Е выбери один правильный вариант ответа из трёх предложенных (1, 2 или 3). Ruby Walker Ruby is very happy. She has got a new doll. It was her birthday last Friday and she got many presents. Her parents gave her a new bag, her elder sister Mary gave her a new brown dress and her friend Emma gave her a white blouse. Her father’s sister Nancy gave her a new",Нет,Нет
vpr_sd_945912,english,4,"Помоги своему другу заполнить анкету для сайта «Друзья онлайн». Прочитай текст и запиши информацию в таблицу. Под каждым номером запиши только одно слово (без артиклей). Числа необходимо записать словами. Tom Ivanov Tom is from Russia. He is 9 years old. Tom lives in Saratov, in Russia. He has got a younger sister and an older brother. The children have got a cat. Tom likes playing football. He wa",Нет,Нет
vpr_sd_945897,english,4,"Ты услышишь сообщение. Для каждого предложения А − Е выбери один правильный вариант ответа из трёх предложенных (1, 2 или 3). Ты услышишь текст дважды. А. What do you know about Jane? 1) She is a pupil. 2) She is a new teacher. 3) She is a pupil’s mother. В. What subject is the girl going to have a test in? 1) English. 2) Music. 3) Maths. С. What is the girl’s favourite subject? 1) English. 2) Mus",Да,Нет
vpr_sd_945840,english,4,"Ты услышишь сообщение. Для каждого предложения A–⁠E выбери один правильный вариант ответа из трёх предложенных (1, 2 или 3). Ты услышишь текст дважды. А. Who is this message to? This message is to... 1) Mike’s father. 2) Mike’s mother. 3) Mike’s brother. В. What colour is Mike’s new bike? It’s... 1) green. 2) black. 3) brown. С. Whose birthday is next Monday? It’s ... birthday. 1) Mike’s 2) Jimmy’",Да,Нет
vpr_sd_945841,english,4,"Ты услышишь сообщение. Для каждого предложения А − Е выбери один правильный вариант ответа из трёх предложенных (1, 2 или 3). Ты услышишь текст дважды. А. Who is this message from? It is ... 1) from Kate’s father to Kate. 2) from Alice to her mother. 3) from Kate to her mother. В. Where is Kate now? She is ... 1) at home. 2) at the café. 3) at the supermarket. С. What colour is the bike for Alice?",Да,Нет
vpr_sd_945864,english,4,"Прочитай текст. Для каждого предложения А − Е выбери один правильный вариант ответа из трёх предложенных (1, 2 или 3). Aaron is from Birmingham. He lived there since he was born. Now his is 11. His dad got a job in Bristol .Aaron is happy for him, but he doesn't want to move. All his friends are in Birmingham. He is going to miss everything. He loves the park. He always goes there to relax. He lov",Нет,Нет
vpr_sd_945895,english,4,"Прочитай рассказ. Вставь вместо каждого пропуска, обозначенного буквами А − Е, нужную грамматическую форму, выбрав её из трёх предложенных вариантов (1, 2 или 3). The Empire State Building When you visit New York City, there A _____ several different options for activities during a day trip. Some visitors come to B _____ a show, visit art museums, or simply to go C _____. However, many tourists si",Нет,Нет
vpr_sd_945870,english,4,"Прочитай рассказ. Вставь вместо каждого пропуска, обозначенного буквами А − Е, нужную грамматическую форму, выбрав её из трёх предложенных вариантов (1, 2 или 3). Jack wants to be a famous sportsman. He likes A _____ hockey very much but he hates practising B ____. His coach always call him the C ______ but the laziest player in his team. Jack D ______ have an important game tomorrow. He is nervou",Нет,Нет
vpr_sd_945880,english,4,Помоги своему другу заполнить анкету для сайта «Друзья онлайн». Прочитай текст и запиши информацию в таблицу. Под каждым номером запиши только одно слово (без артиклей). Числа необходимо записать словами. Alice Petrova Alice lives in Pskov. Pskov is a beautiful old city. There are lots of hisctorical places there. Alice likes walking around the city. Alice is eleven and she has got two younger sis,Нет,Нет
vpr_sd_945857,english,4,"Прочитай текст. Для каждого предложения А − Е выбери один правильный вариант ответа из трёх предложенных (1, 2 или 3). Christina and her son like to watch clouds.They went outside. They put down a towel. They lay down on it. They looked up at the sky. Christina pointed at a cloud. ""What do you think that one looks like?"" she asked.Her son looked at the cloud. ""It looks like a giraffe,"" he said. Sh",Нет,Нет
vpr_sd_945826,english,4,Помоги своему другу заполнить анкету для сайта «Друзья онлайн». Прочитай текст и запиши информацию в таблицу. Под каждым номером запиши только одно слово (без артиклей). Числа необходимо записать словами. Nina Zinkova Nina is from Russia. She lives in Tomsk She is 9 years old. She has got a youngerbrother. The children have got a hamster. Nina likes playing basketball. She wants to be a profession,Нет,Нет
vpr_sd_945878,english,4,Помоги своему другу заполнить анкету для сайта «Друзья онлайн». Прочитай текст и запиши информацию в таблицу. Под каждым номером запиши только одно слово (без артиклей). Числа необходимо записать словами. Alina Morozova Alina lives in Saint-Petersburg. She is ten. Saint-Petersburg is one of the most beautiful cities in Russia. Alina has got a brother and a sister. She has got an old turtle. Alina ,Нет,Нет
vpr_sd_945890,english,4,Помоги своему другу заполнить анкету для сайта «Друзья онлайн». Прочитай текст и запиши информацию в таблицу. Под каждым номером запиши только одно слово (без артиклей). Числа необходимо записать словами. Diego Salvatore Diego lives in Madrid. Madrid is the capital of Spain. Diego is 11 years old. He has got a sister and a brother. He has got a little parrot which can sing. Diego likes playing bas,Нет,Нет
vpr_sd_945746,english,4,Помоги своему другу заполнить анкету для сайта «Друзья онлайн». Прочитай текст и запиши информацию в таблицу. Под каждым номером запиши только одно слово (без артиклей). Числа необходимо записать словами. Fedor Nemov Fedor is from Russia. He is 11 years old. Fedor lives in Volgograd. He has got a younger brother and a sister. The children have got a cat. Fedor likes playing volleyball. He wants to,Нет,Нет
vpr_sd_945866,english,4,Помоги своему другу заполнить анкету для сайта «Друзья онлайн». Прочитай текст и запиши информацию в таблицу. Под каждым номером запиши только одно слово (без артиклей). Числа необходимо записать словами. Michael Smirnov Michael lives in Moscow. He is 10 years old. Moscow in the capital of Russia. Michael has got a sister and a brother. He's got a little puppy. Michael likes playing the guitar. He,Нет,Нет
vpr_sd_945861,english,4,"Помоги своему другу заполнить анкету для сайта «Друзья онлайн». Прочитай текст и запиши информацию в таблицу. Под каждым номером запиши только одно слово (без артиклей). Числа необходимо записать словами. Andrew Filonov Andrew Filonov and his family live in Vyborg, Russia. Andrew has got an older sister Mary. Andrew is 9 years old. He likes singing and sings in a choir. He is fond of soccer and pl",Нет,Нет
vpr_sd_945886,english,4,"Прочитай текст. Для каждого предложения А − Е выбери один правильный вариант ответа из трёх предложенных (1, 2 или 3). Jack and his friends Jack is a young blue⁠-⁠eyed boy. He is nine years old. He lives with his parents. Jack likes going to the cinema with his friends. It’s Sunday now. But he stays at home to rest. He has nothing to do today so he can spend this day with his friends. The boys wal",Нет,Нет
vpr_sd_945881,english,4,"Прочитай текст. Для каждого предложения А − Е выбери один правильный вариант ответа из трёх предложенных (1, 2 или 3). My city My name is Alexandra and I live in Saint-Petersburg. I live with my parents and my little brother. I’m 11 years old. My city is very big and beautiful. It is quite young but is has interesting history. There are many museums, palaces and cathedrals in my city. I like walki",Нет,Нет
vpr_sd_945744,english,4,"Прочитай текст. Для каждого предложения A– E выбери один правильный вариант ответа из трёх предложенных (1, 2 или 3). In a little hole under a big tree in the garden, there lived a clever hedgehog named Harry. Harry loved travelling and finding something new and interesting. One sunny day he went to the nearby forest. Harry put some tasty berries in his small bag and started his travelling. On the",Нет,Нет
vpr_sd_945748,english,4,"Прочитай текст. Для каждого предложения A– E выбери один правильный вариант ответа из трёх предложенных (1, 2 или 3). In a green forest there lived a small bird named Bella and a white rabbit named Benny. Bella loved to fly high in the sky, while Benny enjoyed jumping in the grass. One sunny day Bella saw Benny. He was sad. She flew down to see why Benny was unhappy. Benny told her he wanted to tr",Нет,Нет
vpr_sd_945876,english,4,"Прочитай текст. Для каждого предложения А − Е выбери один правильный вариант ответа из трёх предложенных (1, 2 или 3). My family My name is Paul. I’m 11 years old. I have got a big family. I have got a mother, a father, two sisters and a brother. I’m the oldest boy but my sisters are older than me. My sisters and I go to school every day. My brother goes to the kindergarten. My parents work a lot.",Нет,Нет
vpr_sd_945867,english,4,"Прочитай текст. Для каждого предложения А − Е выбери один правильный вариант ответа из трёх предложенных (1, 2 или 3). Linda loves her little sister. Her name is Brenda. She is very annoying though. Brenda talks too much.She talks very loudly, too. Linda had an idea. ""Let's play the quiet game! I bet you can't win!""Linda said. ""Of course, I can!"" Brenda said. Brenda was surprisingly good at the ga",Нет,Нет
vpr_sd_945887,english,4,"Прочитай рассказ. Вставь вместо каждого пропуска, обозначенного буквами А − Е, нужную грамматическую форму, выбрав её из трёх предложенных вариантов (1, 2 или 3). Oscar A _____ his shoes. He was B _____ them for 5 years. They still fit but they look very old. The lower part of the shoes is even C _____. ""Oscar,you need to buy new shoes,""his wife said.""No! I love my shoes,"" he answered. D_____ wife",Нет,Нет
vpr_sd_945860,english,4,"Прочитай рассказ. Вставь вместо каждого пропуска, обозначенного буквами А − Е, нужную грамматическую форму, выбрав её из трёх предложенных вариантов (1, 2 или 3). Miss Johnson was the A ____ teacher. She had a heart of gold. B ____ morning, she greeted her students happily and was ready to help them learn and grow. She C _______ that children learned best when they were D _______ fun,so her lesson",Нет,Нет
vpr_sd_945853,english,4,"Прочитай рассказ. Вставь вместо каждого пропуска, обозначенного буквами А − Е, нужную грамматическую форму, выбрав её из трёх предложенных вариантов (1, 2 или 3). Alexandra was A _____ for her T-shirt. She B ___ sure that she put it on the chair yesterday. It was her most favourite T-shirt. It was new and fitted her really well. Finally, she found it. She put it on and looked at C ______in the mir",Нет,Нет
vpr_sd_945825,english,4,"Прочитай рассказ. Вставь вместо каждого пропуска, обозначенного буквами А − Е, нужную грамматическую форму, выбрав её из трёх предложенных вариантов (1, 2 или 3). Novosibirsk Novosibirsk is one of the famous cities in the east of Russia. It is between the Ob and the Irtysh Rivers. It A _____ many interesting places. Children like to visit Novosibirsk Zoo. The history of Novosibirsk Zoo B _____ wit",Нет,Нет
vpr_sd_945868,english,4,Помоги своему другу заполнить анкету для сайта «Друзья онлайн». Прочитай текст и запиши информацию в таблицу. Под каждым номером запиши только одно слово (без артиклей). Числа необходимо записать словами. Peter Fedorov Peter Fedorov lives in Volgograd. He is eleven. He can swim well and he wants to become a sailor. Peter has got two sisters. He has got a green parrot. Peter likes singing and playi,Нет,Нет
vpr_sd_945877,english,4,"Прочитай рассказ. Вставь вместо каждого пропуска, обозначенного буквами А − Е, нужную грамматическую форму, выбрав её из трёх предложенных вариантов (1, 2 или 3). Claire is 5 years old. She watches TV A _____. B _____ parents want her to read more. She C _____ the TV too much. Her moms asks her to read a book. She says no. Her mom asks her to read a picture book. She says no. D _____ dad asks her ",Нет,Нет
vpr_sd_945828,english,4,"Прочитай текст. Для каждого предложения А − Е выбери один правильный вариант ответа из трёх предложенных (1, 2 или 3). Larry Taylor Larry is happy. He has got a new bike. It was his birthday last Saturday and he got many presents. His parents gave him a LEGO set, his elder brother gave him a new brown T-shirt and grey trousers, his mother’s brother William gave him a black bike. Larry really wante",Нет,Нет
vpr_sd_945918,english,4,"Прочитай текст. Для каждого предложения А − Е выбери один правильный вариант ответа из трёх предложенных (1, 2 или 3). John Brown John Brown did not have any brothers or sisters. He was an only child. John lived in a big city near a river but he liked to go to the park in the afternoon after school when the weather was nice. He walked in the park and looked at other boys who played football there.",Нет,Нет
vpr_sd_945858,english,4,"Прочитай рассказ. Вставь вместо каждого пропуска, обозначенного буквами А − Е, нужную грамматическую форму, выбрав её из трёх предложенных вариантов (1, 2 или 3). Vlad was A _____ take a flight to another city. He packed his backpack and B _____ ready to go. Suddenly, he realised that he forgot C _____ passport. He started looking for it everywhere but could not find it. Finally, he was ready to g",Нет,Нет
vpr_sd_945733,english,4,"Прочитай рассказ. Вставь вместо каждого пропуска, обозначенного буквами A–⁠E , нужную грамматическую форму, выбрав её из трёх предложенных вариантов (1, 2 или 3). Kaliningrad Zoo Kaliningrad Zoo is a fun place to visit. It is one of the A _____ places in the centre of the city, near the beautiful Kaliningrad Central Park. Children from all over the world B _____ to see the amazing animals. They ca",Нет,Нет
vpr_sd_945888,english,4,Помоги своему другу заполнить анкету для сайта «Друзья онлайн». Прочитай текст и запиши информацию в таблицу. Под каждым номером запиши только одно слово (без артиклей). Числа необходимо записать словами. Alex Suteev Alex lives in Moscow. He is eleven years old. Moscow is the capital of Russia. Alex has got a brother and a sister. He has got a little kitten called Tim. He loves his kitten. Alex li,Нет,Нет
vpr_sd_945824,english,4,"Прочитай текст. Для каждого предложения A–⁠E выбери один правильный вариант ответа из трёх предложенных (1, 2 или 3). Ann Smith Hello, I’m Ann. I’m twelve. My birthday is on March 12 th . I like summer very much because I have holidays. I usually go to the beach and have fun there. But my sister Jane’s favourite season is spring because she likes planting flowers in the garden. My dad likes winter",Нет,Нет
vpr_sd_945863,english,4,"Прочитай рассказ. Вставь вместо каждого пропуска, обозначенного буквами А − Е, нужную грамматическую форму, выбрав её из трёх предложенных вариантов (1, 2 или 3). John was A _____ his first car. He could buy only an old car but he thought it was not a problem. He couldn't choose between B _____ green one and that yellow one in the corner. He was thinking only about colours. Finally, he decided to ",Нет,Нет
vpr_sd_945750,english,4,Помоги своему другу заполнить анкету для сайта «Друзья онлайн». Прочитай текст и запиши информацию в таблицу. Под каждым номером запиши только одно слово (без артиклей). Числа необходимо записать словами. Tim is a clever boy who lives in a small town in Russia. He loves to play football with his friends after school. Tom also enjoys watching films about animals and reading books about adventures. ,Нет,Нет
vpr_sd_945883,english,4,Помоги своему другу заполнить анкету для сайта «Друзья онлайн». Прочитай текст и запиши информацию в таблицу. Под каждым номером запиши только одно слово (без артиклей). Числа необходимо записать словами. Tanya Petrova Tanya lives is Saratov. It is a beautiful city. There are lots of sights to visit there. Tanya is 10 years old. She has got a big family. She has got two sisters and three brothers.,Нет,Нет
vpr_sd_945734,english,4,"Помоги своему другу заполнить анкету для сайта «Друзья онлайн». Прочитай текст и запиши информацию в таблицу. Под каждым номером запиши только одно слово (без артиклей). Числа необходимо записать словами. Maria is a nice girl. She is 11 years old. Maria lives in Tula, a small town in Russia. She has long, straight black hair and green eyes. Maria is medium height and loves to wear colourful clothe",Нет,Нет
vpr_sd_945856,english,4,Помоги своему другу заполнить анкету для сайта «Друзья онлайн». Прочитай текст и запиши информацию в таблицу. Под каждым номером запиши только одно слово (без артиклей). Числа необходимо записать словами. Marta Belova Marta Belova lives in Pskov. She lives with her parents and a three-year-old sister. Marta is 8 years older than her sister. Marta is fond of chemistry and chemical experiments. She ,Нет,Нет
vpr_sd_945892,english,4,Помоги своему другу заполнить анкету для сайта «Друзья онлайн». Прочитай текст и запиши информацию в таблицу. Под каждым номером запиши только одно слово (без артиклей). Числа необходимо записать словами. Max Ivanov Max lives in Moscow. He is eleven years old. Moscow is the capital of Russia. Max has got a sister and a brother. He has got a little dog called Tim. Max likes playing soccer. He wants,Нет,Нет
vpr_sd_945732,english,4,"Прочитай текст. Для каждого предложения A– E выбери один правильный вариант ответа из трёх предложенных (1, 2 или 3). Once upon a time Mia visited an adventure park with her parents. She wanted to invite her friends or classmates, but they were busy. There were fun games, and nice cafes everywhere. Most of all Mia loved the rides. Her parents enjoyed tasty food. Mia and her family first went to th",Нет,Нет
vpr_sd_945869,english,4,"Прочитай текст. Для каждого предложения А − Е выбери один правильный вариант ответа из трёх предложенных (1, 2 или 3). My name is Mary, I'm 9 years old. I live with my mother and father. My parents gave me a kitten. His name is Piff. He is very little. He is white and he has got blue eyes. We like playing together. Piff likes drinking milk and eating his food. He always sleeps with me. My Mom says",Нет,Нет
vpr_sd_945752,english,4,"Прочитай текст. Для каждого предложения A– E выбери один правильный вариант ответа из трёх предложенных (1, 2 или 3). Once upon a time there was a big zoo in the centre of the city. The zoo was open from Monday to Saturday. Children loved to visit the zoo, see the animals and feed them. One sunny Monday two boys and three girls came to the zoo. They were excited to see the lions, tigers, and eleph",Нет,Нет
vpr_sd_945894,english,4,"Прочитай текст. Для каждого предложения А − Е выбери один правильный вариант ответа из трёх предложенных (1, 2 или 3). Mary and her family It’s winter now. The weather is fine. Sometimes it snows. Mary lives in a beautiful city. Mary’s twelve years old and she likes going to school. Her school is right near her home. Mary can walk to school. Mary takes her school bag every morning. She takes stude",Нет,Нет
vpr_sd_945893,english,4,"Прочитай текст. Для каждого предложения А − Е выбери один правильный вариант ответа из трёх предложенных (1, 2 или 3). Oleg and his family It’s winter now. The weather is fine. It’s snowing now. Oleg lives in a little town. Oleg is 9 years old and he likes going to school. His school is far from his home. Oleg has to go to school by bus. Oleg packs his school bag every morning. He packs his studen",Нет,Нет
vpr_sd_945862,english,4,"Прочитай текст. Для каждого предложения А − Е выбери один правильный вариант ответа из трёх предложенных (1, 2 или 3). This is Jane's garden. Jane likes planting beautiful flowers. For her garden she chooses flowers that bloom in different months so her garden is always blooming from April to October. Gardening was Jane's hobby. Several days ago she got an offer to turn her hobby into business. Se",Нет,Нет
vpr_sd_945874,english,4,"Прочитай текст. Для каждого предложения А − Е выбери один правильный вариант ответа из трёх предложенных (1, 2 или 3). Hayden's neighbour moved out a month ago.Hayden was happy.She hated her old neighbor,who played music loudly. Because of that,Hayden could not focus on her homework. A new neighbor moved in yesterday.Hayden wanted to say hello.Hayden knocked on her neighbor's door. A girl of her a",Нет,Нет
vpr_sd_945898,english,4,"Прочитай текст. Для каждого предложения А − Е выбери один правильный вариант ответа из трёх предложенных (1, 2 или 3). Peter and his homework Peter is ten years old. He lives with his parents. He has no brothers or sisters. In winter he always goes to school. In summer he visits his grandparents. Peter always does his homework and gets good marks. It’s Sunday today. Peter and his parents go to Pet",Нет,Нет
vpr_sd_945829,english,4,"Прочитай рассказ. Вставь вместо каждого пропуска, обозначенного буквами А − Е, нужную грамматическую форму, выбрав её из трёх предложенных вариантов (1, 2 или 3). Kazan My uncle lives in Kazan. He says that it is A _____ favourite city. Many people come B _____ Kazan to visit the Kazan Kremlin. It is a fortress of the 10th century. People who like traditional Tatar food visit the Kazan Chak-chak M",Нет,Нет
vpr_sd_945884,english,4,"Прочитай рассказ. Вставь вместо каждого пропуска, обозначенного буквами А − Е, нужную грамматическую форму, выбрав её из трёх предложенных вариантов (1, 2 или 3). Nick loved burgers. He wanted to find a perfect burger. He tried them A _______ he went. He decided to try 10 different places one day. He B _____ eat the whole burger. He had a bite of each burger. The last one C ____perfect. The buns w",Нет,Нет
vpr_sd_945753,english,4,"Прочитай рассказ. Вставь вместо каждого пропуска, обозначенного буквами A–⁠E , нужную грамматическую форму, выбрав её из трёх предложенных вариантов (1, 2 или 3). Sochi Sochi is a famous city in Russia. In 2014 the Winter Olympic Games A _____ place in Sochi. This city is in the south of the country where the climate is very warm in summer. The B _____ temperature in Sochi was on July 30, 2000 (mo",Нет,Нет
vpr_sd_945889,english,4,"Прочитай рассказ. Вставь вместо каждого пропуска, обозначенного буквами А − Е, нужную грамматическую форму, выбрав её из трёх предложенных вариантов (1, 2 или 3). The Guinness Book of World Records says that the A _____ person in the world who is alive today is Sultan Kösen B _____ Turkey. He is 251 cm tall. Like many of the world's tallest people, Sultan's height is caused by a sickness called gi",Нет,Нет
vpr_sd_945899,english,4,"Прочитай рассказ. Вставь вместо каждого пропуска, обозначенного буквами А − Е, нужную грамматическую форму, выбрав её из трёх предложенных вариантов (1, 2 или 3). Lake Baikal Last year Mark needed a book about starts. He A _____ to prepare for a test. His mom took him to the library. There were so B ______ books there. There were books about everything. Mark liked C _______ the library very much. ",Нет,Нет
vpr_sd_945875,english,4,"Прочитай рассказ. Вставь вместо каждого пропуска, обозначенного буквами А − Е, нужную грамматическую форму, выбрав её из трёх предложенных вариантов (1, 2 или 3). Tom was very lazy. He didn't want to A _____ in the morning. He didn't want to brush his teeth or comb his hair. He wanted only to play computer games and watch TV. His parents B _____ very worried about him. Finally his Mom thought she ",Нет,Нет
vpr_sd_942573,english,7,"Вы услышите диалог. Для каждого предложения А–Е выбери один правильный вариант ответа из трёх предложенных (1, 2 или 3). Вы услышите запись дважды. При повторном прослушивании проверьте себя. A . The man wants to look at the vase _________. 1) next to the teapot 2) behind the cups 3) next to the cups B . The teapot costs _________. 1) $10 2) $12 3) $20 C . The man wants to give the teapot to his _",Да,Нет
vpr_sd_943346,english,7,"Перед Вами 5 предложений A−E с пропусками и варианты слов или словосочетаний для заполнения этих пропусков, обозначенные цифрами 1−3 . Внимательно прочитайте их. Вы услышите диалог. Для каждого предложения A−E выберите слово или словосочетание, соответствующее содержанию диалога. К каждому пропуску подходит только одно слово или словосочетание. Вы услышите запись дважды. При повторном прослушивани",Да,Нет
vpr_sd_942408,english,7,"Прочитайте текст. Для каждого предложения А–Е выберите один правильный вариант ответа из четырёх предложенных (1, 2, 3 или 4). The sixth planet was a planet ten times larger. It was inhabited by an old man who wrote enormous books. ""Ah! Here's an explorer!"" he exclaimed when he saw the little prince. The little prince sat down at the table and took a little breath. He had already traveled so much!",Нет,Нет
vpr_sd_942701,english,7,"Прочитайте текст и вставьте вместо каждого пропуска нужную грамматическую форму, выбрав её из выпадающего списка. Betty Smith Betty Smith is thirteen, and she is a schoolgirl. She lives in Bristol, the UK. She wants to be a ballerina. She A____ fond of dancing for a long time. She started attending dancing classes when she B____ only five years old. Every day she spends C____ time in the dancing c",Нет,Нет
vpr_sd_942556,english,7,Вы получили электронное письмо от Вашего друга по переписке Артура из Великобритании. Ниже приведён отрывок из этого письма. From: Arthur@friend.uk // To: Russian Friend@mail.ru // Subject: Books // ...I have started to read a new book. What books do you like reading? Who is your favourite writer? Do you buy books or borrow them from your school library? Напишите ему ответное письмо объёмом 80−90 ,Нет,Нет
vpr_sd_942410,english,7,"Прочитайте текст. Для каждого предложения А–Е выберите один правильный вариант ответа из четырёх предложенных (1, 2, 3 или 4). It was an evening like I love them, a quiet evening at home. Mom was reading a book, lying on the sofa in the living room, and I was practicing a piano piece for my Christmas audition. It was a complicated passage with lots of thirty-second notes, sharps and flats, but I w",Нет,Нет
vpr_sd_942200,english,7,"Прочитайте текст и вставьте вместо каждого пропуска нужную грамматическую форму, выбрав её из выпадающего списка. Traffic in London Yesterday my parents and I returned from our trip to London. It was my dream to visit London and my dream A____ true last month. When we were in London, we walked a lot and I learnt a lot about the history of London. But B____ of all I was surprised to learn the Briti",Нет,Нет
vpr_sd_942505,english,7,Вы получили электронное письмо от Вашей подруги по переписке Эллины из Великобритании. Ниже приведён отрывок из этого письма. From: Ellina@friend.uk // To: Russian Friend@mail.ru // Subject: Computer games // ...I have started playing computer games. What computer games are your favourite? Do your parents let you play computer games? Do your friends play computer games? Напишите ему ответное письм,Нет,Нет
vpr_sd_942464,english,7,"Прочитайте текст. Для каждого предложения А–Е выберите один правильный вариант ответа из четырёх предложенных (1, 2, 3 или 4). ""The Prince and the Pauper"" is Mark Twain's first historical novel, which was published in 1881. The novel is about England in the 16 th century when the kings were Henry VIII and Edward VI. The main characters in the novel are two boys: Henry's son, Prince Edward, and Tom",Нет,Нет
vpr_sd_943342,english,7,"Прочитайте текст и вставьте вместо каждого пропуска нужную грамматическую форму, выбрав её из четырёх предложенных вариантов. My pets I'm only ten but I know what I am going to be in the future. I love animals and I want to be a vet, I want to treat animals. I have two pets: a dog and a parrot. I take care of A _________. My little sister Alice is two years B _________ than I am. She often C _____",Нет,Нет
vpr_sd_942498,english,7,"Вы получили электронное письмо от Вашего друга по переписке Роберта из Великобритании. Ниже приведён отрывок из этого письма. From: Robert@friend.uk // To: Russian Friend@mail.ru // Subject: Pets // ...My parents game me a beautiful puppy. Do you have any pets? What is your dream pet? What commands would you teach your pet? Напишите ему ответное письмо объёмом 80−90 слов, ответьте на три его вопро",Нет,Нет
vpr_sd_942479,english,7,"Вы услышите диалог. Для каждого предложения А–Е выбери один правильный вариант ответа из трёх предложенных (1, 2 или 3). Вы услышите запись дважды. При повторном прослушивании проверьте себя. А. Kate is going to buy a present for her#8239; _________ on Saturday. 1) grandmother 2) sister 3) friend B. The film «A Bright Idea» is about#8239; _________. 1) a scientist 2) an engineer 3) a student C. Ka",Да,Нет
vpr_sd_942404,english,7,"Прочитайте текст. Для каждого предложения А–Е выберите один правильный вариант ответа из четырёх предложенных (1, 2, 3 или 4). I then thought a lot about jungle adventures and, in my turn, I managed, with a colored pencil, to draw my first picture. My drawing number 1. It looked like this: I showed my masterpiece to the grown-ups and asked them if my drawing scared them. — How can a hat be scary? ",Нет,Нет
vpr_sd_942472,english,7,"Прочитайте текст. Для каждого предложения А–Е выберите один правильный вариант ответа из четырёх предложенных (1, 2, 3 или 4). There are a lot of famous books for children. One of them is ""The Adventures of Tom Sawyer"", which is a novel by Mark Twain. It was published in 1876. The novel is about a clever naughty young boy living in a town along the Mississippi River. Tom Sawyer is an orphan. He do",Нет,Нет
vpr_sd_942574,english,7,"Прочитайте текст. Для каждого предложения А–Е выберите один правильный вариант ответа из четырёх предложенных (1, 2, 3 или 4). Dear Jess, How are you? Are you enjoying your spring holidays in Germany? I’m sure you are. It’s been two weeks since I returned to Russia, but I’m still thinking of the exciting city life in Hong Kong. I went there with my school friend Alina. In Russia life is totally di",Нет,Нет
vpr_sd_942468,english,7,"Прочитайте текст. Для каждого предложения А–Е выберите один правильный вариант ответа из четырёх предложенных (1, 2, 3 или 4). Have you heard about Pippi Longstocking? The collection of stories about a little girl became a popular classic of children's literature. Pippi is a nine-year-old girl. She lives by herself in an old house — Villa Villekulla — with her monkey, Mr. Nilsson, and her horse. H",Нет,Нет
vpr_sd_942411,english,7,"Прочитайте текст. Для каждого предложения А–Е выберите один правильный вариант ответа из четырёх предложенных (1, 2, 3 или 4). After a month, as the nightmares continued to disturb my nights, it seemed necessary for me to take stock of the situation. I was a good student; the only thing I lacked was knowledge about football in order to fit in with the class. The classmates were nice overall, even ",Нет,Нет
vpr_sd_942405,english,7,"Прочитайте текст. Для каждого предложения А–Е выберите один правильный вариант ответа из четырёх предложенных (1, 2, 3 или 4). I invited my friends to come over to the house this afternoon to play cowboys. They arrived with all their stuff. Rufus had put on the police officer outfit that his dad had given him, with the cap, handcuffs, revolver, white baton, and whistle with a little wheel; Eudes w",Нет,Нет
vpr_sd_943331,english,7,"Прочитайте текст и вставьте вместо каждого пропуска нужную грамматическую форму, выбрав её из четырёх предложенных вариантов. What Are You Like? This is a story about a little girl Mary. Mary was A _________ than other girls of that age and she often asked questions. One day Mary asked B _________ father how to behave in a difficult situation. Mary's father C _________ an egg, a potato and some te",Нет,Нет
vpr_sd_943309,english,7,"Прочитайте текст и вставьте вместо каждого пропуска нужную грамматическую форму, выбрав её из четырёх предложенных вариантов. At the zoo I like animals and I want to be a vet. I go to the zoo when I have some spare time to watch the behavior of A _________ favourite animal. It is a panda bear. It is one of the B _________ animals in the world. It C _________ in China in the jungle. It is a big ani",Нет,Нет
vpr_sd_942567,english,7,"Прочитайте текст и вставьте вместо каждого пропуска, обозначенного буквами A–E , нужную грамматическую форму, выбрав ее из четырех предложенных вариантов (1, 2, 3 или 4). My pets I’m only ten but I know what I am going to be in the future. I love animals and I want to be a vet, I want to treat animals. I have two pets: a dog and a parrot. I take care of A _____. My little sister Alice is two years",Нет,Нет
vpr_sd_942407,english,7,"Прочитайте текст. Для каждого предложения А–Е выберите один правильный вариант ответа из четырёх предложенных (1, 2, 3 или 4). ""The Prince and the Pauper"" is Mark Twain's first historical novel, published in 1881. It is set in 16th-century England during the reigns of Henry VIII and Edward VI. The story follows two boys: the King's son, Prince Edward, and a poor boy named Tom Canty. Born on the sa",Нет,Нет
vpr_sd_943981,english,7,"Прочитайте текст и вставьте вместо каждого пропуска нужную грамматическую форму, выбрав её из четырёх предложенных вариантов. The Golden Egg Once upon a time, there lived a man in a village. He had a wife and children. He A _________quite well-off because he had a magic hen. This hen laid an egg each day, but it was not a usual egg, it was a golden egg. Still, the man B _________he was unhappy. He",Нет,Нет
vpr_sd_942491,english,7,"Вы получили электронное письмо от Вашего друга по переписке Джейдена из Великобритании. Ниже приведён отрывок из этого письма. From: Jaden@friend.uk // To: Russian Friend@mail.ru // Subject: Technology // ...I’m learning how to use new apps on my phone. Do you use a lot of apps? Which apps do you find useful? Do you like new technology? Напишите ему ответное письмо объёмом 80−90 слов, ответьте на ",Нет,Нет
vpr_sd_942230,english,7,"Перед Вами на экране 5 незаконченных предложений A−E. Внимательно прочитайте их. Прочитайте также варианты ответов в выпадающем списке. Вы услышите разговор в магазине подарков. Для каждого предложения выберите из выпадающего списка концовку, соответствующую содержанию разговора. К каждому предложению подходит только одна концовка. Аудиотекст прозвучит 2 раза. При повторном прослушивании проверьте",Да,Нет
vpr_sd_942409,english,7,"Прочитайте текст. Для каждого предложения А–Е выберите один правильный вариант ответа из четырёх предложенных (1, 2, 3 или 4). The Scottish captain Harry Grant was a brave sailor and a true patriot of his country. His country, Scotland, was dominated by England, and he wanted to establish a large free Scottish colony on an island in the Pacific Ocean. His name became very popular. Harry Grant buil",Нет,Нет
vpr_sd_942415,english,7,"Прочитайте текст. Для каждого предложения А–Е выберите один правильный вариант ответа из четырёх предложенных (1, 2, 3 или 4). On July 26, 1864, a beautiful ship called the Duncan was returning to port. This ship belonged to Lord Glenarvan. Edvard Glenarvan was thirty-two years old. He was very kind, brave, and generous. He was a wealthy man and did a lot of good. On the Duncan, with Lord Glenarva",Нет,Нет
vpr_sd_942414,english,7,"Прочитайте текст. Для каждого предложения А–Е выберите один правильный вариант ответа из четырёх предложенных (1, 2, 3 или 4). Yves talks about his childhood: 'I loved reading a lot. Mom and I often went to the city. We would shop in big stores full of wonders. But I waited for my moment. I knew the place well and would pull Mom by the hand to lead her to where I wanted us to go. Here we were near",Нет,Нет
vpr_sd_943319,english,7,"Прочитайте текст и вставьте вместо каждого пропуска нужную грамматическую форму, выбрав её из четырёх предложенных вариантов. ""I'll do it later"" Life is the best teacher. At the end of her first year at college, my sister Kerrie who is 3 years A _________ than me decided to stay in town for the summer to work. However, she B _________ stay at the college hostel because she didn't take any summer c",Нет,Нет
vpr_sd_945909,english,7,"Прочитайте текст вслух. У вас есть полторы минуты на подготовку и полторы минуты, чтобы прочитать текст вслух. The earth's soil is home to large populations of natural agents that help promote the environment. While mushrooms have the ability to support Mother Nature, they are also capable of promoting our own health, from helping strengthen our immune system to preventing some diseases. One study",Нет,Нет
vpr_sd_945776,english,7,Выберите фотографию и опишите ее. У вас есть полторы минуты на подготовку и не более двух минут для ответа. У вас должен получиться связный рассказ (7–8 предложений). План ответа поможет вам: — the place; — the action; — the appearance of the person; — whether you like the picture or not; — why. Start with: “I’d like to describe picture № ... . The picture shows …” 1 2 3,Нет,Да
vpr_sd_945887,english,7,"Установите соответствие между текстами и их темами, выбрав тему из выпадающего списка. Используйте каждую тему только один раз. В задании одна тема лишняя. This text deals with … 1. Polite Neighbours 2. A Working TV set 3. Night Visitors 4. Anxious Night 5. Ready to Defend Myself 6. Strangers in the Garden A. Last night, at about three o’clock in the morning, I heard a strange noise downstairs. I ",Нет,Нет
vpr_sd_945828,english,7,"Прочитайте текст и вставьте вместо каждого пропуска нужную грамматическую форму, выбрав её из выпадающего списка. Tornadoes Tornadoes are storms with very strong turning winds and dark clouds. These winds are perhaps A____ on Earth. They reach speeds of 300 miles per hour. The dark clouds are shaped like a funnell — wide at the top and narrow at the bottom. The winds B____ strongest in the centre ",Нет,Нет
vpr_sd_945851,english,7,"Прочитайте текст и вставьте вместо каждого пропуска подходящее слово, выбрав его из выпадающего списка. Два слова в списке лишние. Nicole Kidman Australian actor Nicole Kidman (A)____ that female Hollywood actors are now doing (B)____ than men. Even though they are getting good major roles, she still (C)____ they are often treated (D)____ than male actors. Still ‘The Hours’, for which Nicole (E)__",Нет,Нет
vpr_sd_942489,english,7,Вы получили электронное письмо от Вашего друга по переписке Майлза из Великобритании. Ниже приведён отрывок из этого письма. From: Miles@friend.uk // To: Russian Friend@mail.ru // Subject: Vacation // ...I’m planning my summer vacation. Where do you usually go on vacation? Do you prefer the beach or the mountains? What activities do you like to do during the summer? Напишите ему ответное письмо об,Нет,Нет
vpr_sd_942494,english,7,Вы получили электронное письмо от Вашего друга по переписке Джамала из Великобритании. Ниже приведён отрывок из этого письма. From: Jamal@friend.uk // To: Russian Friend@mail.ru // Subject: Studying // ...I understand that I need to learn more. I go to a chemistry club now. Do you take extra classes? Do you like to learn new things? What is your favourite subject? Напишите ему ответное письмо объё,Нет,Нет
vpr_sd_942506,english,7,"Вы получили электронное письмо от Вашей подруги по переписке Джессики из Великобритании. Ниже приведён отрывок из этого письма. From: Jessica@friend.uk // To: Russian Friend@mail.ru // Subject: Painting // ...I started painting. Can you paint? Would you like to become a painter? Who is your favorite painter? Напишите ему ответное письмо объёмом 80−90 слов, ответьте на три его вопроса. Оформите сво",Нет,Нет
vpr_sd_942507,english,7,"Вы получили электронное письмо от Вашего друга по переписке Теодора из Великобритании. Ниже приведён отрывок из этого письма. From: Theodore@friend.uk // To: Russian Friend@mail.ru // Subject: Singing // ...I have started singing. Who is your favourite singer? What kind of music do you like? Would you like to learn how to sing? Напишите ему ответное письмо объёмом 80−90 слов, ответьте на три его в",Нет,Нет
vpr_sd_942490,english,7,"Вы получили электронное письмо от Вашего друга по переписке Итана из Великобритании. Ниже приведён отрывок из этого письма. From: Ethan@friend.uk // To: Russian Friend@mail.ru // Subject: Travel // ...I’ve always wanted to visit your country. Do you like to travel? Where have you been? What’s the most interesting place you’ve visited? Напишите ему ответное письмо объёмом 80−90 слов, ответьте на тр",Нет,Нет
vpr_sd_942406,english,7,"Прочитайте текст. Для каждого предложения А–Е выберите один правильный вариант ответа из четырёх предложенных (1, 2, 3 или 4). Space always attracts with its mysteries. I would also like to be an astronaut. At school, I learned an article about the famous cosmonaut Yuri Gagarin. I know that the first human flight into space took place on April 12, 1961. The Soviet cosmonaut Yuri Gagarin became the",Нет,Нет
vpr_sd_942499,english,7,"Вы получили электронное письмо от Вашего друга по переписке Феликса из Великобритании. Ниже приведён отрывок из этого письма. From: Felix@friend.uk // To: Russian Friend@mail.ru // Subject: Cinema // ...I watched a wonderful film a few days ago. Do you like watching films? What is your favourite film? Would you like to act in a movie someday? Напишите ему ответное письмо объёмом 80−90 слов, ответь",Нет,Нет
vpr_sd_943914,english,7,"Прочитайте текст и вставьте вместо каждого пропуска нужную грамматическую форму, выбрав её из четырёх предложенных вариантов. A Good Lesson Once upon a time there lived two friends. They often had to go to the forest and they promised each other to stay together in any case. One day they A _________ through the forest when they heard a strange noise. Then they B _________ a horrible bear. This was",Нет,Нет
vpr_sd_943997,english,7,"Прочитайте текст и вставьте вместо каждого пропуска нужную грамматическую форму, выбрав её из четырёх предложенных вариантов. The wolf and the goat A hungry wolf was out searching for a meal. He A __________ a goat feeding on grass on top of a high cliff. The wolf wanted to get the goat to climb down from the rock. «Excuse me, dear Goat, «he said in a friendly voice.» It is very dangerous for you ",Нет,Нет
vpr_sd_945798,english,7,"Перед Вами на экране 5 незаконченных предложений A — E. Внимательно прочитайте их. Прочитайте также варианты ответов в выпадающем списке. Вы услышите разговор в магазине подарков. Для каждого предложения выберите из выпадающего списка концовку, соответствующую содержанию разговора. К каждому предложению подходит только одна концовка. Аудиотекст прозвучит 2 раза. При повторном прослушивании проверь",Да,Нет
vpr_sd_943316,english,7,"Прочитайте текст вслух. У вас есть полторы минуты на подготовку и полторы минуты, чтобы прочитать текст вслух. A lot of people enjoy camping. It is a great chance to spend some time in the fresh air. If you want to go camping, you need to get some things. First of all, you will need a tent. You may also wish to buy a sleeping bag or a mat. This way you can go camping even if it's raining. You will",Нет,Нет
vpr_sd_945891,english,7,"Прочитайте текст вслух. У вас есть полторы минуты на подготовку и полторы минуты, чтобы прочитать текст вслух. Every person loves the place where he or she was born, but people are always wondering whether the country or the city is the ideal place to live. Let us consider what the advantages and the disadvantages of life in the city and life in the country are. It is clear that fishing, walks in ",Нет,Нет
vpr_sd_942671,english,7,"Выберите фотографию и опишите человека на ней. У вас есть полторы минуты на подготовку и не более двух минут для ответа. У вас должен получиться связный рассказ (7–8 предложений). План ответа поможет вам: — the place; — the action; — the person’s appearance; — whether you like the picture or not; — why. Start with: “I’d like to describe picture one (two, three). The picture shows …” Photo 1 Photo ",Нет,Да
vpr_sd_942207,english,7,"Установите соответствие между текстами и их темами, выбрав тему из выпадающего списка. Используйте каждую тему только один раз. В задании одна тема лишняя. This text deals with … 1) school activities; 2) a job; 3) a place of interest; 4) an animal; 5) a famous person; 6) a hospital. A. Ilya Repin was a very successful artist. He was incredibly hard-working, and left a lot of paintings and hundreds",Нет,Нет
vpr_sd_945883,english,7,"Установите соответствие между текстами и их темами, выбрав тему из выпадающего списка. Используйте каждую тему только один раз. В задании одна тема лишняя. This text deals with … 1. Groups of stars. 2. Hot clouds of gas. 3. Moving to the west. 4. Giving out light. 5. Orbiting round stars. 6. The nearest star. A. Over millions of years, hot clouds of gas called ‘nebulae’ grow until they explode and",Нет,Нет
vpr_sd_945835,english,7,"Прочитайте текст и вставьте вместо каждого пропуска нужную грамматическую форму, выбрав её из выпадающего списка. The Tribe’s King For three days we walked, the land on either side of Solomon’s road was rich and well cared for. We saw farms and A____ , with people planting crops and young boys looking after the animals, they were raising long sticks high above B____ heads and bringing them down on",Нет,Нет
vpr_sd_945832,english,7,"Прочитайте текст и вставьте вместо каждого пропуска нужную грамматическую форму, выбрав её из выпадающего списка. I am your mother Joyce is 24 years old. She has a baby daughter, but she can’t take care of A____ baby. The government takes Joyce’s baby and B____ her to another family. Joyce never forgets her daughter. For 20 years Joyce looks for her. She can ’t find her. She doesn’t know her daugh",Нет,Нет
vpr_sd_945818,english,7,"Прочитайте текст и вставьте вместо каждого пропуска нужную грамматическую форму, выбрав её из выпадающего списка. My Secretary Rose is beautiful, smart and kind. She has a bigger heart than anyone I A____ . She does her job very well, everything B____ on time, but my love for Rose doesn`t depend on that job. I love her because she C____ on my side ever since we first met a year ago. She D____ abou",Нет,Нет
vpr_sd_945830,english,7,"Прочитайте текст и вставьте вместо каждого пропуска нужную грамматическую форму, выбрав её из выпадающего списка. Living in a city Living in a city has both advantages and disadvantages. On the plus side, it is often A____ to find job, and there is usually a choice of public transport, so you don’t need to own a car. Also, there are B____ of interesting things to do and places to see. For example,",Нет,Нет
vpr_sd_944224,english,7,"Прочитайте текст и вставьте вместо каждого пропуска подходящее слово, выбрав его из списка. Два слова в списке лишние. A Wise Answer The king once asked his people a strange question, ""How many birds are there in the city?"" Everyone was (A)____ and wanted to find the answer, but all of them failed. A wise man (B)____ people counting the birds in the city and came to the palace. The king asked him ",Нет,Нет
vpr_sd_942702,english,7,"Прочитайте текст и вставьте вместо каждого пропуска подходящее слово, выбрав его из списка. Два слова в списке лишние. Back to School It is the first day of school after summer holidays tomorrow. Anna is (A)_________ about it. Summer was fun, but she always likes it when school starts again in September. There will probably be new kids in her class. Anna likes making new friends. Anna thinks a lot",Нет,Нет
vpr_sd_943933,english,7,"Прочитайте текст и вставьте вместо каждого пропуска подходящее слово, выбрав его из списка. Два слова в списке лишние. A trip to Barcelona Linda and her family were going from New York to visit their relatives in Spain. They landed in Barcelona, got their suitcases and walked through the airport. Everyone (1)___________ Spanish and Linda really liked the sound of this language. They (2)___________",Нет,Нет
vpr_sd_942668,english,7,"Прочитайте текст и вставьте вместо каждого пропуска подходящее слово, выбрав его из списка. Два слова в списке лишние. A big day It was a big day for Kurt. He was very (A)_________ as it was the day he was finally going to be on a plane. For the first time in his life, he was going to fly through the skies and (B)_________the clouds from above. He was really (C)_________ for this wonderful moment.",Нет,Нет
vpr_sd_945844,english,7,"Прочитайте текст и вставьте вместо каждого пропуска подходящее слово, выбрав его из выпадающего списка. Два слова в списке лишние. Му younger sisters Му younger sisters, Jenny and June, are (A)____ twins. Although they are very similar to each other in many ways, they are (B)____ in other ways. They agree on many things: for example, they are both fond of animals. When they first went to school, M",Нет,Нет
vpr_sd_945862,english,7,"Прочитайте текст и вставьте вместо каждого пропуска подходящее слово, выбрав его из выпадающего списка. Два слова в списке лишние. Thanksgiving The (A)____ Thanksgiving in America lasted three whole days. From the forests the Pilgrims got wild turkeys, (B)____ and ducks. The Indians got five deer. From the waters they (C)____ lobsters, oysters and pounds of fish. From the gardens they gathered cuc",Нет,Нет
vpr_sd_945861,english,7,"Прочитайте текст и вставьте вместо каждого пропуска подходящее слово, выбрав его из выпадающего списка. Два слова в списке лишние. Schools in the Past One (A)____ years ago schools were very different. Children did not wear (B)____. They used to wear their everyday clothes to school. Children learned to read, write and do mathematics. They had (C)____ and geography lessons but they did not (D)____",Нет,Нет
vpr_sd_945846,english,7,"Прочитайте текст и вставьте вместо каждого пропуска подходящее слово, выбрав его из выпадающего списка. Два слова в списке лишние. My choice All my family are professional musicians, but I was different. I wanted to become a (A)____ or an inventor. I persuaded my parents to buy me some laboratory (B)____ so that I could do some experiments at home. This was not such a good idea! (C)____ I wasn’t v",Нет,Нет
vpr_sd_945847,english,7,"Прочитайте текст и вставьте вместо каждого пропуска подходящее слово, выбрав его из выпадающего списка. Два слова в списке лишние. Princess Diana I will never forget what I (A)____ when I heard about the death of Princess Diana. It was Sunday morning and I (B)____ sleep. I got up and switched the radio on. The woman on the radio said: ‘We (C)____ this morning’s programmes to bring you the news of ",Нет,Нет
vpr_sd_942500,english,7,"Вы получили электронное письмо от Вашего друга по переписке Джека из Великобритании. Ниже приведён отрывок из этого письма. From: Jack@friend.uk // To: Russian Friend@mail.ru // Subject: Football // ...I have started playing football. Do you play football? Do you support any football team? Would you like to play for the school football team? Напишите ему ответное письмо объёмом 80−90 слов, ответьт",Нет,Нет
vpr_sd_942504,english,7,"Вы получили электронное письмо от Вашей подруги Стейси из Великобритании. Ниже приведён отрывок из этого письма. From: Stacy@friend.uk // To: Russian Friend@mail.ru // Subject: Tennis // ...I have started playing tennis. Do you like tennis? Who is your favourite tennis player? Have you ever played tennis? Напишите ей ответное письмо объёмом 80−90 слов, ответьте на три ее вопроса. Оформите свой отв",Нет,Нет
vpr_sd_942511,english,7,"Вы получили электронное письмо от Вашего друга по переписке Джона из Великобритании. Ниже приведён отрывок из этого письма. From: John@friend.uk // To: Russian Friend@mail.ru // Subject: Sports // ...I have started doing sports. What sports do you like? Who is your favourite sportsman? Do you go to the sports club? Напишите ему ответное письмо объёмом 80−90 слов, ответьте на три его вопроса. Оформ",Нет,Нет
vpr_sd_942496,english,7,"Вы получили электронное письмо от Вашей подруги по переписке Грейс из Великобритании. Ниже приведён отрывок из этого письма. From: Grace@friend.uk // To: Russian Friend@mail.ru // Subject: Friends // ...Now I spend a lot of time with my friends. Do you have many friends? Do you like spending time with them? What do you usually do together? Напишите ему ответное письмо объёмом 80−90 слов, ответьте ",Нет,Нет
vpr_sd_942502,english,7,Вы получили электронное письмо от Вашей подруги по переписке Кейт из Великобритании. Ниже приведён отрывок из этого письма. From: Kate@friend.uk // To: Russian Friend@mail.ru // Subject: Family // ...Lately I spend a lot of time with my brother. Do you have a brother or sister? Do you often spend time with your family? What do you usually do together? Напишите ему ответное письмо объёмом 80−90 сло,Нет,Нет
vpr_sd_943961,english,7,"Прочитайте текст и вставьте вместо каждого пропуска нужную грамматическую форму, выбрав её из четырёх предложенных вариантов. London today London is the capital of Great Britain. It is a big city with more than twelve million inhabitants. It is one of the A _________ greatest cities and also one of the most visited cities in Europe. In 2016 the number of visitors to London hit a new record of 37,3",Нет,Нет
vpr_sd_943930,english,7,"Прочитайте текст и вставьте вместо каждого пропуска нужную грамматическую форму, выбрав её из четырёх предложенных вариантов. Mary and Her Milk Mary was a farmer. Once the woman finished milking A _________ cow and saw that there was too much milk. So Mary thought she B _________ sell it. In the afternoon she C _________ to the market. On her way she D _________ what to do with the money. ""When I ",Нет,Нет
vpr_sd_943877,english,7,"Установите соответствие между текстами A — E и их темами, выбрав тему 1 — 6 из списка. Используйте каждую тему только один раз. В задании одна тема лишняя. This text deals with … 1) Transport 2) Seasons 3) Geography 4) History 5) Weather 6) A place of interest A) Because the Atlantic Ocean is close to St. Petersburg, the city has a milder climate than it is typical for a territory so far in the no",Нет,Нет
vpr_sd_943904,english,7,"Прочитайте текст и вставьте вместо каждого пропуска нужную грамматическую форму, выбрав её из четырёх предложенных вариантов. History of London The history of London goes back thousands of years. In those ancient times the first inhabitants, Celtic tribes, made A _________ homes on the river Thames. Next B _________ Germanic tribes — the Angles, the Saxons and the Jutes. In 43 AD the Romans invade",Нет,Нет
vpr_sd_942689,english,7,"Прочитайте текст и вставьте вместо каждого пропуска нужную грамматическую форму, выбрав её из выпадающего списка. Му father Му father is a doctor. Не helps people become healthy and strong. He likes his job and he enjoys saving A____ lives. When he was a small boy, he wanted to become a pilot. He wanted to visit foreign countries and make new friends. But when my father grew B____, he understood t",Нет,Нет
vpr_sd_943972,english,7,"Прочитайте текст и вставьте вместо каждого пропуска нужную грамматическую форму, выбрав её из четырёх предложенных вариантов. The Ant and the Butterfly Once upon a time there lived an ant and a butterfly. They were two A _________ friends. At the same time, they B _________ their time differently. The butterfly liked to relax the whole day and play his guitar. While he C _________ it, the ant was ",Нет,Нет
vpr_sd_942473,english,7,"Прочитайте текст и вставьте вместо каждого пропуска, обозначенного буквами A–E , нужную грамматическую форму, выбрав ее из четырех предложенных вариантов (1, 2, 3 или 4). The history of a Computer The history of a computer began many years ago. At the end of the Middle Ages, people started thinking math and engineering were important. In 1623, Wilhelm Schickard A _____ a mechanical calculator. Oth",Нет,Нет
vpr_sd_944007,english,7,"Прочитайте текст и вставьте вместо каждого пропуска нужную грамматическую форму, выбрав её из четырёх предложенных вариантов. The wind and the sun The wind and the sun argued one day over which one was the strongest. They saw a man walking along the road and they wanted to see which one could take the coat from the A __________ back the quickest. The wind B _________ to blow. He blew strong gusts ",Нет,Нет
vpr_sd_942216,english,7,"Прочитайте текст и вставьте вместо каждого пропуска нужную грамматическую форму, выбрав её из выпадающего списка. The Lion and the Elephant Once upon a time there lived Lion. He was afraid of nothing but chickens. One day he A____ his friend Elephant about his fear. Elephant thought he had never heard a B____ joke than that one. He started making fun of Lion, ""You are so big and you are afraid of ",Нет,Нет
vpr_sd_943892,english,7,"Прочитайте текст и вставьте вместо каждого пропуска нужную грамматическую форму, выбрав её из четырёх предложенных вариантов. The Eiffel Tower What do you know about the Eiffel Tower? It A _________ on the banks of the Seine River in Paris. The construction B _________ in 1886. The engineers prepared 12,000 separate iron pieces and then fit C _________ together with nails. It took three years to f",Нет,Нет
vpr_sd_942475,english,7,"Вы услышите диалог. Для каждого предложения А–Е выбери один правильный вариант ответа из трёх предложенных (1, 2 или 3). Вы услышите запись дважды. При повторном прослушивании проверьте себя. А. Kate is going to go shopping with her _________ on Saturday. 1) grandmother 2) sister 3) friend B. Liam invites Julie _________. 1) to buy a present for his sister 2) to watch a film 3) to go to the pizzer",Да,Нет
vpr_sd_942471,english,7,"Вы услышите диалог. Для каждого предложения А–Е выбери один правильный вариант ответа из трёх предложенных (1, 2 или 3). Вы услышите запись дважды. При повторном прослушивании проверьте себя. А. Zoe is going to go shopping with her _________ on Saturday. 1) cousin 2) grandmother 3) grandfather B. The film ""A True Friend"" is about _________. 1) two boys 2) a dog 3) an accident C. Zoe and Eric will ",Да,Нет
vpr_sd_943335,english,7,"Перед Вами 5 предложений A−E с пропусками и варианты слов или словосочетаний для заполнения этих пропусков, обозначенные цифрами 1−3. Внимательно прочитайте их. Вы услышите диалог. Для каждого предложения A−E выберите слово или словосочетание, соответствующее содержанию диалога. К каждому пропуску подходит только одно слово или словосочетание. Вы услышите запись дважды. При повторном прослушивании",Да,Нет
vpr_sd_943878,english,7,"Прочитайте текст и вставьте вместо каждого пропуска нужную грамматическую форму, выбрав её из четырёх предложенных вариантов. Pocket money Some years ago an ice-cream company in Britain did an interesting survey. They needed information on A __________ pocket money. They B _________ out that 11 million children in Britain aged five to sixteen spend over £13 million each week. Some of the money com",Нет,Нет
vpr_sd_945899,french,11,"Вы услышите интервью дважды. Выберите правильный ответ 1, 2 или 3. Qui est Romain Beaumard ? 1) Pédagogue. 2) Explorateur. 3) Chercheur.",Да,Нет
vpr_sd_945866,french,11,"Вы услышите интервью дважды. Выберите правильный ответ 1, 2 или 3. Dans le Grand Nord, les chiens sont très sensibles ... 1) à la neige. 2) au froid. 3) au vent.",Да,Нет
vpr_sd_945833,french,11,"Вы услышите интервью дважды. Выберите правильный ответ 1, 2 или 3. D’après Romain Beaumard pour les chiens courir est ... 1) une nécessité. 2) une contrainte. 3) un plaisir.",Да,Нет
vpr_sd_945800,french,11,"Вы услышите интервью дважды. Выберите правильный ответ 1, 2 или 3. D’après Romain Beaumard, quel est le but des chiens d’aller le plus vite possible ? 1) d’avoir plus de temps de se reposer. 2) d’avoir plus de nourriture. 3) de faire plaisir au maître.",Да,Нет
vpr_sd_945775,french,11,"Вы услышите интервью дважды. Выберите правильный ответ 1, 2 или 3. Comment Romain Beaumard fait-il obéir ses chiens ? 1) Il les punit. 2) Il leur parle. 3) Il leur donne de bonnes choses à manger.",Да,Нет
vpr_sd_945240,french,11,"Установите соответствие между текстами и рубриками, выбрав рубрику из выпадающего списка. Используйте каждую рубрику только один раз. В задании одна рубрика лишняя. Выпадающий список: 1. Quel avenir pour les jeunes médecins ? 2. Inflation : mesures urgentes 3. Fin de « l’enfant unique » 4. Les Corses sont-ils racistes ? 5. L’année la plus chaude ! 6. Fraude fiscale A. Aux 195 pays qui, le 12 décem",Нет,Нет
vpr_sd_945701,french,11,"Преобразуйте, если это необходимо, слово RENCONTRER так, чтобы оно грамматически соответствовало содержанию текста. Un conseil que je peux donner aux voyageurs, c'est de se renseigner un minimum sur les coutumes des pays qu'ils visitent. Ce n'était pas mon cas quand je suis allée en Chine. Quelques jours après mon arrivée, j' _________________ une jeune fille très gentille.",Нет,Нет
vpr_sd_945682,french,11,"Преобразуйте, если это необходимо, слово ETRE так, чтобы оно грамматически соответствовало содержанию текста. Au XVIe siècle, François Ier a fait abattre cette forteresse et construire à sa place un palais neuf qui a ensuite __________________ agrandi par différents rois.",Нет,Нет
vpr_sd_946163,french,11,"Преобразуйте, если это необходимо, слово NAITRE так, чтобы оно грамматически соответствовало содержанию текста. Jacques- Yves Cousteau __________________ il y a plus de quatre-vingts ans près de Bordeaux, dans le sud-ouest de la France, mais c'est à Paris qu'il a fait ses études.",Нет,Нет
vpr_sd_946116,french,11,"Преобразуйте, если это необходимо, слово S’ARRÊTER так, чтобы оно грамматически соответствовало содержанию текста. Le sourire d’un ange Visitez la très belle ville de Reims, puis __________________ devant la cathédrale Notre-Dame.",Нет,Нет
vpr_sd_946090,french,11,"Преобразуйте, если это необходимо, слово ÊTRE так, чтобы оно грамматически соответствовало содержанию текста. Mon premier jour au collège. Coralie ""Le matin, quand mon réveil a sonné, je me sentais super contente, et en même temps j’_______________ quand même un peu inquiète. Pour aller au collège, j’ai pris le car. Dans le car, on n’a parlé que du collège.",Нет,Нет
vpr_sd_946065,french,11,"Преобразуйте, если это необходимо, слово S’ATTAQUER так, чтобы оно грамматически соответствовало содержанию текста. Puis on __________________ à la construction des chapelles des nefs et de celles de choeur, sous la direction de l’architecte Jean des Chelles.",Нет,Нет
vpr_sd_945967,french,11,"Camp d'été À six mois des vacances d'été, les parents avertis 13______déjà sur la question du repos de leurs enfants. Les atouts des camps d’été sont 14______. C’est l’alliance du 15______ et de l’esprit de corps. Ces séjours sont axés sur le physique et la nature. Ils sont devenus une 16______ institution aux États-Unis et au Canada. De plus en plus de parents français sont séduits par cette 17__",Нет,Нет
vpr_sd_946021,french,11,"Imaginez que vous êtes en train de préparer un projet avec votre ami. Vous avez trouvé un texte très intéressant et vous voulez le lire à votre ami. Vous avez 2 mn pour lire ce texte en silence, puis 2 mn pour le lire à haute voix. Ainsi que le mercure, le gallium et le francium peuvent tous être des liquides à température ambiante. Gallium a été découvert par le chimiste français en 1875. C'était",Нет,Нет
vpr_sd_946003,french,11,"Ces photos appartiennent à votre album. Choisissez-en une et décrivez-la à votre ami/e. 1 2 3 Après 2 mn de réflexion, vous décrivez la photo choisie. Votre réponse ne dépasse pas 2 minutes (12–15 phrases). En décrivant la photo choisie, n’oubliez pas de mentionner : • où et quand elle a été prise • qui ou quoi y est représenté • ce qui se passe • pourquoi vous tenez à la garder dans votre album •",Нет,Да
vpr_sd_945251,french,11,"Установите соответствие между текстами и рубриками, выбрав рубрику из выпадающего списка. Используйте каждую рубрику только один раз. В задании одна рубрика лишняя. Выпадающий список: 1. La fragilité de l’idéal 2. Le résultat étonnant 3. Le drame mystérieux 4. La tradition qui est bonne à garder 5. Les nouveaux horizons 6. Le tourisme vert A. Après la disparition du vol MH370 de la Malaysia Airlin",Нет,Нет
vpr_sd_945694,french,11,"Преобразуйте, если это необходимо, слово STUDIEUX так, чтобы оно грамматически соответствовало содержанию текста. Comment mes parents se sont rencontrés Ma mère et mon père se sont rencontrés à une fête de village dans le sud de la France. Ma mère était très jolie, mais timide, __________________, toujours dans ses bouquins, et pas très fétarde.",Нет,Нет
vpr_sd_945675,french,11,"Преобразуйте, если это необходимо, слово ÊTRE так, чтобы оно грамматически соответствовало содержанию текста. Parmi les recueils les plus connus figurent : «La Maison Tellier», «Mademoiselle Fifi», «Contes du jour et de la nuit». Plusieurs romans __________________ aussi à signaler : «Une vie», «Bel Ami», «Pierre et Jean».",Нет,Нет
vpr_sd_946144,french,11,"Преобразуйте, если это необходимо, слово PRENDRE так, чтобы оно грамматически соответствовало содержанию текста. Restez vigilant, protégez-vous et __________________ garde aux pickpockets !",Нет,Нет
vpr_sd_946117,french,11,"Преобразуйте, если это необходимо, слово ALLIER так, чтобы оно грамматически соответствовало содержанию текста. Midi-Pyrénées Entre les monts d'Auvergne et les cimes enneigées des Pyrénées, entre le Bordelais et la Provence, la région Midi-Pyrénées __________________ merveilleusement l'art et la nature.",Нет,Нет
vpr_sd_946103,french,11,"Преобразуйте, если это необходимо, слово VISITER так, чтобы оно грамматически соответствовало содержанию текста. et le 18 novembre 1793, pour la première fois, les Parisiens sont venus __________________ le nouveau musée. Depuis cette date, le Louvre est toujours un musée mais il a beaucoup changé.",Нет,Нет
vpr_sd_946071,french,11,"Преобразуйте, если это необходимо, слово BEAU так, чтобы оно грамматически соответствовало содержанию текста. Une ___________ vue s’ouvre des fenêtres de cette salle.",Нет,Нет
vpr_sd_945349,french,11,"Shopping Une des activités 13______ des Français le samedi est sans doute le shopping. Si comme beaucoup, vous travaillez la 14______ que vous voulez faire des emplettes, pourquoi ne pas profiter de votre samedi pour vous rendre dans une ou plusieurs 15______ ou dans le centre commercial le plus proche de chez vous. De plus en plus de magasins sont maintenant 16______ le dimanche, donc si vous ête",Нет,Нет
vpr_sd_946027,french,11,"Imaginez que vous êtes en train de préparer un projet avec votre ami. Vous avez trouvé un texte très intéressant et vous voulez le lire à votre ami. Vous avez 2 mn pour lire ce texte en silence, puis 2 mn pour le lire à haute voix. Charles Darwin a été attiré par la gastronomie, ainsi que par la science, à cause d'une curiosité une fois mangé une huitre. En lisant la Divinité à l'Université de Cam",Нет,Нет
vpr_sd_945887,french,11,"Вы услышите репортаж дважды. Выберите правильный ответ 1, 2 или 3. Qu’est-ce que Dominique fait comme métier aujourd'hui ? 1) Il est bibliothécaire à la Bibliothèque nationale de France. 2) Il est professeur à l'université féminine à Séoul. 3) Il est un des plus célèbres architectes français.",Да,Нет
vpr_sd_945854,french,11,"Вы услышите интервью дважды. Выберите правильный ответ 1, 2 или 3. Dominique est né à Clermont-Ferrand dans une famille ... 1) d'ingénieurs. 2) de paysans. 3) d'artistes.",Да,Нет
vpr_sd_945821,french,11,"Вы услышите интервью дважды. Выберите правильный ответ 1, 2 или 3. À l'âge de 15 ans Dominique a décidé ... 1) de s'occuper de la science. 2) de se vouer au monde de l'art. 3) d'explorer les monts d'Auvergne, la faune et la flore.",Да,Нет
vpr_sd_945788,french,11,"Вы услышите интервью дважды. Выберите правильный ответ 1, 2 или 3. Dominique, qu’est-ce qu’il a fait après le baccalauréat ? 1) Il a commencé à travailler dans une petite agence de voyages. 2) Il a participé à des concours différents. 3) Il est entré à l'école des aux Beaux-Arts, à Paris.",Да,Нет
vpr_sd_945763,french,11,"Вы услышите репортаж дважды. Выберите правильный ответ 1, 2 или 3. Sa première oeuvre, qu'il a entièrement conçue, dessinée et suivie était ... 1) l'école des aux Beaux-Arts, à Paris. 2) la nouvelle Bibliothèque nationale de France, à Paris. 3) une école d'ingénieurs à Marne-la-vallée.",Да,Нет
vpr_sd_945253,french,11,"Установите соответствие между текстами и рубриками, выбрав рубрику из выпадающего списка. Используйте каждую рубрику только один раз. В задании одна рубрика лишняя. Выпадающий список: 1. Une nouvelle fonction critiquée 2. Double connexion à la recherche de la sécurité 3. Le smartphone dans le rôle de télécommande 4. Arracher un enfant à son jeu vidéo 5. Une tablette qui peut tout ! 6. Jouer de man",Нет,Нет
vpr_sd_945706,french,11,"Преобразуйте, если это необходимо, слово SIÈCLE так, чтобы оно грамматически соответствовало содержанию текста. Château d'Amboise Amboise est, par excellence, le château de l'enfant Roy. Durant près de deux __________ , la famille royale établit ici sa résidence favorite.",Нет,Нет
vpr_sd_945665,french,11,"Преобразуйте, если это необходимо, слово SON так, чтобы оно грамматически соответствовало содержанию текста. Soyez néanmoins prudents, derrière l’image romantique et __________________ paysages de carte postale, Paris reste une ville où la délinquance est importante.",Нет,Нет
vpr_sd_946147,french,11,"Преобразуйте, если это необходимо, слово VOIR так, чтобы оно грамматически соответствовало содержанию текста. Cliquez donc sur le lien ci-contre pour accéder à l’instruction. Vous _________________ tout de suite qu'il n'y a aucune difficulté !",Нет,Нет
vpr_sd_945910,french,11,"Invitation au voyage … à travers la Russie La Russie se trouve à cheval sur l’Europe et l’Asie. C’est le plus vaste État de la planète. Véritable mosaïque de peuples et de territoires, le pays promet à __________________ (SON) visiteurs des voyages riches en découvertes inoubliables. À commencer par les deux capitales, Moscou et Saint-Pétesbours, qui __________________ (SE DISPUTER) les préférence",Нет,Нет
vpr_sd_946080,french,11,"Преобразуйте, если это необходимо, слово CE так, чтобы оно грамматически соответствовало содержанию текста. Tout d'abord, je tiens à vous dire que j'ai suivi la formation avec beaucoup de plaisir et sans grande difficulté, grâce à __________________ formation, j'ai retrouvé confiance en moi.",Нет,Нет
vpr_sd_946056,french,11,"Преобразуйте, если это необходимо, слово ELLE так, чтобы оно грамматически соответствовало содержанию текста. Presque toutes m'ont demandé plus que ce qui était écrit. Par exemple pour un pot de miel qui était affiché à 4.50 euros, la fille m'a demandé 5 euros (que je ne ________________ ai pas donné).",Нет,Нет
vpr_sd_945315,french,11,"Прочитайте текст и заполните пропуски 13–18 словами, напечатанными в правой колонке под цифрами 1–8. Каждое из этих слов может быть использовано только один раз. В ответе укажите цифры, под которыми значатся выбранные Вами слова. Два слова в этом списке 1–8 лишние. 1. chaudes 2. directement 3. glaciales 4. habitants 5. histoire 6. hôtes 7. officiels 8. rapidement Le Québec est la plus grande provi",Нет,Нет
vpr_sd_946039,french,11,"Imaginez que vous êtes en train de préparer un projet avec votre ami. Vous avez trouvé un texte très intéressant et vous voulez le lire à votre ami. Vous avez 2 mn pour lire ce texte en silence, puis 2 mn pour le lire à haute voix. Combien de narines avez-vous ? Quatre. Deux d'entre elles peuvent être vues, mais pas les deux autres. Cette découverte est venue en observant comment les poissons resp",Нет,Нет
vpr_sd_945347,french,11,"Вы услышите диалог. Запишите в поле ответа цифру 1, 2 или 3, соответствующую выбранному Вами варианту ответа. Вы услышите запись дважды. Qui parle du vote pour le meilleur livre ? 1) Anne-Marie 2) Nicolas 3) Personne Аудиозапись к этому заданию отсутствует, приводим текст.",Да,Нет
vpr_sd_945340,french,11,"Вы услышите диалог. Запишите в поле ответа цифру 1, 2 или 3, соответствующую выбранному Вами варианту ответа. Вы услышите запись дважды. Qui adore lire ? 1) Anne-Marie 2) Nicolas 3) Les deux",Да,Нет
vpr_sd_945341,french,11,"Вы услышите диалог. Запишите в поле ответа цифру 1, 2 или 3, соответствующую выбранному Вами варианту ответа. Вы услышите запись дважды. Qui choisit son livre à lire selon la situation ? 1) Anne-Marie 2) Nicolas 3) Les deux",Да,Нет
vpr_sd_945342,french,11,"Вы услышите диалог. Запишите в поле ответа цифру 1, 2 или 3, соответствующую выбранному Вами варианту ответа. Вы услышите запись дважды. Qui aime aussi les oeuvres des écrivains modernes ? 1) Anne-Marie 2) Nicolas 3) Personne",Да,Нет
vpr_sd_945343,french,11,"Вы услышите диалог. Запишите в поле ответа цифру 1, 2 или 3, соответствующую выбранному Вами варианту ответа. Вы услышите запись дважды. Qui dit que les bandes dessinées ne méritent pas d'être lues ? 1) Anne-Marie 2) Nicolas 3) Personne",Да,Нет
vpr_sd_945250,french,11,"Установите соответствие между текстами и рубриками, выбрав рубрику из выпадающего списка. Используйте каждую рубрику только один раз. В задании одна рубрика лишняя. Выпадающий список: 1. Le sport féminin sur vos écrans 2. Le renouveau d’une baie 3. Tous à table ! 4. Le bilan sinistre 5. Mondial du basket 6. Une si longue enfance A. Onze personnes sont mortes et 27 sont portées disparues après des ",Нет,Нет
vpr_sd_945703,french,11,"Преобразуйте, если это необходимо, слово TOUT так, чтобы оно грамматически соответствовало содержанию текста. Normandie La côte normande est parsemée d'élégantes stations balnéaires telles Étretat, Honfleur, Trouville, Deauville, ou Cabourg. Là, les palaces côtoient les petites pensions de famille pour le plus grand bonheur des Parisiens qui s'y rendent _________________ l'année.",Нет,Нет
vpr_sd_946096,french,11,"Преобразуйте, если это необходимо, слово CONSTRUIRE так, чтобы оно грамматически соответствовало содержанию текста. Un pont traverse cette rivière et sur ce pont on __________ au XVI siècle une longue salle de danse.",Нет,Нет
vpr_sd_946048,french,11,"Преобразуйте, если это необходимо, слово CE так, чтобы оно грамматически соответствовало содержанию текста. Et ce qui caractérise leur comportement, c’est premièrement leur désir de jouir d'une liberté absolue. _________________ aspiration à l’indépendance suscite un nombre infini de conflits entre les adultes et les ados :",Нет,Нет
vpr_sd_945335,french,11,"Les nuits blanches de Saint-Pétersbourg Saint-Pétersbourg est la métropole la plus nordique au monde. Chaque année de fin mai à début juillet, la nuit ne tombe jamais totalement sur l’ancienne 13 ______ des tsars. L’atmosphère est vraiment 14 ______. Pendant tout le mois, des concerts et des spectacles illuminent ses nuits. Les nuits blanches culminent entre le 11 juin et le 2 juillet, lorsque le ",Нет,Нет
vpr_sd_946033,french,11,"Imaginez que vous êtes en train de préparer un projet avec votre ami. Vous avez trouvé un texte très intéressant et vous voulez le lire à votre ami. Vous avez 2 mn pour lire ce texte en silence, puis 2 mn pour le lire à haute voix. La plus haute montagne est située sur Mars. Le volcan géant du mont Olympe est la plus haute montagne du système solaire et de l'univers connu. A 14 miles et 388 miles ",Нет,Нет
vpr_sd_945898,french,11,"Вы услышите интервью дважды. Выберите правильный ответ 1, 2 или 3. D'habitude, le sportif Renaud Lavillenie s'entraîne... 1) du matin au soir. 2) de 12h au soir. 3) sans horaires fixes.",Да,Нет
vpr_sd_945865,french,11,"Вы услышите интервью дважды. Выберите правильный ответ 1, 2 или 3. Renaud Lavillenie a quitté son entraîneur précédent car celui-ci... 1) était déjà vieux et voulait prendre la retraite. 2) a voulu travailler avec un autre sportif. 3) ne le satisfaisait pas.",Да,Нет
vpr_sd_945832,french,11,"Вы услышите интервью дважды. Выберите правильный ответ 1, 2 или 3. Philippe D’Encausse a accepté d'entraîner Renaud Lavillenie... 1) tout de suite. 2) après quelques jours de réflexion. 3) après quelques semaines de réflexion.",Да,Нет
vpr_sd_945807,french,11,"Вы услышите интервью дважды. Выберите правильный ответ 1, 2 или 3. Philippe D’Encausse utilise-t-il son expérience d'ancien sportif dans son travail actuel d'entraîneur ? 1) Oui, il l'utilise pleinement. 2) Non, il ne l'utilise pas du tout. 3) Il n'utilise qu'une partie de son expérience",Да,Нет
vpr_sd_945774,french,11,"Вы услышите интервью дважды. Выберите правильный ответ 1, 2 или 3. D'après Philippe D’Encausse, l'entraînement... 1) a évolué. 2) est moins orienté sur la qualité. 3) reste toujours le même.",Да,Нет
vpr_sd_945244,french,11,"Установите соответствие между заголовками 1– ;8 и текстами A– ;G. Запишите свои ответы в таблицу. Используйте каждую цифру только один раз. В задании есть один лишний заголовок. 1. La pollution atmosphérique 2. Nouveau système de circulation 3. Fin de « l’enfant unique » 4. Une fuite de gaz massive 5. Des arbres énormes peuvent disparaître 6. Nouveau roman, nouvelle héroïne A. Auteure de « La Visi",Нет,Нет
vpr_sd_945697,french,11,"Преобразуйте, если это необходимо, слово COMPRENDRE так, чтобы оно грамматически соответствовало содержанию текста. Passer à la télé Vous voulez passer à la télé... vous en rêvez. Vous avez envoyé de multiples enquêtes, vous vous êtes proposé(e) pour de différentes émissions... et voilà ! On vous invite ! C'est le bonheur absolu, vous __________________ que c’est une chance unique !",Нет,Нет
vpr_sd_945679,french,11,"Преобразуйте, если это необходимо, слово FAIRE так, чтобы оно грамматически соответствовало содержанию текста. Pourtant, les copains de l’école __________________ des projets et se préparent tous à partir.",Нет,Нет
vpr_sd_946146,french,11,"Преобразуйте, если это необходимо, слово FAIRE так, чтобы оно грамматически соответствовало содержанию текста. Je suis vraiment ravie de faire partie de votre communauté et je la conseille à mes amis dès que je peux. Merci encore pour tout ce que vous __________________.",Нет,Нет
vpr_sd_946112,french,11,"Преобразуйте, если это необходимо, слово TOUT так, чтобы оно грамматически соответствовало содержанию текста. La semaine de quatre jours Cette année, quelque chose a __________________ changé en France pour les écoliers et les collégiens. C’est la fin des cours le samedi matin à l’école primaire et au collège.",Нет,Нет
vpr_sd_946089,french,11,"Преобразуйте, если это необходимо, слово FOU так, чтобы оно грамматически соответствовало содержанию текста. Le premier jour, je suis allé au marché à Porto-Vecchio pour acheter des produits corses et pour me faire une idée des traditions et coutumes locales. Les marchandes corses sont ________________ !",Нет,Нет
vpr_sd_946049,french,11,"Преобразуйте, если это необходимо, слово SITUER так, чтобы оно грамматически соответствовало содержанию текста. Bayonne est __________________ à la frontière du Pays basque et de la Gascogne, elle n’est distante que de quelques dizaines de kilomètres de l’Espagne.",Нет,Нет
vpr_sd_945397,french,11,"Le président Le président des États-Unis d'Amérique est le 13______ du pouvoir exécutif. Ce pouvoir est prévu par la Constitution des États-Unis aux côtés des pouvoirs législatif et judiciaire. Selon la Constitution, il est 14______ le commandant en chef des forces armées. Il 15______ un système complexe de freins et contrepoids visant à assurer l'équilibre de ces trois pouvoirs. C'est ainsi que l",Нет,Нет
vpr_sd_946024,french,11,"Imaginez que vous êtes en train de préparer un projet avec votre ami. Vous avez trouvé un texte très intéressant et vous voulez le lire à votre ami. Vous avez 2 mn pour lire ce texte en silence, puis 2 mn pour le lire à haute voix. Le champagne n'a pas été inventé en France. Cela peut être comme une surprise — même une indignation — pour eux, mais le champagne est une invention anglaise. Toute per",Нет,Нет
vpr_sd_945894,french,11,"Вы услышите интервью дважды. Выберите правильный ответ 1, 2 или 3. Dans quel pays a-t-on constaté que la lecture devient un passe-temps honteux pour les jeunes ? 1) En France 2) Aux Etats-Unis 3) Au Royaume-Uni",Да,Нет
vpr_sd_945861,french,11,"Вы услышите интервью дважды. Выберите правильный ответ 1, 2 или 3. Quelle est la profession de Sylvie Octobre ? 1) Elle est professeure. 2) Elle est sociologue. 3) Elle est psycholoque.",Да,Нет
vpr_sd_945828,french,11,"Вы услышите интервью дважды. Выберите правильный ответ 1, 2 или 3. Aujourd'hui, la lecture reste une partie importante de la vie des jeunes qui sont... 1) à l'école primaire. 2) au collège. 3) au lycée.",Да,Нет
vpr_sd_945803,french,11,"Вы услышите интервью дважды. Выберите правильный ответ 1, 2 или 3. Combien de pour cent de jeunes de 17 ans lisent chaque jour pour plaisir ? 1) 9 % 2) 19 % 3) 39 %",Да,Нет
vpr_sd_945770,french,11,"Вы услышите интервью дважды. Выберите правильный ответ 1, 2 или 3. La baisse de la lecture est un phénomène observé depuis... 1) 1950 2) 1960 3) 1970",Да,Нет
vpr_sd_945247,french,11,"Установите соответствие между текстами и рубриками, выбрав рубрику из выпадающего списка. Используйте каждую рубрику только один раз. В задании одна рубрика лишняя. Выпадающий список: 1. Cap sur Tokyo 2. A l’heure du goûter 3. Au secours ! Je suis épuisée ! 4. Contre la pollution urbaine 5. Combien ça coûte ? 6. «Vanille fraise», ce n’est pas une glace. A. Quasi inconnus en France il y a encore un",Нет,Нет
vpr_sd_945702,french,11,"Преобразуйте, если это необходимо, слово SON так, чтобы оно грамматически соответствовало содержанию текста. Les vacances Mon premier jour au collège. Nina Dans le cadre d’un travail mené en français sur le thème « De l’école au Collège », les élèves ont écrit un texte sur _____________________ journée au collège.",Нет,Нет
vpr_sd_945319,french,11,"Прочитайте приведённый ниже текст. Преобразуйте, если необходимо, слова, напечатанные заглавными буквами в конце строк, обозначенных номерами 7–12, так, чтобы они грамматически соответствовали содержанию текста. Заполните пропуски полученными словами. Каждый пропуск соответствует отдельному заданию из группы 7–12. Les premiers prianik étaient simplement appelés « pains d’épices ». On les _________",Нет,Нет
vpr_sd_946119,french,11,"Преобразуйте, если это необходимо, слово RÉFORMER так, чтобы оно грамматически соответствовало содержанию текста. La réforme des retraites Depuis quelques semaines, le gouvernement français tente de __________________ le régime des retraites. C’est devenu indispensable depuis que la génération du baby boom part à la retraite.",Нет,Нет
vpr_sd_946081,french,11,"Преобразуйте, если это необходимо, слово TENDENCE так, чтобы оно грамматически соответствовало содержанию текста. En effet, les ____________________ d’aujourd’hui nous conduisent vers une métamorphose radicale de la jeune génération.",Нет,Нет
vpr_sd_946057,french,11,"Преобразуйте, если это необходимо, слово ALLER так, чтобы оно грамматически соответствовало содержанию текста. Une fois arrivée, je ___________________ dans la cour.Un peu plus tard, le directeur nous a appelés pour aller dans le hall. Le directeur nous a présenté notre professeur principal.",Нет,Нет
vpr_sd_945325,french,11,"Imaginez que vous êtes en train de préparer un projet avec votre ami. Vous avez trouvé un texte très intéressant et vous voulez le lui lire. Vous avez 2 mn pour lire ce texte en silence, puis 2 mn pour le lire à haute voix. Le Comité international olympique organise les Jeux modernes. Il choisit les sports à intégrer au programme des ompétitions, ainsi que les villes qui les accueillent. Les Jeux ",Нет,Нет
vpr_sd_945889,french,11,"Вы услышите интервью дважды. Выберите правильный ответ 1, 2 или 3. Durant des années précédant la crise, la quantité des cas d'adoptions d'animaux... 1) augmentait. 2) diminuait. 3) restait le même.",Да,Нет
vpr_sd_945856,french,11,"Вы услышите интервью дважды. Выберите правильный ответ 1, 2 или 3. D'après Natacha Harry, on adopte le plus d'animaux... 1) de mai à septembre. 2) de septembre à mai. 3) en mai et en septembre.",Да,Нет
vpr_sd_945831,french,11,"Вы услышите интервью дважды. Выберите правильный ответ 1, 2 или 3. Selon N. Harry, pourquoi la quantité d'adoptions augmente-t-elle malgré la crise ? 1) Les gens reprennent les valeurs familiales. 2) Les gens n'ont plus d'argent pour s'acheter un animal de race. 3) Les gens préfèrent adopter des animaux plutôt qu’avoir des enfants.",Да,Нет
vpr_sd_945798,french,11,"Вы услышите интервью дважды. Выберите правильный ответ 1, 2 или 3. Quel public est le plus enclin à adopter un animal ? 1) Les familles avec des enfants. 2) Les personnes âgées. 3) On ne peut pas le préciser",Да,Нет
vpr_sd_945765,french,11,"Вы услышите интервью дважды. Выберите правильный ответ 1, 2 или 3. Quels animaux sont les plus adoptés ? 1) Chats 2) Chiens 3) Souris et hamsters",Да,Нет
vpr_sd_946159,french,11,"Преобразуйте, если это необходимо, слово CHOISIR так, чтобы оно грамматически соответствовало содержанию текста. Quand j'aurai des enfants, je serai très attentive à ce qu'on les fait faire à l'école. Je __________________ une bonne école pour eux !",Нет,Нет
vpr_sd_946115,french,11,"Преобразуйте, если это необходимо, слово HABITANT так, чтобы оно грамматически соответствовало содержанию текста. Bayonne Bayonne est une ville des Pyrénées-Atlantiques, dans le Sud-Ouest de la France. Blottie entre l’océan et les premiers contreforts du massif pyrénéen, au confluent de la Nive et de l’Adour, ses 45 000 __________________ en font la seconde ville du département derrière Pau.",Нет,Нет
vpr_sd_946055,french,11,"Преобразуйте, если это необходимо, слово APPRENDRE так, чтобы оно грамматически соответствовало содержанию текста. Je travaille au sein d'une clinique psychiatrique pour adolescents. Cela a été très rapide et j'espère mettre en pratique tout ce que j’ __________________ au cours de ma formation.",Нет,Нет
vpr_sd_945359,french,11,"Recyclage des plastiques Le premier stade du 13______ des plastiques se fait à la maison. Chaque famille 14______ ses plastiques et les place dans le conteneur prévu à cet effet. Le premier tri effectué, les plastiques sont triés manuellement ou mécaniquement et ils sont séparés en trois types de 15______. Les plastiques sont compactés en grosses balles. Les balles sont expédiées dans le 16______ ",Нет,Нет
vpr_sd_946026,french,11,"Imaginez que vous êtes en train de préparer un projet avec votre ami. Vous avez trouvé un texte très intéressant et vous voulez le lire à votre ami. Vous avez 2 mn pour lire ce texte en silence, puis 2 mn pour le lire à haute voix. Les St Bernards n'ont jamais porté de cognac. La mission du chien est tout à fait différente — en dehors de toute autre chose donner brandy à quelqu'un ayant une hypoth",Нет,Нет
vpr_sd_945896,french,11,"Activité 3. Ces photos appartiennent à votre album. Choisissez-en une pour la montrer à votre ami/e. 1 2 3 Après 2 mn de réflexion, vous décrivez la photo choisie. Votre réponse ne dépasse pas 2 minutes (12–15 phrases). En décrivant la photo choisie, n’oubliez pas de mentionner : 1) où et quand elle a été prise ; 2) qui ou quoi y est représenté ; 3) ce qui se passe ; 4) pourquoi vous tenez à la ga",Нет,Да
vpr_sd_945917,french,11,"Вы услышите диалог. Запишите в поле ответа цифру 1, 2 или 3, соответствующую выбранному Вами варианту ответа. Вы услышите запись дважды. Qui parle du vote pour le meilleur livre ? 1) Anne-Marie 2) Nicolas 3) Personne Аудиозапись к этому заданию отсутствует, приводим текст. Anne-Marie : Tu as lu ça, Nicolas ? Sur ce site Internet on peut voter pour nos livres préférés de tous les temps. Tu voterais",Нет,Нет
vpr_sd_945918,french,11,"Вы услышите диалог. Запишите в поле ответа цифру 1, 2 или 3, соответствующую выбранному Вами варианту ответа. Вы услышите запись дважды. Qui adore lire ? 1) Anne-Marie 2) Nicolas 3) Les deux Аудиозапись к этому заданию отсутствует, приводим текст. Anne-Marie : Tu as lu ça, Nicolas ? Sur ce site Internet on peut voter pour nos livres préférés de tous les temps. Tu voterais pour quel livre, toi ? Ni",Нет,Нет
vpr_sd_945919,french,11,"Вы услышите диалог. Запишите в поле ответа цифру 1, 2 или 3, соответствующую выбранному Вами варианту ответа. Вы услышите запись дважды. Qui choisit son livre à lire selon la situation ? 1) Anne-Marie 2) Nicolas 3) Les deux Аудиозапись к этому заданию отсутствует, приводим текст. Anne-Marie : Tu as lu ça, Nicolas ? Sur ce site Internet on peut voter pour nos livres préférés de tous les temps. Tu v",Нет,Нет
vpr_sd_945912,french,11,"Вы услышите диалог. Запишите в поле ответа цифру 1, 2 или 3, соответствующую выбранному Вами варианту ответа. Вы услышите запись дважды. Qui aime aussi les oeuvres des écrivains modernes ? 1) Anne-Marie 2) Nicolas 3) Personne Аудиозапись к этому заданию отсутствует, приводим текст. Anne-Marie : Tu as lu ça, Nicolas ? Sur ce site Internet on peut voter pour nos livres préférés de tous les temps. Tu",Нет,Нет
vpr_sd_945913,french,11,"Вы услышите диалог. Запишите в поле ответа цифру 1, 2 или 3, соответствующую выбранному Вами варианту ответа. Вы услышите запись дважды. Qui dit que les bandes dessinées ne méritent pas d'être lues ? 1) Anne-Marie 2) Nicolas 3) Personne Аудиозапись к этому заданию отсутствует, приводим текст. Anne-Marie : Tu as lu ça, Nicolas ? Sur ce site Internet on peut voter pour nos livres préférés de tous le",Нет,Нет
vpr_sd_945672,french,11,"Преобразуйте, если это необходимо, слово ALLER так, чтобы оно грамматически соответствовало содержанию текста. Maintenant j'ai enfin la possibilité de pratiquer le sport comme je veux, alors je __________________ à une salle sportive non loin de mon bureau.",Нет,Нет
vpr_sd_946126,french,11,"Преобразуйте, если это необходимо, слово ÉTRANGER так, чтобы оно грамматически соответствовало содержанию текста. 9 mai : Journée de l’Europe Le 9 mai 1950, le ministre des Affaires __________________ français, Robert Schuman présente sa proposition relative à une organisation de l’Europe.",Нет,Нет
vpr_sd_946095,french,11,"Преобразуйте, если это необходимо, слово ANCIEN так, чтобы оно грамматически соответствовало содержанию текста. Il se trouve au coeur d'un site forestier exceptionnel. C’est une __________________ forteresse médiévale remaniée au XVIe siècle pour devenir une gracieuse résidence de la première Renaissance.",Нет,Нет
vpr_sd_945373,french,11,"Hippodrome Si vous voulez 13______ du bon temps un samedi ou un dimanche et que vous aimez la nature et les animaux, pourquoi ne pas vous rendre au champs de courses ? Vous pourrez voir les 14______ de près avant le départ des courses, discuter avec les jockeys, les 15______ et les propriétaires. Pour ceux qui aiment les jeux d'argent, vous pourrez miser sur vos chevaux 16______ et peut-être gagne",Нет,Нет
vpr_sd_946038,french,11,"Imaginez que vous êtes en train de préparer un projet avec votre ami. Vous avez trouvé un texte très intéressant et vous voulez le lire à votre ami. Vous avez 2 mn pour lire ce texte en silence, puis 2 mn pour le lire à haute voix. ... Vous ne voyez pas beaucoup d'oiseaux en hiver. La plupart ont quitté votre région. Ceux qui restent ne sont pas aussi actifs. L'activité utilise l'énergie qui est n",Нет,Нет
vpr_sd_945897,french,11,"Вы услышите интервью дважды. Выберите правильный ответ 1, 2 или 3. Quel est le titre du deuxième album de Pascale Poret ? 1) «Sans sucre, s’il vous plaît». 2) «L’été indien». 3) «Le grand jeu».",Да,Нет
vpr_sd_945864,french,11,"Вы услышите интервью дважды. Выберите правильный ответ 1, 2 или 3. Au début de sa carrière, Pascale Poret a chanté ... 1) en anglais. 2) en français. 3) en allemand.",Да,Нет
vpr_sd_945839,french,11,"Вы услышите интервью дважды. Выберите правильный ответ 1, 2 или 3. Pourquoi Pascale Poret est-elle devenue chanteuse ? 1) Elle voulait chanter avec ses amis. 2) Elle a toujours rêvé d’être chanteuse. 3) Elle voulait faire connaître ses chansons.",Да,Нет
vpr_sd_945806,french,11,"Вы услышите интервью дважды. Выберите правильный ответ 1, 2 или 3. Ce qui demande à Pascale Poret le plus d’efforts, c’est ... 1) de composer de la musique. 2) de s’entraîner tous les jours à chanter. 3) d’écrire les textes des chansons.",Да,Нет
vpr_sd_945773,french,11,"Вы услышите интервью дважды. Выберите правильный ответ 1, 2 или 3. L’année que Pascale Poret a vécue en Angleterre était ... 1) agréable. 2) étonnante. 3) difficile.",Да,Нет
vpr_sd_945700,french,11,"Преобразуйте, если это необходимо, слово PUBLIER так, чтобы оно грамматически соответствовало содержанию текста. Guy de Maupassant Ami de Gustave Flaubert et d'Emile Zola, Maupassant a écrit de très nombreux contes, presque toujours __________________ d'abord dans un journal, puis rassemblés en volumes.",Нет,Нет
vpr_sd_946157,french,11,"Преобразуйте, если это необходимо, слово ÊTRE так, чтобы оно грамматически соответствовало содержанию текста. Les Francs sont les derniers envahisseurs germaniques. Ils donnent leur nom à la France mais pas leur langue. Toute la Gaule parle alors un latin populaire : c’ __________________ le roman. Il se diversifie en de nombreux dialectes.",Нет,Нет
vpr_sd_946064,french,11,"Преобразуйте, если это необходимо, слово SUCCÈS так, чтобы оно грамматически соответствовало содержанию текста. Pendant cinquante ans le commandant Cousteau a inspiré la recherche océanographique et collectionné les __________________ et les distinctions.",Нет,Нет
vpr_sd_945955,french,11,"État de la route L'usage des routes transformé en épreuve digne de «Fort Boyard» pour les 13______ ? À écouter certains témoignages, on peut le redouter parfois. Ainsi le président du conseil départemental du Val-de-Marne, a dénoncé en août 14______ l'inaction de l'État. Il prétend que l'État n'entretient pas ses routes sur son 15______. Branchages, détritus, végétation sauvage bouchent les évacua",Нет,Нет
vpr_sd_946020,french,11,"Imaginez que vous êtes en train de préparer un projet avec votre ami. Vous avez trouvé un texte très intéressant et vous voulez le lire à votre ami. Vous avez 2 mn pour lire ce texte en silence, puis 2 mn pour le lire à haute voix. Nelson n'a jamais porté de cache-œil. Il ne portait bien quelque chose sur son œil droit endommagé. Bien qu'il ait eu un œil-ombre intégré dans son chapeau pour protége",Нет,Нет
vpr_sd_945880,french,11,"Вы услышите интервью дважды. Выберите правильный ответ 1, 2 или 3. Raymond a commencé à comprendre la valeur véritable des livres sur James Bond après... #mp3.6235# 1) avoir la chance de les lire tous. 2) avoir vu la version cinématographique. 3) les avoir lus la deuxieme fois.",Нет,Нет
vpr_sd_945855,french,11,"Вы услышите репортаж дважды. Выберите правильный ответ 1, 2 или 3. #mp3.6235# Raymond commença à comprendre la réelle valeur des livres de James Bond après : 1) avoir eu la chance de les lire tous. 2) avoir vu son premier film James Bond. 3) avoir lu tous les livres pour la deuxième fois.",Нет,Нет
vpr_sd_945822,french,11,"Вы услышите репортаж дважды. Выберите правильный ответ 1, 2 или 3. #mp3.6235# Grâce à internet, les fans de James Bond d'aujourd'hui : 1) sont devenus beaucoup plus unis qu'il ne l'étaient auparavant. 2) peuvent publier plus de magazines à propos de Bond. 3) tiennent moins de conventions consacrées à Bond.",Нет,Нет
vpr_sd_945789,french,11,"Вы услышите репортаж дважды. Выберите правильный ответ 1, 2 или 3. #mp3.6235# Raymond est toujours un fan de Bond, mais maintenant il : 1) n'aime pas les nouveaux films sur James Bond. 2) écrit moins d'articles sur Bond. 3) a une plus grande sphère d'intérêt.",Нет,Нет
vpr_sd_945756,french,11,"Вы услышите репортаж дважды. Выберите правильный ответ 1, 2 или 3. #mp3.6235# Raymond pense que Ian Fleming aurait : 1) aimé les films récents sur James Bond s'il les avait vus. 2) aurait été surpris de la durée du succès de James Bond. 3) aurait aimé la manière dont est décrit Bond aujourd'hui.",Нет,Нет
vpr_sd_945263,french,11,"Установите соответствие между текстами и рубриками, выбрав рубрику из выпадающего списка. Используйте каждую рубрику только один раз. В задании одна рубрика лишняя. Выпадающий список: 1. Sport 2. Carnet du jour 3. Syndicats 4. Juridiction 5. Météo 6. Archéologie A. Les mosaïques chrétiennes du IIIe siècle qui recouvraient le sol de la plus ancienne église de Terre sainte ont été découvertes sous l",Нет,Нет
vpr_sd_945692,french,11,"Преобразуйте, если это необходимо, слово OUTIL так, чтобы оно грамматически соответствовало содержанию текста. Le système de covoiturage Blablacar Moi, comme beaucoup de femmes, j'utilise Blablacar en tant que conductrice et je voudrais vous faire part de ma satisfaction. Le système de code, d'avis, d'étape, ... sont vraiment des __________________ agréables et utiles.",Нет,Нет
vpr_sd_946151,french,11,"Преобразуйте, если это необходимо, слово SAVOIR так, чтобы оно грамматически соответствовало содержанию текста. _________________ encore qu’il faut choisir une bonne tenue : mettez plutôt des vêtements unis, sans motifs, sinon vous ne serez pas très joli(e) sur l’écran !",Нет,Нет
vpr_sd_946099,french,11,"Преобразуйте, если это необходимо, слово DEVENIR так, чтобы оно грамматически соответствовало содержанию текста. Un dialecte du nord, le francien, parlé en Ile-de-France, territoire royal, va supplanter les autres et va __________________ le français.",Нет,Нет
vpr_sd_945407,french,11,"Films Si le beau temps est de la partie, passez votre chemin et trouvez une 13______ idée. En revanche, s'il ne fait pas 14______, aller voir un film au cinéma est une très bonne idée de sortie. Rendez-vous sur un 15______, tel que AlloCiné, pour choisir votre film et voir la bande-annonce. Une fois le film choisi, il ne vous restera plus qu'à trouver une salle dans laquelle vous 16______ vous ren",Нет,Нет
vpr_sd_946037,french,11,"Imaginez que vous êtes en train de préparer un projet avec votre ami. Vous avez trouvé un texte très intéressant et vous voulez le lire à votre ami. Vous avez 2 mn pour lire ce texte en silence, puis 2 mn pour le lire à haute voix. ... Parmi les victimes de la folie destructrice de l'homme : les abeilles. En 10 ans, la production de miel a baissé d'un tiers en France. Les causes de cette crise son",Нет,Нет
vpr_sd_945891,french,11,"Вы услышите интервью дважды. Выберите правильный ответ 1, 2 или 3. Que fait Carine Tardieu dans la vie ? 1) Elle est psychologue. 2) Elle est écrivain. 3) Elle est écrivain et cinéaste.",Да,Нет
vpr_sd_945858,french,11,"Вы услышите интервью дважды. Выберите правильный ответ 1, 2 или 3. Quelles lectures préférait Carine Tardieu quand elle était enfant ? 1) Elle lisait des romans fantastiques. 2) Elle lisait «Harry Potter». 3) Son livre préféré était «L’histoire sans fin».",Да,Нет
vpr_sd_945825,french,11,"Вы услышите интервью дважды. Выберите правильный ответ 1, 2 или 3. Le succès de son frère au cinéma, quel effet produisait-il sur Carine ? 1) Elle en parlait beaucoup à ses parents. 2) Il la rendait envieuse. 3) Elle en était fière.",Да,Нет
vpr_sd_945792,french,11,"Вы услышите интервью дважды. Выберите правильный ответ 1, 2 или 3. Qu’est-ce que Carine a fait après l’école ? 1) Carine a interprété un petit rôle au cinéma. 2) Elle a fait ses études dans une Ecole de cinéma. 3) Carine a fait une année de psychologie.",Да,Нет
vpr_sd_945767,french,11,"Вы услышите интервью дважды. Выберите правильный ответ 1, 2 или 3. Quel est le titre du premier court-métrage de Carine ? 1) «L’Aȋné de mes soucis». 2) «Les Baisers des autres». 3) «Le Cordon».",Да,Нет
vpr_sd_945249,french,11,"Установите соответствие между текстами и рубриками, выбрав рубрику из выпадающего списка. Используйте каждую рубрику только один раз. В задании одна рубрика лишняя. Выпадающий список: 1. Un été particulièrement maussade 2. «Rovio» : le nouveau dirigeant 3. Le logement par profits et pertes 4. «Une zone de non-droit du travail» 5. Une forte hausse de revenus ! 6. Pas de contrats avec les entreprise",Нет,Нет
vpr_sd_945676,french,11,"Преобразуйте, если это необходимо, слово ETRE так, чтобы оно грамматически соответствовало содержанию текста. L'officier de marine Jacques- Yves Cousteau, nommé directeur du Musée océanographique de Monaco en 1957, __________________ depuis longtemps connu et populaire dans le monde entier...",Нет,Нет
vpr_sd_946129,french,11,"Преобразуйте, если это необходимо, слово CONSTRUIRE так, чтобы оно грамматически соответствовало содержанию текста. C’est le château de Chénonceaux. Il ______________ au bord du Cher, affluent de la Loire.",Нет,Нет
vpr_sd_946088,french,11,"Преобразуйте, если это необходимо, слово RENTRER так, чтобы оно грамматически соответствовало содержанию текста. La visite, splendide, permet de __________________ dans l'intimité d'un site habité depuis cinq siècles par la même famille : les ducs de Brissac. Splendeurs donc derrière toutes les portes.",Нет,Нет
vpr_sd_946070,french,11,"Преобразуйте, если это необходимо, слово COHABITER так, чтобы оно грамматически соответствовало содержанию текста. Pendant très longtemps le musée n'a occupé qu'une partie des bâtiments de l'ancien palais, il__________________ avec différentes administrations. Le ministère des Finances y est resté , jusqu’en 1988.",Нет,Нет
vpr_sd_946030,french,11,"Imaginez que vous êtes en train de préparer un projet avec votre ami. Vous avez trouvé un texte très intéressant et vous voulez le lire à votre ami. Vous avez 2 mn pour lire ce texte en silence, puis 2 mn pour le lire à haute voix. Qui a inventé la machine à vapeur ? Heron de l'Egypte. Heron a vécu en Alexandrie et est surtout connu comme un mathématicien et géomètre. Malheureusement pour Heron, p",Нет,Нет
vpr_sd_945242,french,11,"Установите соответствие между текстами и рубриками, выбрав рубрику из выпадающего списка. Используйте каждую рубрику только один раз. В задании одна рубрика лишняя. Выпадающий список: 1) Histoire 2) Environnement 3) Voyages 4) Géographie 5) Sortie 6) Espace А. Le réchauffement de la planète est un problème mondial. Les gouvernements tentent de trouver des solutions pour limiter la quantité de gaz ",Нет,Нет
vpr_sd_945670,french,11,"Преобразуйте, если это необходимо, слово SATISFAIRE так, чтобы оно грамматически соответствовало содержанию текста. La campagne a également tout pour__________________ ceux qui aiment les promenades à pied, à cheval, ou en vélo. Le printemps et l'été, la pêche est ouverte dans les rivières riches en truites et en brochets.",Нет,Нет
vpr_sd_946155,french,11,"Преобразуйте, если это необходимо, слово FALLOIR так, чтобы оно грамматически соответствовало содержанию текста. Bref, j'ai fait tout ce qu'il ne ____________________ pas faire ! J'aurais voulu disparaître ! Mais la soirée s'est quand même bien passée, ma nouvelle amie justifiant mon comportement par mon ignorance.",Нет,Нет
vpr_sd_945385,french,11,"Le Conseil de sécurité des Nations Le Conseil de sécurité des Nations unies est l'organe exécutif de l'Organisation des Nations 13______. D’après la définition il 14______ « la responsabilité principale du maintien de la paix et de la 15______ internationale ». Selon la Charte des Nations unies il dispose pour cela de pouvoirs spécifiques tels que le maintien de la 16______, l'établissement de san",Нет,Нет
vpr_sd_946034,french,11,"Imaginez que vous êtes en train de préparer un projet avec votre ami. Vous avez trouvé un texte très intéressant et vous voulez le lire à votre ami. Vous avez 2 mn pour lire ce texte en silence, puis 2 mn pour le lire à haute voix. L'autruche est l'oiseau qui pond le plus petit oeuf pour sa taille. Bien qu'il soit la plus grande cellule unique dans la nature, un œuf d'autruche est inférieure à 2 p",Нет,Нет
vpr_sd_945327,french,11,"Вы услышите диалог. Запишите в поле ответа цифру 1, 2 или 3, соответствующую выбранному Вами варианту ответа. Вы услышите запись дважды. Qui arrive dans une nouvelle école ? 1) Noémie 2) Théo 3) Les deux",Да,Нет
vpr_sd_945320,french,11,"Вы услышите диалог. Запишите в поле ответа цифру 1, 2 или 3, соответствующую выбранному Вами варианту ответа. Вы услышите запись дважды. Qui n’est pas fort en allemand ? 1) Noémie 2) Théo 3) Personne",Да,Нет
vpr_sd_945321,french,11,"Вы услышите диалог. Запишите в поле ответа цифру 1, 2 или 3, соответствующую выбранному Вами варианту ответа. Вы услышите запись дважды. Qui parle de ses professeurs ? 1) Noémie 2) Théo 3) Les deux",Да,Нет
vpr_sd_945322,french,11,"Вы услышите диалог. Запишите в поле ответа цифру 1, 2 или 3, соответствующую выбранному Вами варианту ответа. Вы услышите запись дважды. Qui fait du théâtre ? 1) Noémie 2) Théo 3) Les deux",Да,Нет
vpr_sd_945323,french,11,"Вы услышите диалог. Запишите в поле ответа цифру 1, 2 или 3, соответствующую выбранному Вами варианту ответа. Вы услышите запись дважды. Qui va parler au professeur de français ? 1) Noémie 2) Théo 3) Personne",Да,Нет
vpr_sd_945252,french,11,"Установите соответствие между текстами и рубриками, выбрав рубрику из выпадающего списка. Используйте каждую рубрику только один раз. В задании одна рубрика лишняя. Выпадающий список: 1. Incident en Provence 2. Plus de million d'abonnés ! 3. La télémédecine se développe en France 4. Bientôt des campus sans tabac ? 5. Manifestation anti-OGM 6. Première condamnation pour racisme «anti-blanc» A. La c",Нет,Нет
vpr_sd_945710,french,11,"Преобразуйте, если это необходимо, слово VOULOIR так, чтобы оно грамматически соответствовало содержанию текста. Le château de ma mère Tous les matins, vers quatre heures, mon père ouvrait la porte de ma chambre et chuchotait : « __________________ – tu venir» ?",Нет,Нет
vpr_sd_946161,french,11,"Преобразуйте, если это необходимо, слово DEVENIR так, чтобы оно грамматически соответствовало содержанию текста. C'est il y a un peu plus de deux siècles, à l’époque de la Révolution que le Louvre __________________ un musée.",Нет,Нет
vpr_sd_946128,french,11,"Преобразуйте, если это необходимо, слово PRENDRE так, чтобы оно грамматически соответствовало содержанию текста. La décision a été __________________ en 1791 par l'Assemblée.",Нет,Нет
vpr_sd_946097,french,11,"Преобразуйте, если это необходимо, слово PRENDRE так, чтобы оно грамматически соответствовало содержанию текста. Ensuite, sa carrière de marin l'a mené sur tous les océans, mais les profondeurs des mers l'ont toujours fasciné. C'est à partir de 1952 qu'il __________________ le commandement de la Calypso, un bateau spécialement équipé pour la recherche au fond des mers.",Нет,Нет
vpr_sd_946063,french,11,"Преобразуйте, если это необходимо, слово ANCIEN так, чтобы оно грамматически соответствовало содержанию текста. Si le clou de la visite reste la découverte du magnifique théâtre privé, unique en Val de Loire, le site rivalise de vie et de richesses. Le parc de 70 hectares ravive le souvenir des __________________ chasses à courre (les écuries qui abritaient les équipages sont en face du château).",Нет,Нет
vpr_sd_945884,french,11,"Вы услышите интервью дважды. Выберите правильный ответ 1, 2 или 3. Marie Claire Gerardin, coach... 1) travaille pour la société ProActa. 2) a fondé la société ProActa. 3) a un contrat avec la société ProActa.",Да,Нет
vpr_sd_945859,french,11,"Вы услышите интервью дважды. Выберите правильный ответ 1, 2 или 3. C'est en Belgique que Mme Gerardin... 1) a fait ses études. 2) a travaillé pendant deux ans. 3) a fait un stage.",Да,Нет
vpr_sd_945826,french,11,"Вы услышите интервью дважды. Выберите правильный ответ 1, 2 или 3. Le travail d'un coach est surtout concentré sur... 1) le développement des qualités personnelles des clients. 2) le développement des documents du règlement intérieur de l'entreprise. 3) les stratégies de recherche de clients.",Да,Нет
vpr_sd_945793,french,11,"Вы услышите интервью дважды. Выберите правильный ответ 1, 2 или 3. À Madagascar, l’'idée du développement de la personnalité pour en tirer des bénéfices... 1) n'est pas appréciée. 2) est assez neuve. 3) est connue depuis longtemps.",Да,Нет
vpr_sd_945760,french,11,"Вы услышите интервью дважды. Выберите правильный ответ 1, 2 или 3. Où habite Mme Gerardin à présent ? 1) En Belgique 2) En France 3) À Madagascar",Да,Нет
vpr_sd_945699,french,11,"Преобразуйте, если это необходимо, слово ARRIVER так, чтобы оно грамматически соответствовало содержанию текста. Les 3 souhaits Il était une fois un bûcheron très pauvre. Il n’a jamais eu de chance. Un jour, alors qu’il travaillait, un inconnu __________________ et lui a dit :",Нет,Нет
vpr_sd_945668,french,11,"Преобразуйте, если это необходимо, слово HABITER так, чтобы оно грамматически соответствовало содержанию текста. Elle m'a invitée à manger chez ses parents, avec lesquels elle _________________ encore. D'abord, j'ai été en retard, ce qui est impossible en Chine. En plus, j'ai apporté des fleurs ce qui est mal vu aussi.",Нет,Нет
vpr_sd_946120,french,11,"Преобразуйте, если это необходимо, слово CHÂTEAU так, чтобы оно грамматически соответствовало содержанию текста. Château de Montpoupon Le musée de la chasse, dit __________________ de Montpoupon, entre Loches et Chenonceaux est le souffle des courses en forêt.",Нет,Нет
vpr_sd_946016,french,11,"Imaginez que vous êtes en train de préparer un projet avec votre ami. Vous avez trouvé un texte très intéressant et vous voulez le lire à votre ami. Vous avez 2 mn pour lire ce texte en silence, puis 2 mn pour le lire à haute voix. Qu'est-ce que la Lune sent ? Comme la poudre à canon, apparemment. Seuls douze personnes ont marché sur la lune, tous américains. De toute évidence, dans leur combinais",Нет,Нет
vpr_sd_945306,french,11,"Ces photos appartiennent à votre album. Choisissez-en une pour la montrer à votre ami/e. 1 2 3 Après 2 mn de réflexion, vous décrivez la photo choisie. Votre réponse ne dépasse pas 2 minutes (12–15 phrases). En décrivant la photo choisie, n’oubliez pas de mentionner : 1) où et quand elle a été prise ; 2) qui ou quoi y est représenté ; 3) ce qui se passe ; 4) pourquoi vous tenez à la garder dans vo",Нет,Да
vpr_sd_945683,french,11,"Преобразуйте, если это необходимо, слово COMMENCER так, чтобы оно грамматически соответствовало содержанию текста. Il vaut mieux _______________par le château Chambord. C’est un des plus beaux châteaux de la Loire.",Нет,Нет
vpr_sd_946154,french,11,"Преобразуйте, если это необходимо, слово TRADUIRE так, чтобы оно грамматически соответствовало содержанию текста. Beaucoup de ses oeuvres ont donné lieu à des adaptations cinématographiques. Ses livres ont été __________________ dans le monde entier.",Нет,Нет
vpr_sd_946113,french,11,"Преобразуйте, если это необходимо, слово TERMINER так, чтобы оно грамматически соответствовало содержанию текста. Une formation utile Je viens de __________________ ma formation et quelle récompense : une semaine après, j'avais déjà trouvé un emploi.",Нет,Нет
vpr_sd_946025,french,11,"Imaginez que vous êtes en train de préparer un projet avec votre ami. Vous avez trouvé un texte très intéressant et vous voulez le lire à votre ami. Vous avez 2 mn pour lire ce texte en silence, puis 2 mn pour le lire à haute voix. Seulement sept prisonniers ont été libérés par la prise de la Bastille. En France, le 14 Juillet est une fête nationale et un symbole national glorieux. De peintures en",Нет,Нет
vpr_sd_945883,french,11,"Вы услышите репортаж дважды. Выберите правильный ответ 1, 2 или 3. Comment Philippe a-t-il débuté au patinage artistique ? Son entraîneur l'a remarqué … 1) sur la patinoire du collège. 2) au lycée. 3) quand il était élève à l'école primaire.",Да,Нет
vpr_sd_945850,french,11,"Вы услышите репортаж дважды. Выберите правильный ответ 1, 2 или 3. Les parents de Philippe qu'est-ce qu'ils faisaient dans la vie ? 1) Son père était maçon et sa mère était comptable. 2) Son père était entraîneur et sa mère était femme au foyé. 3) Ils étaient patineurs tous les deux.",Да,Нет
vpr_sd_945817,french,11,"Вы услышите репортаж дважды. Выберите правильный ответ 1, 2 или 3. À quel âge est-il devenu champion pour la première fois ? 1) À l'âge de 10 ans. 2) À l'âge de 8 ans. 3) À l'âge de 12 ans.",Да,Нет
vpr_sd_945784,french,11,"Вы услышите репортаж дважды. Выберите правильный ответ 1, 2 или 3. Est-ce que Philippe arrivait à concilier l'entraînement et les copains ? 1) À cause de son emploi du temps chargé, il ne sortait pas avec ses copains. 2) Ils n'avait pas de copains parce qu'ils se moquaient de lui. 3) Malgré son emploi du temps chargé, il sortait avec ses copains dans la cité.",Да,Нет
vpr_sd_945759,french,11,"Вы услышите репортаж дважды. Выберите правильный ответ 1, 2 или 3. Philippe a-t-il toujours eu cette volonté d'être le premier ? 1) Il a eu cette volonté au lycée. 2) Il a eu toujours cette volonté dans le patinage sur la glace. 3) Il a cette volonté à l'école primaire.",Да,Нет
vpr_sd_945258,french,11,"Установите соответствие между текстами и рубриками, выбрав рубрику из выпадающего списка. Используйте каждую рубрику только один раз. В задании одна рубрика лишняя. Выпадающий список: 1. Sport 2. Législation 3. Circulation 4. Santé 5. Faits divers 6. Syndicats A. Le ministre de Transports a demandé à 12 préfets des départements les plus touchés par les accidents de la route de lancer les actions p",Нет,Нет
vpr_sd_945715,french,11,"Преобразуйте, если это необходимо, слово CONSTRUIRE так, чтобы оно грамматически соответствовало содержанию текста. Avant de devenir un musée, le Louvre a été un palais royal pendant des siècles. C'était d’abord une forteresse __________________sous le règne de Philippe Auguste.",Нет,Нет
vpr_sd_945671,french,11,"Преобразуйте, если это необходимо, слово CERTAIN так, чтобы оно грамматически соответствовало содержанию текста. Pour les non-ressortissants de l'Union européenne, le passeport est obligatoire avec un visa pour __________________ (consultez votre ambassade ou votre agence de voyages, attention aux délais d'obtention).",Нет,Нет
vpr_sd_946053,french,11,"Преобразуйте, если это необходимо, слово DESCENDRE так, чтобы оно грамматически соответствовало содержанию текста. Les réformes sont toujours difficiles à faire passer pour le gouvernement français car les citoyens __________________ facilement dans la rue pour manifester. À cause de cela, les personnes qui sont au pouvoir préfèrent souvent attendre ou ne rien faire.",Нет,Нет
vpr_sd_945945,french,11,"Bizarreries En 1914, en Egypte, il y avait un archéologue 13______ qui faisait, avec son assistant, des recherches dans un monument ancien. Il 14______ le sens de mystérieuses inscriptions sur une paroi. Soudain, il a deviné la signification de ces signes 15______. Alors, un prêtre, qui les observait, leur a offert de l’eau empoisonnée : il voulait garder le secret des 16______ ! Mais à ce moment,",Нет,Нет
vpr_sd_945305,french,11,"Imaginez que vous êtes en train de préparer un projet avec votre ami. Vous avez trouvé un texte très intéressant et vous voulez le lui lire. Vous avez 2 mn pour lire ce texte en silence, puis 2 mn pour le lire à haute voix. La nuit, notre planète Terre s’illumine de points lumineux. Ils proviennent d’une quantité énorme de lampes. Toutes ces lumières artificielles perturbent la faune et la flore. ",Нет,Нет
vpr_sd_946086,french,11,"Преобразуйте, если это необходимо, слово PARLER так, чтобы оно грамматически соответствовало содержанию текста. Les salariés qui ont cotisé suffisamment peuvent prendre leur retraite à 60 ans. Cette réforme, dont tout le monde __________________, repoussera l’âge auquel on peut prendre sa retraite à 62 ans.",Нет,Нет
vpr_sd_946058,french,11,"Преобразуйте, если это необходимо, слово INSPIRER так, чтобы оно грамматически соответствовало содержанию текста. Et c'est lui sans doute qui a __________________ voilà trois siècles, un moine génial, Dom Pérignon l'inventeur du Champagne.",Нет,Нет
vpr_sd_945383,french,11,"Déchets recyclables Les déchets recyclables sont ceux qui 13______ être triés et connaître une nouvelle vie sous un conditionnement différent. Les déchets 14______ se classent en quatre grandes catégories : le plastique, le verre, le papier et le métal. Bien que le 15______ et le recyclage ne soient pas toujours faciles ils sont 16______. Seul le système de ramassage change d'une Mairie à l'autre.",Нет,Нет
vpr_sd_946023,french,11,"Imaginez que vous êtes en train de préparer un projet avec votre ami. Vous avez trouvé un texte très intéressant et vous voulez le lire à votre ami. Vous avez 2 mn pour lire ce texte en silence, puis 2 mn pour le lire à haute voix. Tous les diamants sont formés sous l'immense chaleur et la pression sous la terre et sont remontés à la surface dans les éruptions volcaniques. Ils sont formés de 100 m",Нет,Нет
vpr_sd_945256,french,11,"Установите соответствие между текстами и рубриками, выбрав рубрику из выпадающего списка. Используйте каждую рубрику только один раз. В задании одна рубрика лишняя. Выпадающий список: 1. Environnement 2. Musique 3. Médecine 4. Economie 5. Religion 6. Hobby A. A voir et à entendre Lionel Melka. Ses textes sont des petites histoires de la vie de tous les jours, avec des mots simples. Il chante l’amo",Нет,Нет
vpr_sd_945673,french,11,"Преобразуйте, если это необходимо, слово ITALIEN так, чтобы оно грамматически соответствовало содержанию текста. L'édifice, réputé sain et sûr, ouvrit également la porte à la Renaissance __________ et à Léonard de Vinci.",Нет,Нет
vpr_sd_946153,french,11,"Преобразуйте, если это необходимо, слово DONNER так, чтобы оно грамматически соответствовало содержанию текста. Ils ont d'abord paru dans la presse de l'époque avant d'être réunis en volumes. Parmi les plus célèbres des «Lettres de mon Moulin», citons «La Chèvre de Monsieur Seguin», «La Mule du Pape», «Le secret de maître Cornille». Beaucoup __________________ lieu à des adaptations au cinéma.",Нет,Нет
vpr_sd_946028,french,11,"Imaginez que vous êtes en train de préparer un projet avec votre ami. Vous avez trouvé un texte très intéressant et vous voulez le lire à votre ami. Vous avez 2 mn pour lire ce texte en silence, puis 2 mn pour le lire à haute voix. La moitié des êtres humains, peut-être autant que 45 milliards de personnes, ont été tués par les moustiques femelles. Les moustiques transmettent plus d'une centaine d",Нет,Нет
vpr_sd_945890,french,11,"Вы услышите интервью дважды. Выберите правильный ответ 1, 2 или 3. Patrick Poivre d'Arvor que fait-il dans la vie ? 1) Il est journaliste. 2) Il est aviateur. 3) Il est diplomate.",Да,Нет
vpr_sd_945857,french,11,"Вы услышите интервью дважды. Выберите правильный ответ 1, 2 или 3. Il collabore avec... 1) les chaînes de la télévision. 2) le ministère de l'Education Nationale. 3) le magazine ""Phosphore"".",Да,Нет
vpr_sd_945824,french,11,"Вы услышите интервью дважды. Выберите правильный ответ 1, 2 или 3. D’où vient son nom ? 1) de son père 2) du pseudonyme de son grand-père 3) du nom de son personnage péféré",Да,Нет
vpr_sd_945799,french,11,"Вы услышите интервью дважды. Выберите правильный ответ 1, 2 или 3. À partir de quel âge il a eu la passion pour la lecture ? 1) 5 ans 2) 10 ans 3) 15 ans",Да,Нет
vpr_sd_945766,french,11,"Вы услышите интервью дважды. Выберите правильный ответ 1, 2 или 3. Quel est le titre de son premier livre ? 1) Envoyé spécial 2) Saint-Exupéry 3) Les Enfants de l'aube",Да,Нет
vpr_sd_945257,french,11,"Установите соответствие между текстами и рубриками, выбрав рубрику из выпадающего списка. Используйте каждую рубрику только один раз. В задании одна рубрика лишняя. Выпадающий список: 1. Syndicats 2. Cinéma 3. Sport 4. Santé 5. Environnement 6. Finances A. Mauvaise nouvelle pour l'Elysée : le 47e congrès de la CFDT a conforté François Chérèque dans son poste de secrétaire général, mais surtout dan",Нет,Нет
vpr_sd_946172,french,11,"Преобразуйте, если это необходимо, слово ABONNER так, чтобы оно грамматически соответствовало содержанию текста. Si la personne ________________ à Freebox, elle pourrait créer son compte e-mail en quelques instants.",Нет,Нет
vpr_sd_946114,french,11,"Преобразуйте, если это необходимо, слово ACTUEL так, чтобы оно грамматически соответствовало содержанию текста. Le conflit des générations La jeunesse _____________________, on ne peut pas la définir et l’expliquer facilement.",Нет,Нет
vpr_sd_946082,french,11,"Преобразуйте, если это необходимо, слово IMPORTANT так, чтобы оно грамматически соответствовало содержанию текста. Elle est au coeur d’une vaste agglomération qui comprend également les villes d’Anglet et de Biarritz, la plus __________________ du sud de l’Aquitaine.",Нет,Нет
vpr_sd_946061,french,11,"Преобразуйте, если это необходимо, слово CONSTRUIRE так, чтобы оно грамматически соответствовало содержанию текста. Et il est vrai que ce château, __________ après la Guerre de Cent ans, a deux faces : l’une pour la guerre, l'autre pour l'amour.",Нет,Нет
vpr_sd_945371,french,11,"Champs de foire À proximité des grandes villes on trouve des parcs des 13______ qui hébergent des salons ou des foires le samedi et le dimanche. Ces salons sont une très bonne 14______ de sortie pour ceux qui ne savent pas quoi faire le week-end. Il en 15______ pour tous les goûts. À Paris, par exemple, tout au long de l'année le parc des expositions de la Porte de Versailles, au sud de Paris, abr",Нет,Нет
vpr_sd_945895,french,11,"Вы услышите интервью дважды. Выберите правильный ответ 1, 2 или 3. La rencontre d’Arthur Ténor avec les collégiens a été … 1) difficile. 2) positive. 3) spontanée.",Да,Нет
vpr_sd_945862,french,11,"Вы услышите интервью дважды. Выберите правильный ответ 1, 2 или 3. Que fait Arthur Ténor pour donner vie à ses personnages ? 1) Il demande conseil à ses lecteurs. 2) Il décrit des gens qu’il connaît bien. 3) Il se met à la place du personnage.",Да,Нет
vpr_sd_945829,french,11,"Вы услышите интервью дважды. Выберите правильный ответ 1, 2 или 3. Le héros principal de son nouveau roman est un professeur … 1) débutant. 2) expérimenté. 3) en retraite.",Да,Нет
vpr_sd_945796,french,11,"Вы услышите интервью дважды. Выберите правильный ответ 1, 2 или 3. Antoine Vachet obtient de bons résultats grâce à … 1) l’expérience 2) l’inventivité. 3) la pédagogie classique.",Да,Нет
vpr_sd_945771,french,11,"Вы услышите интервью дважды. Выберите правильный ответ 1, 2 или 3. Pendant l’écriture du roman l’auteur craignait de ne pas bien connaître … 1) la guerre. 2) l’injustice. 3) les réalités d’aujourd’hui.",Да,Нет
vpr_sd_946087,french,11,"Преобразуйте, если это необходимо, слово ALLER так, чтобы оно грамматически соответствовало содержанию текста. Avant, le samedi matin, il y avait classe. Maintenant les enfants __________________ à l’école quatre jours par semaine, on appelle cela la semaine de quatre jours.",Нет,Нет
vpr_sd_945969,french,11,Des applications Des applications permettent aux fêtards d'organiser des 13______ ou de contrôler leur taux d'alcoolémie. Les réseaux 14______ peuvent aussi aider les jeunes à rentrer en toute sécurité après le réveillon de fin d'année. Ainsi Axa Prévention s'est associé à Facebook pour leur 15______ un service gratuit. Ce service leur 16______ de planifier et d'organiser leurs déplacements en soi,Нет,Нет
vpr_sd_946029,french,11,"Imaginez que vous êtes en train de préparer un projet avec votre ami. Vous avez trouvé un texte très intéressant et vous voulez le lire à votre ami. Vous avez 2 mn pour lire ce texte en silence, puis 2 mn pour le lire à haute voix. Les caméléons ne changent pas de couleur pour correspondre au fond. Ils changent de couleur en raison de différents états émotionnels. Les caméléons changent de couleur",Нет,Нет
vpr_sd_946152,french,11,"Преобразуйте, если это необходимо, слово S’ANIMER так, чтобы оно грамматически соответствовало содержанию текста. Château de somptueuses fêtes, il n'a aujourd'hui rien perdu de sa vocation et retrouve chaque été son faste. Les jardins __________ de spectacles de comédie à l'italienne et invitent petits et grands à s'initier au billard, au mail, à la quintaine.",Нет,Нет
vpr_sd_946091,french,11,"Преобразуйте, если это необходимо, слово PASSER так, чтобы оно грамматически соответствовало содержанию текста. Là, regardez attentivement le portail de gauche : un ange de pierre vous sourit. Depuis près de huit siècles, tous les rois de France, venus se faire sacrer dans ce magnifique édifice gothique, sont __________________ devant lui.",Нет,Нет
vpr_sd_946066,french,11,"Преобразуйте, если это необходимо, слово IMPOSER так, чтобы оно грамматически соответствовало содержанию текста. En 1635, Richelieu fonde l’Académie française et __________________ sa politique à toute la France.",Нет,Нет
vpr_sd_945886,french,11,"Вы услышите репортаж дважды. Выберите правильный ответ 1, 2 или 3. Tom Claeys, champion du monde, pratique le parachutisme, … 1) parce qu’il aime les risques. 2) parce qu’il aime regarder la terre d'en haut. 3) parce que c’est une discipline peu connue.",Да,Нет
vpr_sd_945853,french,11,"Вы услышите интервью дважды. Выберите правильный ответ 1, 2 или 3. Il a commencé à faire du parachutisme … 1) après avoir vu un film. 2) après avoir lu un livre. 3) après avoir fait connaissance avec son instructeur.",Да,Нет
vpr_sd_945820,french,11,"Вы услышите интервью дважды. Выберите правильный ответ 1, 2 или 3. Il a sauté une première fois avec … 1) d’autres sportifs dans un club de parachutisme. 2) son instructeur. 3) son ami.",Да,Нет
vpr_sd_945795,french,11,"Вы услышите интервью дважды. Выберите правильный ответ 1, 2 или 3. Il a obtenu le record du monde … 1) tout seul. 2) avec son ami. 3) faisant partie de l'équipe.",Да,Нет
vpr_sd_945762,french,11,"Вы услышите репортаж дважды. Выберите правильный ответ 1, 2 или 3. Pour fixer un record du monde il y avait … 1) un photographe spécial. 2) une équipe de photograhes. 3) un caméra spécial.",Да,Нет
vpr_sd_945696,french,11,"Преобразуйте, если это необходимо, слово MONTRER так, чтобы оно грамматически соответствовало содержанию текста. Passeport, visa Depuis les accords de Schengen, les ressortissants de l'Union européenne n'ont plus besoin de __________________ leurs papiers à la frontière. Ils sont cependant tenus d'avoir leur carte d'identité ou un passeport sur eux.",Нет,Нет
vpr_sd_945669,french,11,"Преобразуйте, если это необходимо, слово LE так, чтобы оно грамматически соответствовало содержанию текста. Ceux qui sont présentés ici nous ont semblé représentatifs de l’ensemble de la classe, mais nous tenons à féliciter tous les élèves et nous __________________ remercions pour ce qu’ils nous ont donné à lire.",Нет,Нет
vpr_sd_945885,french,11,"Вы услышите интервью дважды. Выберите правильный ответ 1, 2 или 3. Que fait Philippe Vandel dans la vie ? 1) C’est un footballeur talentueux. 2) C’est un chanteur extravagant. 3) Il est animateur de TV.",Да,Нет
vpr_sd_945852,french,11,"Вы услышите интервью дважды. Выберите правильный ответ 1, 2 или 3. Quelle place la télévision occupe-t-elle dans sa vie ? 1) La télévision occupe toutes ses pensées. 2) Il passe toute sa vie devant l’écran. 3) La télévision n'occupe pas tout son temps.",Да,Нет
vpr_sd_945827,french,11,"Вы услышите интервью дважды. Выберите правильный ответ 1, 2 или 3. Comment se comporte-t-il devant la caméra ? 1) Il est insolent. 2) Il est tout à fait naturel. 3) Il est stressé.",Да,Нет
vpr_sd_945794,french,11,"Вы услышите интервью дважды. Выберите правильный ответ 1, 2 или 3. Quelle tenue a-t-il devant la caméra ? 1) Il met un t-shirt et une veste. 2) Il porte un costume classique et une chemise. 3) Il porte un jean et un pull.",Да,Нет
vpr_sd_945761,french,11,"Вы услышите интервью дважды. Выберите правильный ответ 1, 2 или 3. Qu’est-ce qu’il fait dans la journée avant 20 heures ? 1) Il s’amuse avec des amis. 2) Il va à la piscine avec sa copine. 3) Il travaille.",Да,Нет
vpr_sd_946130,french,11,"Преобразуйте, если это необходимо, слово POUVOIR так, чтобы оно грамматически соответствовало содержанию текста. Très jeune, à vingt ans, il a __________________ réaliser sa première ambition : il est devenu officier de marine.",Нет,Нет
vpr_sd_945957,french,11,"Aider les patients Les 13______essaient d’aider les personnes âgées grâce aux ours. Ils 14______ que la vieillesse ressemble à la 15______ pendant laquelle les ours entrent en hibernation. Aujourd’hui les scientifiques se penchent sur les 16______ spéciaux qui se passent dans le corps des ours. Grâce à ces mécanismes ces derniers réussissent à ne pas trop perdre de muscles, alors qu’ils sont 17___",Нет,Нет
vpr_sd_946022,french,11,"Imaginez que vous êtes en train de préparer un projet avec votre ami. Vous avez trouvé un texte très intéressant et vous voulez le lire à votre ami. Vous avez 2 mn pour lire ce texte en silence, puis 2 mn pour le lire à haute voix. L'argent est le meilleur conducteur. Le meilleur conducteur de chaleur et d'électricité, il est aussi le plus réfléchissant de tous les éléments. Son inconvénient est q",Нет,Нет
vpr_sd_945888,french,11,"Вы услышите интервью дважды. Выберите правильный ответ 1, 2 или 3. D'après Hélène Soumet, pourquoi certains élèves craignent de ne pas réussir en philosophie ? 1) Les textes philosophiques sont assez compliqués avec beaucoup de termes difficiles. 2) Pour réussir, il faudra étudier une énorme quantité de textes. 3) La philosophie n'est pas une science exacte, elle ne donne pas de réponses précises.",Да,Нет
vpr_sd_945863,french,11,"Вы услышите интервью дважды. Выберите правильный ответ 1, 2 или 3. D'après Hélène Soumet, un texte philosophique ... 1) ressemble à un texte littéraire. 2) n'a rien à voir avec un texte littéraire. 3) est plus facile à lire qu'un texte littéraire.",Да,Нет
vpr_sd_945830,french,11,"Вы услышите интервью дважды. Выберите правильный ответ 1, 2 или 3. Quelle qualité nécessaire pour réussir en philosophie évoque Hélène Soumet ? 1) L'assiduité 2) L'intelligence 3) La modestie",Да,Нет
vpr_sd_945797,french,11,"Вы услышите интервью дважды. Выберите правильный ответ 1, 2 или 3. Comment apprendre aux élèves à penser ? 1) En lisant tout seul des textes des grands auteurs. 2) En réfléchissant aux problèmes de l'humanité. 3) En discutant en classe, avec le professeur, des textes de philosophie.",Да,Нет
vpr_sd_945764,french,11,"Вы услышите интервью дважды. Выберите правильный ответ 1, 2 или 3. Quelle est la méthodologie de l'étude des oeuvres des grands philosophes ? 1) Étudier un grand nombre de travaux à la fois. 2) Progresser étape par étape. 3) Noter ses propres pensées, écrire des essais.",Да,Нет
vpr_sd_945711,french,11,"Преобразуйте, если это необходимо, слово MÉLANGER так, чтобы оно грамматически соответствовало содержанию текста. L’origine du français La langue française d’aujourd’hui est le résultat d’une longue évolution. D’abord, il y a eu le gallo-romain, une langue qui __________________ la langue gauloise du peuple celte et le latin des Romains, aux premiers siècles.",Нет,Нет
vpr_sd_946098,french,11,"Преобразуйте, если это необходимо, слово COMMENCER так, чтобы оно грамматически соответствовало содержанию текста. NOTRE-DAME Erigée sur le lieu même où une basilique chrétienne avait déjà pris la place d’un temple de l’époque romaine, Notre-Dame a résulté de la décision de Maurice Sully qui, en 1163, a fait __________________ la construction du choeur.",Нет,Нет
vpr_sd_945979,french,11,"Pluton La neuvième planète du système solaire fut découverte en 1930. Les astronomes la 13______ depuis longtemps. Leurs calculs avaient prédit la présence d'une planète au delà de Neptune, mais il n’en y avait pas de preuves. Elle était trop éloignée pour qu’on puisse l’ 14______ avec les téléscopes d’autrefois. Pourtant un jeune astronome amateur 15______ réussit à faire ses photos. Il n’avait q",Нет,Нет
vpr_sd_945254,french,11,"Установите соответствие между текстами и рубриками, выбрав рубрику из выпадающего списка. Используйте каждую рубрику только один раз. В задании одна рубрика лишняя. Выпадающий список: 1. Etre bon en orthographe 2. La reprise de l’économie 3. Match nul 4. Si on allait au cinéma … 5. Trop plein 6. Le métier du garde de corps A. Devant la baisse du niveau en français des salariés, recruteurs et emplo",Нет,Нет
vpr_sd_945693,french,11,"Преобразуйте, если это необходимо, слово SON так, чтобы оно грамматически соответствовало содержанию текста. Créer une adresse e-mail On exige que vous ayez ______________ adresse email sur Free.fr ? C’est facile !",Нет,Нет
vpr_sd_946054,french,11,"Преобразуйте, если это необходимо, слово ÊTRE так, чтобы оно грамматически соответствовало содержанию текста. Depuis plusieurs années, on expérimentait ce système et les résultats étaient très positifs. Les enfants comme les enseignants __________________ très satisfaits. La rentrée a seulement lieu plus tôt.",Нет,Нет
vpr_sd_945395,french,11,"Les produits issus de l’agriculture biologique Les 13______ issus de l’agriculture biologique sont moins chargés en substances toxiques, pesticides et nitrates. Il serait donc logique de penser qu’ils sont 14______ pour la santé. Néanmoins, si l’on connaît les effets nocifs des pesticides à forte dose, on ignore encore si, à faible dose, ils sont susceptibles d’influer sur la 15______. Il y a un p",Нет,Нет
vpr_sd_945709,french,11,"Преобразуйте, если это необходимо, слово SUIVRE так, чтобы оно грамматически соответствовало содержанию текста. Jacques-Yves Cousteau Qui n'a pas vu sur son écran de télévision apparaître le visage énergique du commandant Cousteau ? Qui n'a pas __________________une de ses nombreuses explorations sous-marines ou lu ses récits sur les requins, les dauphins ou les baleines ?",Нет,Нет
vpr_sd_946121,french,11,"Преобразуйте, если это необходимо, слово ROYAL так, чтобы оно грамматически соответствовало содержанию текста. Le château de Brissac Que les plus petits se le disent : voici un géant ! Avec ses sept étages et ses deux cents pièces, Brissac est considéré comme le plus haut des châteaux __________________.",Нет,Нет
vpr_sd_946052,french,11,"Преобразуйте, если это необходимо, слово ÉPARGNER так, чтобы оно грамматически соответствовало содержанию текста. Un jour que le miroir lui répondit que Blanche-Neige était la plus jolie du royaume, la méchante femme ordonna qu’on la tue. ___________________, Blanche-Neige trouva refuge dans une maison abritant sept nains.",Нет,Нет
vpr_sd_945893,french,11,Qui est Ludovic Tézier ? 1) Compositeur. 2) Musicien. 3) Chanteur d’opéra.,Да,Нет
vpr_sd_945860,french,11,Quel cadeau Ludovic Tézier a-t-il reçu à 9 ans ? 1) Un disque de Wagner. 2) Un billet à l’opéra. 3) Un disque de Verdi.,Да,Нет
vpr_sd_945835,french,11,Ludovic Tézier est allé à l’opéra pour la première fois à … 1) 3 ans. 2) 13 ans. 3) 9 ans.,Да,Нет
vpr_sd_945802,french,11,Ludovic Tézier est né à … 1) Toulouse. 2) Marseille. 3) Paris.,Да,Нет
vpr_sd_945769,french,11,Qui a conseillé a Ludovic Tézier d’entrer au Centre de Formation Lyrique ? 1) Sa professeur de chant. 2) Ses parents. 3) Sa soeur aînée.,Да,Нет
vpr_sd_945262,french,11,"Установите соответствие между текстами и рубриками, выбрав рубрику из выпадающего списка. Используйте каждую рубрику только один раз. В задании одна рубрика лишняя. Выпадающий список: 1. Transport 2. Carnet du jour 3. Finances 4. Sport 5. Météo 6. Culture A. Drowning Pool perd son chanteur. Dave Williams, chanteur du groupe de néo-métal Drow-ning Pool, est mort jeudi après-midi à bord de l'autobus",Нет,Нет
vpr_sd_945704,french,11,"Преобразуйте, если это необходимо, слово DIRE так, чтобы оно грамматически соответствовало содержанию текста. Les vacances Ce qui m’étonne, moi, c’est qu’à la maison on n’a pas encore parlé de vacances ! Les autres années, papa dit qu’il veut aller quelque part, maman dit qu’elle veut aller ailleurs. Papa et maman discutent. Ils __________________ qu’ils préfèrent alors rester à la maison, moi je ",Нет,Нет
vpr_sd_945241,french,11,"Установите соответствие между текстами и рубриками, выбрав рубрику из выпадающего списка. Используйте каждую рубрику только один раз. В задании одна рубрика лишняя. Выпадающий список: 1. Vers une vie plus sûre 2. Achetez dès maintenant ! 3. On chante en français ... 4. La mort d'une femme célèbre 5. Si on allait au cinéma ! 6. La parole aux peuples A. Un nouveau record a été battu dans le monde en",Нет,Нет
vpr_sd_946124,french,11,"Преобразуйте, если это необходимо, слово SE CLASSER так, чтобы оно грамматически соответствовало содержанию текста. Au Moyen Age, ces dialectes __________________ en deux grandes catégories : au nord de la Loire, les dialectes d’oïl et au sud, les dialectes d’oc.",Нет,Нет
vpr_sd_945933,french,11,"Trois Néerlandais ont le premier musée mondial d’Internet Trois Néerlandais ont fondé le premier musée mondial d’Internet dont l’13______ a eu lieu en ligne en décembre. “ Internet est éphémère, tout y survient vite et en 14______ aussi vite ”, fait remarquer Dani Polak, un des trois fondateurs du musée. Avec ses deux partenaires, il a voulu y 15______. Le site web du musée qui a été conçu comme u",Нет,Нет
vpr_sd_945919,french,4,"Прочитай рассказ. Вставь вместо каждого пропуска, обозначенного буквами А − Е, нужную грамматическую форму, выбрав её из трёх предложенных вариантов (1, 2 или 3). Daniel a invité ses A _____ à venir chez lui. Il montre ses photos de vacances. « Regardez cette photo. À droite, c'est notre maison de campagne. À côté, c'est la tante Adèle et l’oncle Georges et B _____ enfants. Là, c’est leur chien Pa",Нет,Нет
vpr_sd_945896,french,4,"Прочитай рассказ. Вставь вместо каждого пропуска, обозначенного буквами А − Е, нужную грамматическую форму, выбрав её из трёх предложенных вариантов (1, 2 или 3). Kolya aime l'été et les vacances d'été. Il les passe avec A _____ parents. Il aime nager et se bronzer. Sa mère et son père B _____ aussi se détendre à la mer. Ils C _____ beaucoup de photos, se promènent, achètent D _____ souvenirs. « V",Нет,Нет
vpr_sd_945852,french,4,"Прочитай рассказ. Вставь вместо каждого пропуска, обозначенного буквами А − Е, нужную грамматическую форму, выбрав её из трёх предложенных вариантов (1, 2 или 3). Nicolas passe souvent devant le magasin du marchand d’oiseaux. Les oiseaux A _____ dans leurs cages. Leurs plumes sont bleues, rouges, B _____. Nicolas admire un petit canarie jaune qui chante bien dans C _____ cage. Un jour, Nicolas D _",Нет,Нет
vpr_sd_945906,french,4,Помоги своему другу заполнить анкету для сайта «Друзья онлайн». Прочитай текст и запиши информацию в таблицу. Под каждым номером запиши только одно слово (без артиклей). Числа необходимо записать словами. Alex Smirnov Alex habite à Moscou. Il a 10 ans. Moscou est la capitale de la Russie. Alex a une sœur et un frère. Il a un petit chiot Tim. Il aime son chiot. Alex aime jouer au football. Il veut ,Нет,Нет
vpr_sd_945862,french,4,Помоги своему другу заполнить анкету для сайта «Друзья онлайн». Прочитай текст и запиши информацию в таблицу. Под каждым номером запиши только одно слово (без артиклей). Числа необходимо записать словами. Maxim Ivanov Maxim habite à Moscou. Il a 11 ans. Moscou est la capitale de la Russie. Maxim a une sœur et un frère. Il a un petit chien Tim. Maxim aime jouer au football. Il veut devenir un footb,Нет,Нет
vpr_sd_945876,french,4,Помоги своему другу заполнить анкету для сайта «Друзья онлайн». Прочитай текст и запиши информацию в таблицу. Под каждым номером запиши только одно слово (без артиклей). Числа необходимо записать словами. Maxim Gardeev Maxim habite à Novgorod. C`est une belle ville. Maxim aime se promener avec sa famille. Ils visitent les monuments historiques. Maxim a 11 ans. Il a une sœur et un frère. Il a un pe,Нет,Нет
vpr_sd_945912,french,4,"Помоги своему другу заполнить анкету для сайта «Друзья онлайн». Прочитай текст и запиши информацию в таблицу. Под каждым номером запиши только одно слово (без артиклей). Числа необходимо записать словами. Tim Ivanov Tim vient de Russie. Il a 9 ans. Tim vit à Saratov. Saratov est situé en Russie. Il a une sœur cadette et un frère aîné. Il y a un chat dans la famille de Tim, toute la famille l’adore",Нет,Нет
vpr_sd_945907,french,4,Помоги своему другу заполнить анкету для сайта «Друзья онлайн». Прочитай текст и запиши информацию в таблицу. Под каждым номером запиши только одно слово (без артиклей). Числа необходимо записать словами. Alice Petrova Alice habite à Saratov. C`est une belle ville. On peut y trouver beaucoup de sites historiques. Alice a 10 ans. Elle a une grande famille. Elle a une sœur et trois frères. Alice a u,Нет,Нет
vpr_sd_945899,french,4,"Прочитай рассказ. Вставь вместо каждого пропуска, обозначенного буквами А − Е, нужную грамматическую форму, выбрав её из трёх предложенных вариантов (1, 2 или 3). Dina aime les vacances d'été. Elle A _____ voir de belles fleurs, écouter le chant des oiseaux. "" Allons au parc ! "" — demande Dina à B _____ amis. Les enfants vont C _____ dans le parc ensemble. Ils parlent, ils rient. « J' D _____ hier",Нет,Нет
vpr_sd_945886,french,4,"Прочитай текст. Для каждого предложения А − Е выбери один правильный вариант ответа из трех предложенных (1, 2 или 3). Ma famille Je m'appelle Paul. J'ai 11 ans. J'ai une grande famille. J'ai maman et papa deux frères et une petite soeur. Je vais à l'école tous les jours et j'aime beaucoup lire et faire du sport. Je n'aime pas les cours de musique parce que je n'aime pas vraiment chanter. Mais j'a",Нет,Нет
vpr_sd_945864,french,4,"Прочитай текст. Для каждого предложения А − Е выбери один правильный вариант ответа из трех предложенных (1, 2 или 3). Ma ville J’ habite à Saint-Pétersbourg. Ma ville est grande et belle. Les maisons sont hautes. Les ruеs sont larges. Les ruеs et les places sont propres. J`habite avec ma famille. Ma famille est grande. Ma mère s’appelle Aline. Mon père s’appelle Alex. Nous aimons nous promener da",Нет,Нет
vpr_sd_945909,french,4,"Прочитай текст. Для каждого предложения А − Е выбери один правильный вариант ответа из трех предложенных (1, 2 или 3). Alice et l`été C'est l'été. Les écoliers ont commencé les vacances d'été. Alice passe ses vacances dans le village. Le temps est beau, le soleil brille. Alice aime la nature et elle aime se promèner souvent avec ses parents dans une petite forêt. Il y a beaucoup de belles fleurs d",Нет,Нет
vpr_sd_945855,french,4,"Прочитай текст. Для каждого предложения А − Е выбери один правильный вариант ответа из трех предложенных (1, 2 или 3). À table C’est dimanche, l’heure du déjeuner. Pierre aide maman à faire la table. Il met une nappe blanche sur la table dans la salle de séjour. Les fenêtres de la salle du séjour donnent dans le jardin. Il prend des cuillères dans la cuisine et les met à chaque place. Une, deux, t",Нет,Нет
vpr_sd_945879,french,4,Помоги своему другу заполнить анкету для сайта «Друзья онлайн». Прочитай текст и запиши информацию в таблицу. Под каждым номером запиши только одно слово (без артиклей). Числа необходимо записать словами. Petya Fedorov Petya Fedorov habite à Moscou. Il a 11 ans. Moscou est la capitale de la Russie. Petya a deux sœurs et un frère. Il a un perroquet vert. Petya aime jouer au tennis et chanter. Il ve,Нет,Нет
vpr_sd_945877,french,4,Помоги своему другу заполнить анкету для сайта «Друзья онлайн». Прочитай текст и запиши информацию в таблицу. Под каждым номером запиши только одно слово (без артиклей). Числа необходимо записать словами. Aline Morozova Aline habite à Saint-Petersbourg. Elle a 10 ans. Saint-Petersbourg c`est une des plus belles villes de la Russie. Aline a une sœur et un frère. Elle a un petit chaton Tim. Aline ai,Нет,Нет
