ID,Предмет,Класс,Задание,ЕстьАудио,ЕстьКартинки
vpr_sd_945884,history,5,"Вспомните важнейшие события истории Вашего региона или населённого пункта и выполните задания. Чем известен Ваш земляк, каков его вклад в развитие Вашего региона, или населённого пункта, или нашей страны, или мира в целом?",Нет,Нет
vpr_sd_945693,history,5,Перечень тем // А) Финикия В) Древний Египет | Б) Древний Китай Г) Персидская держава,Нет,Нет
vpr_sd_945885,history,5,Перечень тем // А) Древний Рим В) Персидская держава | Б) Древний Китай Г) Древняя Палестина,Нет,Нет
vpr_sd_945838,history,5,Перечень тем // А) Древняя Греция В) Древний Рим | Б) Древний Китай Г) Вавилонское царство,Нет,Нет
vpr_sd_945815,history,5,Перечень тем // А) Древняя Палестина В) Персидская держава | Б) Древняя Греция Г) Древняя Индия,Нет,Нет
vpr_sd_945699,history,5,Вспомните важнейшие события истории Вашего региона или населённого пункта и выполните задания. Укажите одного исторического деятеля — Вашего земляка (жизнь которого была связана с Вашим регионом или населённым пунктом).,Нет,Нет
vpr_sd_945677,history,5,Перечень тем // А) Древняя Палестина В) Древний Египет | Б) Персидская держава Г) Древняя Греция,Нет,Нет
vpr_sd_945902,history,5,Перечень тем // А) Древняя Индия В) Шумерские города-государства | Б) Древняя Греция Г) Древний Китай,Нет,Нет
vpr_sd_945711,history,5,Перечень тем // А) Персидская держава В) Древняя Греция | Б) Древний Рим Г) Шумерские города-государства,Нет,Нет
vpr_sd_945822,history,5,Перечень тем // А) Шумерские города-государства В) Древний Китай | Б) Персидская держава Г) Финикия,Нет,Нет
vpr_sd_945917,history,5,Перечень тем // А) шумерские города-государства В) Древний Египет | Б) Древняя Индия Г) Древняя Греция,Нет,Нет
vpr_sd_945687,history,5,Перечень тем // А) Древний Египет В) Финикия | Б) Древний Рим Г) Ассирийское государство,Нет,Нет
vpr_sd_945781,history,5,Перечень тем // А) Древний Египет В) Древний Рим | Б) Древняя Греция Г) Древняя Индия,Нет,Нет
vpr_sd_945894,history,5,Перечень тем // А) Вавилонское царство В) Древняя Индия | Б) Древняя Палестина Г) Древняя Греция,Нет,Нет
vpr_sd_945743,history,5,Перечень тем // А) Древний Египет В) Древний Рим | Б) Древняя Индия Г) Древняя Палестина,Нет,Нет
vpr_sd_945718,history,5,Перечень тем // А) Вавилонское царство В) Древняя Палестина | Б) Древний Египет Г) Древняя Греция,Нет,Нет
vpr_sd_945863,history,5,Перечень тем // А) Финикия В) Древний Рим | Б) Шумерские города-государства Г) Древняя Индия,Нет,Нет
vpr_sd_945725,history,5,Перечень тем // А) Древняя Греция В) Древняя Индия | Б) Финикия Г) Вавилонское царство,Нет,Нет
vpr_sd_945831,history,5,Перечень тем // А) Древний Египет В) Древняя Индия | Б) Древний Рим Г) Вавилонское царство,Нет,Нет
vpr_sd_945757,history,5,Перечень тем // А) Шумерские города-государства В) Финикия | Б) Древняя Греция Г) Древний Китай,Нет,Нет
vpr_sd_945855,history,5,Перечень тем // А) Персидская держава В) Древняя Палестина | Б) Древняя Индия Г) Шумерские города-государства,Нет,Нет
vpr_sd_945877,history,5,Перечень тем // А) Древняя Греция В) Ассирийское государство | Б) Древняя Палестина Г) Древний Египет,Нет,Нет
vpr_sd_945703,history,5,Перечень тем // А) Древний Рим В) Древняя Греция | Б) Древняя Палестина Г) Древняя Индия,Нет,Нет
vpr_sd_945798,history,5,Перечень тем // А) Шумерские города-государства В) Древний Китай | Б) Древняя Индия Г) Персидская держава,Нет,Нет
vpr_sd_945728,history,6,"Рассмотрите изображения памятников культуры и выполните задания 8, 9. 1) 2) 3) 4)",Нет,Да
vpr_sd_945919,history,6,"Рассмотрите изображения памятников культуры и выполните задания 8, 9.",Нет,Да
vpr_sd_945817,history,6,Перечень событий (процессов) // А) образование русского государства | Б) Победа над Мамаем в Куликовской битве // В) Гуситское движение | Г) Принятие христианства на Руси,Нет,Нет
vpr_sd_945804,history,6,Перечень событий (процессов) // А) возвышение Москвы | Б) монгольское нашествие на Русь // В) падение Византийской империи | Г) разгром крестоносцев на Чудском озере,Нет,Нет
vpr_sd_945745,history,6,Перечень событий (процессов) // А) правление Ивана III Великого | Б) поход новгород-северского князя Игоря против половцев // В) правление Юстиниана | Г) строительство белокаменного Московского Кремля,Нет,Нет
vpr_sd_945872,history,6,Перечень событий (процессов) // А) борьба Руси с печенегами в Х в. | Б) борьба с Золотой Ордой // В) призвание варягов | Г) казнь еретиков,Нет,Нет
vpr_sd_945856,history,6,"Вспомните важнейшие события истории Вашего региона или населённого пункта и выполните задание. Назовите одно любое историческое событие (явление, процесс), произошедшее в Вашем регионе. Какое значение имело указанное Вами событие (явление, процесс) для Вашего региона, или населённого пункта, или нашей страны, или мира в целом?",Нет,Нет
vpr_sd_945857,history,6,Перечень событий (процессов) // А) Стояние на Угре | Б) появление государства у Франков // В) Борьба между Тверью и Москвой за первенство в Северо-Восточной Руси | Г) феодальная раздробленность на Руси,Нет,Нет
vpr_sd_945864,history,6,Перечень событий (процессов) // А) Крестовые походы | Б) нашествие Батыя на Русь // В) процесс создания централизованного Русского государства | Г) феодальная раздробленность на Руси,Нет,Нет
vpr_sd_946112,history,6,Перечень событий (процессов) // А) внешняя политика первых русских князей в 882–972 гг. | Б) поддержка Русской Православной Церковью процесса объединения русских земель в XIV в. // В) возникновение и становление английского парламентаризма | Г) укрепление великокняжеской власти во II половине XV в.,Нет,Нет
vpr_sd_945824,history,6,Перечень событий (процессов) // А) освобождение от Орды | Б) присоединение Новгорода к Москве // В) отражение шведской агрессии | Г) восстание Уота Тайлера,Нет,Нет
vpr_sd_946126,history,6,Перечень событий (процессов) // А) внутренняя и внешняя политика русских земель и княжеств во II половине XIV в. | Б) развитие законодательства в Древнерусском государстве // В) развитие науки и техники в Западной и Центральной Европе в XV в. | Г) окончательная ликвидация зависимости Руси от Орды,Нет,Нет
vpr_sd_945884,history,6,Перечень событий (процессов) // А) присоединение Новгорода к Московскому княжеству | Б) битва при Гастингсе // В) принятие христианства на Руси | Г) первый письменный сборник законов,Нет,Нет
vpr_sd_945772,history,6,Перечень событий (процессов) // А) образование древнерусского государства | Б) правление Андрея Боголюбского // В) Великая хартия вольностей | Г) освобождение от ордынского владычества,Нет,Нет
vpr_sd_945738,history,6,Перечень событий (процессов) // А) введение пожилого и Юрьева дня | Б) походы князя Олега Вещего // В) битва при Гастингсе | Г) правление Василия II,Нет,Нет
vpr_sd_945845,history,6,Перечень событий (процессов) // А) Правление Ярослава Мудрого | Б) рост влияния Москвы в XIV в. // В) борьба Руси с крестоносцами | Г) появление парламентаризма в Англии,Нет,Нет
vpr_sd_945771,history,6,Перечень событий (процессов) // А) Жакерия во Франции | Б) походы Святослава // В) Русская правда Ярослава Мудрого | Г) княжение Ольги,Нет,Нет
vpr_sd_945797,history,6,Перечень событий (процессов) // А) борьба Северо-Западной Руси против крестоносцев | Б) правление Ярослава Мудрого // В) Грюнвальдская битва | Г) четвертый крестовый поход,Нет,Нет
vpr_sd_945918,history,6,Перечень событий (процессов) // А) Столетняя война | Б) Образование Древнерусского государства // В) Монгольское нашествие на Русь в XIII в. | Г) Борьба Руси против монгольского владычества в XIV в.,Нет,Нет
vpr_sd_945838,history,6,Перечень событий (процессов) // А) арабские завоевания в VII-VIII вв. | Б) военные походы русских князей на Царьград // В) вторая усобица на Руси | Г) рост влияния Москвы в первой половине XIV в.,Нет,Нет
vpr_sd_945784,history,6,Перечень событий (процессов) // А) правление Ивана Калиты | Б) битва на Калке // В) первый созыв Генеральных штатов во Франции | Г) съезд князей в Любече,Нет,Нет
vpr_sd_945758,history,6,Перечень событий (процессов) // А) правление Владимира Всеволодовича Мономаха | Б) присоединение Новгорода к Москве // В) Борьба с Золотой Ордой | Г) Крестовые походы,Нет,Нет
vpr_sd_946172,history,6,Перечень событий (процессов) // А) внутренняя политика киевского князя в 1019–1054 гг. | Б) политическое развитие русских земель с республиканской формой правления в XII–XV вв. // В) ордынское владычество на Руси | Г) падение Византийской империи,Нет,Нет
vpr_sd_946115,history,7,"Установите соответствие между событиями (процессами) и их участниками: к каждой позиции первого столбца подберите соответствующую позицию из второго столбца. СОБЫТИЯ (ПРОЦЕССЫ) А) проведение политики опричнины Б) Соляной бунт В) Тридцатилетняя война УЧАСТНИКИ 1) Густав II Адольф 2) Фернан Магеллан 3) М. Б. Шеин 4) Б. И. Морозов 5) Малюта Скуратов Запишите в ответ цифры, расположив их в порядке, со",Нет,Нет
vpr_sd_945870,history,7,"Запишите термин, о котором идёт речь. «Период в истории России, ознаменованный стихийными бедствиями, гражданской войной, русско-польской и русско-шведской войнами, тяжелейшим государственно-политическим и социально-экономическим кризисом»",Нет,Нет
vpr_sd_946097,history,7,"Рассмотрите карту и выполните задания 4, 5.",Нет,Да
vpr_sd_944172,history,7,1) «Слово о законе и благодати» 2) «Великие Четьи-Минеи» 3) 4),Нет,Да
vpr_sd_945917,history,7,Установите соответствие между событиями (процессами) и их участниками: к каждой позиции первого столбца подберите соответствующую позицию из второго столбца. СОБЫТИЯ (ПРОЦЕССЫ) А) создание единой системы денежного обращения в России Б) Переяславская рада В) начало реформации в Германии УЧАСТНИКИ 1) Елена Глинская 2) Фернан Магеллан 3) Д. Т. Трубецкой 4) Мартин Лютер 5) Б. М. Хмельницкий Запишите в,Нет,Нет
vpr_sd_945846,history,7,"Запишите термин, о котором идёт речь. «Служилые люди по прибору, вооруженные пищалями и бердышами, которые представляли собой профессиональное войско, созданное Иваном Грозным»",Нет,Нет
vpr_sd_946086,history,7,"Ознакомьтесь с приведённым перечнем и изображениями памятников культуры и выполните задания 6, 7. 1) «Калязинская челобитная» 2) «Великие Четьи-Минеи» 3) 4)",Нет,Да
vpr_sd_945992,history,7,"Укажите время, с точностью до десятилетия, созыва Переяславской рады. Укажите одно любое событие этого же века и десятилетия из истории зарубежных стран. Не следует указывать событие из истории международных отношений, одной из сторон которого была Россия. Время с точностью до десятилетия: Событие из истории зарубежных стран:",Нет,Нет
vpr_sd_945885,history,7,"Какой из привёденных исторических фактов можно использовать для аргументации следующей точки зрения: «При Федоре Иоанновиче происходит дальнейшее закрепощение крестьян»? Укажите порядковый номер этого факта в списке. 1. Принятие Судебника 2. введение урочных лет 3. поход Ермака Тимофеевича Объясните, как с помощью выбранного Вами факта можно аргументировать данную точку зрения.",Нет,Нет
vpr_sd_945766,history,7,"Прочтите перечень из четырёх событий (процессов). Выберите ОДНО событие (процесс) из перечня, а затем выполните задания 10, 11, рассматривая в каждом из заданий выбранное событие (процесс). Перед выполнением каждого из заданий 10, 11 укажите букву, которой выбранное событие (процесс) обозначено в перечне. Указанные в заданиях 10, 11 буквы должны быть одинаковыми. Перечень событий (процессов) А) ру",Нет,Нет
vpr_sd_945904,history,7,"Напишите небольшой рассказ на тему «История нашей страны в названиях городов, сёл, деревень, улиц моего региона». В рассказе необходимо указать не менее двух названий и охарактеризовать связь этих названий с историческими событиями (деятельностью исторических личностей).",Нет,Нет
vpr_sd_946171,history,7,"Напишите небольшой рассказ на тему «Мои земляки в истории нашей страны». В рассказе необходимо указать не менее двух исторических деятелей, жизнь которых связана с вашим регионом, и охарактеризовать участие этих исторических деятелей в событиях и процессах истории нашей страны.",Нет,Нет
vpr_sd_945988,history,7,Установите соответствие между событиями (процессами) и их участниками: к каждой позиции первого столбца подберите соответствующую позицию из второго столбца. СОБЫТИЯ (ПРОЦЕССЫ) А) деятельность Избранной рады Б) освобождение Москвы от польско — литовских интервентов В) Варфоломеевская ночь УЧАСТНИКИ 1) А. П. Курбский 2) Аввакум Петров 3) Д. М. Пожарский 4) Фернан Магеллан 5) Генрих IV Бурбон Запиши,Нет,Нет
vpr_sd_946045,history,7,"Установите соответствие между событиями (процессами) и их участниками: к каждой позиции первого столбца подберите соответствующую позицию из второго столбца. СОБЫТИЯ (ПРОЦЕССЫ) А) издание указа об «урочных летах» Б) разгром Непобедимой армады В) учреждение Приказа Тайных дел УЧАСТНИКИ 1) Василий III 2) Фёдор Иванович 3) Э. Кортес 4) Алексей Михайлович 5) Ф. Дрейк Запишите в ответ цифры, расположив",Нет,Нет
vpr_sd_945893,history,7,"Установите соответствие между событиями (процессами) и их участниками: к каждой позиции первого столбца подберите соответствующую позицию из второго столбца. СОБЫТИЯ (ПРОЦЕССЫ) А) Протекторат в Англии Б) Смутное время В) деятельность Избранной Рады УЧАСТНИКИ 1) Фрэнсис Дрейк 2) Оливер Кромвель 3) Иван Исаевич Болотников 4) Андрей Михайлович Курбский 5) патриарх Никон Запишите в ответ цифры, распол",Нет,Нет
vpr_sd_946090,history,7,"Запишите термин, о котором идёт речь. «Годы, в течение которых в некоторых районах Российского государства запрещался переход крестьян от одного помещика к другому в осенний Юрьев день».",Нет,Нет
vpr_sd_945786,history,7,"Запишите термин, о котором идёт речь. «Название лет, в которые запрещался переход крестьян от одного владельца к другому в Юрьев день».",Нет,Нет
vpr_sd_945714,history,7,"Запишите термин, о котором идёт речь. «Свод законов Российского государства, принятый Земским собором в 1649 г.».",Нет,Нет
vpr_sd_945665,history,7,"Запишите термин, о котором идёт речь. «Социальная группа, обладающая закреплёнными в обычае или законе и передаваемыми по наследству правами и обязанностями.»",Нет,Нет
vpr_sd_945726,history,7,"Запишите термин, о котором идёт речь. Система содержания должностных лиц (наместников, волостелей и др.) за счёт местного населения, ликвидированная реформой 1555−1556 гг.",Нет,Нет
vpr_sd_944239,history,7,"Запишите термин, о котором идёт речь. Система оборонительных сооружений на юге и юго-востоке России, прикрывавшая подходы к Москве и другим крупным городам.",Нет,Нет
vpr_sd_946015,history,7,"Запишите термин, о котором идёт речь. «Высший титул главы самостоятельной православной христианской церкви».",Нет,Нет
vpr_sd_945678,history,7,"Запишите термин, о котором идёт речь. «Распределение служебных должностей в Русском государстве в XV–XVII вв. между отдельными лицами в зависимости от степени их родовитости».",Нет,Нет
vpr_sd_946077,history,7,"Запишите термин, о котором идёт речь. «Система оборонительных сооружений на юге и юго-востоке России, прикрывавшая подходы к Москве и другим крупным городам».",Нет,Нет
vpr_sd_946165,history,7,"Запишите термин, о котором идёт речь. «Служилые люди, составлявшие первое постоянное войско в России, которое было создано в 1540–1550-х гг.; имели огнестрельное и холодное оружие».",Нет,Нет
vpr_sd_945869,history,7,Установите соответствие между событиями (процессами) и их участниками: к каждой позиции первого столбца подберите соответствующую позицию из второго столбца. СОБЫТИЯ (ПРОЦЕССЫ) А) Смоленская война Б) крестоцеловальная запись В) восстание Степана Разина УЧАСТНИКИ 1) Алексей Михайлович Тишайший 2) Иван Васильевич Грозный 3) Василий Шуйский 4) Сигизмунд II Август 5) Владислав IV Запишите в ответ цифр,Нет,Нет
vpr_sd_945691,history,7,"Прочтите отрывок из исторического источника и выполните задание. «Воины Кучума не умели воспользоваться изобретением пороха и в конце XVI века действовали единственно оружием времён Чингисовых. Каждый казак шёл на толпу неприятелей, смертоносною пулею поражал одного, а страшным звуком пищали своей разгонял двадцать и тридцать. Так, в первой битве на берегу Тобола, в урочище Бабасане, предводитель ",Нет,Нет
vpr_sd_946173,history,7,"Ознакомьтесь с приведённым перечнем и изображениями памятников культуры и выполните задания 6, 7. 1) «Житие протопопа Аввакума…» 2) «Великие Четьи-Минеи» 3) 4)",Нет,Да
vpr_sd_946163,history,7,"Укажите время, с точностью до десятилетия, когда на престол вступил царь Алексей Михайлович. Укажите одно любое событие из истории зарубежных стран, относящееся к этому же веку и десятилетию. Не следует указывать событие из истории международных отношений, одной из сторон которого была Россия. Время с точностью до десятилетия: Событие из истории зарубежных стран:",Нет,Нет
vpr_sd_946063,history,7,"Какой из приведённых исторических фактов можно использовать для аргументации следующей точки зрения: «Внешняя политика Ивана IV в 1550-е годы способствовала социально-экономическому развитию страны»? Укажите порядковый номер этого факта в списке. 1) заключение Ям-Запольского перемирия с Речью Посполитой 2) присоединение территории Среднего и Нижнего Поволжья 3) отмена кормлений Объясните, как с по",Нет,Нет
vpr_sd_946122,history,7,"Прочтите отрывок из исторического источника и выполните задание. «…Во время царствования тирана Ивана Васильевича в Москве жили Годуновы, род татарского происхождения… Из этого рода будущий царь ____________ взял себе жену ещё при жизни своего отца-тирана, и так как в течение трёх лет у него не было от неё наследника, она родила одну только дочь, которая вскоре умерла, то Иван Васильевич пожелал, ",Нет,Нет
vpr_sd_945908,history,7,"Укажите время, с точностью до десятилетия, когда в России пресеклась царская династия Рюриковичей. Укажите одно любое событие из истории зарубежных стран, относящееся к этому же веку и десятилетию. Не следует указывать событие из истории международных отношений, одной из сторон которых была Россия. Время с точностью до десятилетия: Событие из истории зарубежных стран:",Нет,Нет
vpr_sd_946112,history,7,"Какой из приведённых исторических фактов можно использовать для аргументации следующей точки зрения: «В XVI в. разногласия среди русского православного духовенства вызвал вопрос, связанный с земельными владениями церкви»? Укажите порядковый номер этого факта в списке. 1) появление иосифлян и нестяжателей 2) усиление роли патриарха Филарета в управлении страной 3) появление старообрядцев и никониан",Нет,Нет
vpr_sd_945950,history,7,"Укажите с точностью до десятилетия время, когда в России произошло принятие Судебника в XVI веке. Укажите монарха, правившего в России в этот период. Приведите один любой факт, характеризующий ход этой реформы. Время: Монарх: Факт:",Нет,Нет
vpr_sd_945951,history,7,"Используя знание исторических фактов, объясните, почему принятие Судебника в XVI веке имело большое значение (важные последствия) в истории нашей страны.",Нет,Нет
vpr_sd_945845,history,7,"Установите соответствие между событиями (процессами) и их участниками: к каждой позиции первого столбца подберите соответствующую позицию из второго столбца. СОБЫТИЯ (ПРОЦЕССЫ) А) «Славная революция» в Англии Б) Смута в России В) отмена местничества УЧАСТНИКИ 1) Федор Алексеевич 2) протопоп Аввакум 3) Д. Т. Трубецкой 4) Генрих VII 5) Яков II Стюарт Запишите в ответ цифры, расположив их в порядке, ",Нет,Нет
vpr_sd_944226,history,7,"Запишите термин, о котором идёт речь. «Срок, в течение которого землевладельцы могли возбудить иск о возвращении им беглых крепостных крестьян».",Нет,Нет
vpr_sd_945734,history,7,"Ознакомьтесь с приведённым перечнем и изображениями памятников культуры и выполните задания 6, 7. 1) Немецкая слобода 2) Синопсис 3) 4)",Нет,Да
vpr_sd_944227,history,7,"Прочтите отрывок из исторического источника и выполните задание. «Царицу вместе с её отцом и со всеми находящимися при них поляками, не причинив им никаких обид, ратники, посланные Димитрием вторым, доставили в его лагерь под Москвой. Но царица, а также и её отец и все находившиеся при них были скорее этим обрадованы, чем огорчены, поскольку они были твёрдо уверены, что это действительно её законн",Нет,Нет
vpr_sd_945818,history,7,"Ознакомьтесь с приведённым перечнем и изображениями памятников культуры и выполните задания 6, 7. 1) 2) 3) Повесть «О Ерше Ершовиче» 4) Первая печатная датированная книга «Апостол»",Нет,Да
vpr_sd_945740,history,7,"Укажите время, с точностью до десятилетия, когда в России было отменено местничество. Укажите одно любое событие из истории зарубежных стран, относящееся к этому же веку и десятилетию. Не следует указывать событие из истории международных отношений, одной из сторон которого была Россия. Время с точностью до десятилетия: Событие из истории зарубежных стран:",Нет,Нет
vpr_sd_946037,history,7,"Какой из приведённых исторических фактов можно использовать для аргументации следующей точки зрения: «При царе Фёдоре Ивановиче удалось улучшить международное положение страны»? Укажите порядковый номер этого факта в списке. 1) Смоленская война 2) заключение Тявзинского мирного договора со Швецией 3) создание полков нового строя Объясните, как с помощью выбранного Вами факта можно аргументировать ",Нет,Нет
vpr_sd_946146,history,7,Установите соответствие между событиями (процессами) и их участниками: к каждой позиции первого столбца подберите соответствующую позицию из второго столбца. СОБЫТИЯ (ПРОЦЕССЫ) А) присоединение Казанского ханства к России Б) разгром Непобедимой армады В) издание Новоторгового устава УЧАСТНИКИ 1) Альбрехт фон Валленштейн 2) А. М. Курбский 3) М. В. Скопин-Шуйский 4) Фрэнсис Дрейк 5) А. Л. Ордин-Нащо,Нет,Нет
vpr_sd_945728,history,7,"Укажите время, с точностью до десятилетия, когда в России отменили опричнину. Укажите одно любое событие из истории зарубежных стран, относящееся к этому же веку и десятилетию. Не следует указывать событие из истории международных отношений, одной из сторон которого была Россия. Время с точностью до десятилетия: Событие из истории зарубежных стран:",Нет,Нет
vpr_sd_945681,history,7,"Какой из привёденных исторических фактов можно использовать для аргументации следующей точки зрения: «Внешняя политика России при Алексее Михайловиче была неудачной»? Укажите порядковый номер этого факта в списке. 1. заключение Андрусовского перемирия с Речью Посполитой 2. заключение Кардисского мира со Швецией 3. заключение Бахчисарайского мира Объясните, как с помощью выбранного Вами факта можно",Нет,Нет
vpr_sd_944176,history,7,"Запишите термин, о котором идёт речь. Служилые люди, составлявшие первое постоянное войско в России, которое было создано в 1540—1550-х гг.; имели огнестрельное и холодное оружие.",Нет,Нет
vpr_sd_946020,history,7,"Запишите термин, о котором идёт речь. «Натуральный налог с народов Сибири и Севера, главным образом пушниной».",Нет,Нет
vpr_sd_946134,history,7,"Запишите термин, о котором идёт речь. «Неофициальное правительство России в конце 1540–1550-х гг., в которое входили приближённые царя Ивана IV Грозного».",Нет,Нет
vpr_sd_945882,history,7,"Запишите термин, о котором идёт речь. «Воинские части (полки), формировавшиеся в России XVII века из служивых, «охочих» вольных людей, иностранцев, казаков и других наёмников по образцу западноевропейских армий».",Нет,Нет
vpr_sd_945738,history,7,"Запишите термин, о котором идёт речь. Новые явления в ремесле создавали предпосылки для развития в XVII в. предприятий нового типа — _________. Они были основаны на разделении труда и использовании ручной ремесленной техники.",Нет,Нет
vpr_sd_945762,history,7,"Запишите термин, о котором идёт речь. Органы центрального управления в России XVI — начала XVIII вв., находившиеся в непосредственном ведении царя и Боярской думы. Каждый из этих органов ведал определённым кругом вопросов, но строгого разграничения функций между ними не существовало.",Нет,Нет
vpr_sd_945918,history,7,"Запишите термин, о котором идёт речь. Предприятие, основанное на ручном труде работников, где существует разделение труда на отдельные производственные операции.",Нет,Нет
vpr_sd_946147,history,7,"Запишите термин, о котором идёт речь. «Древнейший вид феодальной земельной собственности в России, родовое имение, переходившее по наследству».",Нет,Нет
vpr_sd_946046,history,7,"Запишите термин, о котором идёт речь. «Социальная группа, обладающая закреплёнными обычаем или законом и передаваемыми по наследству правами и обязанностями».",Нет,Нет
vpr_sd_946002,history,7,"Запишите термин, о котором идёт речь. «Центральные органы государственного отраслевого управления и контроля, сформировавшиеся в России к середине XVI в.».",Нет,Нет
vpr_sd_945690,history,7,"Запишите термин, о котором идёт речь. «Правительство, состоявшее из представителей знатных боярских родов, пришедшее к власти после свержения Василия Шуйского».",Нет,Нет
vpr_sd_945858,history,7,"Запишите термин, о котором идёт речь. «Высший иерарх Русской православной Церкви, начиная с 1589 г.»",Нет,Нет
vpr_sd_945906,history,7,"Запишите термин, о котором идёт речь. Форма зависимости крестьян, предполагавшая прикрепление их к земле и подчинение судебной власти землевладельца.",Нет,Нет
vpr_sd_946103,history,7,"Запишите термин, о котором идёт речь. «Система содержания должностных лиц (наместников, волостелей) в России за счёт местного населения до середины XVI в.».",Нет,Нет
vpr_sd_945810,history,7,"Запишите термин, о котором идёт речь. «Период, когда крестьяне могли переходить от одного землевладельца к другому».",Нет,Нет
vpr_sd_946108,history,7,"Запишите термин, о котором идёт речь. «Командующий армией в Польше; глава казацкого войска на Украине».",Нет,Нет
vpr_sd_945822,history,7,"Запишите термин, о котором идёт речь. «Регулярные празднично-торговые события года, организуемые в традиционно определённом месте, получившие развитие в Московском государстве в XVII веке.»",Нет,Нет
vpr_sd_945774,history,7,"Запишите термин, о котором идёт речь. Совещательный орган при царе в Московском государстве XVI−XVII вв, состоявший из наиболее знатных и родовитых лиц.",Нет,Нет
vpr_sd_946064,history,7,"Запишите термин, о котором идёт речь. «Временное правление одного или нескольких лиц при малолетстве, болезни, отсутствии монарха».",Нет,Нет
vpr_sd_945702,history,7,"Запишите термин, о котором идёт речь. «Центральные органы государственного управления в России в XV — XVII вв.».",Нет,Нет
vpr_sd_945798,history,7,"Запишите термин, о котором идёт речь. «Название лет, в течение которых происходил сыск беглых крестьян».",Нет,Нет
vpr_sd_945894,history,7,"Запишите термин, о котором идёт речь. «Название, которое получил XVII век, по причине регулярных народных бунтов, волнений.»",Нет,Нет
vpr_sd_946059,history,7,"Запишите термин, о котором идёт речь. «Получившие особенно большое развитие в России в XVII веке регулярные торги, рынки, которые собирались в определённом месте и в определённое время».",Нет,Нет
vpr_sd_946033,history,7,"Запишите термин, о котором идёт речь. «Прошение, заявление, жалоба в Российском государстве XV–XVII вв».",Нет,Нет
vpr_sd_946152,history,7,"Запишите термин, о котором идёт речь. «Название правительства, образовавшегося в России в июле 1610 г. и формально просуществовавшего до избрания на трон царя Михаила Романова».",Нет,Нет
vpr_sd_946121,history,7,"Запишите термин, о котором идёт речь. «Регулярные торги; рынки, которые собирались в определённом месте и в определённое время; на Руси появились в XII в., но особенно большое развитие получили в XVII в., когда в стране начал формироваться всероссийский рынок».",Нет,Нет
vpr_sd_945834,history,7,"Запишите термин, о котором идёт речь. «Явление, получившее развитие в период Смуты, когда отдельные лица присваивали себе имена умерших царевичей или царей и заявляли о своем чудесном спасении с целью претендовать на престол».",Нет,Нет
vpr_sd_945750,history,7,"Запишите термин, о котором идёт речь. Общее название последователей религиозных течений в России, сформировавшихся в результате неприятия церковных реформ, проведённых патриархом Никоном.",Нет,Нет
vpr_sd_946071,history,7,"Установите соответствие между событиями (процессами) и их участниками: к каждой позиции первого столбца подберите соответствующую позицию из второго столбца. СОБЫТИЯ (ПРОЦЕССЫ) А) битва при Молодях Б) введение урочных лет В) создание ордена иезуитов УЧАСТНИКИ 1) Игнатий Лойола 2) М. И. Воротынский 3) В. В. Голицын 4) Френсис Дрейк 5) Б. Ф. Годунов Запишите в ответ цифры, расположив их в порядке, с",Нет,Нет
vpr_sd_945715,history,7,"Прочтите отрывок из исторического источника и выполните задание. «Царь Фёдор умер. С его кончиной пресеклась династия Ивана Калиты, правившая Mосковским государством на протяжении трёхсот лет. Влияние правителя пошатнулось. Знать мирилась с его властью, пока он вершил дел именем законного царя. Однако в глазах великих бояр он оставался не более чем худородным временщиком. Претензии правителя на об",Нет,Нет
vpr_sd_945902,history,7,"Ознакомьтесь с приведённым перечнем и изображениями памятников культуры и выполните задания 6, 7. 1) «Сказание о князьях Владимирских» 2) «Калязинская челобитная» 3) 4)",Нет,Да
vpr_sd_945788,history,7,"Укажите время, с точностью до десятилетия, когда в России были учреждены стрелецкие полки и было принято Уложение по службе. Укажите одно любое событие из истории зарубежных стран, относящееся к этому же веку и десятилетию. Не следует указывать событие из истории международных отношений, одной из сторон которых была Россия. Время с точностью до десятилетия: Событие из истории зарубежных стран:",Нет,Нет
vpr_sd_945765,history,7,"Какой из привёденных исторических фактов можно использовать для аргументации следующей точки зрения: «При Алексее Михайловиче Тишайшем проходит процесс усиления личной власти царя»? Укажите порядковый номер этого факта в списке. 1. учреждение Приказа тайных дел 2. учреждение полков иноземного (нового) строя 3. заключение Поляновского мира Объясните, как с помощью выбранного Вами факта можно аргуме",Нет,Нет
vpr_sd_946014,history,7,"Установите соответствие между событиями (процессами) и их участниками: к каждой позиции первого столбца подберите соответствующую позицию из второго столбца. СОБЫТИЯ (ПРОЦЕССЫ) А) освободительная война в Нидерландах Б) Соляной бунт В) Первый Земский собор УЧАСТНИКИ 1) Мартин Лютер 2) царь Алексей Михайлович 3) М. В. Скопин–Шуйский 4) Вильгельм Оранский 5) царь Иван IV Запишите в ответ цифры, распо",Нет,Нет
vpr_sd_945896,history,7,"Укажите время, с точностью до десятилетия, когда Смоленск вошел в состав Русского Царства при Василии III. Укажите одно любое событие из истории зарубежных стран, относящееся к этому же веку и десятилетию. Не следует указывать событие из истории международных отношений, одной из сторон которых была Россия. Время с точностью до десятилетия: Событие из истории зарубежных стран:",Нет,Нет
vpr_sd_946138,history,7,"Какой из приведённых исторических фактов можно использовать для аргументации следующей точки зрения: «Иван IV предпринял попытку опереться на поддержку представителей сословий для укрепления своей власти»? Укажите порядковый номер этого факта в списке. 1) создание системы приказов 2) созыв первого Земского собора 3) начало Ливонской войны Объясните, как с помощью выбранного Вами факта можно аргуме",Нет,Нет
vpr_sd_944225,history,7,Установите соответствие между событиями (процессами) и их участниками: к каждой позиции первого столбца подберите соответствующую позицию из второго столбца. СОБЫТИЯ (ПРОЦЕССЫ) А) вхождение Смоленска в состав Московского государства Б) издание Нантского эдикта В) создание полков нового (иноземного) строя УЧАСТНИКИ 1) Иван IV 2) Василий III 3) Стефан Баторий 4) Михаил Романов 5) Генрих IV Бурбон За,Нет,Нет
vpr_sd_945811,history,7,"Прочтите отрывок из исторического источника и выполните задание. «А христианом отказыватися из волости, из села в село, один срок в году, за неделю до _____ осеннего и неделю после _____ осеннего. <...> А который христианин поживёт за кем год, да и пойдёт прочь, и он платит четверть двора, а два года поживёт, да и пойдёт прочь, и он полдвора платит, а три года поживёт, а пойдёт прочь, и он платит ",Нет,Нет
vpr_sd_945686,history,7,"Ознакомьтесь с приведённым перечнем и изображениями памятников культуры и выполните задания 6, 7. 1) Летописное произведение «Казанская история» 2) История о великом князе Московском 3) 4)",Нет,Да
vpr_sd_945668,history,7,"Укажите время, с точностью до десятилетия, когда в России было принято Соборное Уложение. Укажите одно любое событие из истории зарубежных стран, относящееся к этому же веку и десятилетию. Не следует указывать событие из истории международных отношений, одной из сторон которого была Россия. Время с точностью до десятилетия: Событие из истории зарубежных стран:",Нет,Нет
vpr_sd_946168,history,7,"Какой из приведённых исторических фактов можно использовать для аргументации следующей точки зрения: «Одной из причин начала Смутного времени в России был династический кризис»? Укажите порядковый номер этого факта в списке. 1. начало правления Алексея Михайловича 2. появление Лжедмитрия I 3. заключение Столбовского мира со Швецией Объясните, как с помощью выбранного Вами факта можно аргументирова",Нет,Нет
vpr_sd_945689,history,7,"Установите соответствие между событиями (процессами) и их участниками: к каждой позиции первого столбца подберите соответствующую позицию из второго столбца. СОБЫТИЯ (ПРОЦЕССЫ) А) восстание крестьян, холопов, казаков и городских низов Б) присоединение Рязанского княжества В) кругосветное плавание УЧАСТНИКИ 1) Степан Разин 2) Фернан Магеллан 3) Америго Веспуччи 4) Василий III 5) Афанасий Ордин-Нащо",Нет,Нет
vpr_sd_944232,history,7,"Прочтите отрывок из исторического источника и выполните задание. «Завоевав царство Казанское, великий князь уничтожил все его привилегии и заселил его множеством московитов. Итак, на короткое время наступили в этой стране мир и тишина, пока не возмутилась Астрахань. Являясь независимой татарской провинцией, она избирала себе царя по своему желанию и постоянно владела многими землями и странами как",Нет,Нет
vpr_sd_946130,history,7,"Ознакомьтесь с приведённым перечнем и изображениями памятников культуры и выполните задания 6, 7. 1) «История о великом князе Московском» 2) «Житие протопопа Аввакума…» 3) 4)",Нет,Да
vpr_sd_945776,history,7,"Укажите время, с точностью до десятилетия, когда в России произошел Соляной бунт. Укажите одно любое событие из истории зарубежных стран, относящееся к этому же веку и десятилетию. Не следует указывать событие из истории международных отношений, одной из сторон которого была Россия. Время с точностью до десятилетия: Событие из истории зарубежных стран:",Нет,Нет
vpr_sd_945693,history,7,"Какой из привёденных исторических фактов можно использовать для аргументации следующей точки зрения: «Украинское казачество вело национально-освободительную борьбу против поляков»? Укажите порядковый номер этого факта в списке. 1. Ливонская война 2. Переяславская Рада 3. Осада Смоленска войсками Сигизмунда III Объясните, как с помощью выбранного Вами факта можно аргументировать данную точку зрения",Нет,Нет
vpr_sd_945701,history,7,Установите соответствие между событиями (процессами) и их участниками: к каждой позиции первого столбца подберите соответствующую позицию из второго столбца. СОБЫТИЯ (ПРОЦЕССЫ) А) первое в русской истории принятие царского титула Б) Андрусовское перемирие В) Вормсский рейхстаг УЧАСТНИКИ 1) Иван Грозный 2) Михаил Федорович Романов 3) Алексей Тишайший 4) Мартин Лютер 5) Ян Гус Запишите в ответ цифры,Нет,Нет
vpr_sd_945905,history,7,Установите соответствие между событиями (процессами) и их участниками: к каждой позиции первого столбца подберите соответствующую позицию из второго столбца. СОБЫТИЯ (ПРОЦЕССЫ) А) присоединение Псковского княжества к Московскому государству Б) Соляной бунт В) открытие Америки УЧАСТНИКИ 1) Иван Грозный 2) Эрнандо Кортес 3) Василий Третий 4) Христофор Колумб 5) Алексей Тишайший Запишите в ответ цифр,Нет,Нет
vpr_sd_945881,history,7,"Установите соответствие между событиями (процессами) и их участниками: к каждой позиции первого столбца подберите соответствующую позицию из второго столбца. СОБЫТИЯ (ПРОЦЕССЫ) А) создание ордена Иезуитов Б) восстание Ивана Болотникова В) осада Соловецкого монастыря УЧАСТНИКИ 1) Карл V 2) Игнатий де Лойола 3) Иван IV 4) Василий Шуйский 5) Алексей Михайлович Запишите в ответ цифры, расположив их в ",Нет,Нет
vpr_sd_945725,history,7,"Установите соответствие между событиями (процессами) и их участниками: к каждой позиции первого столбца подберите соответствующую позицию из второго столбца. СОБЫТИЯ (ПРОЦЕССЫ) А) начало Реформации в Англии Б) принятие Судебника В) война с Речью Посполитой УЧАСТНИКИ 1) Иван Васильевич IV 2) Алексей Михайлович Тишайший 3) Богдан Хмельницкий 4) Карл V 5) Генрих VIII Запишите в ответ цифры, расположи",Нет,Нет
vpr_sd_945809,history,7,Установите соответствие между событиями (процессами) и их участниками: к каждой позиции первого столбца подберите соответствующую позицию из второго столбца. СОБЫТИЯ (ПРОЦЕССЫ) А) начало Английской буржуазной революции Б) I Народное (Земское) Ополчение В) покорение Сибирского ханства УЧАСТНИКИ 1) Карл I Стюарт 2) Прокопий Ляпунов 3) Ермак Тимофеевич 4) Генрих Наваррский 5) Козьма Минин Запишите в ,Нет,Нет
vpr_sd_946078,history,7,"Прочтите отрывок из исторического источника и выполните задание. «В это время расположение царя к Алексею Адашеву достигло высшей степени, он пожаловал Адашева в окольничие и при этом сказал ему: «Алексей! Взял я тебя из нищих и самых незначительных людей. Слышал я о твоих добрых делах и теперь взыскал тебя выше меры твоей для помощи душе моей. Поручаю тебе принимать челобитные от бедных и обиженн",Нет,Нет
vpr_sd_944222,history,7,"Ознакомьтесь с приведённым перечнем и изображениями памятников культуры и выполните задания 6, 7. 1) «История о великом князе Московском» 2) «Повесть о Щелкане Дюдентьевиче» 3) 4)",Нет,Да
vpr_sd_945872,history,7,"Укажите время, с точностью до десятилетия, когда Василий III включил в состав Московского государства уделы своих братьев Семена Калужского, Дмитрия Угличского, а также новгород-северского князя Василия Шемячича. Укажите одно любое событие из истории зарубежных стран, относящееся к этому же веку и десятилетию. Не следует указывать событие из истории международных отношений, одной из сторон которог",Нет,Нет
vpr_sd_945705,history,7,"Какой из привёденных исторических фактов можно использовать для аргументации следующей точки зрения: «Внешняя политика России при Алексее Михайловиче была успешной»? Укажите порядковый номер этого факта в списке. 1. заключение Андрусовского перемирия с Речью Посполитой 2. заключение Плюсского договора со Швецией 3. заключение Бахчисарайского мира Объясните, как с помощью выбранного Вами факта можн",Нет,Нет
vpr_sd_946021,history,7,"Прочтите отрывок из исторического источника и выполните задание. «Овладев городом, он поместился в Кремле, во дворце, все священники и подданные пришли принести присягу, он был венчан и объявлен царём и великим князем всея Руси, хотя и был обманщиком и самозванцем, сыном попа, бродившего по стране и продававшего водку. Наступившая перемена возбуждала ропот в народе, особенно недовольном грубостью ",Нет,Нет
vpr_sd_946161,history,7,"Ознакомьтесь с приведённым перечнем и изображениями памятников культуры и выполните задания 6, 7. 1) Домострой 2) «Повесть о Шемякином суде» 3) 4)",Нет,Да
vpr_sd_945836,history,7,"Укажите время, с точностью до десятилетия, когда впервые в России были введены урочные лета. Укажите одно любое событие из истории зарубежных стран, относящееся к этому же веку и десятилетию. Не следует указывать событие из истории международных отношений, одной из сторон которого была Россия. Время с точностью до десятилетия: Событие из истории зарубежных стран:",Нет,Нет
vpr_sd_945813,history,7,"Какой из привёденных исторических фактов можно использовать для аргументации следующей точки зрения: «Внешняя политика России в период царствования Ивана IV была успешной»? Укажите порядковый номер этого факта в списке. 1. битва при Молодях 2. заключение Плюсского договора со Швецией 3. начало проведения политики опричнины Объясните, как с помощью выбранного Вами факта можно аргументировать данную",Нет,Нет
vpr_sd_945926,history,7,"Укажите с точностью до десятилетия время, когда началось исследование Е. П. Хабаровым бассейна реки Амур. Укажите монарха, правившего в России в данный период. Приведите один любой факт, характеризующий ход этого события. Время: Монарх: Факт:",Нет,Нет
vpr_sd_945927,history,7,"Используя знание исторических фактов, объясните, почему исследование Е. П. Хабаровым бассейна реки Амур имело большое значение (важные последствия) в истории нашей страны.",Нет,Нет
vpr_sd_946003,history,7,"Прочтите отрывок из исторического источника и выполните задание. «Кроме нынешнего государя _______________, у которого нет детей, и едва ли будет, есть ещё один только член этого дома, именно: дитя шести или семи лет, в котором заключается вся надежда и всё будущее поколение царского рода. Другой старший брат из трёх, и лучший из них, умер от головного ушиба, нанесённого ему отцом его в припадке б",Нет,Нет
vpr_sd_945739,history,7,"Прочтите отрывок из исторического источника и выполните задание. «Полтора года Москва оставалась полем сражения. За это время жители привыкли поминутно ждать удара ядра и прятаться от обстрелов. Теперь сражение было выиграно. Лихая година осталась позади. В честь победы был устроен парад. Земская рать построилась на Арбате, а оттуда торжественным маршем проследовала в Китай-город. Отряды Трубецког",Нет,Нет
vpr_sd_946140,history,7,"Прочтите отрывок из исторического источника и выполните задание. «...Во время царствования тирана в Москве жили Годуновы, род татарского происхождения. Они уже давно жили в Московии, предки их перешли к московским или владимирским князьям, ибо во Владимире, бывшем некогда столицею Московского царства, находился великокняжеский престол... Из этого рода Фёдор взял себе жену ещё при жизни своего отца",Нет,Нет
vpr_sd_944177,history,7,"Прочтите отрывок из исторического источника и выполните задание. «Прислал царь и великий князь из слободы к Афанасию митрополиту всея Руси список, а в нём писаны измены боярские и воеводские и всяких приказных людей, которые они делали до его государского возраста после отца его блаженные памяти великого государя царя и великого князя Василия Ивановича всея Руси. ...И все горожане града Москвы бил",Нет,Нет
vpr_sd_946052,history,7,"Прочтите отрывок из исторического источника и выполните задание. «Июня в 12 день, царь и великий князь Борис Фёдорович всея Руси, с отцом своим святейшим Иовом патриархом всея Руси, и с сыном своим благородным царевичем князем Феодором, со всем освещённым собором и со всем своим царским синклитом, видя как известный всем и знаемый вор, чернец, бывший сын боярский, по прозвищу Отрепьев, бежав в лях",Нет,Нет
vpr_sd_946065,history,7,"Прочтите отрывок из исторического источника и выполните задание. «Московские жители послали в лагерь к Болотникову своих людей и через них потребовали, что если Димитрий (который был ранее в Москве) жив и находится при нём в лагере или где-либо, то он должен его им представить в лицо. Болотников ответил: «Царь воистину живет в Польше и будет скоро здесь. Я сам был у его руки, и он лично назначил м",Нет,Нет
vpr_sd_945907,history,7,"Прочтите отрывок из исторического источника и выполните задание. «К важнейшим в законодательном акте относятся главы, определяющие сословную структуру общества. Глава XI «Суд о крестьянах» удовлетворила требование дворян о праве на бессрочный сыск беглых. Тем самым отменялись урочные лета, и крестьяне с их потомством становились навечно собственностью помещиков, дворцового ведомства и духовных вла",Нет,Нет
vpr_sd_945727,history,7,"Прочтите отрывок из исторического источника и выполните задание. «...гетман Богдан Хмельницкой и всё Войско Запорожское присылали к великому государю царю и великому князю <...> бити челом многожды, чтоб он, великий государь, православные христианские веры искоренить и святых Божиих церквей разорить гонителям их и клятвопреступникам не дал и над ними умилосердился, велел их приняти под свою госуда",Нет,Нет
vpr_sd_946109,history,7,"Прочтите отрывок из исторического источника и выполните задание. «Что касается общественных и правительственных должностей в государстве, то здесь нет ни одного наследственного звания, как бы ни было оно высоко или низко, и, напротив, определение к той или другой должности зависит непосредственно от самого царя, так что даже дьяки в каждом главном городе большей частью назначаются им самим. Но теп",Нет,Нет
vpr_sd_945751,history,7,"Прочтите отрывок из исторического источника и выполните задание. «Учреждена же ____ была потому, что царь заподозрил вельмож в неприязни к себе и хотел иметь при себе людей, вполне преданных ему. Напуганный отъездом Курбского и протестом, который тот подал от имени всех своих собратий, царь заподозрил всех бояр своих и схватился за средство, которое освобождало его от них, освобождало от необходим",Нет,Нет
vpr_sd_945763,history,7,"Прочтите отрывок из исторического источника и выполните задание. «Божиею милостию мы, великий государь царь и великий князь..., щедротами и человеколюбием славимого бога и за молением всего освящённого собора, и по челобитью и прошению всего православного христианства, учинилися есьмя на отчине прародителей наших, на Российском государстве царём и великим князем, егоже дарова бог прародителю нашем",Нет,Нет
vpr_sd_946166,history,7,"Прочтите отрывок из исторического источника и выполните задание. «Лишь когда слуга возвратился, поняли мы и убедились, что царя убили. С одной стороны, большая печаль, с другой стороны, хотя бы можно было радоваться, что нас оставят в покое... Другого царя князя Василия Ивановича Шуйского избрали. На этом избрании было очень мало бояр и народа, без позволения всех избрав, царя сразу представили ми",Нет,Нет
vpr_sd_945990,history,7,"Прочтите отрывок из исторического источника и выполните задание. «Когда ему исполнилось 17 с половиною лет, он был коронован и возведён на отцовский престол. В то же время он отпраздновал своё бракосочетание с Анастасиею, дочерью одного князя знатного происхождения; отец её Роман Захарьевич был самым знатным в этой стране после великого князя; коронование и свадьбу совершили по обычаю этой страны ",Нет,Нет
vpr_sd_945859,history,7,"Прочтите отрывок из исторического источника и выполните задание. «Бояре отправились к царю. Свояк царя, Иван Михайлович Воротынский сказал ему: «Вся земля бьёт тебе челом; оставь своё государство ради междуусобной брани, затем, что тебя не любят и служить тебе не хотят». Царю ничего не оставалось, как повиноваться. Он положил свой царский посох и переехал из царских палат в свой княжий дом. Верхов",Нет,Нет
vpr_sd_946153,history,7,"Прочтите отрывок из исторического источника и выполните задание. «…Тебе же напомню лишь кое-что из многого, ибо на укоризны, которые ты писал ко мне, я уже со всей истиной ответил; теперь же напомню немногое из многого. Вспомни сказанное в книге Иова: ""Обошёл землю и иду по вселенной""; так и вы с попом Сильвестром и Алексеем Адашевым и со всеми своими родичами хотели видеть под ногами своими всю Р",Нет,Нет
vpr_sd_945666,history,7,"Прочтите отрывок из исторического источника и выполните задание. «Когда царь подступил к Астрахани, к нему перешло много ногайцев и морзов, которые были заклятыми врагами астраханцев, ибо постоянно сносили от них много притеснений; и с этим войском он немедленно обложил Астрахань со всех сторон, ничего от них не требуя и не вступая ни в какие переговоры, и хотя Астрахань была весьма укреплена само",Нет,Нет
vpr_sd_945679,history,7,"Прочтите отрывок из исторического источника и выполните задание. «О начале правления Ивана можно даже сказать, что это была самодержавная монархия «с человеческим лицом» благодаря реформам правительства, возглавляемого Адашевым и Сильвестром. За десять лет своего пребывания у власти правительство это провело столько реформ, сколько не знало никакое другое десятилетие в истории средневековой России",Нет,Нет
vpr_sd_945823,history,7,"Прочтите отрывок из исторического источника и выполните задание. «Отец мой служил прежним государям <...> по Кошире и убит <...> при государе царе и великом князе Василии Ивановиче всея Руси на Гремячем злою позорною смертью, скинут с башни в ту пору, как государь царь и великий князь Василий Иванович стоял под Тулою. А отец мой по его государскому указу в те поры был в Гремячем осадным головой. И",Нет,Нет
vpr_sd_945914,history,7,"Прочтите отрывок из исторического источника и выполните задание. «Которые государевы дворцовых сёл и чёрных волостей крестьяне и бобыли, выбежав из государевых дворцовых сёл и из чёрных волостей... а в писцовых книгах... те беглые крестьяне или отцы их написаны за государем, и тех государевых беглых крестьян и бобылей, сыскивая, свозити в государевы дворцовые сёла и в чёрные волости, на старые их ",Нет,Нет
vpr_sd_945871,history,7,"Прочтите отрывок из исторического источника и выполните задание. «Главным представителем этой партии была... ученица Симеона Полоцкого, личность, безусловно, умная и энергичная, которой душно было в тесной полумонашеской обстановке, окружавшей московских царевен; образование расширило её умственный кругозор, выработало в ней широкие запросы жизни, а отсутствие стесняющего внешнего авторитета родит",Нет,Нет
vpr_sd_945847,history,7,"Прочтите отрывок из исторического источника и выполните задание. «[Так]... называли тех отчаянных людей, которые уходили с освоенных русских земель на юг, в степи. Они поселялись в удобных для занятий рыбной ловлей, охотой, скотоводством местах, строили небольшие городки для обороны (прежде всего, в низовьях рек Дон и Хопра). Они вместе защищались от соседей кочевников, вместе решали вопросы внутр",Нет,Нет
vpr_sd_945703,history,7,"Прочтите отрывок из исторического источника и выполните задание. «Князь Дмитрий Михайлович и Кузьма... пошли в Ярославль. Костромичи ж их проводили с великою радостию и дали им на подмогу многую казну. Они же к Ярославлю, и многие люди их встречали с радостию... Ярославцы же их приняли с великою честию и принесли дары многия. Они же не взяли у них ничего и, будучи в Ярославле, начали промышлять, к",Нет,Нет
vpr_sd_945835,history,7,"Прочтите отрывок из исторического источника и выполните задание. «Земский собор, как видно из документов, обнаруженных А. А. Зиминым, начал свою работу <...> в Крещение Господне. Первые три дня представители «всей Земли» посвятили посту и молитве. На четвёртый день они аннулировали решение предыдущего собора об избрании на русский престол королевича Владислава и постановили: «иноземных принцев и т",Нет,Нет
vpr_sd_946091,history,7,"Прочтите отрывок из исторического источника и выполните задание. «В преименитом же и богоспасаемом в граде Пскове слышавше бояре и воеводы, яко уже идет король Стефан на Псков в град, всячески и неослабно по прежнему осаду укрепляя. Тако же православный царь и государь и великий князь __________, то же слышав, яко совершенно литовский король на его государеву вотчину на Псков град со многою гордел",Нет,Нет
vpr_sd_946008,history,7,"Прочтите отрывок из исторического источника и выполните задание. «В день св. Михаила канцлер и Перемышльский подступили под крепость, остерегаясь, чтобы им не подвергнуться какой-нибудь опасности; гетман с теми ротами, которые находились при нём, тоже на другой день явился под ____________. Его величество король, дождавшись роты воеводы Брацлавского и некоторых других, на третий день потом прибыл ",Нет,Нет
vpr_sd_946135,history,7,"Прочтите отрывок из исторического источника и выполните задание. «…И великая государыня, старица Марфа Ивановна молений и слёз наших не презрела, пожаловала нас, благословила сына своего, государя нашего _________________, на царство всея великой России; а государь наш, Богом избранный государь царь и великий князь ________________, всея России самодержец, великой государыни, матери своей, послуша",Нет,Нет
vpr_sd_945883,history,7,"Прочтите отрывок из исторического источника и выполните задание. «...Весной 1606 г. В. И. Шуйский вместе с Голицыным начал действовать гораздо осторожнее; они успели привлечь на свою сторону войска, стоящие около Москвы; в ночь с 16 на 17 мая отряд их был введён в Москву, а там у Шуйского было уже достаточно сочувствующих. Однако заговорщики, зная, что далеко не все в Москве непримиримо настроены ",Нет,Нет
vpr_sd_945787,history,7,"Прочтите отрывок из исторического источника и выполните задание. «Московский великий князь, в самом деле, присоединив… много областей и княжеств, весьма расширил свою державу. Особенно же в [таком-то] году от Рождества Христова вёл он тяжёлую войну против Зигмунда [Сигизмунда] польского и вследствие помощи и предательства Михаила Глинского захватил известный город и область Смоленск, завоёванную б",Нет,Нет
vpr_sd_946047,history,7,"Прочтите отрывок из исторического источника и выполните задание. «А января в 3 день прислал царь и великий князь ___________ из Слободы к Афанасию, митрополиту всея Руси, список, а в нём писаны измены боярские и воеводские и всяких приказных людей, которые они делали государству его, до его государьского возрасту, после отца его, блаженные памяти великого государя и великого князя Василия Иванович",Нет,Нет
vpr_sd_945775,history,7,"Прочтите отрывок из исторического источника и выполните задание. «…Прислали за паном воеводой, чтобы ехал в крепость …. Там устроили обсуждение с долгими жалобами, возражениями и репликами с обеих сторон. Всю вину за смуту, происшедшие убийства, кровопролитие они возлагали на пана воеводу, будто бы всё это произошло из-за того, что он привёл в Москву <Расстригу> (которого они называли изменником).",Нет,Нет
vpr_sd_945799,history,7,"Прочтите отрывок из исторического источника и выполните задание. «…А с женою моей зачем вы меня разлучили? А зачем вы захотели князя Владимира посадить на престол, а меня с детьми погубить? Разве я похитил престол или захватил его через войну и кровопролитие? По Божьему изволению с рождения был я предназначен к царству и уже не вспомню, как меня отец благословил на государство, — на царском престо",Нет,Нет
vpr_sd_946096,history,7,"Прочтите отрывок из исторического источника и выполните задание. «Когда вступил на престол великий князь Алексей Михайлович и был ещё весьма молодым государем, при нём оставался бывший его гофмейстер и воспитатель ___________, по воле и хотению которого направлялись и великий князь и всё управление. Прежде всего он привлёк на свою сторону тех, кто могли более всего служить его воле. Что же касаетс",Нет,Нет
vpr_sd_945895,history,7,"Прочтите отрывок из исторического источника и выполните задание. «Под давлением обстоятельств Боярская дума не только не приняла отречение царя, но и вынуждена была обратиться к нему с верноподданническим ходатайством. Представители митрополита и бояре, не теряя времени, выехали в слободу. ...Александровская слобода производила впечатление военного лагеря. Бояр привели во дворец под сильной охрано",Нет,Нет
vpr_sd_946034,history,7,"Прочтите отрывок из исторического источника и выполните задание. «Русский солдат, по общему мнению, лучше защищается в крепости или городе, нежели сражается в открытом поле. Это замечено во всех войнах, а именно при осаде Пскова, восемь лет тому назад, где польский король Стефан Баторский, был отражён со всею его армиею, состоявшей из 100 000 человек, и принуждён, наконец, снять осаду, потеряв мно",Нет,Нет
vpr_sd_945677,history,7,Установите соответствие между событиями (процессами) и их участниками: к каждой позиции первого столбца подберите соответствующую позицию из второго столбца. СОБЫТИЯ (ПРОЦЕССЫ) А) открытие морского пути в Индию Б) включение в состав Русского государства Смоленской земли В) отмена местничества УЧАСТНИКИ 1) Федор Алексеевич 2) Васко да Гама 3) Василий Шуйский 4) Фернан Магеллан 5) Василий III Запиши,Нет,Нет
vpr_sd_945737,history,7,Установите соответствие между событиями (процессами) и их участниками: к каждой позиции первого столбца подберите соответствующую позицию из второго столбца. СОБЫТИЯ (ПРОЦЕССЫ) А) начало старообрядческого раскола в Русской Церкви Б) взятие русскими войсками Казани В) религиозные войны во Франции УЧАСТНИКИ 1) Иван IV 2) Генрих Наваррский 3) патриарх Никон 4) патриарх Филарет 5) Оливер Кромвель Запи,Нет,Нет
vpr_sd_946027,history,7,Установите соответствие между событиями (процессами) и их участниками: к каждой позиции первого столбца подберите соответствующую позицию из второго столбца. СОБЫТИЯ (ПРОЦЕССЫ) А) изобретение книгопечатания Б) присоединение Пскова к Московскому государству В) издание Новоторгового устава УЧАСТНИКИ 1) Ж. Кальвин 2) Василий III 3) И. Гуттенберг 4) А. Л. Ордин–Нащокин 5) Иван IV Запишите в ответ цифр,Нет,Нет
vpr_sd_945716,history,7,"Укажите время, с точностью до десятилетия, когда в России началась реформа патриарха Никона, которая привела к расколу Русской Православной Церкви. Укажите одно любое событие из истории зарубежных стран, относящееся к этому же веку и десятилетию. Не следует указывать событие из истории международных отношений, одной из сторон которого была Россия. Время с точностью до десятилетия: Событие из истор",Нет,Нет
vpr_sd_945801,history,7,"Какой из привёденных исторических фактов можно использовать для аргументации следующей точки зрения: «Внешняя политика России в период царствования Федора Иоанновича была успешной»? Укажите порядковый номер этого факта в списке. 1. подписание Тявзинского мира 2. введение урочных лет 3. поход Ермака Тимофеевича Объясните, как с помощью выбранного Вами факта можно аргументировать данную точку зрения",Нет,Нет
vpr_sd_945920,history,7,"Укажите с точностью до десятилетия время, когда произошла битва при Молодях. Укажите монарха, правившего в России в данный период. Приведите один любой факт, характеризующий ход этого события. Время: Монарх: Факт:",Нет,Нет
vpr_sd_945921,history,7,"Используя знание исторических фактов, объясните, почему битва при Молодях имела большое значение (важные последствия) в истории нашей страны.",Нет,Нет
vpr_sd_945985,history,7,"Ознакомьтесь с приведённым перечнем и изображениями памятников культуры и выполните задания 6, 7. 1) «Домострой» 2) «Повесть о Шемякином суде» 3) 4)",Нет,Да
vpr_sd_945812,history,7,"Укажите время, с точностью до десятилетия, когда в России впервые были введены заповедные лета. Укажите одно любое событие из истории зарубежных стран, относящееся к этому же веку и десятилетию. Не следует указывать событие из истории международных отношений, одной из сторон которого была Россия. Время с точностью до десятилетия: Событие из истории зарубежных стран:",Нет,Нет
vpr_sd_945848,history,7,"Укажите время, с точностью до десятилетия, когда в России прошла реформа по отмене кормлений. Укажите одно любое событие из истории зарубежных стран, относящееся к этому же веку и десятилетию. Не следует указывать событие из истории международных отношений, одной из сторон которых была Россия. Время с точностью до десятилетия: Событие из истории зарубежных стран:",Нет,Нет
vpr_sd_945849,history,7,"Какой из привёденных исторических фактов можно использовать для аргументации следующей точки зрения: «Внутренняя политика Ивана IV Грозного была направлена на укрепление личной власти»? Укажите порядковый номер этого факта в списке. 1. битва при Молодях 2. заключение Плюсского договора со Швецией 3. начало проведения политики опричнины Объясните, как с помощью выбранного Вами факта можно аргументи",Нет,Нет
vpr_sd_946016,history,7,"Ознакомьтесь с приведённым перечнем и изображениями памятников культуры и выполните задания 6, 7. 1) «Домострой» 2) «Житие протопопа Аввакума» 3) 4)",Нет,Да
vpr_sd_945782,history,7,"Ознакомьтесь с приведённым перечнем и изображениями памятников культуры и выполните задания 6, 7. 1) Лицевой летописный свод 2) Степенная книга 3) 4)",Нет,Да
vpr_sd_944238,history,7,Установите соответствие между событиями (процессами) и их участниками: к каждой позиции первого столбца подберите соответствующую позицию из второго столбца. СОБЫТИЯ (ПРОЦЕССЫ) А) открытие морского пути в Индию Б) учреждение патриаршества В) вхождение Пскова в состав Московского государства УЧАСТНИКИ 1) Игнатий Лойола 2) царь Фёдор Иванович 3) А. Ф. Адашев 4) Василий III 5) Васко да Гама Запишите ,Нет,Нет
vpr_sd_946120,history,7,"Установите соответствие между событиями (процессами) и их участниками: к каждой позиции первого столбца подберите соответствующую позицию из второго столбца. СОБЫТИЯ (ПРОЦЕССЫ) А) движение левеллеров Б) присоединение Смоленска к Московскому государству В) Переяславская рада УЧАСТНИКИ 1) Джон Лильберн 2) И. И. Болотников 3) Василий III 4) Томас Мор 5) Б. М. Хмельницкий Запишите в ответ цифры, распо",Нет,Нет
vpr_sd_945857,history,7,"Установите соответствие между событиями (процессами) и их участниками: к каждой позиции первого столбца подберите соответствующую позицию из второго столбца. СОБЫТИЯ (ПРОЦЕССЫ) А) создание Англиканской церкви Б) церковный раскол В) заключение Бахчисарайского мира УЧАСТНИКИ 1) Федор Алексеевич 2) протопоп Аввакум 3) Д. Т. Трубецкой 4) Генрих VIII 5) Яков II Стюарт Запишите в ответ цифры, расположив",Нет,Нет
vpr_sd_946001,history,7,"Установите соответствие между событиями (процессами) и их участниками: к каждой позиции первого столбца подберите соответствующую позицию из второго столбца. СОБЫТИЯ (ПРОЦЕССЫ) А) Соляной бунт Б) завоевание государства инков В) присоединение Пскова к Московскому государству. УЧАСТНИКИ 1) Василий III 2) Ф. Писарро 3) Алексей Михайлович 4) О. Кромвель 5) М. В. Скопин-Шуйский Запишите в ответ цифры, ",Нет,Нет
vpr_sd_946042,history,7,"Ознакомьтесь с приведённым перечнем и изображениями памятников культуры и выполните задания 6, 7. 1) «Великие Четьи-Минеи» 2) «Повесть об Азовском осадном сидении донских казаков» 3) 4)",Нет,Да
vpr_sd_945825,history,7,"Какой из привёденных исторических фактов можно использовать для аргументации следующей точки зрения: «Внешняя политика России в последние 10 лет царствования Ивана IV была неудачной»? Укажите порядковый номер этого факта в списке. 1. поход на Казанское ханство 1552 г. 2. заключение Ям-Запольского договора с Речью Посполитой 3. реформы Избранной Рады Объясните, как с помощью выбранного Вами факта м",Нет,Нет
vpr_sd_945946,history,7,"Укажите с точностью до десятилетия время, когда произошел поход Ермака Тимофеевича на Сибирское ханство. Укажите монарха, правившего в России в начале данного похода. Приведите один любой факт, характеризующий ход этого похода. Время: Монарх: Факт:",Нет,Нет
vpr_sd_945947,history,7,"Используя знание исторических фактов, объясните, почему поход Ермака Тимофеевича на Сибирское ханство имел большое значение (важные последствия) в истории нашей страны.",Нет,Нет
vpr_sd_944509,history,8,"Расположите в хронологической последовательности исторические события. Запишите цифры, которыми обозначены исторические события, в правильной последовательности. 1) принятие Декларации независимости США 2) Северная война 3) правление Петра III",Нет,Нет
vpr_sd_945590,history,8,"Прочтите отрывок из исторического источника и выполните задание. «В правление покойного императора ________________ все дела государственные решались в так названном Верховном совете, состоявшем из пяти или шести особ, и в котором князь Долгорукий больше всех голосу имел. Лишь токмо молодой император свой дух предал, то означенный Совет съехался на совещание о наследии империи. Кончиною __________",Нет,Нет
vpr_sd_945735,history,8,"Рассмотрите карту и выполните задания 6, 7.",Нет,Да
vpr_sd_945861,history,8,"Ознакомьтесь с приведённым перечнем и изображениями памятников культуры и выполните задания 8, 9. 1) Журнал «Трудолюбивая пчела»; 2) «Сказание о царе Константине»; 3) «Телемахида»; 4) 5)",Нет,Да
vpr_sd_945598,history,8,"Какой из привёденных исторических фактов можно использовать для аргументации следующей точки зрения: «Политика Екатерины II проводилась в духе идей Просвещения»? Укажите порядковый номер этого факта в списке. 1) издание указа о запрете крепостным жаловаться на своих помещиков 2) создание Смольного института благородных девиц 3) арест А. Н. Радищева Объясните, как с помощью выбранного Вами факта мо",Нет,Нет
vpr_sd_944444,history,8,"Рассмотрите изображение и выполните задание. Укажите название государства, в одном из городов которого находится изображённый на плакате военнослужащий? Почему участники Великой Отечественной войны пользуются безграничным уважением в нашей стране?",Нет,Да
vpr_sd_944471,history,8,"Рассмотрите изображение и выполните задание. Укажите название государственного праздника, на котором была сделана данная фотография. Объясните, почему в этот день граждане России испытывают «радость со слезами на глазах».",Нет,Да
vpr_sd_944502,history,8,"Рассмотрите изображение и выполните задание. Укажите год, когда произошли события, годовщине которых посвящён почтовый блок. Почему произошло событие, в результате которого появилось данные государства?",Нет,Да
vpr_sd_944460,history,8,"Рассмотрите изображение и выполните задание. Укажите год, когда завершилась война, которой посвящён данный монумент. Монумент называется «Тыл — фронту». Почему в годы войны, которой посвящён монумент, тыл сыграл ключевую роль в победе нашей страны?",Нет,Да
vpr_sd_944493,history,8,"Рассмотрите изображение и выполните задание. Укажите год, когда произошло сражение, которому посвящена медаль. Почему произошла война, сражению которой посвящена данная медаль?",Нет,Да
vpr_sd_944459,history,8,"Рассмотрите изображение и выполните задание. Укажите год, когда завершилась битва, которой посвящён плакат. Почему изображённые на плакате события до сих пор имеют большое значение для всех граждан России?",Нет,Да
vpr_sd_944497,history,8,"Рассмотрите изображение и выполните задание. Укажите год, когда Россия признала суверенитет государства, герб которого изображен на памятном знаке. Почему произошло событие, в результате которого Россия признала его суверенитет?",Нет,Да
vpr_sd_944462,history,8,"Рассмотрите изображение и выполните задание. Укажите год, когда была сделана данная фотография. Почему изображённые на фотографии события до сих пор имеют большое значение для всех граждан России?",Нет,Да
vpr_sd_944500,history,8,"Рассмотрите изображение и выполните задание. Укажите год, когда выпущена данная монета. Почему произошло событие, годовщине которого посвящена данная медаль?",Нет,Да
vpr_sd_944463,history,8,"Рассмотрите изображение и выполните задание. Укажите год, когда началась битва за город, защитникам которого посвящён данный плакат. Почему война, одной из битв которой посвящен плакат, до сих пор имеют большое значение для всех граждан России?",Нет,Да
vpr_sd_944498,history,8,"Рассмотрите изображение и выполните задание. Укажите год, когда началась война, героем которой стал, изображённый на памятном знаке человек. Почему произошло событие, годовщине которого посвящена данная медаль?",Нет,Да
vpr_sd_944525,history,8,"Расположите в хронологической последовательности исторические события. Запишите цифры, которыми обозначены исторические события, в правильной последовательности. 1) принятие Декларации независимости США 2) издание жалованной грамоты городам 3) Каспийский (Персидский) поход",Нет,Нет
vpr_sd_945686,history,8,"Прочтите отрывок из исторического источника и выполните задание. «В Полтавской битве была одержана победа. Престиж России необыкновенно поднялся, капризная богиня победы уже не покидала лагерь русских войск… Русские войска овладели множеством крепостей Прибалтики: пали Элблонг, Пярну, Кексгольм, Выборг и — что имело особое значение — 4 июля после 237 дней осады сдалась столица шведской Лифляндии Р",Нет,Нет
vpr_sd_945693,history,8,"Ознакомьтесь с приведённым перечнем и изображениями памятников культуры и выполните задания 8, 9. 1) «Ипатьевская летопись» 2) «Хронограф» 3) Повесть «Калязинская челобитная» 4) 5)",Нет,Да
vpr_sd_945131,history,8,"Какой из приведённых исторических фактов можно использовать для аргументации следующей точки зрения: «В период дворцовых переворотов положение дворянства улучшилось»? Укажите порядковый номер этого факта в списке. 1) учреждение дворянских губернских собраний 2) установление срока обязательной службы дворян в 25 лет 3) издание указа о единонаследии Объясните, как с помощью выбранного Вами факта мож",Нет,Нет
vpr_sd_944467,history,8,"Рассмотрите изображение и выполните задание. Укажите год, когда завершилась война, которой посвящен данный монумент. Почему изображённый на фотографии солдат разрубает мечом свастику?",Нет,Да
vpr_sd_944461,history,8,"Рассмотрите изображение и выполните задание. Укажите годы войны, по итогам которой была учреждена данная медаль. Почему Победа в данной войне до сих пор имеют большое значение для всех граждан России?",Нет,Да
vpr_sd_944451,history,8,"Рассмотрите изображение и выполните задание. В какой по счёту год с начала Великой Отечественной войны произошли события, которым посвящён данный памятник? Почему необходимо сохранять память о Великой Отечественной войне?",Нет,Да
vpr_sd_944501,history,8,"Рассмотрите изображение и выполните задание. Укажите год, когда Россия официально признала независимость государства, выпустившего данную марку. Почему произошло событие, в результате которого появилось данное государство?",Нет,Да
vpr_sd_944450,history,8,"Рассмотрите изображение и выполните задание. Укажите название войны, в ходе которой была сделана надпись, изображенная на фотографии из Брестской крепости. Почему важно сегодня хранить память о событиях той войны?",Нет,Да
vpr_sd_944513,history,8,"Расположите в хронологической последовательности исторические события. Запишите цифры, которыми обозначены исторические события, в правильной последовательности. 1) государственный переворот Наполеона Бонапарта 18–19 брюмера 2) начало правления Екатерины II 3) основание С.-Петербурга",Нет,Нет
vpr_sd_945782,history,8,"Прочтите отрывок из исторического источника и выполните задание. «Действительно, подлинным правителем России при ней стал <…>. Выходец из мелких курляндских дворян, благодаря расположению императрицы он выдвинулся на первые роли и стал Курляндским герцогом. Умный, волевой и хитрый, он оказывал на неё огромное влияние. Без его одобрения не принималось ни одно серьёзное государственное решение. Врем",Нет,Нет
vpr_sd_945717,history,8,"Ознакомьтесь с приведённым перечнем и изображениями памятников культуры и выполните задания 8, 9. 1) Хронограф 2) «Сказание о Магмете-салтане» 3) Ода Екатерине II 4) 5)",Нет,Да
vpr_sd_944455,history,8,"Рассмотрите изображение и выполните задание. Укажите народное название, которое получил данный вид боевой техники в период Великой Отечественной войны. Почему важно проводить и участвовать в памятных мероприятиях, посвящённых Великой Отечественной войне?",Нет,Да
vpr_sd_944454,history,8,"Рассмотрите изображение и выполните задание. Укажите фамилию, изображённого на фотографии человека. Почему он получил народное прозвище «Маршал Победы»?",Нет,Да
vpr_sd_944452,history,8,"Рассмотрите изображение и выполните задание. Укажите год, когда произошла битва, которой посвящен плакат. Почему изображённые на плакате события до сих пор имеют большое значение для всех граждан России?",Нет,Да
vpr_sd_944448,history,8,"Рассмотрите изображение и выполните задание. Укажите название самого массового советского танка периода Великой Отечественной войны, который изображён на фотографии. Почему важно проводить и участвовать в памятных мероприятиях, посвящённых Великой Отечественной войне?",Нет,Да
vpr_sd_944449,history,8,"Рассмотрите изображение и выполните задание. Укажите год, когда был выпущен данный плакат. Почему изображённый на плакате образ до сих пор имеют большое значение для всех граждан России?",Нет,Да
vpr_sd_944457,history,8,"Рассмотрите изображение и выполните задание. Укажите год, когда была произошло сражение, проиллюстрированное на марке. Почему изображённые на марке события до сих пор имеют большое значение для всех граждан России?",Нет,Да
vpr_sd_944453,history,8,"Рассмотрите изображение и выполните задание. Укажите год, когда СССР была одержана победа в войне, в ходе которой появился данный орден. Почему необходимо противостоять попыткам искажать правду об этой войне?",Нет,Да
vpr_sd_944458,history,8,"Рассмотрите изображение и выполните задание. Укажите год, когда произошла стратегическая операция РККА, которой посвящён памятник. Почему события, которым посвящен памятник до сих пор имеют большое значение для всех граждан России?",Нет,Да
vpr_sd_944503,history,8,"Рассмотрите изображение и выполните задание. Укажите год, когда произошло событие, в честь которого выпущена данная медаль. Почему произошло событие, годовщине которого посвящена данная медаль?",Нет,Да
vpr_sd_944456,history,8,"Рассмотрите изображение и выполните задание. Укажите год, когда началась битва, которой посвящён плакат. Почему изображённые на плакате события до сих пор имеют большое значение для всех граждан России?",Нет,Да
vpr_sd_944465,history,8,"Рассмотрите изображение и выполните задание. Укажите годы, когда шла война, после завершения которой была сделана данная фотография. Почему для всех граждан России так важен ежегодный Парад Победы?",Нет,Да
vpr_sd_944466,history,8,"Рассмотрите изображение и выполните задание. Укажите год, когда началась война, которой посвящен данный монумент. Почему изображённый на фотографии монумент носит название «Родина-мать зовёт»?",Нет,Да
vpr_sd_944512,history,8,"Расположите в хронологической последовательности исторические события. Запишите цифры, которыми обозначены исторические события, в правильной последовательности. 1) Ясский мир с Османской империей 2) восстание в Астрахани 3) Египетский поход Наполеона Бонапарта",Нет,Нет
vpr_sd_945585,history,8,"Какие из приведённых памятников культуры были созданы в XVIII в.? Выберите два памятника культуры и запишите в таблицу цифры, под которыми они указаны. 1) Царь-пушка 2) «Повесть о Ерше Ершовиче» 3) комедия «Бригадир» 4) 5)",Нет,Да
vpr_sd_945839,history,8,"Какой из приведённых исторических фактов можно использовать для аргументации следующей точки зрения: «Политика Екатерины II не соответствовала идеалам просветителей, поклонницей которых провозглашала себя императрица»? Укажите порядковый номер этого факта в списке. 1) созыв Уложенной комиссии и написание Наказа 2) запрет крестьянам жаловаться на помещиков 3) учреждение Вольного экономического обще",Нет,Нет
vpr_sd_945798,history,8,"Расположите в хронологической последовательности исторические события. Запишите цифры, которыми обозначены исторические события, в правильной последовательности. 1) восстание Емельяна Пугачёва 2) Полтавская битва 3) война за Польское наследство",Нет,Нет
vpr_sd_945883,history,8,"Запишите название, о котором идёт речь. Под этим названием вошла в историю делегация, направленная Петром I в Европу в целях создания союза европейских государств против Османской империи.",Нет,Нет
vpr_sd_945124,history,8,"В приведённом ниже списке указаны фамилии четырёх исторических деятелей. Выберите из них ОДНОГО исторического деятеля, а затем выполните задания 11, 12. Перед выполнением каждого из заданий 11, 12 укажите букву, которой выбранный исторический деятель обозначен в списке. Указанные в заданиях 11, 12 буквы должны быть одинаковыми. Список исторических деятелей А) Феофан Прокопович | Б) Ф.Ф. Ушаков // ",Нет,Нет
vpr_sd_945770,history,8,"Прочтите отрывок из исторического источника и выполните задание. «С первых лет жизни в России будущая императрица вела уединённый образ жизни, рано пристрастилась к чтению, которое стало её подлинными университетами. Она не любила мужа, была честолюбива и мечтала сама занять престол. Её желание стать русской императрицей осуществилось благодаря заговору, во главе которого стояли гвардейские офицер",Нет,Нет
vpr_sd_945873,history,8,"Ознакомьтесь с приведённым перечнем и изображениями памятников культуры и выполните задания 8, 9. 1) Ода «Екатерине II» 2) «Сказание о Мамаевом побоище» 3) Комедия «Бригадир» 4) 5)",Нет,Да
vpr_sd_945731,history,8,"Какой из приведённых исторических фактов можно использовать для аргументации следующей точки зрения: «Начало Северной войны было предопределено в XVII веке»? Укажите порядковый номер этого факта в списке. 1) Великое посольство 2) Азовские походы 3) Крымские походы Объясните, как с помощью выбранного Вами факта можно аргументировать данную точку зрения.",Нет,Нет
vpr_sd_945875,history,8,"Какой из приведённых исторических фактов можно использовать для аргументации следующей точки зрения: «Повстанцы во главе с Е. И. Пугачёвым боролись против общественно−политического строя, существовавшего в России»? Укажите порядковый номер этого факта в списке. 1) провозглашение Пугачевым себя императором Петром III 2) принятие Пугачевым манифеста о передаче народу земли со всеми угодьями и промыс",Нет,Нет
vpr_sd_944520,history,8,"Расположите в хронологической последовательности исторические события. Запишите цифры, которыми обозначены исторические события, в правильной последовательности. 1) учреждение Академии наук в Петербурге 2) указ о единонаследии 3) принятие Декларации прав человека и гражданина",Нет,Нет
vpr_sd_945854,history,8,"Прочтите отрывок из исторического источника и выполните задание. «Великая Северная война прекратилась! Взглянем на её значение. Впервые славяне после обычного отступления своего перед германским племенем на восток, к степям, повернули на запад и заставили немцев отдать часть северного Средиземного моря, которое было Немецким озером. Таково было главное следствие Северной войны: Швеция потеряла сво",Нет,Нет
vpr_sd_945135,history,8,"Рассмотрите карту и выполните задания 6,7",Нет,Да
vpr_sd_945885,history,8,"Ознакомьтесь с приведённым перечнем и изображениями памятников культуры и выполните задания 8, 9. 1) «Лаврентьевская летопись» 2) «Ипатьевская летопись» 3) Повесть «Бедная Лиза» 4) 5)",Нет,Да
vpr_sd_945671,history,8,"Какой из приведённых исторических фактов можно использовать для аргументации следующей точки зрения: «Политика Екатерины II была продолжением политики Петра III»? Укажите порядковый номер этого факта в списке. 1) написание Наказа и созыв Уложенной комиссии 2) принятие декларации о «вооружённом нейтралитете» 3) секуляризация церковных земель Объясните, как с помощью выбранного Вами факта можно аргу",Нет,Нет
vpr_sd_944508,history,8,"Расположите в хронологической последовательности исторические события. Запишите цифры, которыми обозначены исторические события, в правильной последовательности. 1) издание манифеста о вольности дворянства 2) восстание под предводительством К. А. Булавина 3) «Бостонское чаепитие»",Нет,Нет
vpr_sd_945734,history,8,"Прочтите отрывок из исторического источника и выполните задание. «Императрица была безусловной противницей крепостничества, но опять же — только в душе. Конечно, проявления крепостного права были отвратительны. Но крепостничество являлось тем порядком, разрушить который в это время представлялось опасным для страны и для самой императрицы. Разгул пугачёвщины показал, что свобода понимается огромны",Нет,Нет
vpr_sd_945791,history,8,"Какой из приведённых исторических фактов можно использовать для аргументации следующей точки зрения: «Российское государство и общество в послепетровское время (вторая четверть-вторая половина XVIII в.) полностью сохранило то внутриполитическое и социальное «наследство», которое оставил после себя Петр Великий»? Укажите порядковый номер этого факта в списке. 1) отмена указа о единонаследии 2) запр",Нет,Нет
vpr_sd_944519,history,8,"Расположите в хронологической последовательности исторические события. Запишите цифры, которыми обозначены исторические события, в правильной последовательности. 1) Итальянский поход Наполеона Бонапарта 2) Гангутское сражение 3) введение Табели о рангах",Нет,Нет
vpr_sd_944437,history,8,"Расположите в хронологической последовательности исторические события. Запишите цифры, которыми обозначены исторические события, в правильной последовательности. 1) Полтавская битва 2) присоединение Крыма к Российской империи 3) начало войны за независимость североамериканских колоний Англии",Нет,Нет
vpr_sd_944505,history,8,"Расположите в хронологической последовательности исторические события. Запишите цифры, которыми обозначены исторические события, в правильной последовательности. 1) Азовские походы 2) принятие Билля о правах в США 3) основание Московского университета",Нет,Нет
vpr_sd_944515,history,8,"Расположите в хронологической последовательности исторические события. Запишите цифры, которыми обозначены исторические события, в правильной последовательности. 1) правление Фридриха II в Пруссии 2) восстание Кондратия Булавина 3) Полтавская битва",Нет,Нет
vpr_sd_944527,history,8,"Расположите в хронологической последовательности исторические события. Запишите цифры, которыми обозначены исторические события, в правильной последовательности. 1) начало революции во Франции 2) Манифест о вольности дворянской 3) учреждение Сената",Нет,Нет
vpr_sd_944526,history,8,"Расположите в хронологической последовательности исторические события. Запишите цифры, которыми обозначены исторические события, в правильной последовательности. 1) принятие конституции США 2) битва при д. Лесной 3) правление Иоанна Антоновича",Нет,Нет
vpr_sd_944522,history,8,"Расположите в хронологической последовательности исторические события. Запишите цифры, которыми обозначены исторические события, в правильной последовательности. 1) Полтавская битва 2) президентство Дж. Вашингтона в США 3) начало царствования Елизаветы Петровны",Нет,Нет
vpr_sd_945722,history,8,"Прочтите отрывок из исторического источника и выполните задание. «К этому времени Польско-Литовское королевство вследствие внутренних причин начинает заметно терять свою силу, и появляется, благодаря этому, возможность на западе сосредоточить все силы Московского государства на борьбу со Швецией. Однако борьба эта требует огромного, можно сказать, предельного напряжения сил и затягивается на целых",Нет,Нет
vpr_sd_945849,history,8,"Ознакомьтесь с приведённым перечнем и изображениями памятников культуры и выполните задания 8, 9. 1) «Степенная книга» 2) Повесть «О Ерше Ершовиче» 3) Журнал «Всякая Всячина» 4) 5)",Нет,Да
vpr_sd_945827,history,8,"Какой из приведённых исторических фактов можно использовать для аргументации следующей точки зрения: «Сословная политика Екатерины II не имела исключительно продворянский характер»? Укажите порядковый номер этого факта в списке. 1) принятие Жалованной грамоты дворянству 2) принятие Жалованной грамоты городам 3) секуляризация церковных земель Объясните, как с помощью выбранного Вами факта можно арг",Нет,Нет
vpr_sd_945729,history,8,"Ознакомьтесь с приведённым перечнем и изображениями памятников культуры и выполните задания 8, 9. 1) трагедия «Xopeв» 2) «Сказание о царе Константине» 3) Летописное произведение «Казанская история» 4) 5)",Нет,Да
vpr_sd_945587,history,8,"Какой из привёденных исторических фактов можно использовать для аргументации следующей точки зрения: «Реформы Петра Первого отличались высокой степенью насилия в отношении населения России»? Укажите порядковый номер этого факта в списке. 1) установление рекрутской системы 2) введение гражданского шрифта 3) провозглашение Российской империи Объясните, как с помощью выбранного Вами факта можно аргум",Нет,Нет
vpr_sd_944510,history,8,"Расположите в хронологической последовательности исторические события. Запишите цифры, которыми обозначены исторические события, в правильной последовательности. 1) принятие конституции США 2) поражение под Нарвой 3) Манифест о вольности дворянской",Нет,Нет
vpr_sd_945674,history,8,"Прочтите отрывок из исторического источника и выполните задание. «Реформы этого монарха можно разделить на два периода. Неудачно начатая война со шведами стала подлинным «двигателем» преобразований. Поначалу царь во многом шёл по наитию, подчинялся требованиям момента. Нужда в деньгах, припасах, кораблях, оружии, обученных людях требовала изменений не только армии, но всей системы управления, фина",Нет,Нет
vpr_sd_945596,history,8,1) «Сказание о князьях Владимирских» 2) «Повесть о Шемякином суде» 3) ода «Фелица» 4) 5),Нет,Да
vpr_sd_945719,history,8,"Какой из приведённых исторических фактов можно использовать для аргументации следующей точки зрения: «Политику Екатерины II никак нельзя назвать проявлением просвещенного абсолютизма»? Укажите порядковый номер этого факта в списке. 1) запрет крестьянам жаловаться на своих помещиков 2) учреждение Вольного экономического общества 3) издание Жалованной грамоты дворянству Объясните, как с помощью выбр",Нет,Нет
vpr_sd_946047,informatics,7,"В кодировке UTF-32 каждый символ кодируется 32 битами. Саша написал текст (в нем нет лишних пробелов): «Нил, Амур, Волга, Ангара, Макензи, Амазонка — реки». Ученик вычеркнул из списка название одной из рек. Заодно он вычеркнул ставшие лишними запятые и пробелы — два пробела не должны идти подряд. При этом размер нового предложения в данной кодировке оказался на 32 байта меньше, чем размер исходног",Нет,Нет
vpr_sd_946049,informatics,7,"В кодировке КОИ-8 каждый символ кодируется 8 битами. Аня написала текст (в нем нет лишних пробелов): «ерш, Щука, Бычок, Карась, Гимнура, Долгопер — рыбы». Ученик вычеркнул из списка название одной из рыб. Заодно он вычеркнул ставшие лишними запятые и пробелы — два пробела не должны идти подряд. При этом размер нового предложения в данной кодировке оказался на 10 байтов меньше, чем размер исходного",Нет,Нет
vpr_sd_946043,informatics,7,"В кодировке КОИ-8 каждый символ кодируется 8 битами. Вова написал текст (в нем нет лишних пробелов): «Школьные предметы: ОБЖ, химия, физика, алгебра, биология, география, литература, информатика». Ученик удалил из списка название одного предмета, а также лишние запятую и пробел — два пробела не должны идти подряд. При этом размер нового предложения в данной кодировке оказался на 11 байт меньше, че",Нет,Нет
vpr_sd_945974,informatics,7,"В текстовом редакторе набран текст. Выберите свойства абзацев, присутствующие в данном тексте. В ответе запишите номера свойств в порядке возрастания. Номер 1) 2) 3) 4) 5) 6) 7) 8) Свойства абзацев Отступ первой строки Выступ первой строки Отступ слева Отступ справа Выравнивание по левому краю Выравнивание по правому краю Выравнивание по центру Выравнивание по ширине",Нет,Да
vpr_sd_945970,informatics,7,"В текстовом редакторе набран текст. Выберите свойства абзацев, присутствующие в данном тексте. В ответе запишите номера свойств в порядке возрастания. Номер 1) 2) 3) 4) 5) 6) 7) 8) 9) 10) Свойства абзацев Отступ первой строки Выступ первой строки Отступ слева Отступ справа Выравнивание по левому краю Выравнивание по правому краю Выравнивание по центру Выравнивание по ширине Интервал перед абзацем ",Нет,Да
vpr_sd_945348,informatics,7,Выберите устройства долговременного хранения информации и запишите в ответе их номера в порядке возрастания. 1) жесткий диск 2) процессор 3) дисковод 4) CD 5) оперативная память 6) flash-память 7) модем 8) видеокарта,Нет,Нет
vpr_sd_945360,informatics,7,Выберите внешние устройства компьютера и запишите в ответе их номера в порядке возрастания. 1) сканер 2) принтер 3) процессор 4) жесткий диск 5) колонки 6) оперативная память 7) видеокарта 8) монитор,Нет,Нет
vpr_sd_945351,informatics,7,Выберите устройства находящееся в системном блоке и запишите в ответе их номера в порядке возрастания. 1) принтер 2) модем 3) оперативная память 4) процессор 5) сканер 6) монитор 7) трекпад 8) материнская плата,Нет,Нет
vpr_sd_945358,informatics,7,Выберите устройства не относящиеся к персональным компьютерам и запишите в ответе их номера в порядке возрастания. 1) планшет 2) часы 3) робот-пылесос 4) игровая консоль 5) телевизор 6) ноутбук 7) суперкомпьютер 8) телефон,Нет,Нет
vpr_sd_945362,informatics,7,Выберите устройства ввода информации и запишите в ответе их номера в порядке возрастания. 1) трекбол 2) принтер 3) мышь 4) жесткий диск 5) тачпад 6) колонки 7) клавиатура 8) монитор,Нет,Нет
vpr_sd_945994,informatics,7,Выберите устройства ввода информации и запишите в ответе их номера в порядке возрастания. 1) сканер 2) принтер 3) процессор 4) жесткий диск 5) колонки 6) микрофон 7) USB-флеш-накопитель 8) тачпад,Нет,Нет
vpr_sd_945355,informatics,7,Выберите устройства без которых компьютер не будет функционировать и запишите в ответе их номера в порядке возрастания. 1) ВЭБ-камера 2) процессор 3) дисковод 4) принтер 5) оперативная память 6) проектор 7) модем 8) видеокарта,Нет,Нет
vpr_sd_945365,informatics,7,Выберите устройства ввода информации и запишите их номера в порядке возрастания. 1) мышь 2) клавиатура 3) микрофон 4) наушники 5) веб-камера 6) колонки 7) монитор 8) принтер,Нет,Нет
vpr_sd_946160,informatics,7,"Сообщение было зашифровано кодом. Использовались только буквы, приведенные в таблице: А | Б | В | Г | Д | Е // ..o.. | .o..o | .oo.o | .oooo | ...o. | .o.oo Определите, какие буквы в сообщении повторяются, и запишите их в ответе. .o..o.o.oo.o..o..o....o..",Нет,Нет
vpr_sd_946174,informatics,7,"От разведчика была получена следующая шифрованная радиограмма, переданная с использованием азбуки Морзе: •− •− − •− −••−••−−• При передаче радиограммы было потеряно разбиение на буквы, но известно, что в радиограмме использовались только следующие буквы: А | Г | И | П | М // •− | −−• | •• | •−−• | −− Определите текст радиограммы. В ответе укажите, сколько букв было в исходной радиограмме.",Нет,Нет
vpr_sd_946169,informatics,7,"Вася и Петя играли в шпионов и кодировали сообщения собственным шифром. Фрагмент кодовой таблицы приведен ниже: Н | М | Л | И | Т | О // ~ | * | *@ | @~* | @* | ~* Расшифруйте сообщение, если известно, что буквы в нем не повторяются: *@@~**~*~ Запишите в ответе расшифрованное сообщение.",Нет,Нет
vpr_sd_946156,informatics,7,"От разведчика была получена следующая шифрованная радиограмма, переданная с использованием азбуки Морзе: ••−•−•••−•−−••− При передаче радиограммы было потеряно разбиение на буквы, но известно, что в радиограмме использовались только следующие буквы: Т | А | У | Ж | Х // − | •− | ••− | •••− | •••• Определите текст радиограммы. В ответе укажите, сколько букв было в исходной радиограмме.",Нет,Нет
vpr_sd_946161,informatics,7,Мальчики играли в шпионов и закодировали сообщение придуманным шифром. Кодовая таблица приведена ниже: А | Б | В | Г | Е | И | К // * | − + + | − − + | * + | − * | + − + | * * − Расшифруйте полученное сообщение: * + − + + − * * − * *,Нет,Нет
vpr_sd_945830,informatics,7,"Пользователь работал с файлом C :\ Doc \ Class \9 v \ L esson \ math . doc . Затем он поднялся на один уровень вверх, создал каталог Topic , в нем создал еще один каталог Algebra и переместил в него файл math . doc . Каким стало полное имя этого файла после перемещения? 1) C:\Doc\Class\Lesson\Algebra\math.doc 2) C:\Doc\9v\Topic\Algebra\math.doc 3) C:\Doc\Class\9v\Topic\Algebra\math.doc 4) C:\Doc\C",Нет,Нет
vpr_sd_945856,informatics,7,"Пользователь находился в подкаталоге Лучшее каталога Музыка . Затем он поднялся на один уровень вверх, затем еще на один уровень вверх и оказался в каталоге Медиа . Затем спустился в подкаталог Фото и затем — в подкаталог Избранное . Какие из приведенных каталогов являются каталогами одного уровня? 1) Музыка, Медиа 2) Лучшее, Избранное 3) Фото, Медиа 4) Музыка, Избранное",Нет,Нет
vpr_sd_945914,informatics,7,"Пользователь находился в каталоге Расписание .Сначала он поднялся на один уровень вверх, затем еще раз поднялся на один уровень вверх, потом спустился на один уровень вниз. В результате он оказался в каталоге С:\учеба\информатика\ГИА . Укажите полный путь каталога, с которым пользователь начинал работу. 1) С :\учеба\информатика\2013\Расписание 2) С:\учеба\Расписание 3) С:\учеба\2013\Расписание 4) ",Нет,Нет
vpr_sd_945825,informatics,7,"Пользователь работал с файлом C :\ Class \9 b \ Pascal \ task . pas . Затем он поднялся на один уровень вверх, создал каталог Homework , в нем создал еще один каталог Program и переместил в него файл. Каким стало полное имя этого файла после перемещения? 1) C:\Class\Homework\Program\task.pas 2) C:\Class\9b\Homework\Program\task.pas 3) C:\9b\Homework\Program\task.pas 4) C:\Class\Pascal\Homework\Pro",Нет,Нет
vpr_sd_945878,informatics,7,"Пользователь работал с каталогом 15. Сначала он поднялся на один уровень вверх, затем еще раз поднялся на один уровень вверх, потом спустился на один уровень вниз и еще раз спустился на один уровень вниз. В результате он оказался в каталоге C:\Календарь\Лето\Июнь\23\ Укажите возможный полный путь каталога, с которым пользователь начинал работу. 1) C:\Календарь\Август\15\ 2) C:\Календарь\Лето\15\ 3",Нет,Нет
vpr_sd_945884,informatics,7,"Сдав доклад по биологии на «отлично», ученик перенес папку, полный путь до которой был D:\Учеба\Биология\Млекопитающие , в папку Сданные, расположенную в корне диска С . Укажите полный путь к файлу Виды_слонов.txt , расположенному в папке Млекопитающие . 1) Сданные\Млекопитающие\Виды_слонов.txt 2) С:\Сданные\ Виды_слонов.txt 3) С:\ Учеба\Биология\Млекопитающие\Виды_слонов.txt 4) С:\Сданные\Млекопи",Нет,Нет
vpr_sd_945883,informatics,7,"Риэлтор работал с каталогом D:\Квартиры\Цены\Дорогие. Сначала он поднялся на один уровень вверх, затем спустился на один уровень вниз в каталог Премиум , потом он спустился еще на один уровень в каталог Центральный . Укажите полный путь каталога, в котором оказался пользователь. 1) D:\Цены\Квартиры 2) D:\Квартиры\Цены\Центральный 3) D:\Квартиры\Цены\Премиум\Центральный 4) D:\Центральный",Нет,Нет
vpr_sd_945846,informatics,7,"Пользователь работал с каталогом C :\Программы\Стандартные\Редактор . Сначала он поднялся на один уровень вверх, потом еще раз поднялся на один уровень вверх, затем спустился в каталог История и открыл в текстовом редакторе Реферат. txt . Укажите полный путь редактируемого файла. 1) С:\Реферат.txt 2) С:\Программы\Стандартные\История\Реферат.txt 3) С:\История\Реферат.txt 4) С:\Программы\История\Реф",Нет,Нет
vpr_sd_945831,informatics,7,"Пользователь сначала работал с файлом C:\информатика\рисунки\часть1\урок2. doc . Потом он переместился на 1 уровень вверх, создал каталог часть2 и перенес файл в новый каталог. Укажите новое полное имя данного файла? 1) C:\информатика\рисунки\урок2.doc 2) C:\информатика\часть2\урок2.doc 3) C:\информатика\рисунки\часть2\урок2.doc 4) C:\информатика\рисунки\часть1\часть2\урок2.doc",Нет,Нет
vpr_sd_945863,informatics,7,"Пользователь начал работу в каталоге Работа1 . Сначала он поднялся на один уровень вверх, затем спустился на один уровень вниз, потом еще раз спустился на один уровень вниз, потом еще раз спустился на один уровень вниз. В результате он оказался в каталоге C:\2012\9 класс\Таблицы . Укажите возможный полный путь каталога, в котором пользователь начинал работу. 1) C:\2012\Текст\Редактирование\Работа1",Нет,Нет
vpr_sd_945835,informatics,7,"Пользователь работал с каталогом Пушкин . Сначала он поднялся на один уровень вверх, потом спустился в каталог Лермонтов и после этого спустился в каталог Стихи . В результате он оказался в каталоге D :\Учеба\Литература\Лермонтов\Стихи . Укажите полный путь того каталога, в котором пользователь работал вначале. 1) D:\Учеба\Литература\Пушкин 2) D:\Учеба\Литература\Пушкин\Стихи 3) D:\Учеба\Литератур",Нет,Нет
vpr_sd_945895,informatics,7,"В поисках нужного файла Витя последовательно переходил из каталога в каталог, при этом он несколько раз поднимался на один уровень вверх и несколько раз опускался на один уровень вниз. Полный путь каталога, с которым Витя начинал работу, С:\Учебный\Информатика\Кодирование . Каким может быть полный путь каталога, в котором оказался Витя, если известно, что на уровень вниз он спускался столько же ра",Нет,Нет
vpr_sd_945886,informatics,7,"Файл Растения_степей.doc хранился в каталоге С:\Красная_книга\Евразия\Россия . Пользователь, находившийся в этом каталоге, поднялся на уровень вверх, потом еще на уровень вверх и создал папку Ботаника . Потом он переместил в созданный подкаталог папку Евразия вместе со всем содержимым. Каково стало полное имя файла Растения_степей.doc после перемещения? 1) С:\Ботаника\Евразия\Россия\Растения_степе",Нет,Нет
vpr_sd_945873,informatics,7,"Папа Андрея смотрел оценки сына, записанные в электронном виде. Он работал с каталогом H:\Школа\Андрей . Сначала он поднялся на один уровень вверх, затем спустился на один уровень вниз в каталог Задания , потом спустился на один уровень вниз в каталог Математика . Укажите полный путь каталога, в котором оказался пользователь. 1) H:\Школа\Задания\Математика 2) H:\Школа\Математика 3) H:\Школа\Андрей",Нет,Нет
vpr_sd_945870,informatics,7,"Пользователь работал с файлом C:\Document\Seminar\Math\lesson.htm . Затем он поднялся на один уровень вверх, создал там каталог Info , в нем создал еще один каталог Form и переместил в него файл lesson.htm . Каким стало полное имя этого файла после перемещения? 1) C:\Document\Math\Form\lesson.htm 2) C:\Seminar\Math\Form\lesson.htm 3) C:\Document\Info\Form\lesson.htm 4) C:\Document\Seminar\Info\For",Нет,Нет
vpr_sd_945828,informatics,7,"Пользователь работал с файлом C:\Work\9klass\Math\Geom\part1.doc . Затем он поднялся на два уровня вверх, создал там каталог Form , в нем создал еще один каталог lessons и переместил в него файл part1.doc . Каким стало полное имя этого файла после перемещения? 1) C:\Work\9klass\Math\Form\lessons\part1.doc 2) C:\Work\9klass\Form\lessons\part1.doc 3) C:\Work\Form\lessons\part1.doc 4) C:\Work\9klass\",Нет,Нет
vpr_sd_945871,informatics,7,"Пользователь работал с каталогом C:\Документы\Договоры\Продажа . Сначала он поднялся на один уровень вверх, затем спустился в каталог Срочные , затем спустился в каталог Покупка . Укажите полный путь каталога, в котором оказался пользователь. 1) C:\Документы\Срочные \Покупка\Продажа 2) C:\Документы\Договоры\Срочные \Покупка 3) C: \Срочные \Покупка 4) C:\Документы\Срочные \Покупка",Нет,Нет
vpr_sd_945888,informatics,7,"Ваня Сидоров, работая над проектом по геометрии, создал следующие файлы: D:\Геометрия\Проект\Графики.bmp D:\Учеба\Работа\Основа.doc D:\Учеба\Работа\Замечания.doc D:\Геометрия\Проект\Диаграммы.bmp D:\Геометрия\Проект\ Функции.doc Укажите полное имя папки, которая останется пустой при удалении всех файлов с расширением .doc. Считайте, что других файлов и папок на диске D нет. 1) Проект 2) D:\Учеба 3",Нет,Нет
vpr_sd_945893,informatics,7,"В поисках нужного файла Вова последовательно переходил из каталога в каталог, при этом он несколько раз поднимался на один уровень вверх и несколько раз опускался на один уровень вниз. Полный путь каталога, с которым Вова начинал работу, С:\Игры\Настольные\Домино . Каким может быть полный путь каталога, в котором оказался Вова, если известно, что на уровень вниз он спускался больше раз, чем подним",Нет,Нет
vpr_sd_945861,informatics,7,"Пользователь работал с каталогом C:\Компьютеры\Память . Сначала он спустился в каталог Винчестеры , после этого поднялся на один уровень вверх, затем еще раз поднялся на один уровень вверх и далее спустился в каталог Процессоры . Укажите полный путь каталога, в котором оказался пользователь. 1) C:\Компьютеры\Процессоры 2) C:\Винчестеры\Процессоры 3) C:\Компьютеры\Память\Винчестеры 4) C:\Компьютеры",Нет,Нет
vpr_sd_945851,informatics,7,"Пользователь работал с каталогом C:\Лето\Рисунки\Пейзаж . Сначала он поднялся на один уровень вверх, затем еще раз поднялся на один уровень вверх и после этого спустился в каталог Фотографии . Укажите полный путь каталога, в котором оказался пользователь. 1) C:\Лето\Рисунки\Фотографии 2) C:\Лето\Фотографии 3) C:\Фотографии\Лето 4) C:\Фотографии",Нет,Нет
vpr_sd_945894,informatics,7,"В поисках нужного файла Саша последовательно переходил из каталога в каталог, при этом он несколько раз поднимался на один уровень вверх и несколько раз опускался на один уровень вниз. Полный путь каталога, с которым Саша начинал работу, С:\Контрольные\Рубежные\Информатика . Каким может быть полный путь каталога, в котором оказался Саша, если известно, что на уровень вниз он спускался меньше раз, ",Нет,Нет
vpr_sd_945901,informatics,7,"В некотором каталоге хранился файл Газета.doc , имевший полное имя С:\Сентябрь\Выпуск1\Газета.doc . Пользователь, находившийся в этом каталоге, поднялся на один уровень вверх, создал подкаталог Верстка и переместил в созданный подкаталог файл Газета.doc . Каково стало полное имя этого файла после перемещения? 1) С:\Сентябрь\Верстка\Газета.doc 2) С:\Bерстка\Сентябрь\Выпуск1\Газета.doc 3) С:\Верстка",Нет,Нет
vpr_sd_945995,informatics,7,"В некотором каталоге хранился файл Фото.jpg . После того как в этом каталоге создали подкаталог Лето и переместили в него файл Фото.jpg , полное имя файла стало C:\Документы\Фотографии\Лето\Фото.jpg . Укажите полное имя этого файла до перемещения. 1) C:\Документы\Фотографии\ 2) C:\Документы\Фотографии\Фото.jpg 3) C:\Фотографии\Документы\Фото.jpg 4) C:\Фотографии\Лето\Фото.jpg",Нет,Нет
vpr_sd_945912,informatics,7,"Пользователь находился в каталоге Расписание . Сначала он поднялся на один уровень вверх, затем спустился на один уровень вниз, потом еще раз спустился на один уровень вниз и еще раз спустился на один уровень вниз. В результате он оказался в каталоге С:\учеба\химия\ГИА . Укажите полный путь каталога, с которым пользователь начинал работу. 1) С:\учеба\химия\Расписание 2) С:\Расписание 3) С:\учеба\2",Нет,Нет
vpr_sd_945843,informatics,7,"Пользователь работал с каталогом Лирика . Сначала он поднялся на один уровень вверх, затем спустился в какой-то подкаталог текущего каталога. В результате пользователь оказался каталоге C :\Библиотека\Проза. Укажите полное имя каталога, в котором пользователь находился изначально. 1) C:\Лирика 2) C:\Библиотека\Лирика 3) C:\Библиотека\Лирика\Проза 4) C:\Проза\Лирика",Нет,Нет
vpr_sd_945850,informatics,7,"Пользователь работал с файлом C :\ www \ img \ weather \ rain . png Сначала он поднялся на один уровень вверх, затем создал каталог pic , в нем создал еще один каталог wallpape r и переместил туда файл rain . png . Каким стало полное имя файла после перемещения. 1) C:\www\pic\wallpaper\rain.png 2) C:\www\img\pic\rain.png 3) C:\www\img\pic\wallpaper\rain.png 4) C:\www\img\weather\pic\wallpaper\rain",Нет,Нет
vpr_sd_945866,informatics,7,"В некотором каталоге хранился файл с именем ex.pas . После того как в этом каталоге создали подкаталог Pascal и переместили в него файл ex.pas , полное имя файла стало C:\Olimp\Ivanov\Pascal\ex.pas Каким было полное имя этого файла до перемещения? 1) C:\Ivanov\Pascal\ex.pas 2) C:\Olimp\Pascal\ex.pas 3) C:\Olimp\Ivanov\Pascal\ex.pas 4) C:\Olimp\Ivanov\ex.pas",Нет,Нет
vpr_sd_945917,informatics,7,"Пользователь находился в каталоге Расписание . Сначала он поднялся на один уровень вверх, затем спустился на один уровень вниз, потом еще раз спустился на один уровень вниз. В результате он оказался в каталоге С:\учеба\математика\ГИА . Укажите полный путь каталога, с которым пользователь начинал работу. 1) С:\учеба\2013\Расписание 2) С:\учеба\Расписание 3) С:\Расписание 4) С:\учеба\математика\Расп",Нет,Нет
vpr_sd_945882,informatics,7,"Ученик работал с каталогом С:\Лето\Растения\Ежевика . Сначала он поднялся на один уровень вверх, затем спустился на один уровень вниз в каталог Полив , потом еще раз поднялся на один уровень вверх и после этого спустился в каталог Уход . Запишите полный путь каталога, в котором оказался ученик. 1) С:\Лето\Растения\Полив 2) С:\Лето\Растения\Уход 3) С:\Лето\Уход 4) С:\Полив",Нет,Нет
vpr_sd_945867,informatics,7,"Пользователь работал с каталогом Логика . Сначала он поднялся на один уровень вверх, затем поднялся еще на один уровень вверх, потом спустился на один уровень вниз. В результате он оказался в каталоге C:\Школа\Уроки\Химия . Запишите возможный полный путь каталога, с которым пользователь начинал работу. 1) C:\Школа\Уроки\Информатика\Логика 2) C:\Школа\Уроки\Логика 3) C:\Школа\Логика 4) C:\Школа\Инф",Нет,Нет
vpr_sd_945836,informatics,7,"В некотором каталоге хранился файл с именем сирень. jpg . После того как в этом каталоге создали подкаталог Цветы и переместили в него файл сирень. jpg , полное имя файла стало D :\Марина\Рисунки\Цветы\сирень. jpg Каким было полное имя этого файла до перемещения? 1) D:\Рисунки\Цветы\сирень.jpg 2) D:\Марина\Цветы\сирень.jpg 3) D:\Марина\Рисунки\ 4) D:\Марина\Рисунки\сирень.jpg",Нет,Нет
vpr_sd_945838,informatics,7,"Пользователь работал с каталогом C:\Проект\Задание . Сначала он поднялся на один уровень вверх, затем спустился в каталог Практика , далее еще раз поднялся на один уровень вверх и после этого спустился в каталог Теория . Укажите полный путь каталога, в котором оказался пользователь. 1) C:\Проект\Теория 2) C:\Проект\Задание\Теория 3) C:\Теория 4) C:\Теория\Практика",Нет,Нет
vpr_sd_945899,informatics,7,"В поисках нужного файла Петя последовательно переходил из каталога в каталог, при этом он несколько раз поднимался на один уровень вверх и несколько раз опускался на один уровень вниз. Полный путь каталога, с которым Петя начинал работу: С:\Питомцы\Попугайчики . Каким может быть полный путь каталога, в котором оказался Петя, если известно, что на уровень вниз он спускался больше раз, чем поднималс",Нет,Нет
vpr_sd_945839,informatics,7,"Пользователь работал с каталогом C:\Учеба\Физика\Задания . Сначала он поднялся на один уровень вверх, затем еще раз поднялся на один уровень вверх и после этого спустился в каталог География , далее спустился в каталог Оценки . Укажите полный путь каталога, в котором оказался пользователь. 1) C:\География\Оценки 2) C:\Оценки\География 3) C:\Учеба\Физика\География\Оценки 4) C:\Учеба\География\Оценк",Нет,Нет
vpr_sd_945907,informatics,7,"В каталоге Июнь хранился файл Отчет.dос . Позже этот каталог перенесли в каталог Сданные , расположенный в корне диска C. Укажите полное имя этого файла после перемещения. 1) С:\Сданные\Июнь\Отчет.dос 2) С:\Июнь\Отчет.dос 3) C:\Отчет.doc 4) С:\Сданные\Отчет.doc",Нет,Нет
vpr_sd_945879,informatics,7,"Директор работал с каталогом D:\Школа\Ученики\Адреса . Сначала он поднялся на один уровень вверх, затем спустился на один уровень вниз в каталог Успеваемость , потом еще раз поднялся на один уровень вверх и после спустился в каталог Нарушения . Укажите полный путь каталога, в котором оказался директор. 1) D:\Школа\Ученики\Успеваемость 2) D:\Школа\Ученики\Нарушения 3) D:\Школа\Нарушения 4) D:\Школа",Нет,Нет
vpr_sd_945857,informatics,7,"Пользователь работал с каталогом Участники . После окончания работы с этим каталогом, он поднялся на два уровня вверх, затем спустился на один уровень вниз, потом еще раз спустился на один уровень вниз. В результате он оказался в каталоге C:\Конференция\Секции\Информатика Укажите возможный полный путь каталога, с которым пользователь начинал работу. 1) C:\Конференция\Регионы\Списки\Участники 2) C:",Нет,Нет
vpr_sd_945858,informatics,7,"Пользователь работал с каталогом Химия . Сначала он поднялся на один уровень вверх, затем спустился на один уровень вниз, потом еще раз спустился на один уровень вниз. В результате он оказался в каталоге C:\Школа\Уроки\Информатика Укажите полный путь каталога, с которым пользователь начинал работу. 1) C:\Школа\Уроки\1 четверть\Химия 2) C:\Химия 3) C:\Школа\Уроки\Химия 4) C:\Школа\Химия",Нет,Нет
vpr_sd_945908,informatics,7,"В некотором каталоге хранился файл Вьюга.doc , имевший полное имя D:\2013\Зима\Вьюга.doc В этом каталоге создали подкаталог Январь и файл Вьюга.doc переместили в созданный подкаталог. Укажите полное имя этого файла после перемещения. 1) D:\Январь\Вьюга.doc 2) D:\2013\Зима\Вьюга.doc 3) D:\2013\Январь\Вьюга.doc 4) D:\2013\Зима\Январь\Вьюга.doc",Нет,Нет
vpr_sd_945847,informatics,7,"Пользователь работал с каталогом C:\Учеба\Математика\Задания . Сначала он поднялся на один уровень вверх, затем еще раз поднялся на один уровень вверх и после этого спустился в каталог Биология , далее спустился в каталог Оценки . Укажите полный путь каталога, в котором оказался пользователь. 1) C:\Биология\Оценки 2) C:\Оценки\Биология 3) C:\Учеба\Математика\Биология\Оценки 4) C:\Учеба\Биология\Оц",Нет,Нет
vpr_sd_945919,informatics,7,"Пользователь находился в каталоге Расписание . Сначала он поднялся на один уровень вверх, затем спустился на один уровень вниз, потом еще раз спустился на один уровень вниз. В результате он оказался в каталоге С:\учеба\химия\ГИА . Укажите полный путь каталога, с которым пользователь начинал работу. 1) С:\учеба\химия\Расписание 2) С:\учеба\2013\Расписание 3) С:\учеба\Расписание 4) С:\Расписание",Нет,Нет
vpr_sd_945903,informatics,7,"Пользователь работал с каталогом Поэты . Сначала он поднялся на один уровень вверх, затем спустился на один уровень вниз, потом еще раз спустился на один уровень вниз. В результате он оказался в каталоге С:\Школа\Литература\Сочинения . Запишите полный путь каталога, с которым пользователь начинал работу. 1) С:\Школа\Поэты\Литература\Сочинения 2) С:\Школа\Поэты 3) С:\Школа\Литература\Поэты\Сочинени",Нет,Нет
vpr_sd_945915,informatics,7,"Пользователь находился в каталоге Расписание .Сначала он поднялся на один уровень вверх, затем спустился на один уровень вниз, потом еще раз спустился на один уровень вниз и еще раз спустился на один уровень вниз. В результате он оказался в каталоге С:\учеба\информатика\ГИА . Укажите полный путь каталога, с которым пользователь начинал работу. 1) С:\учеба\Расписание 2) С:\Расписание 3) С:\учеба\ин",Нет,Нет
vpr_sd_945896,informatics,7,"Пользователь работал с каталогом Школа . Сначала он поднялся на один уровень вверх, затем еще раз поднялся на один уровень вверх, а потом спустился на один уровень вниз. В результате он оказался в каталоге С:\Катя\Информатика . Каким может быть полный путь каталога, с которым пользователь начинал работу? 1) С:\Школа\Катя\Информатика 2) С:\Школа 3) С:\Программирование\Школа 4) С:\Катя\Информатика\Ш",Нет,Нет
vpr_sd_945875,informatics,7,"Дима хотел послушать музыку на компьютере, для этого ему нужно было включить музыкальный файл Белые_розы.mp3 . Он начал работу с каталога С:\Музыка\Хиты . Сначала он спустился на один уровень вниз, в каталог Ретро , затем поднялся на один уровень вверх, потом спустился на один уровень в каталог Лучшие и нашел там нужный музыкальный файл. Запишите полный путь к данному файлу. 1) С:\Музыка\Хиты\Лучш",Нет,Нет
vpr_sd_945889,informatics,7,"Марина Иванова, работая над проектом по литературе, создала следующие файлы: D:\Литература\Проект\Есенин.bmp D:\Учеба\Работа\Писатели.doc D:\Учеба\Работа\Поэты.doc D:\Литература\Проект\Пушкин. bmp D:\Литература\Проект\Стихотворения.doc Укажите полное имя папки, которая останется пустой при удалении всех файлов с расширением .doc . Считайте, что других файлов и папок на диске D нет. 1) Литература 2",Нет,Нет
vpr_sd_945890,informatics,7,"В некотором каталоге хранится файл Компот.doc . После того, как в этом каталоге создали подкаталог и переместили туда файл Компот.doc , его полное имя стало С:\Дом\Рецепты\Напитки\Компот.doc. Каково имя созданного подкаталога? 1) Дом 2) Рецепты 3) Напитки 4) С:\Дом\Рецепты В ответе укажите номер правильного варианта.",Нет,Нет
vpr_sd_946152,informatics,7,"Вася и Петя играли в шпионов и кодировали сообщение собственным шифром. Фрагмент кодовой таблицы приведен ниже: К | Л | М | Н | О | П // @ + | ~ + | + @ | @ ~ + | + | ~ Определите, из скольких букв состоит сообщение, если известно, что буквы в нем не повторяются: + ~ + ~ @ ~ +",Нет,Нет
vpr_sd_946175,informatics,7,"От разведчика была получена следующая шифрованная радиограмма, переданная с использованием азбуки Морзе: •••−••−•••−•−••− При передаче радиограммы было потеряно разбиение на буквы, но известно, что в радиограмме использовались только следующие буквы: Т | А | У | Ж | Х // − | •− | ••− | •••− | •••• Определите текст радиограммы. В ответе укажите, сколько букв было в исходной радиограмме.",Нет,Нет
vpr_sd_946135,informatics,7,Сколько аудиофайлов размером 1 Гбайт может уместиться на Flash⁠-⁠карте объемом 8 Гбайт?,Нет,Нет
vpr_sd_946130,informatics,7,Сколько видеофайлов размером 4 Гбайт может уместиться на Flash⁠-⁠карте объемом 128 Гбайт?,Нет,Нет
vpr_sd_946141,informatics,7,Сколько документов размером 10 Мбайт может уместиться на Flash⁠-⁠карте объемом 20 Гбайт?,Нет,Нет
vpr_sd_946098,informatics,7,"Сообщение, записанное буквами 64⁠-⁠символьного алфавита, содержит 40 символов. Чему равен информационный объем этого сообщения в байтах?",Нет,Нет
vpr_sd_946111,informatics,7,"Сообщение, записанное буквами 16⁠-⁠символьного алфавита, содержит 32 символа. Чему равен информационный объем этого сообщения в байтах?",Нет,Нет
vpr_sd_946101,informatics,7,"Сообщение, записанное буквами 4⁠-⁠символьного алфавита, содержит 100 символов. Чему равен информационный объем этого сообщения в байтах?",Нет,Нет
vpr_sd_945356,informatics,7,"Выберите устройства, подключаемые к компьютеру через USB⁠-порт, и запишите в ответе их номера в порядке возрастания. 1) наушники 2) принтер 3) клавиатуру 4) флешку 5) мышь 6) веб-камеру 7) игровую приставку 8) телефон",Нет,Нет
vpr_sd_945853,informatics,7,"В некотором каталоге хранился файл с именем kit . doc . После того как в этом каталоге создали подкаталог Kit 10 и переместили в него файл kit. doc , полное имя файла стало C:\Doc\Russia\Konkurs\Kit10\kit.doc Каким было полное имя этого файла до перемещения? 1) C:\Doc\Russia\Kit10\kit.doc 2) C:\Doc\Konkurs\Kit10\kit.doc 3) C:\Doc\Russia\Konkurs\kit.doc 4) C:\Doc\Russia\kit.doc",Нет,Нет
vpr_sd_945775,informatics,7,"Установите соответствие между расширениями и типами файлов: для каждой позиции первого столбца, обозначенной буквами, подберите соответствующую позицию из второго столбца, обозначенную цифрой. РАСШИРЕНИЯ A) 7z Б) odp В) xlsx Г) xls Д) ods ТИПЫ ФАЙЛОВ 1) архив 2) презентация 3) таблица Запишите в таблицу выбранные цифры под соответствующими буквами. А | Б | В | Г | Д // | | | |",Нет,Нет
vpr_sd_945754,informatics,7,"Доступ к файлу happy.htm , находящемуся на сервере sibline.ru , осуществляется по протоколу http . Фрагменты адреса файла закодированы буквами от А до Ж. Запишите последовательность этих букв, кодирующую адрес указанного файла в сети Интернет. А) / Б) sibline В) .htm Г) :// Д) .ru Е) happy Ж) http",Нет,Нет
vpr_sd_945711,informatics,7,"Приведены запросы к поисковому серверу. Для каждого запроса указан его код — соответствующая буква от А до Г. Расположите коды запросов слева направо в порядке возрастания количества страниц, которые нашел поисковый сервер по каждому запросу. По всем запросам было найдено разное количество страниц. Для обозначения логической операции «ИЛИ» в запросе используется символ «|», а для логической операц",Нет,Нет
vpr_sd_945694,informatics,7,"На собрание пришли три человека: Сергей, Дмитрий, Павел. Фамилии людей — Петров, Сидоров, Дмитриев. Дмитрий, разговаривая с Сидоровым, отметил, что ни у одного из них первая буква своего имени и первая буква своей фамилии не совпадают. Соотнесите имена и фамилии. Имена: A) Сергей Б) Дмитрий В) Павел Фамилии: 1) Петров 2) Сидоров 3) Дмитриев Запишите в ответ цифры, расположив их в порядке, соответс",Нет,Нет
vpr_sd_946157,informatics,7,"От разведчика была получена следующая шифрованная радиограмма, переданная с использованием азбуки Морзе: •−••−•−−•−−−••−−• При передаче радиограммы было потеряно разбиение на буквы, но известно, что в радиограмме использовались только следующие буквы: И | А | Н | Г | Ч // •• | •− | −• | −−• | −−−• Определите текст радиограммы.",Нет,Нет
vpr_sd_946126,informatics,7,Сколько видеофайлов размером 5 Гбайт может уместиться на Flash⁠-⁠карте объемом 256 Гбайт?,Нет,Нет
vpr_sd_946065,informatics,7,Передача файла размером 3750 Кбайт через некоторое соединение заняла 2 минуты. Какова скорость передачи данных через это соединение в битах в секунду? В ответе укажите одно число — скорость передачи в бит/с. Единицы измерения писать не нужно.,Нет,Нет
vpr_sd_946054,informatics,7,"В кодировке КОИ-8 каждый символ кодируется 8 битами. Андрей написал текст (в нем нет лишних пробелов): «Чад, Куба, Катар, Швеция, Эстония, Танзания, Сальвадор — страны». Ученик вычеркнул из списка название одной из стран. Заодно он вычеркнул ставшие лишними запятые и пробелы — два пробела не должны идти подряд. При этом размер нового предложения в данной кодировке оказался на 11 байтов меньше, чем",Нет,Нет
vpr_sd_946021,informatics,7,Какой цвет в цветовой модели RGB кодируется как 255 255 255? 1) Черный 2) Белый 3) Серый 4) Красный,Нет,Нет
vpr_sd_945983,informatics,7,"В повести Н. В. Гоголя «Тарас Бульба», текст которой приведен в подкаталоге каталога Проза , один из персонажей говорит другому, за сколько червонцев можно побрить полбороды. С помощью поисковых средств текстового редактора выясните эту цену. Ответ запишите цифрами. Проза.zip",Нет,Нет
vpr_sd_945923,informatics,7,"Создайте в текстовом редакторе документ и напишите в нем следующий текст, точно воспроизведя все оформление текста, имеющееся в образце. Данный текст должен быть набран шрифтом размером 14 пунктов обычного начертания. Отступ первой строки первого абзаца основного текста — 1 см. Расстояние между строками текста не менее одинарного, но не более полуторного междустрочного интервала. Основной текст вы",Нет,Да
vpr_sd_945369,informatics,7,"Нарисуйте в любом графическом редакторе или редакторе презентаций изображение: три прямоугольника, четыре линии, три текстовых фрагмента. Изображение сохраните в файле, имя которого Вам сообщат организаторы.",Нет,Да
vpr_sd_945848,informatics,7,"Пользователь работал с файлом C :\ www \ img \ weather \ sun . bmp . Сначала он поднялся на один уровень вверх, затем поднялся еще на один уровень вверх, создал каталог docs и переместил туда файл sun . bmp . Каким стало полное имя файла после перемещения. 1) C:\www\img\docs\sun.bmp 2) C:\docs\sun.bmp 3) C:\www\img\weather\docs\sun.bmp 4) C:\www\docs\sun.bmp",Нет,Нет
vpr_sd_945832,informatics,7,"В некотором каталоге хранился файл с именем vedom. xls . После того как в этом каталоге создали подкаталог Mars и переместили в него файл vedom . xls , полное имя файла стало C:\User\School\Mars \ vedom.xls Каким было полное имя этого файла до перемещения? 1) C:\User\vedom.xls 2) C:\School\Mars\vedom.xls 3) C:\User\Mars\vedom.xls 4) C:\User\School\vedom.xls",Нет,Нет
vpr_sd_945860,informatics,7,"Пользователь работал с каталогом Лето . Сначала он поднялся на один уровень вверх, затем спустился на один уровень вниз, потом еще раз спустился на один уровень вниз. В результате он оказался в каталоге C :\Фото\Экскурсии\Псков Укажите полный путь каталога, с которым пользователь начинал работу. 1) C :\Лето 2) C :\Фото\Лето 3) C :\Фото\Тула\Лето 4) C :\Фото\Экскурсии\Лето",Нет,Нет
vpr_sd_945826,informatics,7,"Пользователь работал с каталогом Подготовка . Сначала он поднялся на один уровень вверх, затем спустился на один уровень вниз, потом еще раз спустился на один уровень вниз. В результате он оказался в каталоге C :\ГИА\Задания\График Укажите полный путь каталога, с которым пользователь начинал работу. 1) C:\ГИА\Документы\Редактирование\Подготовка 2) C:\Подготовка 3) C:\ГИА\Документы\Подготовка 4) C:",Нет,Нет
vpr_sd_945865,informatics,7,"В некотором каталоге хранился файл Том 1 , имевший полное имя D:\Литература\20 век\Том 1 . В этом каталоге создали подкаталог Шолохов и переместили в созданный подкаталог файл Том 1 . Каково стало полное имя этого файла после перемещения? 1) D:\Литература\20 век\Шолохов\Том 1 2) D:\Литература\Шолохов\Том 1 3) D:\Шолохов\Том 1 4) D:\Шолохов\Литература\20 век\Том 1",Нет,Нет
vpr_sd_945840,informatics,7,"Пользователь начал работу в каталоге Отчет . Сначала он поднялся на один уровень вверх, затем спустился на один уровень вниз, потом еще раз спустился на один уровень вниз, потом еще раз спустился на один уровень вниз. В результате он оказался в каталоге C :\Школа\Дежурство\График Укажите возможный полный путь каталога, в котором пользователь начинал работу. 1) C:\Школа\Документы\Редактирование\Отч",Нет,Нет
vpr_sd_945854,informatics,7,"Пользователь работал с каталогом Подготовка . Сначала он поднялся на один уровень вверх, затем спустился на один уровень вниз, потом еще раз спустился на один уровень вниз, потом еще раз спустился на один уровень вниз. В результате он оказался в каталоге C :\ГИА\Excel\Таблицы Укажите полный путь каталога, с которым пользователь начинал работу. 1) C:\ГИА\Текст\Редактирование\Подготовка 2) C :\Подго",Нет,Нет
vpr_sd_945909,informatics,7,В некотором каталоге хранился файл Вьюга.doc . В этом каталоге создали подкаталог Январь и файл Вьюга.doc переместили в созданный подкаталог. Полное имя файла стало D:\2013\Зима\Январь\Вьюга.doc . Укажите полное имя этого файла до перемещения. 1) D:\2013\Зима\Январь\Вьюга.doc 2) D:\2013\Вьюга.doc 3) D:\2013\Январь\Вьюга.doc 4) D:\2013\Зима\Вьюга.doc,Нет,Нет
vpr_sd_945833,informatics,7,"Пользователь начал работу в каталоге Отчет . Сначала он поднялся на один уровень вверх, затем спустился на один уровень вниз, потом еще раз спустился на один уровень вниз. В результате он оказался в каталоге C :\Школа\Дежурство\График Укажите возможный полный путь каталога, в котором пользователь начинал работу. 1) C:\Школа\Документы\Редактирование\Отчет 2) C:\Школа\Отчет 3) C:\Школа\Документы\Отч",Нет,Нет
vpr_sd_945855,informatics,7,"Пользователь работал с каталогом Задачи . Сначала он поднялся на один уровень вверх, потом еще раз поднялся на один уровень вверх, затем спустился на один уровень вниз. В результате он оказался в каталоге C:\Документы\Физика Укажите возможный полный путь каталога, с которым пользователь начинал работу. 1) C:\Документы\Задачи 2) C:\Документы\Математика\Задачи 3) C:\Документы\Математика\Алгебра\Зада",Нет,Нет
vpr_sd_945829,informatics,7,"Пользователь работал с каталогом C:\Физика\Задачи\Кинематика . Сначала он поднялся на один уровень вверх, потом спустился в каталог Экзамен и после этого спустился в каталог Кинематика . Укажите полный путь того каталога, в котором оказался пользователь. 1) С:\Физика\Кинематика\Экзамен 2) С:\Физика\Задачи\Экзамен\Кинематика 3) С:\Физика\Экзамен\Кинематика 4) С:\Физика\Задачи\Кинематика",Нет,Нет
vpr_sd_945911,informatics,7,В некотором каталоге хранился файл Ландыш.dос . В этом каталоге создали подкаталог Май и файл Ландыш.dос переместили в созданный подкаталог. Полное имя файла стало D:\2013\Весна\Май\Ландыш.dос . Укажите полное имя этого файла до перемещения. 1) D:\2013\Май\Ландыш.doc 2) D:\2013\Весна\Май\Ландыш.doc 3) D:\2013\Весна\Ландыш.doc 4) D:\2013\Ландыш.doc,Нет,Нет
vpr_sd_945820,informatics,7,"Пользователь сначала работал с файлом C :\ Work \9 class \ documents \ anketa . doc . Потом он переместился на 1 уровень вверх, создал каталог otchet и перенес файл в новый каталог. Укажите новое полное имя данного файла? 1) C:\Work\9class\documents\otchet\anketa.doc 2) C:\Work\9class\otchet\anketa.doc 3) Work\9class\otchet\anketa.doc 4) C:\Work\otchet\anketa.doc",Нет,Нет
vpr_sd_945880,informatics,7,"В некотором каталоге хранился файл Хризантема.doc , имевший полное имя D:\2013\Осень\Хризантема.doc . В этом каталоге создали подкаталог Ноябрь и файл Хризантема.doc переместили в созданный подкаталог. Укажите полное имя этого файла после перемещения. 1) D:\2013\Осень\Ноябрь\Хризантема.doc 2) D:\Ноябрь\Хризантема.doc 3) D:\2013\Осень\Хризантема.doc 4) D:\2013\Ноябрь\Хризантема.doc",Нет,Нет
vpr_sd_946003,informatics,7,"Какой цвет получится, если все три числа в коде RGB будут одинаковые? 1) Радужный 2) Серый 3) Зеленый 4) Синий",Нет,Нет
vpr_sd_946000,informatics,7,"Как в цветовой модели RGB кодируется синий цвет? Три числа в скобках около каждого варианта ответа — это десятичные коды каждого цвета в модели RGB, которые имеют значения от 0 до 255. 1) (255, 0, 0) 2) (0, 255, 0) 3) (0, 0, 255) 4) (255, 255, 255)",Нет,Нет
vpr_sd_946012,informatics,7,Какой цвет в цветовой модели RGB кодируется как 0 0 255? 1) Красный 2) Фиолетовый 3) Синий 4) Серый,Нет,Нет
vpr_sd_946007,informatics,7,"Как в цветовой модели RGB кодируется зеленый цвет? Три числа в скобках около каждого варианта ответа — это десятичные коды каждого цвета в модели RGB, которые имеют значения от 0 до 255. 1) (255, 0, 0) 2) (0, 0, 255) 3) (0, 255, 0) 4) (255, 255, 0)",Нет,Нет
vpr_sd_946017,informatics,7,Какой цвет в цветовой модели RGB кодируется как 0 0 255? 1) Синий 2) Красный 3) Желтый 4) Зеленый,Нет,Нет
vpr_sd_946006,informatics,7,"Как в цветовой модели RGB кодируется красный цвет? Три числа в скобках около каждого варианта ответа — это десятичные коды каждого цвета в модели RGB, которые имеют значения от 0 до 255. 1) (0, 255, 0) 2) (255, 0, 0) 3) (0, 0, 255) 4) (255, 255, 0)",Нет,Нет
vpr_sd_945877,informatics,7,"Пользователь работал с каталогом Декабрь. Сначала он поднялся на один уровень вверх, потом спустился на один уровень вниз и еще раз спустился на один уровень вниз. В результате он оказался в каталоге C:\Календарь\Зима\Январь\17\ Укажите полный путь каталога, с которым пользователь начинал работу. 1) C:\Календарь\Декабрь\ 2) C:\Календарь\Зима\ 3) C:\Календарь\Зима\Декабрь\ 4) C:\Календарь\Декабрь\1",Нет,Нет
vpr_sd_945892,informatics,7,"В поисках нужного файла Игорь последовательно переходил из каталога в каталог, при этом он несколько раз поднимался на один уровень вверх и несколько раз опускался на один уровень вниз. Полный путь каталога, с которым Игорь начинал работу: С:\Собаки\Охота . Каким может быть полный путь каталога, в котором оказался Игорь, если известно, что на уровень вниз он спускался больше раз, чем поднимался вв",Нет,Нет
vpr_sd_945904,informatics,7,"В некотором каталоге хранился файл Сирень.doc , имевший полное имя D:\2013\Лето\Сирень.doc . В этом каталоге создали подкаталог Июнь и файл Сирень.doc переместили в созданный подкаталог. Укажите полное имя этого файла после перемещения. 1) D:\2013\Лето\Сирень.doc 2) D:\2013\Лето\Июнь\Сирень.doc 3) D:\2013\Июнь\Сирень.doc 4) D:\Июнь\Сирень.doc",Нет,Нет
vpr_sd_945842,informatics,7,"Пользователь работал с каталогом D :\Информатика\Таблицы . Сначала он поднялся на один уровень вверх и перешел в каталог Алгоритмы , затем спустился в каталог Программы и открыл файл sort . pas . Укажите полное имя открытого файла. 1) D:\Таблицы\Программы\sort.pas 2) D:\Информатика\Программы\sort.pas 3) D:\Алгоритмы\Программы\sort.pas 4) D:\Информатика\Алгоритмы\Программы\sort.pas",Нет,Нет
vpr_sd_945897,informatics,7,"Пользователь работал с каталогом Последовательности . Сначала он поднялся на один уровень вверх, затем еще раз поднялся на один уровень вверх, а потом спустился на один уровень вниз. В результате он оказался в каталоге С:\Кружок\Естественнонаучный . Запишите полный путь каталога, с которым пользователь начинал работу. 1) С:\Кружок\Математика\Последовательности 2) С:\Математика\Кружок\Последователь",Нет,Нет
vpr_sd_945859,informatics,7,"Пользователь начал работу в каталоге Отчет . Сначала он поднялся на один уровень вверх, затем еще раз поднялся на один уровень вверх, потом спустился на один уровень вниз, потом еще раз спустился на один уровень вниз. В результате он оказался в каталоге C:\Школа\Дежурство\График Укажите возможный полный путь каталога, в котором пользователь начинал работу. 1) C:\Школа\Документы\Редактирование\Отче",Нет,Нет
vpr_sd_945918,informatics,7,"Пользователь находился в каталоге Расписание . Сначала он поднялся на один уровень вверх, затем еще раз поднялся на один уровень вверх, потом спустился на один уровень вниз. В результате он оказался в каталоге С:\учеба\математика\ГИА . Укажите полный путь каталога, с которым пользователь начинал работу. 1) С:\учеба\Расписание 2) С:\учеба\математика\Расписание 3) С:\учеба\2013\Расписание 4) С:\учеб",Нет,Нет
vpr_sd_945885,informatics,7,"Сдав доклад по истории на «отлично», ученик перенес папку, полный путь до которой был D:\Учеба\История\1917 в папку Сданные , расположенную в корне диска С . Укажите полный путь к файлу Гражданская_война.txt , расположенному в папке 1917 . 1) С:\Сданные\Гражданская_война.txt 2) Сданные\1917\Гражданская_война.txt 3) С:\Сданные\1917\Гражданская_война.txt 4) С:\Учеба\История\1917\Гражданская_война.tx",Нет,Нет
vpr_sd_945906,informatics,7,"В некотором каталоге хранился файл Хризантема.doc, имевший полное имя D:\2013\Осень\Хризантема.doc. В этом каталоге создали подкаталог Ноябрь и файл Хризантема.doc переместили в созданный подкаталог. Укажите полное имя этого файла после перемещения. 1) D:\2013\Осень\Ноябрь\Хризантема. doc 2) D:\Ноябрь\Хризантема.doc 3) D:\2013\Осень\Хризантема.doc 4) D:\2013\Ноябрь\Хризантема.doc",Нет,Нет
vpr_sd_945852,informatics,7,"В некотором каталоге хранился файл Том 1, имевший полное имя D :\Литература\20 век\Том 1 . Пользователь, находившийся в этом каталоге, поднялся на два уровня вверх, создал подкаталог Шолохов и переместил в созданный подкаталог файл Том 1 . Каково стало полное имя этого файла после перемещения? 1) D:\Литература\Шолохов\Том 1 2) D:\20 век\Шолохов\Том 1 3) D:\Литература\20 век\Шолохов\Том 1 4) D:\Шол",Нет,Нет
vpr_sd_945845,informatics,7,"Пользователь начал работу в каталоге Отчет . Сначала он поднялся на один уровень вверх, затем еще раз поднялся на один уровень вверх, потом спустился на один уровень вниз. В результате он оказался в каталоге C :\Школа\Документы\График Укажите возможный полный путь каталога, в котором пользователь начинал работу. 1) C:\Школа\Документы\Новые\Отчет 2) C:\Школа\Отчет 3) C:\Школа\Документы\Отчет 4) C:\",Нет,Нет
vpr_sd_945910,informatics,7,"В некотором каталоге хранился файл Ландыш.dос , имевший полное имя D:\2013\Весна\Ландыш.doc В этом каталоге создали подкаталог Май и файл Ландыш.doc переместили в созданный подкаталог. Укажите полное имя этого файла после перемещения. 1) D:\2013\Весна\Май\Ландыш.doc 2) D:\2013\Весна\Ландыш.doc 3) D:\2013\Май\Ландыш.doc 4) D:\Май\Ландыш.doc",Нет,Нет
vpr_sd_945905,informatics,7,В некотором каталоге хранился файл Сирень.doc . В этом каталоге создали подкаталог Июнь и файл Сирень.doc переместили в созданный подкаталог. Полное имя файла стало D:\2013\Лето\Июнь\Сирень.doc Укажите полное имя этого файла до перемещения. 1) D:\2013\Лето\Сирень.doc 2) D:\2013\Сирень.doc 3) D:\2013\Лето\Июнь\Сирень.doc 4) D:\2013\Июнь\Сирень.doc,Нет,Нет
vpr_sd_945913,informatics,7,"Пользователь находился в каталоге Расписание . Сначала он поднялся на один уровень вверх, затем спустился на один уровень вниз, потом еще раз спустился на один уровень вниз. В результате он оказался в каталоге С:\учеба\информатика\ГИА . Укажите полный путь каталога, с которым пользователь начинал работу. 1) С:\учеба\2013\Расписание 2) С :\учеба\информатика\Расписание 3) С:\Расписание 4) С:\учеба\Р",Нет,Нет
vpr_sd_945849,informatics,7,"Пользователь работал с каталогом С:\Документы\Реферат\География . Затем он поднялся на два уровня вверх, перешел в подкаталог Фотографии и открыл файл Фауна. jpg . Укажите полное имя открытого файла. 1) С:\Документы\ Фотографии \География\Фауна.jpg 2) С:\Документы\Реферат\ Фотографии \Фауна.jpg 3) С:\Документы\Фотографии\Природа\Фауна.jpg 4) С:\Документы\Фотографии\Фауна.jpg",Нет,Нет
vpr_sd_945824,informatics,7,"В некотором каталоге хранился файл с именем vizit . htm . После того как в этом каталоге создали подкаталог School и переместили в него файл vizit . htm , полное имя файла стало C:\Document\Syte\School\ vizit .htm Каким было полное имя этого файла до перемещения? 1) C:\Document\School\Syte\vizit.htm 2) C:\Syte\School\vizit.htm 3) C:\Document\School\vizit.htm 4) C:\Document\Syte\vizit.htm",Нет,Нет
vpr_sd_945864,informatics,7,"Пользователь работал с каталогом C:\Физика\Задачи\Кинематика . Сначала он поднялся на один уровень вверх, затем еще раз поднялся на один уровень вверх и после этого спустился в каталог Экзамен . Укажите полный путь каталога, в котором оказался пользователь. 1) С:\Физика\Задачи\Экзамен 2) С:\Физика 3) С:\Экзамен 4) С:\Физика\Экзамен",Нет,Нет
vpr_sd_945834,informatics,7,"Пользователь работал с каталогом Участники . Сначала он поднялся на один уровень вверх, затем спустился на один уровень вниз, потом еще раз спустился на один уровень вниз. В результате он оказался в каталоге C :\Конференция\Секции\Информатика Укажите полный путь каталога, с которым пользователь начинал работу. 1) C:\Конференция\Регионы\Списки\Участники 2) C:\Конференция\Участники 3) C:\Конференция",Нет,Нет
vpr_sd_945841,informatics,7,"В некотором каталоге хранился файл work 1. doc . После того, как в этом каталоге создали новый подкаталог и переместили файл work 1. doc в созданный подкаталог, полное имя файла стало C:\ document \9 class \math\ work 1. doc . Каким было полное имя данного файла до перемещения? 1) C:\document\9class\work1.doc 2) work1.doc 3) C:\document\work1.doc 4) document\9class\work1.doc",Нет,Нет
vpr_sd_945876,informatics,7,"Риэлтор работал с каталогом D:\Квартиры\Цены\Дорогие. Сначала он поднялся на один уровень вверх, затем спустился на один уровень вниз в каталог Премиум , потом он спустился еще на один уровень в каталог Центральный , потом поднялся на один уровень вверх. Укажите полный путь каталога, в котором оказался пользователь. 1) D:\ Квартиры\Цены\Центральный 2) D:\Центральный 3) D:\Цены\Квартиры 4) D:\Кварт",Нет,Нет
vpr_sd_945837,informatics,7,"Пользователь работал с каталогом D :\Фотографии\Дом\Кошка . Сначала он поднялся на два уровня вверх, потом спустился в каталог Экзамен и после этого спустился в каталог Сочинение . Укажите полный путь того каталога, в котором оказался пользователь. 1) D:\ Сочинение\Экзамен 2) D:\ Экзамен\Сочинение 3) D:\Фотографии\Экзамен\Сочинение 4) D:\Фотографии\Сочинение\Экзамен",Нет,Нет
vpr_sd_945984,informatics,7,"От разведчика была получена следующая шифрованная радиограмма, переданная с использованием азбуки Морзе: •−−••−••−•−−−−− При передаче радиограммы было потеряно разбиение на буквы, но известно, что в радиограмме использовались только следующие буквы: А | В | Л | О | П | Р // •– | •−− | •−•• | −−− | •−−• | •−• Расшифруйте радиограмму. Запишите в ответе расшифрованную радиограмму.",Нет,Нет
vpr_sd_946162,informatics,7,"От разведчика была получена следующая шифрованная радиограмма, переданная с использованием азбуки Морзе: −•−•−••−−•−− При передаче радиограммы было потеряно разбиение на буквы, но известно, что в радиограмме использовались только следующие буквы: Т | А | У | Ж | Х // − | •− | ••− | •••− | •••• Определите текст радиограммы. В ответе укажите, сколько букв было в исходной радиограмме.",Нет,Нет
vpr_sd_946145,informatics,7,Сколько документов размером 4 Мбайт может уместиться на Flash⁠-⁠карте объемом 2 Гбайт?,Нет,Нет
vpr_sd_946132,informatics,7,Сколько изображений размером 10 Мбайт может уместиться на Flash⁠-⁠карте объемом 4 Гбайт?,Нет,Нет
vpr_sd_946143,informatics,7,Сколько аудиофайлов размером 64 Мбайт может уместиться на Flash⁠-⁠карте объемом 4 Гбайт?,Нет,Нет
vpr_sd_946100,informatics,7,"Сообщение, записанное буквами 32⁠-⁠символьного алфавита, содержит 256 символов. Чему равен информационный объем этого сообщения в байтах?",Нет,Нет
vpr_sd_946104,informatics,7,"Сообщение, записанное буквами 64⁠-⁠символьного алфавита, содержит 80 символов. Чему равен информационный объем этого сообщения в байтах?",Нет,Нет
vpr_sd_945898,informatics,7,"Пользователь работал с каталогом Девочки . Сначала он поднялся на один уровень вверх, затем спустился на один уровень вниз, потом еще раз спустился на один уровень вниз. В результате он оказался в каталоге С:\Школа\Ученики\9класс . Запишите полный путь каталога, с которым пользователь начинал работу. 1) С:\Школа\Ученики\9класс\Девочки 2) С:\Школа\Девочки\9класс 3) С:\Школа\9класс\Девочки 4) С:\Шко",Нет,Нет
vpr_sd_945844,informatics,7,"Пользователь работал с каталогом Архив . Сначала он поднялся на один уровень, затем перешел в какой-то подкаталог текущего каталога и еще раз перешел в какой-то подкаталог текущего каталога. В результате пользователь оказался в каталоге C:\Данные\Документы\2009 . Укажите полное имя каталога, в котором пользователь находился первоначально. 1) C:\Данные\Документы\Архив 2) C:\Архив\Документы\2009 3) ",Нет,Нет
vpr_sd_945872,informatics,7,"Директор работал с каталогом D:\Школа\Ученики\Адреса . Сначала он поднялся на один уровень вверх, затем спустился на один уровень вниз в каталог Успеваемость , потом еще раз спустился на один уровень вниз в каталог Отличники . Укажите полный путь каталога, в котором оказался директор. 1) D:\Школа\Ученики\Успеваемость 2) D:\Школа\Успеваемость\Отличники 3) D:\Школа\Ученики\Успеваемость\Отличники 4) ",Нет,Нет
vpr_sd_945902,informatics,7,"Пользователь работал с каталогом Автомобили . Сначала он поднялся на один уровень вверх, затем спустился на один уровень вниз, потом еще раз спустился на один уровень вниз. В результате он оказался в каталоге С:\Транспорт\Сухопутный\Почтовый\Железнодорожный . Запишите полный путь каталога, с которым пользователь начинал работу. 1) С:\Транспорт\Сухопутный\Автомобили 2) С:\Транспорт\Сухопутный\Почто",Нет,Нет
vpr_sd_945881,informatics,7,"Ученик работал с каталогом С:\Осень\Деревья\Клен . Сначала он поднялся на один уровень вверх, затем спустился на один уровень вниз в каталог Полив , потом еще раз поднялся на один уровень вверх и после этого спустился в каталог Уход . Запишите полный путь каталога, в котором оказался ученик. 1) С:\Осень\Деревья\Полив 2) С:\Осень\Уход 3) С:\Осень\Деревья\Уход 4) С:\Полив",Нет,Нет
vpr_sd_945891,informatics,7,"В некотором каталоге хранится файл Оценки.doc . После того, как в этом каталоге создали подкаталог и переместили туда файл Оценки.doc , его полное имя стало С:\Школа\Классы\9Б\Оценки.doc. Каково полное имя созданного подкаталога? 1) Классы 2) С:\Школа\Классы\9Б 3) С :\Школа\Классы 4) 9Б",Нет,Нет
vpr_sd_946008,informatics,7,Какой цвет в цветовой модели RGB кодируется как 255 255 255? 1) Черный 2) Серый 3) Белый 4) Коричневый,Нет,Нет
vpr_sd_946020,informatics,7,Какой цвет в цветовой модели RGB кодируется как 0 255 255? 1) Синий 2) Зеленый 3) Голубой 4) Черный,Нет,Нет
vpr_sd_946019,informatics,7,Какой цвет в цветовой модели RGB кодируется как 0 255 0? 1) Желтый 2) Красный 3) Синий 4) Зеленый,Нет,Нет
vpr_sd_946015,informatics,7,Какой цвет в цветовой модели RGB кодируется как 0 255 255? 1) Голубой 2) Желтый 3) Белый 4) Серый,Нет,Нет
vpr_sd_946022,informatics,7,Какой цвет в цветовой модели RGB кодируется как 0 0 0? 1) Черный 2) Белый 3) Серый 4) Зеленый,Нет,Нет
vpr_sd_946010,informatics,7,"Как в цветовой модели RGB кодируется желтый цвет? Три числа в скобках около каждого варианта ответа — это десятичные коды каждого цвета в модели RGB, которые имеют значения от 0 до 255. 1) (255, 255, 0) 2) (0, 255, 255) 3) (255, 0, 255) 4) (255, 0, 0)",Нет,Нет
vpr_sd_946004,informatics,7,"Как в цветовой модели RGB кодируется пурпурный цвет? Три числа в скобках около каждого варианта ответа — это десятичные коды каждого цвета в модели RGB, которые имеют значения от 0 до 255. 1) (255, 0, 255) 2) (0, 255, 255) 3) (255, 255, 0) 4) (255, 0, 0)",Нет,Нет
vpr_sd_946001,informatics,7,"Как в цветовой модели RGB кодируется белый цвет? Три числа в скобках около каждого варианта ответа — это десятичные коды каждого цвета в модели RGB, которые имеют значения от 0 до 255. 1) (0, 0, 0) 2) (100, 100, 100) 3) (255, 255, 255) 4) (255, 0, 255)",Нет,Нет
vpr_sd_946023,informatics,7,Какой цвет в цветовой модели RGB кодируется как 255 0 0? 1) Зеленый 2) Синий 3) Красный 4) Желтый,Нет,Нет
vpr_sd_946013,informatics,7,Какой цвет в цветовой модели RGB кодируется как 255 255 0? 1) Желтый 2) Оранжевый 3) Пурпурный 4) Голубой,Нет,Нет
vpr_sd_946002,informatics,7,"Как в цветовой модели RGB кодируется черный цвет? Три числа в скобках около каждого варианта ответа — это десятичные коды каждого цвета в модели RGB, которые имеют значения от 0 до 255. 1) (255, 255, 255) 2) (128, 128, 128) 3) (0, 0, 0) 4) (255, 0, 0)",Нет,Нет
vpr_sd_946011,informatics,7,"Как в цветовой модели RGB кодируется голубой цвет? Три числа в скобках около каждого варианта ответа — это десятичные коды каждого цвета в модели RGB, которые имеют значения от 0 до 255. 1) (0, 255, 0) 2) (255, 0, 255) 3) (0, 255, 255) 4) (255, 255, 0)",Нет,Нет
vpr_sd_945981,informatics,7,Какой цвет в цветовой модели RGB кодируется как 255 0 255? 1) Белый 2) Желтый 3) Пурпурный 4) Голубой,Нет,Нет
vpr_sd_946018,informatics,7,Какой цвет в цветовой модели RGB кодируется как 255 0 0? 1) Зеленый 2) Красный 3) Синий 4) Черный,Нет,Нет
vpr_sd_945354,informatics,7,Выберите устройства для ввода графической информации и запишите в ответе их номера в порядке возрастания. 1) ВЭБ-камера 2) клавиатура 3) графический планшет 4) принтер 5) процессор 6) проектор 7) модем 8) сканер,Нет,Нет
vpr_sd_945778,informatics,7,"Установите соответствие между расширениями и типами файлов: для каждой позиции первого столбца, обозначенной буквами, подберите соответствующую позицию из второго столбца, обозначенную цифрой. РАСШИРЕНИЯ A) jpg Б) doc В) mp3 Г) mov Д) png Е) rtf Ж) wav ТИПЫ ФАЙЛОВ 1) графический файл 2) аудиофайл 3) документ 4) видеофайл Запишите в таблицу выбранные цифры под соответствующими буквами. А | Б | В | ",Нет,Нет
vpr_sd_945736,informatics,7,"Доступ к файлу math.doc , находящемуся на сервере obr.ru , осуществляется по протоколу https . Фрагменты адреса файла закодированы цифрами от 1 до 7. Запишите последовательность этих цифр, кодирующую адрес указанного файла в сети Интернет. 1) obr 2) / 3) .ru 4) .doc 5) :// 6) math 7) https",Нет,Нет
vpr_sd_945691,informatics,7,"На прогулку пришли три мальчика: Тимур, Олег, Денис. Фамилии мальчиков — Дорофеев, Тимофеев, Орлов. Олег во время разговора с Дорофеевым заметил, что ни у одного из них первая буква своего имени и первая буква своей фамилии не совпадают. Соотнесите имена и фамилии. Имена: A) Тимур Б) Олег В) Денис Фамилии: 1) Дорофеев 2) Тимофеев 3) Орлов Запишите в ответ цифры, расположив их в порядке, соответств",Нет,Нет
vpr_sd_946166,informatics,7,"От разведчика была получена следующая шифрованная радиограмма, переданная с использованием азбуки Морзе: −•−−•−••−•−•••−− При передаче радиограммы было потеряно разбиение на буквы, но известно, что в радиограмме использовались только следующие буквы: С | У | А | М | Н // ••• | ••− | •− | −− | −• Определите текст радиограммы.",Нет,Нет
vpr_sd_945692,informatics,7,"На встречу пришли три женщины: Ольга, Юлия, Екатерина. Фамилии женщин — Ершова, Юдина, Орлова. Юлия во время беседы с Орловой заметила, что ни у одной из них первая буква своего имени и первая буква своей фамилии не совпадают. Соотнесите имена и фамилии. Имена: A) Ольга Б) Юлия В) Екатерина Фамилии: 1) Ершова 2) Юдина 3) Орлова Запишите в ответ цифры, расположив их в порядке, соответствующем буква",Нет,Нет
vpr_sd_945688,informatics,7,"На ужин пришли три мужчины: Георгий, Артем, Борис. Фамилии мужчин — Беляев, Артамонов, Громов. Артем с Громовым заметили, что ни у одного из мужчин первая буква своего имени и первая буква своей фамилии не совпадают. Соотнесите имена и фамилии. Имена: A) Георгий Б) Артем В) Борис Фамилии: 1) Беляев 2) Артамонов 3) Громов Запишите в ответ цифры, расположив их в порядке, соответствующем буквам. А | ",Нет,Нет
vpr_sd_945698,informatics,7,"На вечеринку пришли три девушки: Анна, Вера, Дарья. Фамилии девушек — Васильева, Дмитриева, Андреева. Вера обратила внимание Андреевой на то, что ни у одной из них первая буква своего имени и первая буква своей фамилии не совпадают. Соотнесите имена и фамилии. Имена: A) Анна Б) Вера В) Дарья Фамилии: 1) Васильева 2) Дмитриева 3) Андреева Запишите в ответ цифры, расположив их в порядке, соответству",Нет,Нет
vpr_sd_945707,informatics,8,"У исполнителя Калькулятор1 две команды, которым присвоены номера: 1. прибавь 1, 2. умножь на 5. Выполняя первую из них, Калькулятор1 прибавляет к числу на экране 1, а выполняя вторую, умножает его на 5. Программа для этого исполнителя — это последовательность номеров команд. Например, программа 121 задаёт такую последовательность команд: прибавь 1, умножить 5, прибавь 1, Эта программа преобразует,",Нет,Нет
vpr_sd_945715,informatics,8,"Исполнитель КАЛЬКУЛЯТОР имеет только две команды, которым присвоены номера: 1. вычти 1 2. умножь на 2 Выполняя команду номер 1, КАЛЬКУЛЯТОР вычитает из числа на экране 1, а выполняя команду номер 2, умножает число на экране на 2. Напишите программу, содержащую не более 4 команд, которая из числа 2 получает число 14. Укажите лишь номера команд. Например, программа 12211 – это программа: Вычти 1 умн",Нет,Нет
vpr_sd_945718,informatics,8,"У исполнителя Аккорд две команды, которым присвоены номера: 1. отними 1 2. умножь на 5 Выполняя первую из них, Аккорд отнимает от числа на экране 1, а выполняя вторую, умножает это число на 5. Запишите порядок команд в программе, которая содержит не более 5 команд и переводит число 5 в число 98. В ответе указывайте лишь номера команд, пробелы между цифрами не ставьте. Так, для программы умножь на ",Нет,Нет
vpr_sd_946096,informatics,8,"У исполнителя Удвоитель две команды, которым присвоены номера: 1. вычти 1 2. умножь на 2 Первая из них уменьшает число на экране на 1, вторая удваивает его. Составьте алгоритм получения из числа 5 числа 30, содержащий не более 5 команд. В ответе запишите только номера команд в соответствующей алгоритму последовательности. (Например, 12221 — это алгоритм: вычти 1, умножь на 2, умножь на 2, умножь н",Нет,Нет
vpr_sd_945714,informatics,8,"У исполнителя Аккорд две команды, которым присвоены номера: 1. отними 1, 2. умножь на 5. Выполняя первую из них, Аккорд отнимает от числа на экране 1, а выполняя вторую, умножает это число на 5. Запишите программу, которая содержит не более 5 команд и переводит число 6 в число 119. В ответе указывайте лишь номера команд, пробелы между цифрами не ставьте. Так, для программы умножь на 5, отними 1, о",Нет,Нет
vpr_sd_945704,informatics,8,"У исполнителя Аккорд-4 две команды, которым присвоены номера: 1. вычти 1 2. умножь на 4 Выполняя первую из них, Аккорд-4 вычитает из числа на экране 1, а выполняя вторую, умножает это число на 4. Запишите порядок команд в программе, которая содержит не более пяти команд и преобразует число 5 в число 62. Если таких программ более одной, то запишите любую из них. В ответе указывайте лишь номера кома",Нет,Нет
vpr_sd_945668,informatics,8,"Исполнитель Чертёжник перемещается на координатной плоскости, оставляя след в виде линии. Чертёжник может выполнять команду Сместиться на ( a, b ) (где a, b — целые числа), перемещающую Чертёжника из точки с координатами (x, у) в точку с координатами (x + а, у + b) . Если числа a, b положительные, значение соответствующей координаты увеличивается; если отрицательные, уменьшается. Например, если Че",Нет,Нет
vpr_sd_945670,informatics,8,"Исполнитель Чертёжник перемещается на координатной плоскости, оставляя след в виде линии. Чертёжник может выполнять команду Сместиться на (a, b) (где a, b – целые числа), перемещающую Чертёжника из точки с координатами (x, y) , в точку с координатами (x+a, y+b) . Если числа a, b положительные, значение соответствующей координаты увеличивается, если отрицательные — уменьшается. Например, если Чертё",Нет,Нет
vpr_sd_945911,informatics,8,"Среди приведенных ниже трех чисел, записанных в различных системах счисления, найдите максимальное и запишите его в ответе в десятичной системе счисления. В ответе запишите только число, основание системы счисления указывать не нужно. 55 16 , 222 8 , 1111 2",Нет,Нет
vpr_sd_945874,informatics,8,"Сколько существует целых чисел x , для которых выполняется неравенство 9B 16 < x < 237 8 ? В ответе укажите количество чисел, сами числа писать не нужно. Таблица перевода чисел Восьмеричная цифра | Двоичная триада | Шестнадцатеричная цифра | Двоичная тетрада // 0 | 000 | 0 | 0000 // 1 | 0001 // 1 | 001 | 2 | 0010 // 3 | 0011 // 2 | 010 | 4 | 0100 // 5 | 0101 // 3 | 011 | 6 | 0110 // 7 | 0111 // 4 ",Нет,Нет
vpr_sd_945854,informatics,8,Вычислите значение выражения 9E 16 − 94 16 . В ответе запишите вычисленное значение в десятичной системе счисления.,Нет,Нет
vpr_sd_945821,informatics,8,"Выполните деление чисел, представленных в двоичной системе счисления: 11001 ÷ 101. Ответ запишите в двоичной системе счисления.",Нет,Нет
vpr_sd_945807,informatics,8,Для какого из приведенных чисел истинно высказывание: (Первая цифра четная) И НЕ (Последняя цифра нечетная)? 1) 6843 2) 4562 3) 3561 4) 1234,Нет,Нет
vpr_sd_945771,informatics,8,"Заполните таблицу истинности выражения: ¬A ≡ B. A | B | | // 0 | 0 | | // 0 | 1 | | // 1 | 0 | | // 1 | 1 | | Указание . В работе используются следующие соглашения. Обозначения для логических операций: а) отрицание (инверсия, логическое НЕ) обозначается ¬ (например, ¬А); б) конъюнкция (логическое умножение, логическое И) обозначается ∧ (например, А ∧ В); в) дизъюнкция (логическое сложение, логичес",Нет,Нет
vpr_sd_945750,informatics,8,Заполните таблицу истинности выражения: (A ∧ ¬B ∨ C)∧ D. A | B | C | D | | | | // 0 | 0 | 0 | 0 | | | | // 0 | 0 | 0 | 1 | | | | // 0 | 0 | 1 | 0 | | | | // 0 | 0 | 1 | 1 | | | | // 0 | 1 | 0 | 0 | | | | // 0 | 1 | 0 | 1 | | | | // 0 | 1 | 1 | 0 | | | | // 0 | 1 | 1 | 1 | | | | // 1 | 0 | 0 | 0 | | | | // 1 | 0 | 0 | 1 | | | | // 1 | 0 | 1 | 0 | | | | // 1 | 0 | 1 | 1 | | | | // 1 | 1 | 0 | 0 | | ,Нет,Нет
vpr_sd_946147,informatics,8,"Ниже приведена программа, записанная на пяти языках программирования. Бейсик | Python // DIM s, t AS INTEGER INPUT s INPUT t IF s > -3 AND NOT t > 5 THEN PRINT ‘YES’ ELSE PRINT ‘NO’ ENDIF | s = int(input()) t = int(input()) if s > -3 and not t > 5: print(""YES"") else: print(""NO"") // Паскаль | Алгоритмический язык // var s, t: integer; begin readln(s); readln(t); if (s > -3) and not (t > 5) then wri",Нет,Нет
vpr_sd_946074,informatics,8,"Исполнитель Черепаха передвигается по плоскости и оставляет след в виде линии. Черепаха может выполнять две команды: Вперёд n ( n — число) и Направо m ( m — число). По команде Вперёд n Черепаха перемещается вперёд на n единиц. По команде Направо m Черепаха поворачивается на месте на m градусов по часовой стрелке, при этом соответственно меняется направление дальнейшего движения. В начальный момент",Нет,Нет
vpr_sd_946054,informatics,8,"12.1. На бесконечном поле имеется вертикальная стена. Длина стены — 5 клеток, в стене есть ровно один проход, шириною 1 клетка. От нижнего конца стены влево отходит горизонтальная стена длиной 6 клеток. Робот находится в клетке, расположенной сверху от левого края горизонтальной стены. На рисунке указано расположение стен и Робота. Робот обозначен буквой «Р». Напишите для Робота программу, использ",Нет,Нет
vpr_sd_946121,informatics,8,"Исполнитель Робот умеет перемещаться по лабиринту, начерченному на плоскости, разбитой на клетки. Между соседними (по сторонам) клетками может стоять стена, через которую Робот не пройдет. У Робота есть девять команд. Четыре команды — это команды-приказы: вверх вниз влево вправо При выполнении любой из этих команд Робот перемещается на одну клетку соответственно: вверх ↑ вниз ↓, влево ← , вправо →",Нет,Да
vpr_sd_945906,informatics,8,"Среди приведенных ниже трех чисел, записанных в различных системах счисления, найдите наибольшее и запишите его в ответе в десятичной системе счисления. В ответе запишите только число, основание системы счисления указывать не нужно. 36 16 , 63 8 , 111100 2",Нет,Нет
vpr_sd_945872,informatics,8,"Выберите наибольшее из чисел: A6 16 , 252 8 , 10101100 2 . В ответе запишите выбранное число в десятичной системе счисления. Таблица перевода чисел Восьмеричная цифра | Двоичная триада | Шестнадцатеричная цифра | Двоичная тетрада // 0 | 000 | 0 | 0000 // 1 | 0001 // 1 | 001 | 2 | 0010 // 3 | 0011 // 2 | 010 | 4 | 0100 // 5 | 0101 // 3 | 011 | 6 | 0110 // 7 | 0111 // 4 | 100 | 8 | 1000 // 9 | 1001 ",Нет,Нет
vpr_sd_945845,informatics,8,Найдите значение выражения 9F 16 − 94 16 . Ответ укажите в десятичной системе счисления.,Нет,Нет
vpr_sd_945816,informatics,8,"Выполните умножение чисел, представленных в двоичной системе счисления: 110 × 11. Ответ запишите в двоичной системе счисления.",Нет,Нет
vpr_sd_945802,informatics,8,Для какого из приведенных имен истинно высказывание: НЕ (Первая буква согласная) И (Количество букв > 4)? 1) Иван 2) Николай 3) Тит 4) Игорь,Нет,Нет
vpr_sd_945773,informatics,8,"Заполните таблицу истинности выражения: ¬X ∧ ¬Y. X | Y | | | // 0 | 0 | | | // 0 | 1 | | | // 1 | 0 | | | // 1 | 1 | | | Указание . В работе используются следующие соглашения. Обозначения для логических операций: а) отрицание (инверсия, логическое НЕ) обозначается ¬ (например, ¬А); б) конъюнкция (логическое умножение, логическое И) обозначается ∧ (например, А ∧ В); в) дизъюнкция (логическое сложен",Нет,Нет
vpr_sd_945761,informatics,8,"Заполните таблицу истинности выражения: ¬A ∧ B ∨ ¬C. A | B | C | | | | // 0 | 0 | 0 | | | | // 0 | 0 | 1 | | | | // 0 | 1 | 0 | | | | // 0 | 1 | 1 | | | | // 1 | 0 | 0 | | | | // 1 | 0 | 1 | | | | // 1 | 1 | 0 | | | | // 1 | 1 | 1 | | | | Указание . В работе используются следующие соглашения. Обозначения для логических операций: а) отрицание (инверсия, логическое НЕ) обозначается ¬ (например, ¬А);",Нет,Нет
vpr_sd_945726,informatics,8,"У исполнителя Вычислитель две команды, которым присвоены номера: 1. умножь на 4 2. вычти 1 Первая из них увеличивает число на экране в 4 раза, вторая уменьшает его на 1. Составьте алгоритм получения из числа 2 числа 120 , содержащий не более 5 команд. В ответе запишите только номера команд. (Например, 11221 — это алгоритм: умножь на 4 умножь на 4 вычти 1 вычти 1 умножь на 4, который преобразует чи",Нет,Нет
vpr_sd_946146,informatics,8,"Ниже приведена программа, записанная на пяти языках программирования. Бейсик | Python // DIM s, t AS INTEGER INPUT s INPUT t IF s < 5 AND NOT t > 3 THEN PRINT ""YES"" ELSE PRINT ""NO"" ENDIF | s = int(input()) t = int(input()) if (s < 5) and not t > 3: print(""YES"") else: print(""NO"") // Паскаль | Алгоритмический язык // var s, t: integer; begin readln(s); readln(t); if (s < 5) and not (t > 3) then writ",Нет,Нет
vpr_sd_946051,informatics,8,"12.1. На бесконечном поле имеется вертикальная стена. Длина стены — 4 клетки. От верхнего конца стены отходит горизонтальная стена длиной 5 клеток. Робот находится в клетке, расположенной сверху от левого края горизонтальной стены. На рисунке указано расположение стен и Робота. Робот обозначен буквой «Р». Напишите для Робота программу, использующую не менее 2 циклических алгоритма, закрашивающую в",Нет,Нет
vpr_sd_946131,informatics,8,"Исполнитель Робот умеет перемещаться по лабиринту, начерченному на плоскости, разбитой на клетки. Между соседними (по сторонам) клетками может стоять стена, через которую Робот пройти не может. У Робота есть девять команд. Четыре команды — это команды-приказы: вверх вниз влево вправо При выполнении любой из этих команд Робот перемещается на одну клетку соответственно: вверх ↑, вниз ↓, влево ←, впр",Нет,Да
vpr_sd_945907,informatics,8,"Среди приведенных ниже трех чисел, записанных в различных системах счисления, найдите наибольшее и запишите его в ответе в десятичной системе счисления. В ответе запишите только число, основание системы счисления указывать не нужно. 47 16 , 73 8 , 101110 2",Нет,Нет
vpr_sd_945879,informatics,8,"Сколько существует натуральных чисел x , для которых выполняется неравенство 10011011 2 < x < 10011111 2 ? В ответе укажите только количество чисел, сами числа писать не нужно. Таблица перевода чисел Восьмеричная цифра | Двоичная триада | Шестнадцатеричная цифра | Двоичная тетрада // 0 | 000 | 0 | 0000 // 1 | 0001 // 1 | 001 | 2 | 0010 // 3 | 0011 // 2 | 010 | 4 | 0100 // 5 | 0101 // 3 | 011 | 6 |",Нет,Нет
vpr_sd_945844,informatics,8,Вычислите значение выражения FA 16 − 362 8 . Ответ запишите в десятичной системе счисления.,Нет,Нет
vpr_sd_945835,informatics,8,"Выполните вычитание чисел, представленных в двоичной системе счисления: 10000 − 101. Ответ запишите в двоичной системе счисления.",Нет,Нет
vpr_sd_945804,informatics,8,Для какого из приведенных имен истинно высказывание: НЕ (Вторая буква гласная) И НЕ (Последняя согласная)? 1) Емеля 2) Иван 3) Михаил 4) Никита,Нет,Нет
vpr_sd_946171,informatics,8,"Ниже приведена программа, записанная на пяти языках программирования. Бейсик | Python // DIM s, t AS INTEGER INPUT s INPUT t IF s > 4 AND t > 4 THEN PRINT ‘YES’ ELSE PRINT ‘NO’ ENDIF | s = int(input()) t = int(input()) if s > 4 and t > 4: print(""YES"") else: print(""NO"") // Паскаль | Алгоритмический язык // var s, t: integer; begin readln(s); readln(t); if (s > 4) and (t > 4) then writeln('YES') els",Нет,Нет
vpr_sd_946080,informatics,8,"Исполнитель Черепаха действует на плоскости с декартовой системой координат. В начальный момент Черепаха находится B начале координат, её голова направлена вдоль положительного направления оси ординат, хвост опущен. При опущенном хвосте Черепаха оставляет на поле след в виде линии. В каждый конкретный момент известно положение исполнителя и направление его движения. У исполнителя существует 6 кома",Нет,Нет
vpr_sd_945913,informatics,8,"Среди приведенных ниже трех чисел, записанных в различных системах счисления, найдите максимальное и запишите его в ответе в десятичной системе счисления. В ответе запишите только число, основание системы счисления указывать не нужно. 49 16 , 102 8 , 1000111 2 .",Нет,Нет
vpr_sd_945900,informatics,8,"Среди приведенных ниже трех чисел, записанных в различных системах счисления, найдите наименьшее и запишите его в ответе в десятичной системе счисления. В ответе запишите только число, основание системы счисления указывать не нужно. 36 16 , 65 8 , 111010 2",Нет,Нет
vpr_sd_945915,informatics,8,"Среди приведенных ниже трех чисел, записанных в различных системах счисления, найдите минимальное и запишите его в ответе в десятичной системе счисления. В ответе запишите только число, основание системы счисления указывать не нужно. 46 16 , 106 8 , 1000101 2 .",Нет,Нет
vpr_sd_945887,informatics,8,"Даны 4 целых числа, записанные в двоичной системе: 10001011, 10111000, 10011011, 10110100. Сколько среди них чисел, больших, чем A4 16 +20 8 ? Таблица перевода чисел Восьмеричная цифра | Двоичная триада | Шестнадцатеричная цифра | Двоичная тетрада // 0 | 000 | 0 | 0000 // 1 | 0001 // 1 | 001 | 2 | 0010 // 3 | 0011 // 2 | 010 | 4 | 0100 // 5 | 0101 // 3 | 011 | 6 | 0110 // 7 | 0111 // 4 | 100 | 8 |",Нет,Нет
vpr_sd_945881,informatics,8,"Дано N = 227 8 , M = 99 16 . Какое из чисел х , записанных в двоичной системе, отвечает неравенству N < x < M ? 1) 10011001 2 2) 10011100 2 3) 10000110 2 4) 10011000 2 Таблица перевода чисел Восьмеричная цифра | Двоичная триада | Шестнадцатеричная цифра | Двоичная тетрада // 0 | 000 | 0 | 0000 // 1 | 0001 // 1 | 001 | 2 | 0010 // 3 | 0011 // 2 | 010 | 4 | 0100 // 5 | 0101 // 3 | 011 | 6 | 0110 // ",Нет,Нет
vpr_sd_945880,informatics,8,Сколько верных неравенств среди перечисленных: 10011010 2 > 256 10 ; 10011010 2 > 9F 16 ; 10011010 2 > 232 8 . Таблица перевода чисел Восьмеричная цифра | Двоичная триада | Шестнадцатеричная цифра | Двоичная тетрада // 0 | 000 | 0 | 0000 // 1 | 0001 // 1 | 001 | 2 | 0010 // 3 | 0011 // 2 | 010 | 4 | 0100 // 5 | 0101 // 3 | 011 | 6 | 0110 // 7 | 0111 // 4 | 100 | 8 | 1000 // 9 | 1001 // 5 | 101 | A,Нет,Нет
vpr_sd_945848,informatics,8,Вычислите значение выражения 2C8 16 − 2A6 16 . Ответ запишите в десятичной системе счисления.,Нет,Нет
vpr_sd_945851,informatics,8,Вычислите значение выражения AD 16 − 251 8 . Ответ запишите в десятичной системе счисления.,Нет,Нет
vpr_sd_945849,informatics,8,Вычислите значение выражения 82 16 + 1E 16 . Ответ запишите в десятичной системе счисления.,Нет,Нет
vpr_sd_945836,informatics,8,"Выполните умножение чисел, представленных в двоичной системе счисления: 101 × 11. Ответ запишите в двоичной системе счисления.",Нет,Нет
vpr_sd_945820,informatics,8,"Выполните умножение чисел, представленных в двоичной системе счисления: 100 × 101. Ответ запишите в двоичной системе счисления.",Нет,Нет
vpr_sd_945805,informatics,8,Для какого из приведенных имен истинно высказывание: НЕ (Первая буква гласная) И (Третья буква согласная)? 1) Елена 2) Полина 3) Кристина 4) Анна,Нет,Нет
vpr_sd_945811,informatics,8,Для какого из указанных значений числа X истинно высказывание: ( X < 5) ИЛИ НЕ ( X > 3)? 1) 5 2) 6 3) 7 4) 4,Нет,Нет
vpr_sd_945768,informatics,8,"Заполните таблицу истинности выражения: X → ¬Y. X | Y | | // 0 | 0 | | // 0 | 1 | | // 1 | 0 | | // 1 | 1 | | Указание . В работе используются следующие соглашения. Обозначения для логических операций: а) отрицание (инверсия, логическое НЕ) обозначается ¬ (например, ¬А); б) конъюнкция (логическое умножение, логическое И) обозначается ∧ (например, А ∧ В); в) дизъюнкция (логическое сложение, логичес",Нет,Нет
vpr_sd_945770,informatics,8,"Заполните таблицу истинности выражения: X ≡ ¬Y. X | Y | | // 0 | 0 | | // 0 | 1 | | // 1 | 0 | | // 1 | 1 | | Указание . В работе используются следующие соглашения. Обозначения для логических операций: а) отрицание (инверсия, логическое НЕ) обозначается ¬ (например, ¬А); б) конъюнкция (логическое умножение, логическое И) обозначается ∧ (например, А ∧ В); в) дизъюнкция (логическое сложение, логичес",Нет,Нет
vpr_sd_945763,informatics,8,"Заполните таблицу истинности выражения: A ∨ ¬B ∧ ¬C. A | B | C | | | | // 0 | 0 | 0 | | | | // 0 | 0 | 1 | | | | // 0 | 1 | 0 | | | | // 0 | 1 | 1 | | | | // 1 | 0 | 0 | | | | // 1 | 0 | 1 | | | | // 1 | 1 | 0 | | | | // 1 | 1 | 1 | | | | Указание . В работе используются следующие соглашения. Обозначения для логических операций: а) отрицание (инверсия, логическое НЕ) обозначается ¬ (например, ¬А);",Нет,Нет
vpr_sd_945751,informatics,8,Заполните таблицу истинности выражения: (¬A ∧ ¬B ∨ C)∧ D. A | B | C | D | | | | | // 0 | 0 | 0 | 0 | | | | | // 0 | 0 | 0 | 1 | | | | | // 0 | 0 | 1 | 0 | | | | | // 0 | 0 | 1 | 1 | | | | | // 0 | 1 | 0 | 0 | | | | | // 0 | 1 | 0 | 1 | | | | | // 0 | 1 | 1 | 0 | | | | | // 0 | 1 | 1 | 1 | | | | | // 1 | 0 | 0 | 0 | | | | | // 1 | 0 | 0 | 1 | | | | | // 1 | 0 | 1 | 0 | | | | | // 1 | 0 | 1 | 1 | | ,Нет,Нет
vpr_sd_945709,informatics,8,"У исполнителя Удвоитель две команды, которым присвоены номера: 1. прибавь 1 2. умножь на 2. Первая из них увеличивает число на экране на 1, вторая удваивает его. Например, 2121 – это программа умножь на 2 прибавь 1 умножь на 2 прибавь 1, которая преобразует число 1 в число 7. Запишите порядок команд в программе преобразования числа 3 в число 63, содержащей не более 8 команд, указывая лишь номера к",Нет,Нет
vpr_sd_945728,informatics,8,"У исполнителя Гамма две команды, которым присвоены номера: 1. прибавь 5; 2. раздели на b ( b — неизвестное натуральное число; b ≥ 2). Выполняя первую из них, Гамма увеличивает число на экране на 5, а выполняя вторую, делит это число на b . Программа для исполнителя Гамма — это последовательность номеров команд. Известно, что программа 11211 переводит число 40 в число 20. Определите значение b .",Нет,Нет
vpr_sd_946124,informatics,8,"Исполнитель Робот умеет перемещаться по лабиринту, начерченному на плоскости, разбитой на клетки. Ниже приведено описание Робота. У Робота есть четыре команды перемещения: вверх вниз влево вправо При выполнении любой из этих команд Робот перемещается на одну клетку соответственно: вверх ↑, вниз ↓, влево ←, вправо →. Между соседними (по сторонам) клетками может стоять стена, через которую Робот про",Нет,Да
vpr_sd_945734,informatics,8,"У исполнителя Омега две команды, которым присвоены номера: 1. прибавь 4; 2. раздели на b ( b — неизвестное натуральное число; b ≥ 2). Выполняя первую из них, Омега увеличивает число на экране на 4, а выполняя вторую, делит это число на b . Программа для исполнителя Омега — это последовательность номеров команд. Известно, что программа 12111 переводит число 41 в число 17. Определите значение b .",Нет,Нет
vpr_sd_945717,informatics,8,"Исполнитель КАЛЬКУЛЯТОР имеет только две команды, которым присвоены номера: 1. умножь на 2 2. вычти 1 Выполняя команду номер 1, КАЛЬКУЛЯТОР умножает число на экране на 2, а выполняя команду номер 2, вычитает из числа на экране 1. Напишите программу, содержащую не более 4 команд, которая из числа 7 получает число 52. Укажите лишь номера команд. Например, программа 12121 - это программа: умножь на 2",Нет,Нет
vpr_sd_945885,informatics,8,"Дано: а = 70 10 , b = 100 8 . Какое из чисел с, записанных в двоичной системе, отвечает условию b < с < a ? 1) 1000000 2 2) 1000110 2 3) 1000101 2 4) 1000111 2 Таблица перевода чисел Восьмеричная цифра | Двоичная триада | Шестнадцатеричная цифра | Двоичная тетрада // 0 | 000 | 0 | 0000 // 1 | 0001 // 1 | 001 | 2 | 0010 // 3 | 0011 // 2 | 010 | 4 | 0100 // 5 | 0101 // 3 | 011 | 6 | 0110 // 7 | 0111",Нет,Нет
vpr_sd_945827,informatics,8,"Выполните вычитание чисел, представленных в двоичной системе счисления: 11010 − 1010. Ответ запишите в двоичной системе счисления.",Нет,Нет
vpr_sd_945784,informatics,8,Для какого из приведенных имен ЛОЖНО высказывание: (Первая буква согласная) ИЛИ НЕ (Вторая буква согласная)? 1) Сергей 2) Аида 3) Александр 4) Глафира,Нет,Нет
vpr_sd_945775,informatics,8,"Заполните таблицу истинности выражения: ¬X → ¬Y. X | Y | | | // 0 | 0 | | | // 0 | 1 | | | // 1 | 0 | | | // 1 | 1 | | | Указание . В работе используются следующие соглашения. Обозначения для логических операций: а) отрицание (инверсия, логическое НЕ) обозначается ¬ (например, ¬А); б) конъюнкция (логическое умножение, логическое И) обозначается ∧ (например, А ∧ В); в) дизъюнкция (логическое сложен",Нет,Нет
vpr_sd_946103,informatics,8,"Заполните таблицу истинности выражения: (¬A ∨ B ∧ ¬C) ∧ C. A | B | C | | | | | // 0 | 0 | 0 | | | | | // 0 | 0 | 1 | | | | | // 0 | 1 | 0 | | | | | // 0 | 1 | 1 | | | | | // 1 | 0 | 0 | | | | | // 1 | 0 | 1 | | | | | // 1 | 1 | 0 | | | | | // 1 | 1 | 1 | | | | | Указание . В работе используются следующие соглашения. Обозначения для логических операций: а) отрицание (инверсия, логическое НЕ) обозна",Нет,Нет
vpr_sd_946153,informatics,8,"Ниже приведена программа, записанная на пяти языках программирования. Бейсик | Python // DIM k, s AS INTEGER INPUT s INPUT k IF s < 7 AND k < 7 THEN PRINT ""ДА"" ELSE PRINT ""НЕТ"" END IF | s = int(input()) k = int(input()) if s < 7 and k < 7: print(""ДА"") else: print(""НЕТ"") // Паскаль | Алгоритмический язык // var s, k: integer; begin readln(s); readln(k); if (s < 7) and (k < 7) then writeln ('ДА') el",Нет,Нет
vpr_sd_946063,informatics,8,"12.1. На бесконечном поле имеется вертикальная стена. Длина стены — 6 клеток, в стене есть ровно один проход, шириной 2 клетки. От нижнего конца стены вправо отходит горизонтальная стена длиной 5 клеток, в стене есть ровно один проход, шириною 1 клетка. Робот находится в клетке, расположенной сверху от правого края горизонтальной стены. На рисунке указано расположение стен и Робота. Робот обозначе",Нет,Нет
vpr_sd_946091,informatics,8,"Исполнитель Цапля действует на плоскости с декартовой системой координат. В начальный момент Цапля находится в начале координат, её клюв направлен вдоль положительного направления оси ординат, клюв опущен. При опущенном клюве Цапля оставляет на поле след в виде линии. В каждый конкретный момент известно положение исполнителя и направление его движения. У исполнителя существует три команды: Вперёд ",Нет,Нет
vpr_sd_946097,informatics,8,"Исполнитель Чертежник перемещается на координатной плоскости, оставляя след в виде линии. Чертежник может выполнять команду Сместиться на ( a , b ) (где a , b — целые числа), перемещающую Чертежника из точки с координатами ( x , y ) в точку с координатами ( x + a , y + b ). Если числа a , b положительные, значение соответствующей координаты увеличивается; если отрицательные, значение уменьшается. ",Нет,Нет
vpr_sd_945776,informatics,8,"Заполните таблицу истинности выражения: A ∨ ¬B. A | B | | // 0 | 0 | | // 0 | 1 | | // 1 | 0 | | // 1 | 1 | | Указание . В работе используются следующие соглашения. Обозначения для логических операций: а) отрицание (инверсия, логическое НЕ) обозначается ¬ (например, ¬А); б) конъюнкция (логическое умножение, логическое И) обозначается ∧ (например, А ∧ В); в) дизъюнкция (логическое сложение, логичес",Нет,Нет
vpr_sd_946055,informatics,8,"12.1. На бесконечном поле имеется вертикальная стена. Длина стены — 6 клеток. От верхнего конца стены вправо отходит горизонтальная стена длиной 4 клетки. Робот находится в клетке, расположенной слева от нижнего края вертикальной стены. На рисунке указано расположение стен и Робота. Робот обозначен буквой «Р». Напишите для Робота программу, использующую не менее 2 циклических алгоритма, закрашиваю",Нет,Нет
vpr_sd_945731,informatics,8,"У исполнителя Квадратор две команды, которым присвоены номера: 1. возведи в квадрат 2. зачеркни справа Первая из них возводит число на экране во вторую степень, вторая — удаляет крайнюю правую цифру числа. Составьте алгоритм получения из числа 3 числа 6, содержащий не более 5 команд. В ответе запишите только номера команд.",Нет,Нет
vpr_sd_945897,informatics,8,"Среди приведенных ниже трех чисел, записанных в десятичной системе счисления, найдите число, в двоичной записи которого наименьшее количество единиц. В ответе запишите количество единиц в двоичной записи этого числа. 100 10 , 90 10 , 80 10 .",Нет,Нет
vpr_sd_945904,informatics,8,Переведите двоичное число 1100110 в десятичную систему счисления.,Нет,Нет
vpr_sd_945919,informatics,8,"Среди приведенных ниже трех чисел, записанных в различных системах счисления, найдите максимальное и запишите его в ответе в десятичной системе счисления. В ответе запишите только число, основание системы счисления указывать не нужно. 28 16 , 47 8 , 101010 2 .",Нет,Нет
vpr_sd_945908,informatics,8,"Среди приведенных ниже трех чисел, записанных в различных системах счисления, найдите минимальное и запишите его в ответе в десятичной системе счисления. В ответе запишите только число, основание системы счисления указывать не нужно. 67 16 , 150 8 , 1101000 2 .",Нет,Нет
vpr_sd_945914,informatics,8,"Среди приведенных ниже трех чисел, записанных в различных системах счисления, найдите минимальное и запишите его в ответе в десятичной системе счисления. В ответе запишите только число, основание системы счисления указывать не нужно. 55 16 , 124 8 , 1010101 2 .",Нет,Нет
vpr_sd_945903,informatics,8,"Среди приведенных ниже трех чисел, записанных в десятичной системе счисления, найдите число, сумма цифр которого в восьмеричной записи наименьшая. В ответе запишите сумму цифр в восьмеричной записи этого числа. 86 10 , 99 10 , 105 10 .",Нет,Нет
vpr_sd_945896,informatics,8,"Среди приведенных ниже трех чисел, записанных в десятичной системе счисления, найдите число, в двоичной записи которого наименьшее количество единиц. В ответе запишите количество единиц в двоичной записи этого числа. 59 10 , 71 10 , 81 10 .",Нет,Нет
vpr_sd_945918,informatics,8,"Среди приведенных ниже трех чисел, записанных в различных системах счисления, найдите минимальное и запишите его в ответе в десятичной системе счисления. В ответе запишите только число, основание системы счисления указывать не нужно. 28 16 , 47 8 , 101010 2 .",Нет,Нет
vpr_sd_945902,informatics,8,"Среди приведенных ниже трех чисел, записанных в десятичной системе счисления, найдите число, сумма цифр которого в восьмеричной записи наименьшая. В ответе запишите сумму цифр в восьмеричной записи этого числа. 55 10 , 83 10 , 91 10 .",Нет,Нет
vpr_sd_945892,informatics,8,Переведите число 87 из десятичной системы счисления в двоичную систему счисления. В ответе укажите двоичное число. Основание системы счисления указывать не нужно.,Нет,Нет
vpr_sd_945898,informatics,8,Переведите двоичное число 101111 в десятичную систему счисления.,Нет,Нет
vpr_sd_945910,informatics,8,"Среди приведенных ниже трех чисел, записанных в различных системах счисления, найдите минимальное и запишите его в ответе в десятичной системе счисления. В ответе запишите только число, основание системы счисления указывать не нужно. 33 16 , 64 8 , 110100 2 .",Нет,Нет
vpr_sd_945893,informatics,8,Переведите число 204 из десятичной системы счисления в двоичную систему счисления. В ответе укажите двоичное число. Основание системы счисления указывать не нужно.,Нет,Нет
vpr_sd_945912,informatics,8,"Среди приведенных ниже трех чисел, записанных в различных системах счисления, найдите максимальное и запишите его в ответе в десятичной системе счисления. В ответе запишите только число, основание системы счисления указывать не нужно. 81 16 , 172 8 , 1110011 2 .",Нет,Нет
vpr_sd_945901,informatics,8,"Среди приведенных ниже трех чисел, записанных в различных системах счисления, найдите наименьшее и запишите его в ответе в десятичной системе счисления. В ответе запишите только число, основание системы счисления указывать не нужно. 39 16 , 75 8 , 111011 2",Нет,Нет
vpr_sd_945883,informatics,8,"Даны 4 целых числа, записанных в шестнадцатеричной системе: A8, AB, B5, CA. Сколько среди них чисел, больших, чем 265 8 ? Таблица перевода чисел Восьмеричная цифра | Двоичная триада | Шестнадцатеричная цифра | Двоичная тетрада // 0 | 000 | 0 | 0000 // 1 | 0001 // 1 | 001 | 2 | 0010 // 3 | 0011 // 2 | 010 | 4 | 0100 // 5 | 0101 // 3 | 011 | 6 | 0110 // 7 | 0111 // 4 | 100 | 8 | 1000 // 9 | 1001 // ",Нет,Нет
vpr_sd_945875,informatics,8,"Сколько существует целых чисел x , для которых выполняется неравенство 270 8 < x < BA 16 ? В ответе укажите количество чисел, сами числа писать не нужно. Таблица перевода чисел Восьмеричная цифра | Двоичная триада | Шестнадцатеричная цифра | Двоичная тетрада // 0 | 000 | 0 | 0000 // 1 | 0001 // 1 | 001 | 2 | 0010 // 3 | 0011 // 2 | 010 | 4 | 0100 // 5 | 0101 // 3 | 011 | 6 | 0110 // 7 | 0111 // 4 ",Нет,Нет
vpr_sd_945882,informatics,8,"Даны 4 целых числа, записанных в двоичной системе: 10001011; 10111000; 10011011; 10110100. Сколько среди них чисел, больших, чем 9A 16 ? Таблица перевода чисел Восьмеричная цифра | Двоичная триада | Шестнадцатеричная цифра | Двоичная тетрада // 0 | 000 | 0 | 0000 // 1 | 0001 // 1 | 001 | 2 | 0010 // 3 | 0011 // 2 | 010 | 4 | 0100 // 5 | 0101 // 3 | 011 | 6 | 0110 // 7 | 0111 // 4 | 100 | 8 | 1000 ",Нет,Нет
vpr_sd_945878,informatics,8,"Определите количество натуральных чисел, удовлетворяющих неравенству DB 16 < x < DF 16 . Ответ запишите в десятичной системе счисления. Таблица перевода чисел Восьмеричная цифра | Двоичная триада | Шестнадцатеричная цифра | Двоичная тетрада // 0 | 000 | 0 | 0000 // 1 | 0001 // 1 | 001 | 2 | 0010 // 3 | 0011 // 2 | 010 | 4 | 0100 // 5 | 0101 // 3 | 011 | 6 | 0110 // 7 | 0111 // 4 | 100 | 8 | 1000 /",Нет,Нет
vpr_sd_945877,informatics,8,"Сколько существует целых чисел x , для которых выполняется неравенство A5 16 < x < 411 8 ? В ответе укажите количество чисел, сами числа писать не нужно. Таблица перевода чисел Восьмеричная цифра | Двоичная триада | Шестнадцатеричная цифра | Двоичная тетрада // 0 | 000 | 0 | 0000 // 1 | 0001 // 1 | 001 | 2 | 0010 // 3 | 0011 // 2 | 010 | 4 | 0100 // 5 | 0101 // 3 | 011 | 6 | 0110 // 7 | 0111 // 4 ",Нет,Нет
vpr_sd_945884,informatics,8,"Какое из неравенств выполняется для чисел А = 164 8 , В = А3 16 и С = 2200 4 ? 1) A < B < C 2) А < С < В 3) В < А < С 4) С < В < А Таблица перевода чисел Восьмеричная цифра | Двоичная триада | Шестнадцатеричная цифра | Двоичная тетрада // 0 | 000 | 0 | 0000 // 1 | 0001 // 1 | 001 | 2 | 0010 // 3 | 0011 // 2 | 010 | 4 | 0100 // 5 | 0101 // 3 | 011 | 6 | 0110 // 7 | 0111 // 4 | 100 | 8 | 1000 // 9 |",Нет,Нет
vpr_sd_945876,informatics,8,"Какое из перечисленных ниже выражений имеет наибольшее значение? 1) 213 8 2) 128 10 + 8 10 + 4 10 3) 10001010 2 В ответе запишите это значение в десятичной системе счисления, основание писать не нужно. Таблица перевода чисел Восьмеричная цифра | Двоичная триада | Шестнадцатеричная цифра | Двоичная тетрада // 0 | 000 | 0 | 0000 // 1 | 0001 // 1 | 001 | 2 | 0010 // 3 | 0011 // 2 | 010 | 4 | 0100 // ",Нет,Нет
vpr_sd_946106,informatics,8,"Какое из чисел а , записанных в двоичной системе, удовлетворяет условию B2 16 < a < 264 8 ? 1) 10110001 2) 10110011 3) 10110101 4) 10100010 Таблица перевода чисел Восьмеричная цифра | Двоичная триада | Шестнадцатеричная цифра | Двоичная тетрада // 0 | 000 | 0 | 0000 // 1 | 0001 // 1 | 001 | 2 | 0010 // 3 | 0011 // 2 | 010 | 4 | 0100 // 5 | 0101 // 3 | 011 | 6 | 0110 // 7 | 0111 // 4 | 100 | 8 | 10",Нет,Нет
vpr_sd_945886,informatics,8,"Дано: а = 16 10 , b = 18 10 . Какое из чисел с, записанных в двоичной системе, отвечает условию а < с < b . 1) 10000 2 2) 10001 2 3) 10101 2 4) 10010 2 Таблица перевода чисел Восьмеричная цифра | Двоичная триада | Шестнадцатеричная цифра | Двоичная тетрада // 0 | 000 | 0 | 0000 // 1 | 0001 // 1 | 001 | 2 | 0010 // 3 | 0011 // 2 | 010 | 4 | 0100 // 5 | 0101 // 3 | 011 | 6 | 0110 // 7 | 0111 // 4 | ",Нет,Нет
vpr_sd_945873,informatics,8,"Выберите наименьшее из чисел: A6 16 , 252 8 , 10101100 2 . В ответе запишите выбранное число в десятичной системе счисления. Таблица перевода чисел Восьмеричная цифра | Двоичная триада | Шестнадцатеричная цифра | Двоичная тетрада // 0 | 000 | 0 | 0000 // 1 | 0001 // 1 | 001 | 2 | 0010 // 3 | 0011 // 2 | 010 | 4 | 0100 // 5 | 0101 // 3 | 011 | 6 | 0110 // 7 | 0111 // 4 | 100 | 8 | 1000 // 9 | 1001 ",Нет,Нет
vpr_sd_945855,informatics,8,Вычислите значение выражения 1D7 16 − 1A6 16 . Ответ запишите в десятичной системе счисления.,Нет,Нет
vpr_sd_945853,informatics,8,Вычислите значение выражения 8E 16 − 8B 16 . В ответе запишите вычисленное значение в десятичной системе счисления.,Нет,Нет
vpr_sd_945859,informatics,8,Найдите значение выражения 8F – 80 в шестнадцатеричной системе счисления. В ответе запишите вычисленное значение в десятичной системе счисления.,Нет,Нет
vpr_sd_946107,informatics,8,Выполните сложение: 345 8 + 162 8 . Ответ запишите в восьмеричной системе счисления. Основание системы писать не нужно.,Нет,Нет
vpr_sd_945852,informatics,8,Вычислите значение выражения 8F 16 − 8B 16 . В ответе запишите вычисленное значение в десятичной системе счисления.,Нет,Нет
vpr_sd_945850,informatics,8,Вычислите значение выражения 73 16 + 2E 16 . Ответ запишите в десятичной системе счисления.,Нет,Нет
vpr_sd_945832,informatics,8,"Выполните умножение чисел, представленных в двоичной системе счисления: 110 × 101. Ответ запишите в двоичной системе счисления",Нет,Нет
vpr_sd_945842,informatics,8,"Выполните сложение чисел, представленных в двоичной системе счисления: 1101 + 1010. Ответ запишите в двоичной системе счисления.",Нет,Нет
vpr_sd_945831,informatics,8,"Выполните вычитание чисел, представленных в двоичной системе счисления: 11101 − 1100. Ответ запишите в двоичной системе счисления.",Нет,Нет
vpr_sd_945825,informatics,8,"Выполните деление чисел, представленных в двоичной системе счисления: 1100 ÷ 10. Ответ запишите в двоичной системе счисления.",Нет,Нет
vpr_sd_945838,informatics,8,"Выполните сложение чисел, представленных в двоичной системе счисления: 10011 + 110. Ответ запишите в двоичной системе счисления.",Нет,Нет
vpr_sd_945833,informatics,8,"Выполните деление чисел, представленных в двоичной системе счисления: 1111 ÷ 11. Ответ запишите в двоичной системе счисления.",Нет,Нет
vpr_sd_945839,informatics,8,"Выполните вычитание чисел, представленных в двоичной системе счисления: 10101 − 111. Ответ запишите в двоичной системе счисления.",Нет,Нет
vpr_sd_945818,informatics,8,"Выполните сложение чисел, представленных в двоичной системе счисления: 101 + 1011. Ответ запишите в двоичной системе счисления.",Нет,Нет
vpr_sd_945824,informatics,8,"Выполните умножение чисел, представленных в двоичной системе счисления: 1011 × 11. Ответ запишите в двоичной системе счисления.",Нет,Нет
vpr_sd_946100,informatics,8,Выполните вычитание: 100110 2 − 1011 2 . Ответ запишите в двоичной системе счисления. Основание системы писать не нужно.,Нет,Нет
vpr_sd_945830,informatics,8,"Выполните сложение чисел, представленных в двоичной системе счисления: 11011 + 101. Ответ запишите в двоичной системе счисления.",Нет,Нет
vpr_sd_945822,informatics,8,"Выполните сложение чисел, представленных в двоичной системе счисления: 1110 + 1101. Ответ запишите в двоичной системе счисления.",Нет,Нет
vpr_sd_945843,informatics,8,"Выполните вычитание чисел, представленных в двоичной системе счисления: 11100 − 1101. Ответ запишите в двоичной системе счисления.",Нет,Нет
vpr_sd_945817,informatics,8,"Выполните деление чисел, представленных в двоичной системе счисления: 11110 ÷ 10. Ответ запишите в двоичной системе счисления.",Нет,Нет
vpr_sd_945823,informatics,8,"Выполните вычитание чисел, представленных в двоичной системе счисления: 10111 − 1001. Ответ запишите в двоичной системе счисления.",Нет,Нет
vpr_sd_945828,informatics,8,"Выполните умножение чисел, представленных в двоичной системе счисления: 111 × 10. Ответ запишите в двоичной системе счисления.",Нет,Нет
vpr_sd_945834,informatics,8,"Выполните сложение чисел, представленных в двоичной системе счисления: 1010 + 1111. Ответ запишите в двоичной системе счисления.",Нет,Нет
vpr_sd_945791,informatics,8,Для какого из приведенных слов истинно высказывание: НЕ (Первая буква гласная) И (Последняя буква согласная)? 1) слива 2) яблоко 3) банан 4) ананас,Нет,Нет
vpr_sd_945779,informatics,8,"Заполните таблицу истинности выражения: ¬A ∧ B. A | B | | // 0 | 0 | | // 0 | 1 | | // 1 | 0 | | // 1 | 1 | | Указание . В работе используются следующие соглашения. Обозначения для логических операций: а) отрицание (инверсия, логическое НЕ) обозначается ¬ (например, ¬А); б) конъюнкция (логическое умножение, логическое И) обозначается ∧ (например, А ∧ В); в) дизъюнкция (логическое сложение, логичес",Нет,Нет
vpr_sd_945752,informatics,8,Заполните таблицу истинности выражения: (¬A ∧ B ∨ ¬C) ∧ D. A | B | C | D | | | | | // 0 | 0 | 0 | 0 | | | | | // 0 | 0 | 0 | 1 | | | | | // 0 | 0 | 1 | 0 | | | | | // 0 | 0 | 1 | 1 | | | | | // 0 | 1 | 0 | 0 | | | | | // 0 | 1 | 0 | 1 | | | | | // 0 | 1 | 1 | 0 | | | | | // 0 | 1 | 1 | 1 | | | | | // 1 | 0 | 0 | 0 | | | | | // 1 | 0 | 0 | 1 | | | | | // 1 | 0 | 1 | 0 | | | | | // 1 | 0 | 1 | 1 | |,Нет,Нет
vpr_sd_946145,informatics,8,"Ниже приведена программа, записанная на трех языках программирования. Алгоритмический язык | Python | Паскаль // алг нач цел s, t, A ввод s ввод t ввод A если s > A или t > 12 то вывод ""YES"" иначе вывод ""NO"" все кон | s = int(input()) t = int(input()) A = int(input()) if (s>A) or t > 12: print(""YES"") else: print(""NO"") | var A, s, t: integer; begin readln(s); readln(t); readln(A); if (s > A) or (t ",Нет,Нет
vpr_sd_946049,informatics,8,"12.1. На бесконечном поле имеется вертикальная стена. Длина стены — 5 клеток. От нижнего конца стены вправо отходит горизонтальная стена длиной 3 клетки, а от верхнего конца стены влево отходит горизонтальная стена длиной 3 клетки. Робот находится в клетке, расположенной сверху от левого края горизонтальной стены. На рисунке указано расположение стен и Робота. Робот обозначен буквой «Р». Напишите ",Нет,Нет
vpr_sd_945899,informatics,8,Переведите число 199 из десятичной системы счисления в двоичную систему счисления. В ответе укажите двоичное число. Основание системы счисления указывать не нужно.,Нет,Нет
vpr_sd_945837,informatics,8,"Выполните деление чисел, представленных в двоичной системе счисления: 11010 ÷ 10. Ответ запишите в двоичной системе счисления.",Нет,Нет
vpr_sd_945795,informatics,8,Для какого из приведенных имен истинно высказывание: НЕ (Первая буква гласная) И (Количество букв > 5)? 1) Иван 2) Николай 3) Семен 4) Илларион,Нет,Нет
vpr_sd_945772,informatics,8,"Заполните таблицу истинности выражения: X ∧ ¬Y. X | Y | | // 0 | 0 | | // 0 | 1 | | // 1 | 0 | | // 1 | 1 | | Указание . В работе используются следующие соглашения. Обозначения для логических операций: а) отрицание (инверсия, логическое НЕ) обозначается ¬ (например, ¬А); б) конъюнкция (логическое умножение, логическое И) обозначается ∧ (например, А ∧ В); в) дизъюнкция (логическое сложение, логичес",Нет,Нет
vpr_sd_945754,informatics,8,Заполните таблицу истинности выражения: (¬A ∨ D) ∧ (B ∨ C). A | B | C | D | | | | | // 0 | 0 | 0 | 0 | | | | | // 0 | 0 | 0 | 1 | | | | | // 0 | 0 | 1 | 0 | | | | | // 0 | 0 | 1 | 1 | | | | | // 0 | 1 | 0 | 0 | | | | | // 0 | 1 | 0 | 1 | | | | | // 0 | 1 | 1 | 0 | | | | | // 0 | 1 | 1 | 1 | | | | | // 1 | 0 | 0 | 0 | | | | | // 1 | 0 | 0 | 1 | | | | | // 1 | 0 | 1 | 0 | | | | | // 1 | 0 | 1 | 1 | ,Нет,Нет
vpr_sd_945809,informatics,8,Для какого из приведенных имен ЛОЖНО высказывание: НЕ(Первая буква гласная) ИЛИ (Последняя буква гласная)? 1) Анна 2) Максим 3) Татьяна 4) Егор,Нет,Нет
vpr_sd_945789,informatics,8,Для какого из приведенных имен истинно высказывание: НЕ ((Первая буква гласная) ИЛИ НЕ (Последняя согласная))? 1) Емеля 2) Иван 3) Михаил 4) Никита,Нет,Нет
vpr_sd_946101,informatics,8,"Укажите имя, для которого ЛОЖНО высказывание: НЕ (Первая буква гласная) ИЛИ (Последняя буква гласная) 1) Анна 2) Максим 3) Татьяна 4) Олег",Нет,Нет
vpr_sd_945758,informatics,8,Заполните таблицу истинности выражения: ¬((X v Y) ∧ (Z v X)) ∧ (Z v Y). X | Y | Z | | | | | | // 0 | 0 | 0 | | | | | | // 0 | 0 | 1 | | | | | | // 0 | 1 | 0 | | | | | | // 0 | 1 | 1 | | | | | | // 1 | 0 | 0 | | | | | | // 1 | 0 | 1 | | | | | | // 1 | 1 | 0 | | | | | | // 1 | 1 | 1 | | | | | | Указание . В работе используются следующие соглашения. Обозначения для логических операций: а) отрицание (,Нет,Нет
vpr_sd_945762,informatics,8,Заполните таблицу истинности выражения: ( ¬A ∧ B v ¬С) ∨ (С ∧ ¬B). A | B | C | | | | | | | // 0 | 0 | 0 | | | | | | | // 0 | 0 | 1 | | | | | | | // 0 | 1 | 0 | | | | | | | // 0 | 1 | 1 | | | | | | | // 1 | 0 | 0 | | | | | | | // 1 | 0 | 1 | | | | | | | // 1 | 1 | 0 | | | | | | | // 1 | 1 | 1 | | | | | | | Указание . В работе используются следующие соглашения. Обозначения для логических операций: а,Нет,Нет
vpr_sd_945800,informatics,8,Для какого из приведенных имен истинно высказывание: НЕ (Вторая буква согласная) И НЕ (Последняя буква согласная)? 1) Емеля 2) Иван 3) Михаил 4) Никита,Нет,Нет
vpr_sd_946150,informatics,8,"Ниже приведена программа, записанная на пяти языках программирования. Бейсик | Python // DIM k, s AS INTEGER INPUT s INPUT k IF s > 5 OR k > 5 THEN PRINT ""ДА"" ELSE PRINT ""НЕТ"" END IF | s = int(input()) k = int(input()) if s > 5 or k > 5: print(""ДА"") else: print(""НЕТ"") // Паскаль | Алгоритмический язык // var s, k: integer; begin readln(s); readln(k); if (s > 5) or (k > 5) then writeln ('ДА') else ",Нет,Нет
vpr_sd_946088,informatics,8,"Исполнитель Черепаха действует на плоскости с декартовой системой координат. В начальный момент Черепаха находится в начале координат, её голова направлена вдоль положительного направления оси ординат, хвост опущен. При опущенном хвосте Черепаха оставляет на поле след в виде линии. В каждый конкретный момент известно положение исполнителя и направление его движения. У исполнителя существует две ко",Нет,Нет
vpr_sd_946052,informatics,8,"12.1. На бесконечном поле имеется вертикальная стена. Длина стены — 6 клеток, в стене есть ровно один проход, шириною 1 клетка. От верхнего конца стены вправо отходит горизонтальная стена длиной 6 клеток. Робот находится в клетке, расположенной снизу от правого края горизонтальной стены. На рисунке указано расположение стен и Робота. Робот обозначен буквой «Р». Напишите для Робота программу, испол",Нет,Нет
vpr_sd_945829,informatics,8,"Выполните деление чисел, представленных в двоичной системе счисления: 10100 ÷ 100. Ответ запишите в двоичной системе счисления.",Нет,Нет
vpr_sd_945810,informatics,8,"Для какой из приведенных последовательностей цветных бусин истинно высказывание: (Вторая бусина желтая) И НЕ (Четвертая бусина зеленая) И НЕ (Последняя бусина красная) (К — красный , Ж — желтый , С — синий , З — зеленый)? 1) СЗККЖК 2) ЖЖКСЗК 3) СЖСЗКЗ 4) КЖЗСКС",Нет,Нет
vpr_sd_945725,informatics,8,"У исполнителя Вычислитель две команды, которым присвоены номера: 1. умножь на 3 2. прибавь 1 Первая из них увеличивает число на экране в 3 раза, вторая увеличивает его на 1. Составьте алгоритм получения из числа 5 числа 60 , содержащий не более 5 команд. В ответе запишите только номера команд. (Например, 11221 — это алгоритм: умножь на 3 умножь на 3 прибавь 1 прибавь 1 умножь на 3, который преобра",Нет,Нет
vpr_sd_945909,informatics,8,"Среди приведенных ниже трех чисел, записанных в различных системах счисления, найдите минимальное и запишите его в ответе в десятичной системе счисления. В ответе запишите только число, основание системы счисления указывать не нужно. 81 16 , 203 8 , 1111111 2 .",Нет,Нет
vpr_sd_945793,informatics,8,Для какого из приведенных имен истинно высказывание: НЕ (Первая буква гласная) И (Последняя буква гласная)? 1) Николай 2) Юрий 3) Марина 4) Иван,Нет,Нет
vpr_sd_945729,informatics,8,"У исполнителя Делитель две команды, которым присвоены номера: 1. раздели на 2 2. вычти 3 Первая из них уменьшает число на экране в 2 раза, вторая уменьшает его на 3. Исполнитель работает только с натуральными числами. Составьте алгоритм получения из чиcла 76 числа 5 , содержащий не более 5 команд. В ответе запишите только номера команд. (Например, 21211– это алгоритм: вычти 3 раздели на 2 вычти 3 ",Нет,Нет
vpr_sd_946148,informatics,8,"Ниже приведена программа, записанная на пяти языках программирования. Бейсик | Python // DIM k, s AS INTEGER INPUT s INPUT k IF s \ 2 = k THEN PRINT ""ДА"" ELSE PRINT ""НЕТ"" END IF | s = int(input()) k = int(input()) if s // 2 == k: print(""ДА"") else: print(""НЕТ"") // Паскаль | Алгоритмический язык // var s, k: integer; begin readln(s); readln(k); if s div 2 = k then writeln ('ДА') else writeln ('НЕТ')",Нет,Нет
vpr_sd_945798,informatics,8,Для какого из приведенных имен истинно высказывание: (Вторая буква гласная) И НЕ (Последняя согласная)? 1) Емеля 2) Иван 3) Михаил 4) Никита,Нет,Нет
vpr_sd_945797,informatics,8,Для какого из приведенных слов истинно высказывание: (Первая буква гласная) И НЕ (Последняя буква гласная)? 1) слива 2) яблоко 3) банан 4) ананас,Нет,Нет
vpr_sd_946105,informatics,8,Переведите десятичное число 78 в восьмеричную систему счисления. Основание системы писать не нужно.,Нет,Нет
vpr_sd_945905,informatics,8,Переведите двоичное число 1110110 в десятичную систему счисления.,Нет,Нет
vpr_sd_945794,informatics,8,Для какого из приведенных имен ЛОЖНО высказывание: НЕ ((Третья буква согласная) И (Последняя буква гласная))? 1) Анна 2) Елена 3) Павел 4) Егор,Нет,Нет
vpr_sd_945730,informatics,8,"У исполнителя Делитель две команды, которым присвоены номера: 1. раздели на 2 2. вычти 1 Первая из них уменьшает число на экране в 2 раза, вторая уменьшает его на 1. Исполнитель работает только с натуральными числами. Составьте алгоритм получения из чиcла 65 числа 4 , содержащий не более 5 команд. В ответе запишите только номера команд. (Например, 12112 – это алгоритм: раздели на 2 вычти 1 раздели",Нет,Нет
vpr_sd_946098,informatics,8,"Ниже приведена программа, записанная на четырех языках программирования. Python | Паскаль // s = int(input()) t = int(input()) if (s < 10) or (t > 10): print(""YES"") else: print(""NO"") | var s, t: integer; begin readln(s); readln(t); if (s < 10) or (t > 10) then writeln(""YES"") else writeln(""NO"") end. // C++ | Алгоритмический язык // #include using namespace std; int main(){ int s, t; cin >> s; cin >",Нет,Нет
vpr_sd_946160,informatics,8,"Ниже приведена программа, записанная на пяти языках программирования. Бейсик | Python // DIM s, t AS INTEGER INPUT s INPUT t IF s > 2 AND t < 5 THEN PRINT ‘YES’ ELSE PRINT ‘NO’ ENDIF | s = int(input()) t = int(input()) if s > 2 and t < 5: print(""YES"") else: print(""NO"") // Паскаль | Алгоритмический язык // var s, t: integer; begin readln(s); readln(t); if (s > 2) and (t < 5) then writeln('YES') els",Нет,Нет
vpr_sd_945792,informatics,8,Для какого из приведенных имен истинно высказывание: НЕ (Первая буква гласная) И НЕ (Последняя буква гласная)? 1) Андрейка 2) Иван 3) Михаил 4) Никита,Нет,Нет
vpr_sd_945740,literature,6,"Как называется построение литературного произведения, его структура, последовательность частей?",Нет,Нет
vpr_sd_945807,literature,6,"Как называется самое значимое событие, высшая точка в развитии конфликта?",Нет,Нет
vpr_sd_945900,literature,6,"Гой ты, Русь, моя родная... Гой ты, Русь, моя родная, Хаты — в ризах образа... Не видать конца и края — Только синь сосет глаза. Как захожий богомолец, Я смотрю твои поля. А у низеньких околиц Звонно чахнут тополя. Пахнет яблоком и медом По церквам твой кроткий Спас. И гудит за корогодом На лугах веселый пляс. Побегу по мятой стежке На приволь зеленых лех, Мне навстречу, как сережки, Прозвенит дев",Нет,Нет
vpr_sd_945791,literature,6,"Вспомните героя литературного произведения, прочитанного Вами на уроках литературы или самостоятельно, который вызывает чувство неприятия? Почему? Дайте развёрнутый ответ, опираясь на текст прочитанного Вами произведения.",Нет,Нет
vpr_sd_945728,literature,6,Как называется двусложный стихотворный размер с ударением на втором слоге?,Нет,Нет
vpr_sd_945782,literature,6,"Как называются герой, от лица которого ведётся повествование в стихотворении?",Нет,Нет
vpr_sd_945877,literature,6,"Как называется условный образ рассказчика, наделенный автором определенными личностными чертами, выступающий от первого лица в лирических произведениях?",Нет,Нет
vpr_sd_945875,literature,6,"Как называется вступительная часть литературного произведения, содержащая мотивы, которые развиваются в дальнейшем повествовании?",Нет,Нет
vpr_sd_945865,literature,6,"Как называется то, о чём говорится в произведении: жизненный материал — лица, события, обстоятельства, составляющие основу произведения или его тематику?",Нет,Нет
vpr_sd_945752,literature,6,Как называется большое повествовательное произведение с разветвлённым сюжетом и значительным количеством персонажей?,Нет,Нет
vpr_sd_945830,literature,6,"Как общим термином принято обозначать произведения, написанные не в рифму?",Нет,Нет
vpr_sd_945818,literature,6,"Как называется иносказательный нравоучительный рассказ, стихотворение?",Нет,Нет
vpr_sd_945866,literature,6,"Как называется изображение в художественном произведении внешности человека, его лица, его одежды?",Нет,Нет
vpr_sd_945831,literature,6,"Как называется герой, от имени которого переданы переживания в стихотворении?",Нет,Нет
vpr_sd_945741,literature,6,"Как называется вопрос, поставленный в художественном произведении и требующий разрешения?",Нет,Нет
vpr_sd_945785,literature,6,"Как называется краткий рассказ о событиях, предшествующих началу действия?",Нет,Нет
vpr_sd_945918,literature,6,"Как называется небольшое эпическое произведение, как правило, рассказывающее об одном герое и одном событии?",Нет,Нет
vpr_sd_945878,literature,6,"Как называется двусложный стихотворный размер, в котором ударение падает на второй слог и последующие чётные слоги?",Нет,Нет
vpr_sd_945810,literature,6,"Хозяин и гости пошли на псарный двор, где более пятисот гончих и борзых жили в довольстве и тепле, прославляя щедрость Кирила Петровича на своем собачьем языке. Тут же находился и лазарет для больных собак, под присмотром штаб-лекаря Тимошки, и отделение, где благородные суки ощенялись и кормили своих щенят. Кирила Петрович гордился сим прекрасным заведением и никогда не упускал случая похвастатьс",Нет,Нет
vpr_sd_945906,literature,6,"*** Как хорошо ты, о море ночное, — Здесь лучезарно, там сизо-темно... В лунном сиянии, словно живое, Ходит, и дышит, и блещет оно... На бесконечном, на вольном просторе Блеск и движение, грохот и гром... Тусклым сияньем облитое море, Как хорошо ты в безлюдье ночном! Зыбь ты великая, зыбь ты морская, Чей это праздник так празднуешь ты? Волны несутся, гремя и сверкая, Чуткие звезды глядят с высоты.",Нет,Нет
vpr_sd_945754,literature,6,"Прочитайте текст и выполните задания 3–5 . Был прекрасный июльский день, один из тех дней, которые случаются только тогда, когда погода установилась надолго. С самого раннего утра небо ясно; утренняя заря не пылает пожаром: она разливается кротким румянцем. Солнце — не огнистое, не раскаленное, как во время знойной засухи, не тускло-багровое, как перед бурей, но светлое и приветно лучезарное — мир",Нет,Нет
vpr_sd_945730,literature,6,"Прочитайте текст и выполните задания 3–5 . Марья Кириловна не отвечала ничего. В этих словах видела она предисловие к ожидаемому признанию. — Я не то, что вы предполагаете, — продолжал он, потупя голову, — я не француз Дефорж, я Дубровский. Марья Кириловна вскрикнула. — Не бойтесь, ради бога, вы не должны бояться моего имени. Да, я тот несчастный, которого ваш отец лишил куска хлеба, выгнал из оте",Нет,Нет
vpr_sd_945863,literature,6,"Зимняя дорога Сквозь волнистые туманы Пробирается луна, На печальные поляны Льет печально свет она. По дороге зимней, скучной Тройка борзая бежит, Колокольчик однозвучный Утомительно гремит. Что-то слышится родное В долгих песнях ямщика: То разгулье удалое, То сердечная тоска... Ни огня, ни черной хаты... Глушь и снег... Навстречу мне Только версты полосаты Попадаются одне. Скучно, грустно... Завт",Нет,Нет
vpr_sd_945853,literature,6,"Листья Пусть сосны и ели Всю зиму торчат, В снега и метели Закутавшись, спят, — Их тощая зелень, Как иглы ежа, Хоть ввек не желтеет, Но ввек не свежа. Мы ж, легкое племя, Цветем и блестим И краткое время На сучьях гостим. Всё красное лето Мы были в красе — Играли с лучами, Купались в росе!.. Но птички отпели, Цветы отцвели, Лучи побледнели, Зефиры ушли. Так что же нам даром Висеть и желтеть? Не лу",Нет,Нет
vpr_sd_945879,literature,6,"Через базарную площадь идет полицейский надзиратель Очумелов в новой шинели и с узелком в руке. За ним шагает рыжий городовой с решетом, доверху наполненным конфискованным крыжовником. Кругом тишина... На площади ни души... Открытые двери лавок и кабаков глядят на свет божий уныло, как голодные пасти; около них нет даже нищих. — Так ты кусаться, окаянная? — слышит вдруг Очумелов, — Ребята, не пуща",Нет,Нет
vpr_sd_945827,literature,6,"Вспомните героев, которым хочется подражать, из литературного произведения, изученного Вами в этом году на уроках или прочитанного самостоятельно. Почему эти герои Вам симпатичны? Дайте развёрнутый ответ, опираясь на текст выбранного Вами произведения.",Нет,Нет
vpr_sd_945779,literature,6,"В каком произведении, прочитанном Вами на уроках литературы или самостоятельно, герой демонстрирует мастерство? Можно ли равняться на этого героя? Дайте развёрнутый ответ, опираясь на текст прочитанного Вами произведения.",Нет,Нет
vpr_sd_945876,literature,6,"Вспомните, каким героям (героиням) литературных произведений, которые Вы обсуждали в этом году на уроках или читали самостоятельно, свой-ственна целеустремлённость. С кого из этих героев (героинь) Вы хотели бы брать пример? Почему? Дайте развёрнутый ответ, опираясь на текст выбранного Вами произведения.",Нет,Нет
vpr_sd_945886,literature,6,"Вспомните, каким героям (героиням) литературных произведений, которые Вы обсуждали в этом году на уроках или читали самостоятельно, свойственна находчивость. С кого из этих героев (героинь) Вы хотели бы брать пример? Почему? Дайте развёрнутый ответ, опираясь на текст выбранного Вами произведения.",Нет,Нет
vpr_sd_945781,literature,6,"В каком произведении, прочитанном Вами на уроках литературы или самостоятельно, герой с честью преодолевает трудности? Можно ли на него равняться? Дайте развёрнутый ответ, опираясь на текст прочитанного Вами произведения.",Нет,Нет
vpr_sd_945874,literature,6,"Вспомните литературное произведение, которое Вы обсуждали в этом году на уроках или читали самостоятельно, где герои учат доброте. Хотелось бы Вам брать с них пример? Почему? Дайте развёрнутый ответ, опираясь на текст выбранного Вами произведения.",Нет,Нет
vpr_sd_945803,literature,6,"Вспомните, каким героям (героиням) литературных произведений, которые Вы обсуждали в этом году на уроках или читали самостоятельно, свойственна смекалка. С кого из этих героев (героинь) Вы хотели бы брать пример? Почему? Дайте развёрнутый ответ, опираясь на текст выбранного Вами произведения.",Нет,Нет
vpr_sd_945887,literature,6,Как называется главное или одно из действующих лиц в художественном произведении?,Нет,Нет
vpr_sd_945784,literature,6,Как называются главная мысль автора в раскрытии темы произведения?,Нет,Нет
vpr_sd_945808,literature,6,Как называется значимая подробность в художественном произведении?,Нет,Нет
vpr_sd_945890,literature,6,"Как называется структура художественного произведения, его построение?",Нет,Нет
vpr_sd_945880,literature,6,Как называется изображение картин природы в художественном произведении?,Нет,Нет
vpr_sd_945783,literature,6,"Как называется часть текста, объединяющая ритмически и по содержанию несколько стихов?",Нет,Нет
vpr_sd_945800,literature,6,"Прошло несколько времени, а здоровье бедного Дубровского всё еще было плохо; правда, припадки сумасшествия уже не возобновлялись, но силы его приметно ослабевали. Он забывал свои прежние занятия, редко выходил из своей комнаты и задумывался по целым суткам. Егоровна, добрая старуха, некогда ходившая за его сыном, теперь сделалась и его нянькою. Она смотрела за ним, как за ребенком, напоминала ему ",Нет,Нет
vpr_sd_945824,literature,6,"Играла она шумно: вскрикивала, хлопала в ладоши, поддразнивала меня — одним словом, вела себя как обыкновенная девчонка, а не учительница, мне даже хотелось порой прикрикнуть. Но выигрывала, тем не менее, она, а я проигрывал. Я не успел опомниться, как на меня набежало восемьдесят копеек, с большим трудом мне удалось скостить этот долг до тридцати, но Лидия Михайловна издали попала своей монетой н",Нет,Нет
vpr_sd_945812,literature,6,"Левша ничего не сказал. Но вдруг начал беспокойно скучать. Затосковал и затосковал и говорит англичанам: — Покорно благодарствуйте на всем угощении, и я всем у вас очень доволен и все, что мне нужно было видеть, уже видел, а теперь я скорее домой хочу. Никак его более удержать не могли. По суше его пустить нельзя, потому что он на все языки не умел, а по воде плыть нехорошо, потому что время было ",Нет,Нет
vpr_sd_945862,literature,6,"Вспомните героев, которым не хочется подражать, из литературного произведения, которое Вы обсуждали в этом году на уроках или читали самостоятельно. Почему эти герои Вам не симпатичны? Дайте развёрнутый ответ, опираясь на текст выбранного Вами произведения.",Нет,Нет
vpr_sd_945737,literature,6,"Напишите мини-сочинение. Старайтесь чётко отвечать на поставленные вопросы, следите за логикой своих рассуждений. Опирайтесь на текст выбранного Вами произведения. Объём высказывания — не менее 60 слов. Вспомните литературные произведения, которые Вы обсуждали в этом году на уроках или читали самостоятельно. В каких произведениях отражена история нашей Родины? Кого из героев этих произведений можн",Нет,Нет
vpr_sd_945817,literature,6,"Вспомните героев, которые умеют дружить, из литературного произведения, изученного Вами в этом году на уроках или прочитанного самостоятельно. Почему эти герои Вам симпатичны? Дайте развёрнутый ответ, опираясь на текст выбранного Вами произведения.",Нет,Нет
vpr_sd_945820,literature,6,"Как общим термином принято обозначать произведения, написанные в рифму?",Нет,Нет
vpr_sd_945829,literature,6,"Когда на меня навалилась беда Когда на меня навалилась беда И шел я по отчему краю, «Отдай свою боль мне», — сказала вода, По горному склону стекая. Сказала мне высь: «Обернись к небесам, И в сердце растает тревога». «Спокойно иди, я тебя не предам!» — Тихонько шуршала дорога. «Взгляни на мои голубые снега», — Чуть слышно гора мне шептала. «Приляг на траву», — поманили луга. Прилег я, и легче мне ",Нет,Нет
vpr_sd_945861,literature,6,"Трудно сказать, как решилась мать отпустить меня в район (райцентр у нас называли районом). Жили мы без отца, жили совсем плохо, и она, видно, рассудила, что хуже уже не будет — некуда. Учился я хорошо, в школу ходил с удовольствием и в деревне признавался за грамотея: писал за старух и читал письма, перебрал все книжки, которые оказались в нашей неказистой библиотеке, и по вечерам рассказывал из ",Нет,Нет
vpr_sd_945746,literature,6,"Листок (1) Дубовый листок оторвался от ветки родимой И в степь укатился, жестокою бурей гонимый; Засох и увял он от холода, зноя и горя И вот, наконец, докатился до Чёрного моря. (2) У Чёрного моря чинара стоит молодая; С ней шепчется ветер, зелёные ветви лаская; На ветвях зелёных качаются райские птицы; Поют они песни про славу морской царь-девицы. (3) И странник прижался у корня чинары высокой; ",Нет,Нет
vpr_sd_945833,literature,6,"Ель рукавом мне тропинку завесила... Ель рукавом мне тропинку завесила. Ветер. В лесу одному Шумно, и жутко, и грустно, и весело, — Я ничего не пойму. Ветер. Кругом всё гудет и колышется, Листья кружатся у ног, Чу, там вдали неожиданно слышится Тонко взывающий рог. Сладостен зов мне глашатая медного! Мертвые что мне листы! Кажется, издали странника бедного Нежно приветствуешь ты. ( А. А. Фет, 1891",Нет,Нет
vpr_sd_945832,literature,6,"Хотят ли русские войны Хотят ли русские войны? Спросите вы у тишины, Над ширью пашен и полей, И у берез, и тополей, Спросите вы у тех солдат, Что под березами лежат, И вам ответят их сыны Хотят ли русские, хотят ли русские, Хотят ли русские войны. Не только за свою страну Солдаты гибли в ту войну, А чтобы люди всей земли Спокойно ночью спать могли. Спросите тех, кто воевал, Кто вас на Эльбе обнима",Нет,Нет
vpr_sd_945885,literature,6,"Я ошибся, приняв людей, сидевших вокруг тех огней, за гуртовщиков. Это просто были крестьянские ребятишки из соседних деревень, которые стерегли табун. В жаркую летнюю пору лошадей выгоняют у нас на ночь кормиться в поле: днём мухи и оводы не дали бы им покоя. Выгонять перед вечером и пригонять на утренней заре табун — большой праздник для крестьянских мальчиков. Сидя без шапок и в старых полушубк",Нет,Нет
vpr_sd_945816,literature,6,"Анна Федотовна прикрыла слепые глаза, затаила дыхание, напряженно при-слушалась, но душа ее молчала, и голос сына более не звучал в ней. Разумом Анна Федотовна еще понимала, что память нельзя украсть, но то — разум, а то — действительность, и в этой действительности одновременно с исчезновением писем сына и его друга исчезли и их голоса. Они более не звучали в ней, как ни напрягала она свою память",Нет,Нет
vpr_sd_945883,literature,6,"— Ну, как живешь, друг? — спросил толстый, восторженно глядя на друга. — Служишь где? Дослужился? — Служу, милый мой! Коллежским асессором уже второй год и Станислава имею. Жалованье плохое... ну, да бог с ним! Жена уроки музыки дает, я портсигары приватно из дерева делаю. Отличные портсигары! По рублю за штуку продаю. Если кто берет десять штук и более, тому, понимаешь, уступка. Пробавляемся кое-",Нет,Нет
vpr_sd_945888,literature,6,"Хорошее отношение к лошадям Били копыта, Пели будто: — Гриб. Грабь. Гроб. Груб. — Ветром опита, льдом обута улица скользила. Лошадь на круп грохнулась, и сразу за зевакой зевака, штаны пришедшие Кузнецким клешить, сгрудились, смех зазвенел и зазвякал: — Лошадь упала! — Упала лошадь! — Смеялся Кузнецкий. Лишь один я голос свой не вмешивал в вой ему. Подошел и вижу глаза лошадиные... Улица опрокинул",Нет,Нет
vpr_sd_945838,literature,6,"Песнь о Вещем Олеге Как ныне сбирается вещий Олег Отмстить неразумным хозарам: Их села и нивы за буйный набег Обрек он мечам и пожарам; С дружиной своей, в цареградской броне, Князь по полю едет на верном коне. Из темного леса навстречу ему Идет вдохновенный кудесник, Покорный Перуну старик одному, Заветов грядущего вестник, В мольбах и гаданьях проведший весь век. И к мудрому старцу подъехал Олег",Нет,Нет
vpr_sd_945828,literature,6,"Утес Ночевала тучка золотая На груди утеса-великана; Утром в путь она умчалась рано, По лазури весело играя; Но остался влажный след в морщине Старого утеса. Одиноко Он стоит, задумался глубоко, И тихонько плачет он в пустыне. ( М. Ю. Лермонтов, 1841 )",Нет,Нет
vpr_sd_945895,literature,6,"*** Я покинул родимый дом, Голубую оставил Русь. В три звезды березняк над прудом Теплит матери старой грусть. Золотою лягушкой луна Распласталась на тихой воде. Словно яблонный цвет, седина У отца пролилась в бороде. Я не скоро, не скоро вернусь! Долго петь и звенеть пурге. Стережет голубую Русь Старый клен на одной ноге. И я знаю, есть радость в нем Тем, кто листьев целует дождь, Оттого, что тот",Нет,Нет
vpr_sd_945893,literature,6,"С поляны коршун поднялся, Высоко к небу он взвился; Всё выше, дале вьётся он, И вот ушёл за небосклон. Природа-⁠мать ему дала Два мощных, два живых крыла — А я здесь в поте и в пыли, Я, царь земли, прирос к земли!.. ( Ф. И. Тютчев, 1836 )",Нет,Нет
vpr_sd_945790,literature,6,"Сын и дочь свили гнездо в городе и наезжали редко — хорошо, коли раз в год. Баба Дуня у них гостила не чаще и обыденкою вечером возвращалась к дому. С одной стороны, за хату боялась: какое ни есть, а хозяйство, с другой... Вторая причина была поважнее: с некоторых пор спала баба Дуня тревожно, разговаривала, а то и кричала во сне. В своей хате, дома, шуми хоть на весь белый свет. Кто услышит! А во",Нет,Нет
vpr_sd_945835,literature,6,"Узник Сижу за решеткой в темнице сырой. Вскормленный в неволе орел молодой, Мой грустный товарищ, махая крылом, Кровавую пищу клюет под окном, Клюет, и бросает, и смотрит в окно, Как будто со мною задумал одно. Зовет меня взглядом и криком своим И вымолвить хочет: «Давай улетим! Мы вольные птицы; пора, брат, пора! Туда, где за тучей белеет гора, Туда, где синеют морские края, Туда, где гуляем лишь",Нет,Нет
vpr_sd_945778,literature,6,"Гриша подождал, послушал ровное бабушкино дыхание, поднялся. Его бил озноб. Какой-то холод пронизывал до костей. И нельзя было согреться. Печка была еще тепла. Он сидел у печки и плакал. Слезы катились и катились. Они шли от сердца, потому что сердце болело и ныло, жалея бабу Дуню и кого-то еще... Он не спал, но находился в странном забытьи, словно в годах далеких, иных, и в жизни чужой, и виделос",Нет,Нет
vpr_sd_945839,literature,6,"Парус Белеет парус одинокой В тумане моря голубом!.. Что ищет он в стране далекой? Что кинул он в краю родном?.. Играют волны — ветер свищет, И мачта гнется и скрыпит... Увы! он счастия не ищет И не от счастия бежит! Под ним струя светлей лазури, Над ним луч солнца золотой... А он, мятежный, просит бури, Как будто в бурях есть покой! ( М. Ю. Лермонтов, 1832 )",Нет,Нет
vpr_sd_945768,literature,6,"Поев молока с хлебом, Яшка взял в сенях удочки и вышел на крыльцо. Деревня, будто большим пуховым одеялом, была укрыта туманом. Ближние дома были еще видны, дальние едва проглядывали темными пятнами, а еще дальше, к реке, уже ничего не было видно, и казалось, никогда не было ни ветряка на горке, ни пожарной каланчи, ни школы, ни леса на горизонте... Все исчезло, притаилось сейчас, и центром малень",Нет,Нет
vpr_sd_945792,literature,6,"А дома в это время смотрели по телевизору какую-то деревенскую картину. К ним в гости приехала Петькина тетя, сестра матери Петьки. С мужем. Из города. И вот все сидят и смотрят телевизор. (Дед и Петька не переваривали телевизор. «Это я, когда еще холостым был, а брат, Микита, женился, так вот я любил к ним в горницу через щелочку подглядывать. Так и телевизор ихний: все вроде как подглядываешь», ",Нет,Нет
vpr_sd_945915,literature,6,"— Куда ты? — тревожно спросила Елизавета Ивановна. Мерцалов, взявшийся уже за ручку двери, обернулся. — Всё равно, сидением ничего не поможешь, — хрипло ответил он. — Пойду ещё... Хоть милостыню попробую просить. Выйдя на улицу, он пошёл бесцельно вперёд. Он ничего не искал, ни на что не надеялся. Он давно уже пережил то жгучее время бедности, когда мечтаешь найти на улице бумажник с деньгами или ",Нет,Нет
vpr_sd_945871,literature,6,"На другой день Червяков надел новый вицмундир, подстригся и пошел к Бризжалову объяснить... Войдя в приемную генерала, он увидел там много просителей, а между просителями и самого генерала, который уже начал прием прошений. Опросив несколько просителей, генерал поднял глаза и на Червякова. — Вчера в «Аркадии», ежели припомните, вашество, — начал докладывать экзекутор, — я чихнул-с и... нечаянно об",Нет,Нет
vpr_sd_945837,literature,6,"Сороковые Сороковые, роковые, Военные и фронтовые, Где извещенья похоронные И перестуки эшелонные. Гудят накатанные рельсы. Просторно. Холодно. Высоко. И погорельцы, погорельцы Кочуют с запада к востоку... А это я на полустанке В своей замурзанной ушанке, Где звездочка не уставная, А вырезанная из банки. Да, это я на белом свете, Худой, веселый и задорный. И у меня табак в кисете, И у меня мундшту",Нет,Нет
vpr_sd_945780,literature,6,"Свечерело. Солнце скрылось за прибрежными донскими холмами. Розовая кайма лежала за Доном, а по ней — редкий далекий лес узорчатой чернью. В поселке было тихо, лишь малые детишки смеялись, катаясь на салазках. Про бабушку думать было больно. Как помочь ей? Как мать советовала? Говорит, помогает. Вполне может и быть. Это ведь психика. Приказать, крикнуть — и перестанет. Гриша неторопливо шел и шел,",Нет,Нет
vpr_sd_945794,literature,6,"Как называются события, которыми завершается конфликт?",Нет,Нет
vpr_sd_945796,literature,6,"Как называются события, в которых завязывается конфликт?",Нет,Нет
vpr_sd_945819,literature,6,"Каким термином называется структура, построение произведения?",Нет,Нет
vpr_sd_945797,literature,6,Как называется двусложный стихотворный размер с ударением на нечётные слоги?,Нет,Нет
vpr_sd_945753,literature,6,"Как называется значимая, выразительная подробность, которая является средством создания художественного образа?",Нет,Нет
vpr_sd_945917,literature,6,Как называется основная мысль литературного произведения?,Нет,Нет
vpr_sd_945889,literature,6,"Как называется иносказательный рассказ, стихотворение, в котором содержится мораль?",Нет,Нет
vpr_sd_945806,literature,6,"Как называется литературный род, в основе которого лежит повествование, в принципе не имеющее ограничений во времени и пространстве?",Нет,Нет
vpr_sd_945750,literature,6,"Как называется добродушная насмешка над героями, их поступками, ситуацией, воссозданной в литературном произведении?",Нет,Нет
vpr_sd_945821,literature,6,"Как называется изображение в художественном произведении внешности человека, его лица, его одежды и т. п.?",Нет,Нет
vpr_sd_945729,literature,6,"Как называется наивысший момент, пик в развитии действия литературного произведения?",Нет,Нет
vpr_sd_945809,literature,6,Каким термином называется созвучие окончаний стихотворных строк?,Нет,Нет
vpr_sd_945751,literature,6,Как называется двусложный стихотворный размер с ударением на первом слоге?,Нет,Нет
vpr_sd_945868,literature,6,"Как называется произведение большой эпической формы, охватывающее широкий круг явлений частной и общественной жизни, изображающее в процессе развития многочисленные человеческие характеры в их противоречивых взаимоотношениях?",Нет,Нет
vpr_sd_945733,literature,6,"Прочитайте текст и выполните задания 3–5 . Три пальмы (1)В песчаных степях аравийской земли Три гордые пальмы высоко росли. Родник между ними из почвы бесплодной, Журча, пробивался волною холодной, Хранимый, под сенью зелёных листов, От знойных лучей и летучих песков. (2)И многие годы неслышно прошли; Но странник усталый из чуждой земли Пылающей грудью ко влаге студёной Ещё не склонялся под кущей ",Нет,Нет
vpr_sd_945795,literature,6,Как называется двусложный стихотворный размер с ударением на чётные слоги?,Нет,Нет
vpr_sd_945745,literature,6,"Прочитайте текст и выполните задания 3–5 . Учись у них — у дуба, у березы (1)Учись у них — у дуба, у берёзы. Кругом зима. Жестокая пора! Напрасные на них застыли слёзы, И треснула, сжимаяся, кора. (2)Всё злей метель и с каждою минутой Сердито рвёт последние листы, И за сердце хватает холод лютый; Они стоят, молчат; молчи и ты! (3)Но верь весне. Её промчится гений, Опять теплом и жизнию дыша. Для я",Нет,Нет
vpr_sd_945831,literature,7,"Как называется литературный род, в котором объектом изображения могут быть любые явления внешнего мира (люди, события, предметы) в их сложных отношениях и взаимосвязях, а также внутренний мир людей? Основа этого литературного рода — повествование, в принципе не имеющее ограничений во времени и пространстве.",Нет,Нет
vpr_sd_945815,literature,7,"Как называется то, для чего написано произведение, главная мысль в раскрытии темы?",Нет,Нет
vpr_sd_945755,literature,7,"Как называется жанр поэтического или прозаического произведения, в котором автор беспощадно, уничтожающе высмеивает, критикует действительность, человека, явления?",Нет,Нет
vpr_sd_945811,literature,7,"Как называется художественное направление, которое характеризуется не-удовлетворенностью настоящим, современной действительностью, противопоставлением реального мира миру идеальному?",Нет,Нет
vpr_sd_945857,literature,7,Каким термином обозначается описание природы в художественном произведении?,Нет,Нет
vpr_sd_945736,literature,7,Каким термином обозначается трёхсложный стихотворный размер с ударением на последнем слоге?,Нет,Нет
vpr_sd_945818,literature,7,"Как называется исходное событие, в котором обрисовывается мир, представляются герои, намечается конфликт?",Нет,Нет
vpr_sd_945868,literature,7,"Как называется двусложная стопа, в которой ударение падает второй слог?",Нет,Нет
vpr_sd_945748,literature,7,Каким термином обозначается трёхсложный размер стиха с ударением на втором слоге?,Нет,Нет
vpr_sd_945845,literature,7,"Как называется высшая точка напряжения, столкновение противоборствующих сил, пик эмоционального накала конфликта в художественном произведении?",Нет,Нет
vpr_sd_945826,literature,7,"ЧАСТЬ ПЕРВАЯ Покоен, прочен и легок На диво слаженный возок; Сам граф-отец не раз, не два Его попробовал сперва. Шесть лошадей в него впрягли, Фонарь внутри его зажгли. Сам граф подушки поправлял, Медвежью полость в ноги стлал, Творя молитву, образок Повесил в правый уголок И — зарыдал... Княгиня-дочь Куда-то едет в эту ночь... I «Да, рвем мы сердце пополам Друг другу, но, родной, Скажи, что ж бол",Нет,Нет
vpr_sd_945761,literature,7,"Прочитайте текст и выполните задания 3–5 . Размышления у парадного подъезда Раз я видел, сюда мужики подошли, Деревенские русские люди, Помолились на церковь и стали вдали, Свесив русые головы к груди; Показался швейцар. «Допусти», — говорят С выраженьем надежды и муки. Он гостей оглядел: некрасивы на взгляд! Загорелые лица и руки, Армячишка худой на плечах, По котомке на спинах согнутых, Крест на",Нет,Нет
vpr_sd_945774,literature,7,"*** Неохотно и несмело Солнце смотрит на поля. Чу, за тучей прогремело, Принахмурилась земля. Ветра теплого порывы, Дальний гром и дождь порой... Зеленеющие нивы Зеленее под грозой. Вот пробилась из-за тучи Синей молнии струя — Пламень белый и летучий Окаймил ее края. Чаще капли дождевые, Вихрем пыль летит с полей, И раскаты громовые Все сердитей и смелей. Солнце раз еще взглянуло Исподлобья на по",Нет,Нет
vpr_sd_945805,literature,7,"Остановились они и под торжествующий шум леса, среди дрожащей тьмы, усталые и злые, стали ездить Данко. — Ты, — сказали они, — ничтожный и вредный человек для нас! Ты повёл нас и утомил, и за это ты погибнешь! — Вы сказали: «Веди!» — и я повёл! — крикнул Данко, становясь против них грудью. — Во мне есть мужество вести, вот потому я повёл вас! А вы? Что сделали вы в помощь себе? Вы только шли и не ",Нет,Нет
vpr_sd_945901,literature,7,"И. И. Пущину Мой первый друг, Мой друг бесценный! И я судьбу благословил, Когда мой двор уединенный, Печальным снегом занесенный, Твой колокольчик огласил. Молю святое провиденье: Да голос мой душе твоей Дарует то же утешенье, Да озарит он заточенье Лучом лицейских ясных дней! ( А. С. Пушкин, 1826 )",Нет,Нет
vpr_sd_945817,literature,7,"Как называется род литературы, объединяющий произведения для постановки на сцене?",Нет,Нет
vpr_sd_945844,literature,7,"Как называется литературный род, в котором объектом изображения могут быть любые явления внешнего мира (люди, события, предметы) в их сложных отношениях и взаимосвязях, а также внутренний мир людей; основа произведений этого литературного рода — повествование, в принципе не имеющее ограничений во времени и пространстве?",Нет,Нет
vpr_sd_945839,literature,7,"— Я в жизни ничего подобного не слыхала, — говорила Рыжуха. — Из этих песен я узнала, что были времена, когда нас, лошадей, называли кормилицами, холили и ласкали, украшали лентами. И когда я слушала эти песни, я забывала про жару, про оводов, про удары ременки, которой то и дело лупил нас злой мужик. И мне легче, ей-богу, легче было тащить тяжелую косилку. Я спрашивала Забаву — так звали старую к",Нет,Нет
vpr_sd_945877,literature,7,"Как называется авторская трактовка темы: то, что особенно интересует автора, является для него самым существенным вопросом жизни, поэтому этот вопрос и становится предметом изображения и размышления в литературном произведении?",Нет,Нет
vpr_sd_945851,literature,7,"Каким термином обозначается род литературы, в котором действительность отражается путем передачи глубоких, задушевных мыслей и чувств автора?",Нет,Нет
vpr_sd_945890,literature,7,Как называется созвучие окончаний в словах?,Нет,Нет
vpr_sd_945918,literature,7,Каким термином обозначается изображение внешности героя в литературном произведении?,Нет,Нет
vpr_sd_945884,literature,7,"Как называется структура художественного произведения, его построение?",Нет,Нет
vpr_sd_945856,literature,7,"Как называется одно из средств создания художественного образа, которое помогает представить изображаемую автором картину, предмет или характер в неповторимой индивидуальности?",Нет,Нет
vpr_sd_945878,literature,7,"Как называется двусложная стопа, в которой ударение падает первый слог?",Нет,Нет
vpr_sd_945846,literature,7,"Как называется изображение в художественном произведении внешности человека, его лица, его одежды?",Нет,Нет
vpr_sd_945752,literature,7,"Прочитайте текст и выполните задания 3–5 . Он подошёл к голове лошади, взял её за узду и сдёрнул с места. Мы тронулись. Я держался за подушку дрожек, которые колыхались, «как в море челнок», и кликал собаку. Бедная моя кобыла тяжко шлепала ногами по грязи, скользила, спотыкалась; лесник покачивался перед оглоблями направо и налево, словно привиденье. Мы ехали довольно долго; наконец мой проводник ",Нет,Нет
vpr_sd_945784,literature,7,"БЬЕТСЯ В ТЕСНОЙ ПЕЧУРКЕ ОГОНЬ Бьется в тесной печурке огонь, На поленьях смола, как слеза, И поет мне в землянке гармонь Про улыбку твою и глаза. Про тебя мне шептали кусты В белоснежных полях под Москвой. Я хочу, чтобы слышала ты, Как тоскует мой голос живой. Ты сейчас далеко-далеко. Между нами снега и снега. До тебя мне дойти нелегко, А до смерти — четыре шага. Пой, гармоника, вьюге назло, Заплу",Нет,Нет
vpr_sd_945870,literature,7,"Давно, в старинное время, жил у нас на улице старый на вид человек. Он работал в кузнице при большой московской дороге; он работал подручным помощником у главного кузнеца, потому что он плохо видел глазами и в руках у него мало было силы. Он носил в кузницу воду, песок и уголь, раздувал мехом горн, держал клещами горячее железо на наковальне, когда главный кузнец отковывал его, вводил лошадь в ста",Нет,Нет
vpr_sd_945887,literature,7,"День был жаркий. В трех верстах от станции *** стало накрапывать, и через минуту проливной дождь вымочил меня до последней нитки. По приезде на станцию — первая забота была поскорее переодеться, вторая — спросить себе чаю. «Эй, Дуня! — закричал смотритель. — Поставь самовар да сходи за сливками». При сих словах вышла из-за перегородки девочка лет четырнадцати и побежала в сени. Красота ее меня пор",Нет,Нет
vpr_sd_945767,literature,7,Как называется описание внутренней обстановки помещения в литературном произведении?,Нет,Нет
vpr_sd_945917,literature,7,"Как называется ряд событий, описанных в художественном произведении?",Нет,Нет
vpr_sd_945891,literature,7,"Каким термином обозначается изображение в художественном произведении внешности человека, его лица, его одежды?",Нет,Нет
vpr_sd_945758,literature,7,Каким термином обозначается трёхсложный стихотворный размер с ударением на первом слоге?,Нет,Нет
vpr_sd_945808,literature,7,Как называется итог кульминации в развитии действия?,Нет,Нет
vpr_sd_945757,literature,7,"Как называется изречение, расположенное перед текстом литературного произведения и поясняющее авторский замысел или идею?",Нет,Нет
vpr_sd_945746,literature,7,"Каким термином обозначается главная мысль, выраженная в художественном произведении?",Нет,Нет
vpr_sd_945786,literature,7,"КАТЮША Расцветали яблони и груши, Поплыли туманы над рекой. Выходила на берег Катюша, На высокий берег на крутой. Выходила, песню заводила Про степного сизого орла, Про того, которого любила, Про того, чьи письма берегла. Ой ты, песня, песенка девичья, Ты лети за ясным солнцем вслед: И бойцу на дальнем пограничье От Катюши передай привет. Пусть он вспомнит девушку простую, Пусть услышит, как она п",Нет,Нет
vpr_sd_945788,literature,7,"ДОМИКИ СТАРОЙ МОСКВЫ Слава прабабушек томных, Домики старой Москвы, Из переулочков скромных Всё исчезаете вы, Точно дворцы ледяные По мановенью жезла́. Где потолки расписные, До потолков зеркала? Где клавесина аккорды, Темные шторы в цветах, Великолепные морды На вековых ворота́х, Кудри, склоненные к пяльцам, Взгляды портретов в упор... Странно постукивать пальцем О деревянный забор! Домики с знак",Нет,Нет
vpr_sd_945747,literature,7,"Прочитайте текст и выполните задания 3–5 . — Сенька! — вскрикнул помещик, но вдруг спохватился... и заплакал. Однако твёрдость души всё ещё не покидала его. Несколько раз он ослабевал, но как только почувствует, что сердце у него начнёт растворяться, сейчас бросится к газете «Весть» и в одну минуту ожесточится опять. — Нет, лучше совсем одичаю, лучше пусть буду с дикими зверьми по лесам скитаться,",Нет,Нет
vpr_sd_945889,literature,7,"Как называется цепочка основных событий, раскрывающих становление характеров в череде жизненных противоречий в художественном произведении?",Нет,Нет
vpr_sd_945863,literature,7,"Как называется жизненный материал, составляющий основу произведения или его тематику?",Нет,Нет
vpr_sd_945829,literature,7,"Как называется род литературы, в котором действительность отражается путем передачи глубоких, задушевных мыслей и чувств автора?",Нет,Нет
vpr_sd_945865,literature,7,"Как называется произведение большой эпической формы, охватывающее широкий круг явлений частной и общественной жизни, изображающее в процессе развития многочисленные человеческие характеры в их противоречивых взаимоотношениях?",Нет,Нет
vpr_sd_945804,literature,7,"Как называются события, с которых завязывается конфликт?",Нет,Нет
vpr_sd_945866,literature,7,"Как называются события, с которых завязывается конфликт в художественном произведении?",Нет,Нет
vpr_sd_945830,literature,7,"Как называется трехсложная стопа, в которой ударение падает на второй слог — ударный между двумя безударными?",Нет,Нет
vpr_sd_945914,literature,7,"Напишите мини-сочинение. Старайтесь чётко отвечать на поставленные вопросы, следите за логикой своих рассуждений. Опирайтесь на текст выбранного Вами произведения. Объём высказывания — не менее 70 слов. Какое литературное произведение, рассмотренное в этом году на уроках или прочитанное самостоятельно, помогло Вам в освоении учебных предметов или в решении жизненных проблем? Чем именно помогло? Да",Нет,Нет
vpr_sd_945822,literature,7,"Какое литературное произведение о Родине, рассмотренное Вами на уроках литературы в этом учебном году или прочитанное самостоятельно, Вы бы посоветовали почитать своим друзьям? Чему учит это произведение? Дайте развёрнутый ответ, опираясь на текст выбранного Вами произведения.",Нет,Нет
vpr_sd_945862,literature,7,"Какое литературное произведение, рассмотренное Вами на уроках литературы в этом учебном году или прочитанное самостоятельно, раскрывает тему добра? Чему учит это произведение? Дайте развёрнутый ответ, опираясь на текст выбранного Вами произведения.",Нет,Нет
vpr_sd_945848,literature,7,"Какое произведение о силе характера, прочитанное Вами на уроках литературы или самостоятельно, Вы бы посоветовали прочитать друзьям? Почему? Дайте развёрнутый ответ, опираясь на текст прочитанного Вами произведения.",Нет,Нет
vpr_sd_945756,literature,7,"Напишите мини-сочинение. Старайтесь чётко отвечать на поставленные вопросы, следите за логикой своих рассуждений. Опирайтесь на текст выбранного Вами произведения. Объём высказывания — не менее 70 слов. Какое литературное произведение о Великой Отечественной войне, рассмотренное в этом году на уроках или прочитанное самостоятельно, запомнилось Вам больше всего и почему? Дайте развёрнутый ответ, оп",Нет,Нет
vpr_sd_945814,literature,7,"Какое литературное произведение о любви, рассмотренное Вами на уроках литературы в этом учебном году или прочитанное самостоятельно, Вы бы посоветовали почитать своим друзьям? Чему учит это произведение? Дайте развёрнутый ответ, опираясь на текст выбранного Вами произведения.",Нет,Нет
vpr_sd_945874,literature,7,"Какое произведение на актуальную для Вас тему, прочитанное Вами на уроках литературы или самостоятельно, Вы бы посоветовали прочитать друзьям? Почему? Дайте развёрнутый ответ, опираясь на текст прочитанного Вами произведения.",Нет,Нет
vpr_sd_945836,literature,7,"Какое произведение о дружбе, прочитанное Вами на уроках литературы или самостоятельно, Вы бы посоветовали прочитать друзьям? Почему? Дайте развёрнутый ответ, опираясь на текст прочитанного Вами произведения.",Нет,Нет
vpr_sd_945850,literature,7,"Какое литературное произведение о дружбе, рассмотренное Вами на уроках литературы в этом учебном году или прочитанное самостоятельно, Вы бы посоветовали почитать своим друзьям? Чему учит это произведение? Дайте развёрнутый ответ, опираясь на текст выбранного Вами произведения.",Нет,Нет
vpr_sd_945800,literature,7,"Какое литературное произведение о подвиге, рассмотренное Вами на уроках литературы в этом учебном году или прочитанное самостоятельно, Вы бы посоветовали почитать своим друзьям? Чему учит это произведение? Дайте развёрнутый ответ, опираясь на текст выбранного Вами произведения. Тема подвига раскрывается в повести Н. В. Гоголя «Тарас Бульба».",Нет,Нет
vpr_sd_945816,literature,7,"Какое произведение о подростках, прочитанное Вами на уроках литературы или самостоятельно, Вы бы посоветовали прочитать друзьям? Почему? Дайте развёрнутый ответ, опираясь на текст прочитанного Вами произведения.",Нет,Нет
vpr_sd_945802,literature,7,"Какое произведение о Великой Отечественной войне, прочитанное Вами на уроках литературы или самостоятельно, Вы бы посоветовали прочитать друзьям? Почему? Дайте развёрнутый ответ, опираясь на текст прочитанного Вами произведения.",Нет,Нет
vpr_sd_945754,literature,7,"Напишите мини-сочинение. Старайтесь чётко отвечать на поставленные вопросы, следите за логикой своих рассуждений. Опирайтесь на текст выбранного Вами произведения. Объём высказывания — не менее 70 слов. Какое литературное произведение, рассмотренное в этом году на уроках или прочитанное Вами самостоятельно, побуждает читателя к размышлениям о доброте и благородстве? Чему учит это произведение? Дай",Нет,Нет
vpr_sd_945881,literature,7,"Какое стихотворное произведение о родной природе, прочитанное Вами на уроках литературы или самостоятельно, Вам близко? Чем именно? Дайте развёрнутый ответ, опираясь на текст прочитанного Вами произведения.",Нет,Нет
vpr_sd_945838,literature,7,"Какое литературное произведение о доброте, рассмотренное Вами на уроках литературы в этом учебном году или прочитанное самостоятельно, Вы бы посоветовали почитать своим друзьям? Чему учит это произведение? Дайте развёрнутый ответ, опираясь на текст выбранного Вами произведения.",Нет,Нет
vpr_sd_945875,literature,7,"Как называется прозаический жанр, занимающий по объёму текста промежуточное место между романом и рассказом, характеризующийся хроникальным сюжетом, воспроизводящим естественное течение жизни?",Нет,Нет
vpr_sd_945745,literature,7,"Как называется один из видов лиро-эпических произведений, для которого характерны сюжетность, событийность и выражение автором или лирическим героем своих чувств?",Нет,Нет
vpr_sd_945873,literature,7,"— Эх, детство, детство! — сказал кандидат. — Ну, садитесь за стол, друзья. Все сели за стол. И Глеб Капустин сел. Он пока помалкивал. Но — видно было - подбирался к прыжку. Он улыбался, поддакнул тоже насчет детства, а сам все взглядывал на кандидата — примеривался. За столом разговор пошел дружнее, стали уж вроде и забывать про Глеба Капустина... И тут он попер на кандидата. — В какой области выя",Нет,Нет
vpr_sd_945797,literature,7,"На холмах Грузии лежит ночная мгла; Шумит Арагва предо мною. Мне грустно и легко; печаль моя светла; Печаль моя полна тобою, Тобой, одной тобой... Унынья моего Ничто не мучит, не тревожит, И сердце вновь горит и любит — оттого, Что не любить оно не может. ( А. С. Пушкин, 1829 )",Нет,Нет
vpr_sd_945849,literature,7,"Они шли с открытыми головами, с длинными чубами; бороды у них были отпущены. Они шли не боязливо, не угрюмо, но с какою⁠-⁠то тихою горделивостию; их платья из дорогого сукна износились и болтались на них ветхими лоскутьями, они не глядели и не кланялись народу. Впереди всех шел Остап. Что почувствовал старый Тарас, когда увидел своего Остапа? Что было тогда в его сердце! Он глядел на него из толпы",Нет,Нет
vpr_sd_945798,literature,7,"УЗНИК Отворите мне темницу, Дайте мне сиянье дня, Черноглазую девицу, Черногривого коня! Я красавицу младую Прежде сладко поцелую, На коня потом вскочу, В степь, как ветер, улечу. Но окно тюрьмы высоко, Дверь тяжелая с замком; Черноокая далеко В пышном тереме своем; Добрый конь в зеленом поле Без узды, один, по воле Скачет весел и игрив, Хвост по ветру распустив... Одинок я — нет отрады: Стены гол",Нет,Нет
vpr_sd_945793,literature,7,"Жираф Сегодня, я вижу, особенно грустен твой взгляд, И руки особенно тонки, колени обняв. Послушай: далеко, далеко, на озере Чад Изысканный бродит жираф. Ему грациозная стройность и нега дана, И шкуру его украшает волшебный узор, С которым равняться осмелится только луна, Дробясь и качаясь на влаге широких озер. Вдали он подобен цветным парусам корабля, И бег его плавен, как радостный птичий полет",Нет,Нет
vpr_sd_945841,literature,7,"Когда я вышел на поле, где был их дом, я увидал в конце его, по направлению гулянья, что-то большое, черное и услыхал доносившиеся оттуда звуки флейты и барабана. В душе у меня все время пело и изредка слышался мотив мазурки. Но это была какая-то другая, жесткая, нехорошая музыка. «Что это такое?» — подумал я и по проезженной посередине поля скользкой дороге пошел по направлению звуков. Пройдя шаг",Нет,Нет
vpr_sd_945886,literature,7,"Генералы поникли головами. Все, на что бы они ни обратили взоры, — все свидетельствовало об еде. Собственные их мысли злоумышляли против них, ибо как они ни старались отгонять представления о бифштексах, но представления эти пробивали себе путь насильственным образом. И вдруг генерала, который был учителем каллиграфии, озарило вдохновение... — А что, ваше превосходительство, — сказал он радостно, ",Нет,Нет
vpr_sd_945809,literature,7,"Надо вам сказать, что у четы Джеймс Диллингем Юнг было два сокровища, составлявших предмет их гордости. Одно — золотые часы Джима, принадлежавшие его отцу и деду, другое — волосы Деллы. Если бы царица Савская проживала в доме напротив, Делла, помыв голову, непременно просушивала бы у окна распущенные волосы — специально для того, чтобы заставить померкнуть все наряды и украшения ее величества. Есл",Нет,Нет
vpr_sd_945776,literature,7,"Здесь птицы не поют, деревья не растут, и только мы, плечом к плечу, врастаем в землю тут. Горит и кружится планета, над нашей родиною дым, и, значит, нам нужна одна победа, одна на всех, мы за ценой не постоим. Нас ждёт огонь смертельный, и всё ж бессилен он. Сомненья прочь. Уходит в ночь отдельный, десятый наш, десантный батальон. Едва огонь угас — звучит другой приказ, И почтальон сойдёт с ума,",Нет,Нет
vpr_sd_945819,literature,7,"Однажды, в середине такого путешествия к городу, девочка присела у дороги съесть кусок пирога, положенного в корзинку на завтрак. Закусывая, она перебирала игрушки; из них две-три оказались новинкой для нее: Лонгрен сделал их ночью. Одна такая новинка была миниатюрной гоночной яхтой; белое суденышко это несло алые паруса, сделанные из обрезков шелка, употреблявшегося Лонгреном для оклейки пароходн",Нет,Нет
vpr_sd_945908,literature,7,"Первый снег (1)Серебро, огни и блёстки, — Целый мир из серебра! В жемчугах горят берёзки, Чёрно-голые вчера. (2)Это — область чьей-то грёзы, Это — призраки и сны! Все предметы старой прозы Волшебством озарены. (3)Экипажи, пешеходы, На лазури белый дым. Жизнь людей и жизнь природы Полны новым и святым. (4)Воплощение мечтаний, Жизни с грёзою игра, Этот мир очарований, Этот мир из серебра! ( В. Я. Бр",Нет,Нет
vpr_sd_945723,literature,7,"Прочитайте текст и выполните задания 3–5 . Железная дорога (1)Славная осень! Здоровый, ядрёный Воздух усталые силы бодрит; Лёд неокрепший на речке студёной Словно как тающий сахар лежит; (2)Около леса, как в мягкой постели, Выспаться можно — покой и простор! Листья поблекнуть ещё не успели, Жёлты и свежи лежат, как ковёр. (3)Славная осень! Морозные ночи, Ясные, тихие дни... Нет безобразья в природ",Нет,Нет
vpr_sd_945781,literature,7,"ВО ГЛУБИНЕ СИБИРСКИХ РУД... Во глубине сибирских руд Храните гордое терпенье, Не пропадет ваш скорбный труд И дум высокое стремленье. Несчастью верная сестра, Надежда в мрачном подземелье Разбудит бодрость и веселье, Придет желанная пора: Любовь и дружество до вас Дойдут сквозь мрачные затворы, Как в ваши каторжные норы Доходит мой свободный глас. Оковы тяжкие падут, Темницы рухнут — и свобода Вас",Нет,Нет
vpr_sd_945779,literature,7,"ИЗ ГЁТЕ Горные вершины Спят во тьме ночной; Тихие долины Полны свежей мглой; Не пылит дорога, Не дрожат листы... Подожди немного, Отдохнешь и ты. ( М. Ю. Лермонтов, 1840 )",Нет,Нет
vpr_sd_945735,literature,7,"Прочитайте текст и выполните задания 3–5 . И. И. Пущину (1)Мой первый друг, Мой друг бесценный! И я судьбу благословил, Когда мой двор уединенный, Печальным снегом занесенный, Твой колокольчик огласил. (2)Молю святое провиденье: Да голос мой душе твоей Дарует то же утешенье, Да озарит он заточенье Лучом лицейских ясных дней! ( А. С. Пушкин, 1826 )",Нет,Нет
vpr_sd_945853,literature,7,"Наши путешественники только несколько минут останавливались для обеда, причем ехавший с ними отряд из десяти козаков слезал с лошадей, отвязывал деревянные баклажки с горелкою и тыквы, употребляемые вместо сосудов. Ели только хлеб с салом или коржи, пили только по одной чарке, единственно для подкрепления, потому что Тарас Бульба не позволял никогда напиваться в дороге, и продолжали путь до вечера",Нет,Нет
vpr_sd_945907,literature,7,"*** Когда волнуется желтеющая нива И свежий лес шумит при звуке ветерка, И прячется в саду малиновая слива Под тенью сладостной зеленого листка; Когда росой обрызганный душистой, Румяным вечером иль утра в час златой, Из-под куста мне ландыш серебристый Приветливо кивает головой; Когда студеный ключ играет по оврагу И, погружая мысль в какой-то смутный сон, Лепечет мне таинственную сагу Про мирный",Нет,Нет
vpr_sd_945867,literature,7,"Как вскинулся Андрий! Как забунтовала по всем жилкам молодая кровь! Ударив острыми шпорами коня, во весь дух полетел он за казаками, не глядя назад, не видя, что позади только всего двадцать человек поспевало за ним; а казаки летели во всю прыть на конях и прямо поворотили к лесу. Разогнался на коне Андрий и чуть было уже не настигнул Голокопытенка, как вдруг чья-то сильная рука ухватила за повод ",Нет,Нет
vpr_sd_945909,literature,7,"Дождавшись начала мазурочного мотива, он бойко топнул одной ногой, выкинул другую, и высокая, грузная фигура его то тихо и плавно, то шумно и бурно, с топотом подошв и ноги об ногу, задвигалась вокруг залы. Грациозная фигура Вареньки плыла около него, незаметно, вовремя укорачивая или удлиняя шаги своих маленьких белых атласных ножек. Вся зала следила за каждым движением пары. Я же не только любов",Нет,Нет
vpr_sd_945892,literature,7,"Туча Последняя туча рассеянной бури! Одна ты несешься по ясной лазури, Одна ты наводишь унылую тень, Одна ты печалишь ликующий день. Ты небо недавно кругом облегала, И молния грозно тебя обвивала; И ты издавала таинственный гром И алчную землю поила дождем. Довольно, сокройся! Пора миновалась, Земля освежилась, и буря промчалась, И ветер, лаская листочки древес, Тебя с успокоенных гонит небес. ( А",Нет,Нет
vpr_sd_945881,literature,8,"Как называется произведение большой эпической формы, охватывающее широкий круг явлений частной и общественной жизни, изображающее в процессе развития многочисленные человеческие характеры в их противоречивых взаимоотношениях?",Нет,Нет
vpr_sd_945840,literature,8,"Как называется трехсложная стопа, в которой ударение падает на третий, последний слог?",Нет,Нет
vpr_sd_945905,literature,8,"Как называется литературный род, объединяющий произведения, которые ставятся на сцене?",Нет,Нет
vpr_sd_945789,literature,8,"Как называется литературный род, в котором объектом изображения могут быть любые явления внешнего мира (люди, события, предметы) в их сложных отношениях и взаимосвязях, а также внутренний мир людей? Основа этого литературного рода — повествование, в принципе не имеющее ограничений во времени и пространстве.",Нет,Нет
vpr_sd_945713,literature,8,"Как называется любое столкновение противоборствующих сил в произведении: двух героев, героя произведения и стихии природы, героя самим с собой?",Нет,Нет
vpr_sd_945891,literature,8,"Как называется один из видов драматургических произведений, в котором отражается смешное и несообразное в жизни, осмеивается какое-либо нездоровое общественное или бытовое явление, смешные черты человеческого характера?",Нет,Нет
vpr_sd_945725,literature,8,"Как называется особая поэтическая форма, лирический жанр, состоящий из четырнадцати строк?",Нет,Нет
vpr_sd_945833,literature,8,"Как называется в литературном произведении цепочка основных событий, раскрывающих становление характеров в череде жизненных противоречий и развитии конфликта?",Нет,Нет
vpr_sd_945879,literature,8,"Как называется литературный род, основу которого составляет повествование и в котором объектом изображения могут быть любые явления внешнего мира (люди, события, предметы) в их сложных отношениях и взаимосвязях, а также внутренний мир людей?",Нет,Нет
vpr_sd_945893,literature,8,"Как называется художественное направление, которое характеризуется неудовлетворенностью настоящим, современной действительностью, противопоставлением реального мира миру идеальному?",Нет,Нет
vpr_sd_945723,literature,8,"Как называется группа стихов (строк), объединённых общей мыслью и связанных определённым расположением рифм?",Нет,Нет
vpr_sd_945917,literature,8,"Как называется острое столкновение героев, характеров, жизненных принципов, положенное в основу действия литературного произведения?",Нет,Нет
vpr_sd_945903,literature,8,"Как называется род литературы, в котором действительность отражается путем передачи глубоких, задушевных мыслей и чувств автора?",Нет,Нет
vpr_sd_945869,literature,8,Как называется созвучие окончаний в словах?,Нет,Нет
vpr_sd_945797,literature,8,"Как называется драматургический жанр, основанный на непримиримом конфликте, носящем, как правило, неизбежный характер, чаще всего заканчивающийся смертью героев?",Нет,Нет
vpr_sd_945759,literature,8,"Как называется поэтический жанр: стихотворение, написанное в форме обращения к кому-либо?",Нет,Нет
vpr_sd_945804,literature,8,"Как называется двусложная стопа, в которой ударение падает первый слог?",Нет,Нет
vpr_sd_945819,literature,8,"Как называется трехсложная стопа, в которой ударение падает на первый из трех слогов?",Нет,Нет
vpr_sd_945884,literature,8,Как называется главная мысль в раскрытии темы?,Нет,Нет
vpr_sd_945870,literature,8,"Как называется прозаический жанр, занимающий по объёму текста промежуточное место между романом и рассказом, характеризующийся хроникальным сюжетом, воспроизводящим естественное течение жизни?",Нет,Нет
vpr_sd_945908,literature,8,"Вечер на Оке В очарованье русского пейзажа Есть подлинная радость, но она Открыта не для каждого и даже Не каждому художнику видна. С утра обременённая работой, Трудом лесов, заботами полей, Природа смотрит как бы с неохотой На нас, не очарованных людей. И лишь когда за тёмной чащей леса Вечерний луч таинственно блеснёт, Обыденности плотная завеса С её красот мгновенно упадёт. Вздохнут леса, опуще",Нет,Нет
vpr_sd_945873,literature,8,"«Ты слушать исповедь мою Сюда пришел, благодарю. Все лучше перед кем-нибудь Словами облегчить мне грудь, Но людям я не делал зла, И потому мои дела Немного пользы вам узнать, — А душу можно ль рассказать? Я мало жил, и жил в плену. Таких две жизни за одну, Но только полную тревог, Я променял бы, если б мог. Я знал одной лишь думы власть, Одну — но пламенную страсть; Она, как червь, во мне жила, Из",Нет,Нет
vpr_sd_945712,literature,8,"Какое литературное произведение, рассмотренное в этом году на уроках или прочитанное самостоятельно, раскрывает тему мужества и бесстрашия? Как это отражено в произведении? Дайте развёрнутый ответ, опираясь на текст выбранного Вами произведения.",Нет,Нет
vpr_sd_945845,literature,8,"Сонет №76 Увы, мой стих не блещет новизной, Разнообразьем перемен нежданных. Не поискать ли мне тропы иной, Приемов новых, сочетаний странных? Я повторяю прежнее опять, В одежде старой появляюсь снова. И кажется, по имени назвать Меня в стихах любое может слово. Все это оттого, что вновь и вновь Решаю я одну свою задачу: Я о тебе пишу, моя любовь, И то же сердце, те же силы трачу. Все то же солнце",Нет,Нет
vpr_sd_945907,literature,8,"На другой день в назначенное время я стоял уже за скирдами, ожидая моего противника. Вскоре и он явился. «Нас могут застать» — сказал он мне; — «надобно поспешить». Мы сняли мундиры, остались в одних камзолах и обнажили шпаги. В эту минуту из-за скирда вдруг появился Иван Игнатьич и человек пять инвалидов. Он потребовал нас к коменданту. Мы повиновались с досадою; солдаты нас окружили, и мы отправ",Нет,Нет
vpr_sd_945746,literature,8,"Какое литературное произведение, рассмотренное в этом году на уроках или прочитанное самостоятельно, раскрывает тему семьи и родного дома? Чему именно Вас научило это произведение? Дайте развёрнутый ответ, опираясь на текст выбранного Вами произведения.",Нет,Нет
vpr_sd_945892,literature,8,"Какое литературное произведение, рассмотренное Вами на уроках литературы в этом учебном году или прочитанное самостоятельно, раскрывает тему добра? Чему учит это произведение? Дайте развёрнутый ответ, опираясь на текст выбранного Вами произведения.",Нет,Нет
vpr_sd_945827,literature,8,"Как называется группа слогов, включающая ударные и безударные слоги с постоянным местом ударения?",Нет,Нет
vpr_sd_945894,literature,8,"Как называются события, с которых завязывается конфликт?",Нет,Нет
vpr_sd_945812,literature,8,"Как называется художественное направление, которое характеризуется неудовлетворенностью настоящим, современной действительностью и для которого свойственно противопоставление реального мира миру идеальному.",Нет,Нет
vpr_sd_945750,literature,8,"Как называется условный образ человека, от лица которого ведётся повествование в литературном произведении?",Нет,Нет
