ID,Предмет,Класс,Задание,ЕстьАудио,ЕстьКартинки
vpr_sd_945853,french,4,"Помоги своему другу заполнить анкету для сайта «Друзья онлайн». Прочитай текст и запиши информацию в таблицу. Под каждым номером запиши только одно слово (без артиклей). Числа необходимо записать словами. Natacha Smirnova Moi, c’est Natacha, je suis Russe. J’habite Saint-Pétersbourg. Saint-Pétersbourg est situé sur la Neva. Mon papa et ma maman sont médecins tous les deux. Je partage la chambre av",Нет,Нет
vpr_sd_945883,french,4,Помоги своему другу заполнить анкету для сайта «Друзья онлайн». Прочитай текст и запиши информацию в таблицу. Под каждым номером запиши только одно слово (без артиклей). Числа необходимо записать словами. Tim Morozov Tim habite à Moscou. Il a 10 ans. Moscou est la capitale de la Russie. Tim a une sœur et un frère. Il a un petit chaton Joule. Tim aime beaucoup son chaton. Tim aime jouer au football,Нет,Нет
vpr_sd_945854,french,4,"Ты услышишь сообщение. Для каждого предложения А − Е выбери один правильный вариант ответа из трёх предложенных (1, 2 или 3). Ты услышишь текст дважды. А. Lucie où a-t-elle invité Paul ? 1) Au zoo. 2) À son anniversaire. 3) Chez sa grand-mère. В. Pourquoi Paul ne peut pas accepter l’invitation de Lucie ? 1) Il est malade. 2) Il va partir. 3) Il préfère aller jouer au tennis. * accepter l’invitatio",Да,Нет
vpr_sd_945875,french,4,"Прочитай рассказ. Вставь вместо каждого пропуска, обозначенного буквами А − Е, нужную грамматическую форму, выбрав её из трёх предложенных вариантов (1, 2 или 3). Petya se repose à la mer avec A ____parents. Il aime les vacances. Sa mère et son père B ______aussi se détendre à la mer. Ils C ________beaucoup de photos, se promènent, achètent D ________souvenirs. "" Venez ici chaque été "", dit Petya.",Нет,Нет
vpr_sd_945861,french,4,Помоги своему другу заполнить анкету для сайта «Друзья онлайн». Прочитай текст и запиши информацию в таблицу. Под каждым номером запиши только одно слово (без артиклей). Числа необходимо записать словами. Zhenya Morozov Zhenya habite à Moscou. Il a 10 ans. Moscou est la capitale de la Russie. Zhenya a une sœur et un frère. Il a un petit chaton Tim. Zhenya aime jouer au football. Il veut devenir un,Нет,Нет
vpr_sd_945917,french,4,"Ты услышишь сообщение. Для каждого предложения А − Е выбери один правильный вариант ответа из трёх предложенных (1, 2 или 3). Ты услышишь текст дважды. А. Pourquoi Michel ne peut pas accepter l’invitation d’Adrien ? 1) Il est à l’école. 2) Il joue au football. 3) Il est malade. В. Michel, où est-ce qu’il a mal ? 1) Il a mal aux dents. 2) Il a mal au ventre. 3) Il a mal à la gorge. С. Qu’est-ce que",Да,Нет
vpr_sd_945880,french,4,"Прочитай текст. Для каждого предложения А − Е выбери один правильный вариант ответа из трех предложенных (1, 2 или 3). Mon chat Salut. Je m'appelle Marie. J'ai 9 ans. J`habite avec ma maman et mon papa. Mes parents m'ont offert un chaton. Il s'appelle Piff. Il est petit. Il est blanc. Nous aimons jouer ensemble. Piff aime boire du lait et manger sa nourriture. Il dort toujours sur mon lit. Maman d",Нет,Нет
vpr_sd_945858,french,4,"Ты услышишь сообщение. Для каждого предложения А − Е выбери один правильный вариант ответа из трёх предложенных (1, 2 или 3). Ты услышишь текст дважды. А. Où va partir Paul ? 1) Au zoo. 2) À la campagne. 3) Au stade. В. À combien de kilomètres habite la grand-mère de Paul ? 1) À 100 kilomètres. 2) À 200 kilomètres. 3) À 300 kilomètres. С. Quels animaux vivent à la ferme de la grand-mère de Paul ? ",Да,Нет
vpr_sd_945869,french,4,"Прочитай рассказ. Вставь вместо каждого пропуска, обозначенного буквами А − Е, нужную грамматическую форму, выбрав её из трёх предложенных вариантов (1, 2 или 3). Hier, nous A ______ rendre visite à notre ami Andrei. Andrei est dans B ___________ classe. On va à la musique et à l'informatique ensemble. Nous C ___________ensemble après les cours dans notre cour pour jouer. La mère d'Andrei nous tra",Нет,Нет
vpr_sd_945878,french,4,Помоги своему другу заполнить анкету для сайта «Друзья онлайн». Прочитай текст и запиши информацию в таблицу. Под каждым номером запиши только одно слово (без артиклей). Числа необходимо записать словами. Anna Souricova Anna habite à Moscou. Elle a 10 ans. Moscou est la capitale de la Russie. Anna a une sœur et un frère. Elle a un petit chiot Tom. Anna aime dessiner. Elle veut devenir un paintre c,Нет,Нет
vpr_sd_945857,french,4,"Прочитай рассказ. Вставь вместо каждого пропуска, обозначенного буквами А − Е, нужную грамматическую форму, выбрав её из трёх предложенных вариантов (1, 2 или 3). Hier, A ____nouvel élève est venu nous voir en classe. Il s'appelle Vova. Vova habitait à Saratov. C`est B _____très belle ville de la Russie. Vova a 10 ans. Vova a une sœur et deux frères. Vova aime beaucoup les chats. Il a un chat gris",Нет,Нет
vpr_sd_945849,french,4,"Помоги своему другу заполнить анкету для сайта «Друзья онлайн». Прочитай текст и запиши информацию в таблицу. Под каждым номером запиши только одно слово (без артиклей). Числа необходимо записать словами. Ivan Plotnikov Je m’appelle Ivan. Mon nom est Plotnikov. J’ai 10 ans. La date de mon anniversaire est le 10 janvier. C’est mon mois préféré. J’habite Rostov avec ma grand-mère, mon père, ma mère ",Нет,Нет
vpr_sd_945867,french,4,"Прочитай текст. Для каждого предложения А − Е выбери один правильный вариант ответа из трех предложенных (1, 2 или 3). Mon chat Salut. Je m'appelle Alex. J'ai 9 ans. J`habite avec ma maman et mon papa. Mes parents m'ont offert un chaton. Il s'appelle Snowball. Il est petit. Il est blanc. Nous aimons jouer ensemble. Snowball aime boire du lait et manger sa nourriture. Il dort toujours sur mon lit. ",Нет,Нет
vpr_sd_945884,french,4,"Прочитай текст. Для каждого предложения А − Е выбери один правильный вариант ответа из трех предложенных (1, 2 или 3). Vitya et ses amis Vitya est un petit garçon. Il a neuf ans. Il habite avec ses parents. Vitya est un petit garçon aux yeux bleus. Il va au cinéma avec ses amis. C’est dimanche aujourd’hui. Mais il reste à la maison et il se répose. Aujourd'hui, le garçon a une journée libre et il ",Нет,Нет
vpr_sd_945866,french,4,"Прочитай текст. Для каждого предложения А − Е выбери один правильный вариант ответа из трех предложенных (1, 2 или 3). Mon école C'est l'automne. Les vacances d'été sont terminées. Il faut aller à l'école et apprendre beaucoup de tâches intéressantes. J'aime l'école. Mon école n'est pas loin de chez moi. Elle est blanche avec un toit sombre. L'école a deux étages. J'aime apprendre. Ma leçon préfér",Нет,Нет
vpr_sd_945865,french,4,"Прочитай текст. Для каждого предложения А − Е выбери один правильный вариант ответа из трех предложенных (1, 2 или 3). Ma famille Je m'appelle Andrei. J'ai 10 ans. J'ai une grande famille. J'ai maman et papa, deux frères et une petite soeur. Je vais à l'école tous les jours et j'aime beaucoup le dessin et l'éducation physique. Je n'aime pas les cours de musique parce que je n'aime pas vraiment cha",Нет,Нет
vpr_sd_945859,french,4,"Прочитай текст. Для каждого предложения А − Е выбери один правильный вариант ответа из трех предложенных (1, 2 или 3). Martine à la mer Martine et son amie Nicole passent leurs grandes vacances chez l'oncle François au bord de la mer. Le cousin Michel accourt aussitôt. — Vite, allons jouer sur la plage, dit-il. Tous les trois courent à la mer. Les enfants enlèvent leurs chaussures pour aller dans ",Нет,Нет
vpr_sd_945885,french,4,"Прочитай текст. Для каждого предложения А − Е выбери один правильный вариант ответа из трех предложенных (1, 2 или 3). Ma ville Je m`appelle Darine. J`habite avec ma famille. Ma famille est grande. Ma mère s’appelle Poline. Mon père s’appelle Alex. J`ai encore deux soeurs. Ma ville est grande et belle. Les maisons sont hautes. Les ruеs sont larges. Les ruеs et les places sont propres. Nous aimons ",Нет,Нет
vpr_sd_945918,french,4,"Прочитай текст. Для каждого предложения А − Е выбери один правильный вариант ответа из трех предложенных (1, 2 или 3). Alice Lebrun Nous sommes en hiver. C’est le 16 décembre, demain il n’y a pas de classes. Il fait froid, il gèle depuis quelques jours. Et il neige. Il ne neige pas souvent à Avignon, mais aujourd’hui, la neige tombe partout. Quel temps ! Alice habite à Avignon avec ses parents. El",Нет,Нет
vpr_sd_945863,french,4,"Прочитай рассказ. Вставь вместо каждого пропуска, обозначенного буквами А − Е, нужную грамматическую форму, выбрав её из трёх предложенных вариантов (1, 2 или 3). Une fois, nous A ____ dans la forêt pour les champignons. B _____ grand-père et moi aimons ramasser des champignons. Mon grand-père connaît bien la forêt et me raconte beaucoup d'histoires C _________. Dans la forêt, nous avons rencontré",Нет,Нет
vpr_sd_945874,french,4,"Прочитай рассказ. Вставь вместо каждого пропуска, обозначенного буквами А − Е, нужную грамматическую форму, выбрав её из трёх предложенных вариантов (1, 2 или 3). Hier Olga A _____ ses amis à son anniversaire. Elle montre B _____ jouets dans la chambre. Son chat Pat est dans la pièce. Il C _____ gris. Maman est venue et a appelé des amis à boire du thé avec D ________ gâteaux. Les enfants E ______",Нет,Нет
vpr_sd_945873,french,4,Помоги своему другу заполнить анкету для сайта «Друзья онлайн». Прочитай текст и запиши информацию в таблицу. Под каждым номером запиши только одно слово (без артиклей). Числа необходимо записать словами. Olga Ivanova Olga habite à Tver. C`est une belle ville. Elle a 10 ans. Olga a une sœur et deux frères. Elle a un petit chaton Pic. Elle l`aime beaucoup. Olga aime dessiner et danser. Elle veut de,Нет,Нет
vpr_sd_945914,french,4,"Прочитай текст. Для каждого предложения А − Е выбери один правильный вариант ответа из трех предложенных (1, 2 или 3). Masha et sa famille C'est l'hiver. Il fait beau. Il neige parfois. Masha habite dans une belle ville. Masha a 10 ans et elle aime aller à l'école. Son école est juste à côté de la maison. Masha peut aller à l'école à pied. Chaque matin, Masha prend son sac à dos. Elle prend ses ma",Нет,Нет
vpr_sd_945898,french,4,"Прочитай рассказ. Вставь вместо каждого пропуска, обозначенного буквами А − Е, нужную грамматическую форму, выбрав её из трёх предложенных вариантов (1, 2 или 3). Petya a invité A _____ amis pour le Nouvel An. Il B _____ l'arbre de Noël et sa chambre. Ses amis viennent chez lui avec des C _____. Les enfants jouent, chantent, s'amusent. « Il est temps de manger ! », dit D _____ de Petya. Tout le mo",Нет,Нет
vpr_sd_945897,french,4,"Прочитай рассказ. Вставь вместо каждого пропуска, обозначенного буквами А − Е, нужную грамматическую форму, выбрав её из трёх предложенных вариантов (1, 2 или 3). Dasha aime le printemps. La nature est belle. Dasha aime se promener avec A _____ parents. Ils B _____ quand il fait beau. Ils C _____ beaucoup de photos, se promènent, achètent D _____ souvenirs. « La nature est magnifique, les oiseaux ",Нет,Нет
vpr_sd_945860,french,4,Помоги своему другу заполнить анкету для сайта «Друзья онлайн». Прочитай текст и запиши информацию в таблицу. Под каждым номером запиши только одно слово (без артиклей). Числа необходимо записать словами. Alex Souteev Alex habite à Moscou. Il a 10 ans. Moscou est la capitale de la Russie. Alex a une sœur et un frère. Il a un petit chaton Tim. Il aime son chaton. Alex aime jouer au football. Il veu,Нет,Нет
vpr_sd_945913,french,4,"Прочитай текст. Для каждого предложения А − Е выбери один правильный вариант ответа из трех предложенных (1, 2 или 3). Pierre et ses leçons Pierre est un petit garçon. Il a dix ans. Il habite avec ses parents. En hiver il va à l’école. En été il visite ses grands-parents. Pierre apprend toujours ses leçons et il a toujours de bonnes notes dans son bulletin. C’est dimanche aujourd’hui. Pierre et se",Нет,Нет
vpr_sd_945915,french,4,"Прочитай текст. Для каждого предложения А − Е выбери один правильный вариант ответа из трех предложенных (1, 2 или 3). Egor et sa famille C'est l'hiver. Il fait beau. Il neige parfois. Egor habite dans une petite ville. Egor a 9 ans et il aime aller à l'école. Son école est loin de la maison. Egor doit aller à l'école à l`autobus. Chaque matin, Egor prend son sac à dos. Il prend ses manuels, ses c",Нет,Нет
vpr_sd_945902,french,4,"Помоги своему другу заполнить анкету для сайта «Друзья онлайн». Прочитай текст и запиши информацию в таблицу. Под каждым номером запиши только одно слово (без артиклей). Числа необходимо записать словами. Kolya Аrsenin Kolya habite à Voronej. C`est une belle ville de la Russie. Le printemps est beau à Voronej. Le soleil brille et les oiseaux chantent. Kolya a une grande famille, il a un frère et d",Нет,Нет
vpr_sd_945870,french,4,"Прочитай рассказ. Вставь вместо каждого пропуска, обозначенного буквами А − Е, нужную грамматическую форму, выбрав её из трёх предложенных вариантов (1, 2 или 3). Hier, A ____nouvel élève est venu nous voir en classe. Il s'appelle Paul. Il habitait à Saratov. C`est B _____très belle ville de la Russie. Paul a 10 ans. Il a une sœur et deux frères. Il aime beaucoup les chats. Il C ____ un chat gris.",Нет,Нет
vpr_sd_945868,french,4,"Прочитай рассказ. Вставь вместо каждого пропуска, обозначенного буквами А − Е, нужную грамматическую форму, выбрав её из трёх предложенных вариантов (1, 2 или 3). Je suis Annete. Une fois, moi et ma soeur, nous A ____ dans la forêt pour les champignons. B _____ grand-père et nous, nous aimons les champignons. Notre grand-père connaît bien la forêt et nous raconte beaucoup d'histoires C _________. ",Нет,Нет
vpr_sd_945901,french,4,Помоги своему другу заполнить анкету для сайта «Друзья онлайн». Прочитай текст и запиши информацию в таблицу. Под каждым номером запиши только одно слово (без артиклей). Числа необходимо записать словами. Sonya Petrova Sonya habite à Pskov. Pskov est une belle ville. On peut y trouver beaucoup de sites historiques. Sonia aime se promener en ville. La ville est très ancienne et très belle. Sonya a ,Нет,Нет
vpr_sd_945908,french,4,"Прочитай текст. Для каждого предложения А − Е выбери один правильный вариант ответа из трех предложенных (1, 2 или 3). Ann et l'hiver C'est l'hiver. C'est le 20 décembre et les enfants de la classe se préparent pour le Nouvel An. Ils décorent la classe. Les filles découpent des flocons de neige, les garçons décorent l'arbre de Noël. Tous les élèves sont très amusants. Ils aiment l'hiver et bientôt",Нет,Нет
vpr_sd_945848,french,4,"Прочитай рассказ. Вставь вместо каждого пропуска, обозначенного буквами А − Е, нужную грамматическую форму, выбрав её из трёх предложенных вариантов (1, 2 или 3). Nicolas est un petit garçon de 9 ans. Il A _____ en France, à Lille. Nicolas a un joli jouet, un B _____ avion rouge. Tout l’été dernier, Nicolas C _____ avec son avion. Mais maintenant, Nicolas va à l’école. Chaque jour, il fait D _____",Нет,Нет
vpr_sd_945917,french,7,"Вы услышите диалог. Для каждого предложения А–Е выберите один правильный вариант ответа из трёх предложенных (1, 2 или 3). Вы услышите запись дважды. При повторном прослушивании проверьте себя. A. Julien téléphone à __________. 1) son père 2) son grand-père 3) son frère B. Julien a acheté __________ à la boutique. 1) une chemise 2) un jean 3) un T-shirt C. Dans le Jardin municipal, des musiciens _",Да,Нет
vpr_sd_945850,french,7,"Прочитайте текст. Для каждого предложения А–Е выберите один правильный вариант ответа из четырёх предложенных (1, 2, 3 или 4). Au bout d`un mois, les cauchemairs continuant à perturber mes nuits, il m`a semblé necessaires de faire le point de la situation. J`étais un bon élève, seules me manquaient les connaissances en matiere de football pour m`intégrer à la classe. Les copains étaient sympa dans",Нет,Нет
vpr_sd_945919,french,7,"Прочитайте текст и вставьте вместо каждого пропуска, обозначенного буквами А–Е , нужную грамматическую форму, выбрав её из четырёх предложенных вариантов (1, 2, 3 или 4). La gymnastique La gymnastique est un sport connu dès l’Antiquité. Ce mot A ____ d’un terme grec qui signifie « nu », car les athlètes grecs s’entraînaient nus. La gymnastique est un sport qui demande de la force et la maîtrise du",Нет,Нет
vpr_sd_945912,french,7,"Вы получили электронное письмо от Вашего друга по переписке Артура из Франции. Ниже приведён отрывок из этого письма. De : Arthur@laposte.fr // À : Ami_e_russe@mail.ru // Objet : Sport // ... Notre équipe de football est devenue champion de la région ! Et toi, fais-tu du sport ? Quel est ton sport préféré ? Pourquoi ? ... Напишите ему ответное письмо объёмом 80–90 слов, ответьте на три его вопроса",Нет,Нет
vpr_sd_945860,french,7,"Вы услышите диалог. Для каждого предложения А–Е выберите один правильный вариант ответа из трёх предложенных (1, 2 или 3). Вы услышите запись дважды. При повторном прослушивании проверьте себя. A. À son anniversaire, Hélène a invité _________. 1) 2 amis 2) 3 amis 3) 5 amis B. Hélène va fêter son anniversaire _________. 1) chez ses grands-parent 2) dans un jardin public 3) au concert de musique cel",Да,Нет
vpr_sd_945854,french,7,"Прочитайте текст. Для каждого предложения А–Е выберите один правильный вариант ответа из четырёх предложенных (1, 2, 3 или 4). L'espace attire toujours ses énigmes. J'aimerais aussi être astronaute. À l'école, j'ai appris un article sur le célèbre cosmonaute Youri Gagarine. Je sais que le premier vol humain dans l'espace a eu lieu le 12 avril 1961. Le cosmonaute soviétique Yuri Gagarine est devenu",Нет,Нет
vpr_sd_945876,french,7,"Прочитайте текст и вставьте вместо каждого пропуска, обозначенного буквами А–Е , нужную грамматическую форму, выбрав её из четырёх предложенных вариантов (1, 2, 3 или 4). Bonheur félin Le matin à Paris était beau. Il A _______ chaud. Un embouteillage B ___________ sur l'une des autoroutes. Dans l'une des voitures, la famille était C __________ : maman, papa, fille et chat. Ils ont emmené le chaton",Нет,Нет
vpr_sd_945888,french,7,"Вы получили электронное письмо от Вашего друга по переписке Жана из Франции. Ниже приведён отрывок из этого письма De : Jean@laposte.fr // À : Ami e russe@mail.ru // Objet : Fête // ... Hier, nous avons celebré une fête de nos amis. Et toi, aimes-tu les fêtes? Pourquoi ? Quelle est ta fête préféré ? Напишите ему ответное письмо объёмом 80–90 слов, ответьте на три его вопроса. Оформите свой ответ в",Нет,Нет
vpr_sd_945875,french,7,"Прочитайте текст и вставьте вместо каждого пропуска, обозначенного буквами А–Е , нужную грамматическую форму, выбрав её из четырёх предложенных вариантов (1, 2, 3 или 4). Le poisson d'avril Tout le monde aime les vacances A ___________. Tout le monde aime rire et faire des farces. En France, les enfants aiment beaucoup les fêtes. L'expression « poisson d'avril » en France est B _______ à un fait h",Нет,Нет
vpr_sd_945851,french,7,"Прочитайте текст. Для каждого предложения А–Е выберите один правильный вариант ответа из четырёх предложенных (1, 2, 3 или 4). C`était une soirée comme je les aime, une soirée tranquille à la maison. Maman lisait un livre, allongée sur le sofa du salon, et moi je repetais un morceau de piano pour mon audition de Noel. Il s`agassait d`un passage compliqué avec plein de triples croches, de dièses et",Нет,Нет
vpr_sd_945853,french,7,"Прочитайте текст. Для каждого предложения А–Е выберите один правильный вариант ответа из четырёх предложенных (1, 2, 3 или 4). La sixième planète était une planète dix fois plus vaste. Elle était habitée par un vieux Monsieur qui écrivait d’énormes livres. — Tiens ! voilà un explorateur ! s’écria-t-il, quand il aperçut le petit prince. Le petit prince s’assit sur la table et souffla un peu. Il ava",Нет,Нет
vpr_sd_945855,french,7,"Прочитайте текст. Для каждого предложения А–Е выберите один правильный вариант ответа из четырёх предложенных (1, 2, 3 или 4). J’ai invité les copains à venir à la maison cet après-midi pour jouer aux cow-boys. Ils sont arrivés avec toutes leurs affaires. Rufus avait mis la panoplie d’agent de police que lui avait offerte son papa avec le képi, les menottes, le revolver, le bâton blanc et le siffl",Нет,Нет
vpr_sd_945848,french,7,"Прочитайте текст. Для каждого предложения А–Е выберите один правильный вариант ответа из четырёх предложенных (1, 2, 3 или 4). J’ai alors beaucoup réfléchi sur les aventures de la jungle et, à mon tour, j’ai réussi, avec un crayon de couleur, à tracer mon premier dessin. Mon dessin numéro 1. Il était comme ça : J’ai montré mon chef d’œuvre aux grandes personnes et je leur ai demandé si mon dessin ",Нет,Нет
vpr_sd_945865,french,7,"Прочитайте текст. Для каждого предложения А–Е выберите один правильный вариант ответа из четырёх предложенных (1, 2, 3 или 4). La bouteille Le 26 juillet 1864 un beau bateau qui s'appelait le Duncan rentrait au port. Ce bateau appartenait à lord Glenarvan. Edvard Glenarvan avait trente-deux ans. Il était très bon, courageux et généreux. C'était un homme riche et il faisait beaucoup de bien. Sur le",Нет,Нет
vpr_sd_945861,french,7,"Прочитайте текст. Для каждого предложения А–Е выберите один правильный вариант ответа из четырёх предложенных (1, 2, 3 или 4). Les enfants du capitaine Grant Le capitaine écossais Harry Grant était un brave marin et un vrai patriote de son pays. Son pays, l'Ecosse 1 , était dominé par l'Angleterre et il a voulu fonder une grande colonie écossaise libre dans une île de l'océan Pacifique. Son nom es",Нет,Нет
vpr_sd_945918,french,7,"Le livre Yves parle de son enfance : « J’aimais beaucoup lire. Maman et moi partions souvent pour la ville. Nous faisions des achats dans de grands magasins pleins de merveilles. Mais j'attendais mon heure. Je connaissais bien l'endroit et je tirais Maman par la main pour la conduire là où je désirais que nous passions. Nous voilà près de la librairie. Je m'arrêtais. “ Maman, priais-je, Maman, veu",Нет,Нет
vpr_sd_945864,french,7,"Вы услышите диалог. Для каждого предложения А–Е выберите один правильный вариант ответа из трёх предложенных (1, 2 или 3). Вы услышите запись дважды. При повторном прослушивании проверьте себя. A. Samedi prochain, Hélène va fêter ses _________. 1) 16 ans 2) 15 ans 3) 13 ans B. Le jour de son anniversaire _________. 1) il pleuvra 2) il fera beau 3) il fera froid C. Les amis n'offrent pas de chaton ",Да,Нет
vpr_sd_945878,french,7,"Прочитайте текст и вставьте вместо каждого пропуска, обозначенного буквами А–Е , нужную грамматическую форму, выбрав её из четырёх предложенных вариантов (1, 2, 3 или 4). L`Institut Pasteur Louis Pasteur est un célèbre chimiste et biologiste français, fondateur du vaccin contre la rage. En 1886, Louis Pasteur A ________ d'ouvrir un Institut de vaccination contre la rage. Le premier Institut a été ",Нет,Нет
vpr_sd_945887,french,7,"Вы получили электронное письмо от Вашего друга по переписке Поля из Франции. Ниже приведён отрывок из этого письма De : Paul@laposte.fr // À : Ami e russe@mail.ru // Objet : Saison // ... Hier, il faisait du vent fort dans notre ville. Quel temps fait-il dans votre ville ? Quelle est ta saison préférée ? Pourquoi ? Напишите ему ответное письмо объёмом 80–90 слов, ответьте на три его вопроса. Оформ",Нет,Нет
vpr_sd_945873,french,7,"Прочитайте текст и вставьте вместо каждого пропуска, обозначенного буквами А–Е , нужную грамматическую форму, выбрав её из четырёх предложенных вариантов (1, 2, 3 или 4). Ils ont vu la Terre de l`Espace L'exploration spatiale a toujours été un grand mystère pour les gens. L'exploration spatiale a commencé en 1957 lorsque le premier satellite A ____ a été lancé en orbite. Dans les années suivantes,",Нет,Нет
vpr_sd_945891,french,7,"Вы получили электронное письмо от Вашего друга по переписке Поля из Франции. Ниже приведён отрывок из этого письма De : Paul@laposte.fr // À : Ami e russe@mail.ru // Objet : Amitié // ... Demain, je vais au cinéma avec mon ami. Et toi, as-tu beaucoup d'amis? Pourquoi ? Quel est ton meilleur ami ? Напишите ему ответное письмо объёмом 80–90 слов, ответьте на три его вопроса. Оформите свой ответ в со",Нет,Нет
vpr_sd_945896,french,7,"Вы получили электронное письмо от Вашего друга по переписке Даниэля из Франции. Ниже приведён отрывок из этого письма De : Daniel@laposte.fr // À : Ami e russe@mail.ru // Objet : Vacances // ...Notre famille va passer les vacances d`hiver à la montagne! Et toi, qu`est-ce que tu vas faire en vacances d`hiver ? Aimes-tu les vacances ? Pourquoi ? ... Напишите ему ответное письмо объёмом 80–90 слов, о",Нет,Нет
vpr_sd_945863,french,7,"Вы получили электронное письмо от Вашей подруги по переписке Лизы из Франции. Ниже приведён отрывок из этого письма. De : Lise@laposte.fr // À : Ami_e_russe@mail.ru // Objet : Devoirs // ...Le prof de maths nous donne trop de devoirs ! Je comprends que les devoirs nous aident à mieux nous préparer aux contrôles. Mais parfois ça prend beaucoup de temps. Et en Russie, vos profs vous donnent les devo",Нет,Нет
vpr_sd_945867,french,7,"Вы получили электронное письмо от Вашей подруги по переписке Анны из Франции. Ниже приведён отрывок из этого письма. De : Anna@laposte.fr // À : Ami_e_russe@mail.ru // Objet : Langues étrangères // ...En France, les collégiens apprennent obligatoirement deux langues étrangères ! Moi, j’apprends l'anglais et l'espagnol. Et toi, quelle(s) langue(s) étrangère(s) apprends-tu à l'école? Que faites-vous",Нет,Нет
vpr_sd_945899,french,7,"Вы получили электронное письмо от Вашего друга по переписке Жюли из Франции. Ниже приведён отрывок из этого письма De : Julie@laposte.fr // À : Ami e russe@mail.ru // Objet : Fête // ... Demain, je fêterai mon anniversaire. Et toi, aimes-tu inviter tes amis pour ton anniversaire? Pourquoi ? Comment passes-tu cette journée?... Напишите ему ответное письмо объёмом 80–90 слов, ответьте на три его воп",Нет,Нет
vpr_sd_945898,french,7,"Вы получили электронное письмо от Вашего друга по переписке Мари из Франции. Ниже приведён отрывок из этого письма De : Marie@laposte.fr // À : Ami e russe@mail.ru // Objet : Repas // ... Hier, nous étions dans un café avec mes parents. Et toi, aimes-tu aller au café? Pourquoi ? Quels sont tes plats préférés?... Напишите ему ответное письмо объёмом 80–90 слов, ответьте на три его вопроса. Оформите",Нет,Нет
vpr_sd_945890,french,7,"Вы получили электронное письмо от Вашего друга по переписке Жана из Франции. Ниже приведён отрывок из этого письма De : Jean@laposte.fr // À : Ami e russe@mail.ru // Objet : Ville // ... Ma classe et moi nous avons visité les curiosités de notre ville. Et toi, est-ce que tu aimes ta ville ? Pourquoi ? Quelles sont tes curiosités préférées?... Напишите ему ответное письмо объёмом 80–90 слов, ответь",Нет,Нет
vpr_sd_945880,french,7,"Вы получили электронное письмо от Вашего друга по переписке Жана из Франции. Ниже приведён отрывок из этого письма De : Jean@laposte.fr // À : Ami e russe@mail.ru // Objet : Musée // ... Ma classe et moi nous sommes allés visiter une exposition des tableaux. Et toi, aimes-tu visiter les musées ? Pourquoi ? Quels musées aimes-tu ?... Напишите ему ответное письмо объёмом 80–90 слов, ответьте на три ",Нет,Нет
vpr_sd_945895,french,7,"Вы получили электронное письмо от Вашего друга по переписке Жана из Франции. Ниже приведён отрывок из этого письма De : Jean@laposte.fr // À : Ami e russe@mail.ru // Objet : Ville // ... Ma famille et moi nous avons visité notre capitale. Et toi, aimez-tu visiter des villes? Pourquoi ? Quelle est ta ville préférée?... Напишите ему ответное письмо объёмом 80–90 слов, ответьте на три его вопроса. Оф",Нет,Нет
vpr_sd_945885,french,7,"Вы получили электронное письмо от Вашего друга по переписке Поля из Франции. Ниже приведён отрывок из этого письма De : Paul@laposte.fr // À : Ami e russe@mail.ru // Objet : Théatre // ... Samedi, j`irai au théatre avec mon meilleur ami. Et toi, aimes-tu le théatre? Pourquoi ? Avec qui vas-tu au théatre ? Напишите ему ответное письмо объёмом 80–90 слов, ответьте на три его вопроса. Оформите свой о",Нет,Нет
vpr_sd_945894,french,7,"Вы получили электронное письмо от Вашего друга по переписке Жана из Франции. Ниже приведён отрывок из этого письма De : Jean@laposte.fr // À : Ami e russe@mail.ru // Objet : Musée // ... Ma classe et moi nous sommes allés visiter le musée. Et toi, aimes-tu visiter les musées? Pourquoi ? Quels musées aimes-tu?... Напишите ему ответное письмо объёмом 80–90 слов, ответьте на три его вопроса. Оформите",Нет,Нет
vpr_sd_945892,french,7,"Вы получили электронное письмо от Вашего друга по переписке Жюли из Франции. Ниже приведён отрывок из этого письма De : Julie@laposte.fr // À : Ami e russe@mail.ru // Objet : Musique // ... Mon équipe a gagné le concours de chansons. Et toi, aimes-tu chanter? Pourquoi ? Quelle est ta musique préférée?... Напишите ему ответное письмо объёмом 80–90 слов, ответьте на три его вопроса. Оформите свой от",Нет,Нет
vpr_sd_945901,french,7,"Вы получили электронное письмо от Вашего друга по переписке Пьера из Франции. Ниже приведён отрывок из этого письма De : Pierre@laposte.fr // À : Ami e russe@mail.ru // Objet : Sport // ... Notre équipe de tennis est devenue champion de la ville! Et toi, fais-tu du sport ? Quel est ton sport préféré ? Pourquoi ? ... Напишите ему ответное письмо объёмом 80–90 слов, ответьте на три его вопроса. Офор",Нет,Нет
vpr_sd_945886,french,7,"Вы получили электронное письмо от Вашего друга по переписке Поля из Франции. Ниже приведён отрывок из этого письма De : Paul@laposte.fr // À : Ami e russe@mail.ru // Objet : Animal // ... Samedi, ma maman m`a offert un petit chaton. Et toi, as-tu des animaux domestiques? Pourquoi ? Quel est ton animal domestique préféré? Напишите ему ответное письмо объёмом 80–90 слов, ответьте на три его вопроса.",Нет,Нет
vpr_sd_945893,french,7,"Вы получили электронное письмо от Вашего друга по переписке Пьера из Франции. Ниже приведён отрывок из этого письма De : Pierre@laposte.fr // À : Ami e russe@mail.ru // Objet : Sport // ...Notre équipe de volley-ball est devenue champion de notre ville! Et toi, fais-tu du sport ? Quel est ton sport préféré ? Pourquoi ? ... Напишите ему ответное письмо объёмом 80–90 слов, ответьте на три его вопрос",Нет,Нет
vpr_sd_945903,french,7,"Вы получили электронное письмо от Вашего друга по переписке Анри из Франции. Ниже приведён отрывок из этого письма De : Anri@laposte.fr // À : Ami e russe@mail.ru // Objet : Vacances // ...Notre famille va passer les vacances d`hiver à la montagne! Et toi, qu`est-ce que tu vas faire en vacances d`hiver ? Aimes-tu les vacances ? Pourquoi ? ... Напишите ему ответное письмо объёмом 80–90 слов, ответь",Нет,Нет
vpr_sd_945889,french,7,"Вы получили электронное письмо от Вашего друга по переписке Жана из Франции. Ниже приведён отрывок из этого письма De : Jean@laposte.fr // À : Ami e russe@mail.ru // Objet : Ville // ... Ma famille et moi nous avons visité votre capitale. Et toi, est-ce que tu étais dans votre capitale ? Pourquoi ? Quelle est ta ville préférée?... Напишите ему ответное письмо объёмом 80–90 слов, ответьте на три ег",Нет,Нет
vpr_sd_945884,french,7,"Вы получили электронное письмо от Вашего друга по переписке Поля из Франции. Ниже приведён отрывок из этого письма De : Paul@laposte.fr // À : Ami e russe@mail.ru // Objet : Amitié // ... Samedi, j`irai au théatre avec mon meilleur ami. Et toi, as-tu beaucoup d'amis? Pourquoi ? Quel est ton meilleur ami? Напишите ему ответное письмо объёмом 80–90 слов, ответьте на три его вопроса. Оформите свой от",Нет,Нет
vpr_sd_945902,french,7,"Вы получили электронное письмо от Вашего друга по переписке Анри из Франции. Ниже приведён отрывок из этого письма De : Anri@laposte.fr // À : Ami e russe@mail.ru // Objet : Sport // ... Notre équipe de volleyball est devenue champion de la ville! Et toi, fais-tu du sport ? Quel est ton sport préféré ? Pourquoi ? ... Напишите ему ответное письмо объёмом 80–90 слов, ответьте на три его вопроса. Офо",Нет,Нет
vpr_sd_945897,french,7,"Вы получили электронное письмо от Вашего друга по переписке Мари из Франции. Ниже приведён отрывок из этого письма De : Marie@laposte.fr // À : Ami e russe@mail.ru // Objet : Vacances // ... Notre famille ira à la mer en été. Et toi, veux-tu aller à la mer? Pourquoi ? Que vas-tu faire là-bas?... Напишите ему ответное письмо объёмом 80–90 слов, ответьте на три его вопроса. Оформите свой ответ в соо",Нет,Нет
vpr_sd_945881,french,7,"Прочитайте текст и вставьте вместо каждого пропуска, обозначенного буквами А–Е , нужную грамматическую форму, выбрав её из четырёх предложенных вариантов (1, 2, 3 или 4). Le poisson d'avril Tout le monde aime les vacances amusantes. Tout le monde aime rire et faire des farces. En France, les enfants aiment beaucoup A ____ fêtes. L'expression « poisson d'avril » en France est B _______ à un fait hi",Нет,Нет
vpr_sd_945883,french,7,"Прочитайте текст и вставьте вместо каждого пропуска, обозначенного буквами А–Е , нужную грамматическую форму, выбрав её из четырёх предложенных вариантов (1, 2, 3 или 4). Une histoire mystérieuse Je voudrais vous raconter une histoire. A ___________ histoire s'est produite récemment. Elle est très intéressante et mystérieuse. Loin de la ville, il y avait une petite ferme où vivaient des chevaux. I",Нет,Нет
vpr_sd_945874,french,7,"Прочитайте текст и вставьте вместо каждого пропуска, обозначенного буквами А–Е , нужную грамматическую форму, выбрав её из четырёх предложенных вариантов (1, 2, 3 или 4). Les Gaulois Les gaulois étaient des agriculteurs et des guerriers A _______. Leurs vêtements étaient simples. Ils B _________ des chemises en soie, des manteaux sans manches, des pantalons, des chaussures légères. Leurs chaussure",Нет,Нет
vpr_sd_945872,french,7,"Прочитайте текст и вставьте вместо каждого пропуска, обозначенного буквами А–Е , нужную грамматическую форму, выбрав её из четырёх предложенных вариантов (1, 2, 3 или 4). Une histoire mystérieuse Je voudrais vous raconter une histoire. A ______ histoire s'est produite récemment. Elle est très B __________ et mystérieuse. Loin de la ville, il y avait une petite ferme où vivaient des chevaux. Ils ai",Нет,Нет
vpr_sd_945862,french,7,"Прочитайте текст и вставьте вместо каждого пропуска, обозначенного буквами А–Е , нужную грамматическую форму, выбрав её из четырёх предложенных вариантов (1, 2, 3 или 4). En voie de disparition Au début du XX e siècle, plus de 100000 tigres A _____ en liberté dans le monde. Aujourd'hui, il en reste environ 3000 en Inde. En Russie on compte environ 500 tigres. Victimes du braconnage et de la vente ",Нет,Нет
vpr_sd_945866,french,7,"Прочитайте текст и вставьте вместо каждого пропуска, обозначенного буквами А–Е , нужную грамматическую форму, выбрав её из четырёх предложенных вариантов (1, 2, 3 или 4). Nom de famille Depuis quand est apparu un nom de famille ? Cela ne remonte pas à si longtemps. Jusqu'au XII e siècle, il A _____ rare d'avoir un nom de famille. Parfois, pour distinguer une personne d'une autre, on pouvait associ",Нет,Нет
vpr_sd_945871,french,7,"Прочитайте текст и вставьте вместо каждого пропуска, обозначенного буквами А–Е , нужную грамматическую форму, выбрав её из четырёх предложенных вариантов (1, 2, 3 или 4). Les Gaulois Les gaulois étaient des agriculteurs et des guerriers actifs. A __________ vêtements étaient simples. Ils B _________ des chemises en soie, des manteaux sans manches, des pantalons, des chaussures légères. Leurs chaus",Нет,Нет
vpr_sd_945882,french,7,"Прочитайте текст и вставьте вместо каждого пропуска, обозначенного буквами А–Е , нужную грамматическую форму, выбрав её из четырёх предложенных вариантов (1, 2, 3 или 4). Ils ont vu la Terre de l`Espace L'exploration spatiale a commencé en 1957 lorsque le premier satellite A ____ a été lancé en orbite. Dans les années suivantes, notre pays a inscrit à son actif une grande série de premières spatia",Нет,Нет
vpr_sd_945878,geography,5,Задания 11–13 выполняются с использованием приведенной ниже карты мира .,Нет,Да
vpr_sd_945806,geography,5,"Пятиклассник Егор, начав изучать географию, сказал своему другу, что хочет стать геологом. Что он мог ответить на вопрос друга: «Что изучают геологи?» 1) растения и животных 2) внутреннее строение Земли 3) погоду и климат 4) способы изображения рельефа на карте Запишите номер выбранного ответа.",Нет,Нет
vpr_sd_945807,geography,5,"Установите соответствие между путешественниками и их вкладом в географическое изучение Земли. К каждой позиции, данной в первом столбце, подберите соответствующую позицию из второго столбца. ПУТЕШЕСТВЕННИКИ A) Р. Амундсен Б) А. Тасман ВКЛАД В ГЕОГРАФИЧЕСКОЕ ИЗУЧЕНИЕ ЗЕМЛИ 1) открытие Южного полюса Земли 2) открытие морского пути в Индию 3) впервые обогнул Австралию Запишите в таблицу выбранные циф",Нет,Нет
vpr_sd_945865,geography,5,"Пятиклассники получили задание сравнить маршруты экспедиций Ф. Магеллана и Васко да Гамы и определить их общие особенности. Укажите две общие особенности, которые должны указать пятиклассники. 1) Обе экспедиции отплывали от берегов Пиренейского полуострова. 2) Обе экспедиции пересекли Атлантический океан. 3) Обе экспедиции пересекли экватор. 4) Обе экспедиции проходили вдоль тихоокеанского побереж",Нет,Нет
vpr_sd_945801,geography,5,"Прочитайте текст с описанием маршрута путешествия Бартоломеу Диаша в 1487–1488 гг. В тексте пропущен ряд слов (словосочетаний). Выберите из предлагаемого списка слова (словосочетания), которые необходимо вставить на места пропусков, обозначенных буквами. Запишите в текст номера выбранных слов (словосочетаний). Плавание Бартоломеу Диаша Бартоломеу Диаш отплыл от берегов _____________ (А) и направил",Нет,Нет
vpr_sd_945797,geography,5,"Школьники получили задание составить план городского сквера. Размеры сквера составляют План надо начертить на альбомном листе размером Какой масштаб надо использовать ребятам, чтобы показать сквер на плане как можно крупнее? План должен поместиться на лист целиком. Выберите верный ответ. 1) в 1 сантиметре — 100 метров 2) в 1 сантиметре — 50 метров 3) в 1 сантиметре — 10 метров 4) в 1 сантиметре — ",Нет,Нет
vpr_sd_945725,geography,5,"Школьники анализировали представленные в таблице данные наблюдений за высотой Солнца над горизонтом и продолжительностью светового дня 6 ноября. Ваня с Прохором анализировали зависимость между продолжительностью светового дня и географической широтой местности, а Маша с Оксаной — между высотой Солнца над горизонтом и географической широтой местности. Максимальная высота Солнца над горизонтом и про",Нет,Нет
vpr_sd_945756,geography,5,"Расположите перечисленные параллели в порядке увеличения высоты Солнца над горизонтом 23 сентября, начиная с параллели с наименьшей высотой Солнца над горизонтом. 1) 60° с. ш. 2) 15° с. ш. 3) 45° ю. ш. Запишите в таблицу получившуюся последовательность цифр.",Нет,Нет
vpr_sd_945899,geography,5,"Определите, какой цифрой на схеме внутреннего строения Земли обозначена мантия. Запишите соответствующую цифру.",Нет,Нет
vpr_sd_945888,geography,5,"Прочитайте текст и выполните задание. Алёша живёт в Санкт-Петербурге. Он учится в 4 классе. На зимних каникулах он вместе с родителями и старшим братом Димой собирался отправиться в туристическую поездку в Бразилию, в знаменитый город Рио-де-Жанейро. Он нашёл город на карте в Интернете, и ему стало интересно, какая там будет погода. На сайте прогнозов погоды он прочитал такой прогноз: «На следующе",Нет,Нет
vpr_sd_945838,geography,5,Что из перечисленного изучает социально-экономическая география? Выберите один верный ответ. 1) строение дна океана 2) источники питания рек 3) размещение населения 4) картографические проекции Запишите номер выбранного ответа.,Нет,Нет
vpr_sd_945887,geography,5,"Установите соответствие между путешественниками и их вкладом в географическое изучение Земли. К каждой позиции, данной в первом столбце, подберите соответствующую позицию из второго столбца. ПУТЕШЕСТВЕННИКИ A) И. Крузенштерн и Ю. Лисянский Б) Ф. Беллинсгаузен и М. Лазарев ВКЛАД В ГЕОГРАФИЧЕСКОЕ ИЗУЧЕНИЕ ЗЕМЛИ 1) открытие пролива, отделяющего Азию от Северной Америки 2) первое русское кругосветное ",Нет,Нет
vpr_sd_945880,geography,5,"Пятиклассники получили задание сравнить маршруты экспедиции И. Крузенштерна, Ю. Лисянского и экспедиции Ф. Беллинсгаузена и М. Лазарева и определить их общие особенности. Укажите две общие особенности, которые должны указать пятиклассники. 1) Обе экспедиции вышли из Санкт-Петербурга (Кронштадта). 2) Обе экспедиции пересекли Атлантический океан. 3) Обе экспедиции совершили плавание вокруг Антарктид",Нет,Нет
vpr_sd_945910,geography,5,"Прочитайте текст с описанием маршрута путешествия Джона Кабота. В тексте пропущен ряд слов. Выберите из предлагаемого списка слова, которые необходимо вставить на места пропусков, обозначенных буквами. Запишите в текст номера выбранных слов. Путешествие Джона Кабота Джон Кабот отплыл от берегов _____________ (А) в направлении на _____________ (Б), пересёк Атлантический океан, дошёл но острова ____",Нет,Нет
vpr_sd_945882,geography,5,Задания 7–9 выполняются с использованием приведенного ниже фрагмента топографической карты .,Нет,Да
vpr_sd_945906,geography,5,"Школьники получили задание составить план пришкольного участка. Размеры участка составляют План надо начертить на альбомном листе размером Какой масштаб надо использовать ребятам, чтобы показать участок на плане как можно крупнее? План должен поместиться на лист целиком. Выберите верный ответ. 1) в 1 сантиметре — 100 метров 2) в 1 сантиметре — 50 метров 3) в 1 сантиметре — 10 метров 4) в 1 сантиме",Нет,Нет
vpr_sd_945873,geography,5,"Школьники анализировали представленные в таблице данные наблюдений за высотой Солнца над горизонтом и продолжительностью светового дня 6 июня. Миша с Валентином анализировали зависимость между продолжительностью светового дня и географической широтой местности, а Света с Наташей — между высотой Солнца над горизонтом и географической широтой местности. Максимальная высота Солнца над горизонтом и пр",Нет,Нет
vpr_sd_945741,geography,5,"Расположите выделенные на карте параллели в порядке увеличения продолжительности светового дня 22 июня, начиная с параллели с наименьшей продолжительностью светового дня. 1) 40° с. ш. 2) 10° ю. ш. 3) 50° ю. ш. Запишите в таблицу получившуюся последовательность цифр.",Нет,Нет
vpr_sd_945839,geography,5,"Установите соответствие между путешественниками и их вкладом в географическое изучение Земли. К каждой позиции, данной в первом столбце, подберите соответствующую позицию из второго столбца. ПУТЕШЕСТВЕННИКИ A) А. Тасман Б) Ф. Магеллан ВКЛАД В ГЕОГРАФИЧЕСКОЕ ИЗУЧЕНИЕ ЗЕМЛИ 1) открытие морского пути в Индию 2) первое кругосветное путешествие 3) впервые обогнул Австралию Запишите в таблицу выбранные ",Нет,Нет
vpr_sd_945866,geography,5,"Прочитайте текст с описанием маршрута путешествия Бартоломеу Диаша в 1487–1488 гг. В тексте пропущен ряд слов. Выберите из предлагаемого списка слова, которые необходимо вставить на места пропусков, обозначенных буквами. Запишите в текст номера выбранных слов. Плавание Бартоломеу Диаша Бартоломеу Диаш отплыл из порта города _____________ (А) и направился вдоль побережья Африки в сторону экватора. ",Нет,Нет
vpr_sd_945896,geography,5,"Расположите выделенные на карте параллели в порядке увеличения продолжительности светового дня 22 июня, начиная с параллели с наименьшей продолжительностью светового дня. 1) 55° с. ш. 2) 25° с. ш. 3) 10° ю. ш. Запишите получившуюся последовательность цифр.",Нет,Нет
vpr_sd_945892,geography,5,"Определите, на каком рисунке правильно показано строение земной коры в точке, обозначенной на карте буквой А. Запишите соответствующую цифру.",Нет,Да
vpr_sd_945811,geography,5,"Прочитайте текст и выполните задание. Андрей живёт в Москве. Он учится в 4 классе. Он мечтает путешествовать и ему нравится читать о дальних странах. Он нашёл статью в Интернете о Мадагаскаре — «стране лемуров». Он прочитал, что приезжать на Мадагаскар лучше всего с июня по август, потому что это зимние месяцы на этом острове и там сухой сезон и не так жарко, а летом — с декабря до марта идут силь",Нет,Нет
vpr_sd_945908,geography,5,"Установите соответствие между путешественниками и их вкладом в географическое изучение Земли. К каждой позиции, данной в первом столбце, подберите соответствующую позицию из второго столбца. ПУТЕШЕСТВЕННИКИ A) Христофор Колумб Б) Васко да Гама ВКЛАД В ГЕОГРАФИЧЕСКОЕ ИЗУЧЕНИЕ ЗЕМЛИ 1) открытие Америки 2) первое кругосветное путешествие 3) открытие морского пути в Индию Запишите в таблицу выбранные ",Нет,Нет
vpr_sd_945864,geography,5,"Установите соответствие между путешественниками и их вкладом в географическое изучение Земли. К каждой позиции, данной в первом столбце, подберите соответствующую позицию из второго столбца. ПУТЕШЕСТВЕННИКИ A) Ф. Магеллан Б) Дж. Кук ВКЛАД В ГЕОГРАФИЧЕСКОЕ ИЗУЧЕНИЕ ЗЕМЛИ 1) открытие и исследование восточного побережья Австралии 2) первое кругосветное путешествие 3) открытие Антарктиды Запишите в та",Нет,Нет
vpr_sd_945800,geography,5,"Пятиклассники получили задание сравнить маршруты экспедиции Ф. Магеллана и первой экспедиции Х. Колумба и определить их общие особенности. Укажите две общие особенности, которые должны указать пятиклассники. 1) Обе экспедиции отплывали от берегов Пиренейского полуострова. 2) Обе экспедиции пересекли Атлантический океан. 3) Обе экспедиции пересекли экватор. 4) Обе экспедиции проходили вдоль тихооке",Нет,Нет
vpr_sd_945833,geography,5,"Прочитайте текст с описанием маршрута путешествия Френсиса Дрейка в 1577–1580 гг. В тексте пропущен ряд слов (словосочетаний). Выберите из предлагаемого списка слова (словосочетания), которые необходимо вставить на места пропусков, обозначенных буквами. Запишите в текст номера выбранных слов (словосочетаний). Плавание Френсиса Дрейка Френсис Дрейк отплыл от берегов _____________ (А), пересёк Атлан",Нет,Нет
vpr_sd_945877,geography,5,"Школьники получили задание составить план городского сквера. Размеры сквера составляют 100 м × 100 м. План надо начертить на альбомном листе размером 31 см × 21 см. Какой масштаб надо использовать ребятам, чтобы показать сквер на плане как можно крупнее и он поместился на листе весь целиком? Выберите верный ответ. 1) в 1 сантиметре — 100 метров 2) в 1 сантиметре — 50 метров 3) в 1 сантиметре — 10 ",Нет,Нет
vpr_sd_945808,geography,5,"Школьники анализировали представленные в таблице данные наблюдений за высотой Солнца над горизонтом и продолжительностью светового дня 6 июня. Сергей с Антоном анализировали зависимость между продолжительностью светового дня и географической широтой местности, а Маша с Наташей — между высотой Солнца над горизонтом и географической широтой местности. Максимальная высота Солнца над горизонтом и прод",Нет,Нет
vpr_sd_945897,geography,5,"Расположите перечисленные параллели в порядке увеличения высоты Солнца над горизонтом 21 марта, начиная с параллели с наименьшей высотой Солнца над горизонтом. 1) 35° с. ш. 2) 60° с. ш. 3) 40° ю. ш. Запишите получившуюся последовательность цифр",Нет,Нет
vpr_sd_945895,geography,5,"Прочитайте текст и выполните задание. Значение путешествия Марко Поло В своё знаменитое путешествие по Азии Марко Поло отправился в 1271 году. В родную Венецию он вернулся только в 1295 году. Вернувшись на родину, он написал сочинение «Книга о разнообразии мира». В ней Марко Поло не только описал природу Китая, Индии и других стран, в которых он побывал, но и передал позаимствованную им от китайск",Нет,Нет
vpr_sd_945914,geography,5,"Пятиклассник Максим, начав изучать географию, сказал младшему брату, что хочет стать геологом. Что он мог ответить на вопрос брата: «А что изучают геологи?» 1) животный мир Земли 2) минералы и горные породы 3) население Земли 4) климат Земли Запишите номер выбранного ответа.",Нет,Нет
vpr_sd_945913,geography,5,Что из перечисленного изучают физико-географические науки? Выберите один верный ответ. 1) зарубежные страны 2) типы погод 3) население Земли 4) транспортные маршруты Запишите номер выбранного ответа.,Нет,Нет
vpr_sd_945862,geography,5,"Школьники получили задание составить план городского парка. Размеры парка составляют 2800 м × 1500 м. План надо начертить на альбомном листе размером 31 см × 21 см. Какой масштаб надо использовать ребятам, чтобы показать парк на плане как можно крупнее? План должен поместиться на лист целиком. Выберите верный ответ. 1) в 1 сантиметре — 200 метров 2) в 1 сантиметре — 100 метров 3) в 1 сантиметре — ",Нет,Нет
vpr_sd_946083,geography,5,"Определите, на каком рисунке правильно показано строение земной коры в точке, обозначенной на карте буквой А. Рисунок 1 Рисунок 2 Рисунок 3 Рисунок 4 УСЛОВНЫЕ ОБОЗНАЧЕНИЯ",Нет,Да
vpr_sd_945853,geography,5,"Туристы из групп А и Б разместились на ночлег в окрестностях реки Быстрой в точках, обозначенных на карте соответствующими буквами. Туристы из группы А развели большой костёр. Определите, могли ли туристы из группы Б видеть ночью костёр, который развели туристы из группы А. Свой ответ обоснуйте.",Нет,Да
vpr_sd_945758,geography,5,"Прочитайте текст и выполните задание. Путешествие Христофора Колумба В 1492 г. Христофор Колумб по заданию испанского короля отправился в своё первое плавание на поиски западного морского пути в Индию. Его экспедиция на каравеллах «Санта-Мария», «Нинья» и «Пинта» отплыла от берегов Испании в юго-западном направлении, а два месяца спустя члены экспедиции обнаружили землю — это были острова. Х. Колу",Нет,Нет
vpr_sd_945886,geography,5,Что из перечисленного изучают физико-географические науки? Выберите один верный ответ. 1) горные породы и минералы 2) хозяйственную деятельность человека 3) народы и языки 4) способы изображения объектов на карте Запишите номер выбранного ответа.,Нет,Нет
vpr_sd_945867,geography,5,Задания 7–⁠9 выполняются с использованием приведенного ниже фрагмента топографической карты .,Нет,Да
vpr_sd_945874,geography,5,"Расположите перечисленные параллели в порядке увеличения высоты Солнца над горизонтом 21 марта, начиная с параллели с наименьшей высотой Солнца над горизонтом. 1) 30° с. ш. 2) 20° ю. ш. 3) 55° ю. ш. Запишите получившуюся последовательность цифр.",Нет,Нет
vpr_sd_945871,geography,5,"Пятиклассница Света, начав изучать географию, сказала младшему брату, что хочет стать сейсмологом. Что она могла ответить на вопрос брата: «А что изучают сейсмологи?» 1) народы и страны 2) почвы 3) изменения климата 4) землетрясения Запишите номер выбранного ответа.",Нет,Нет
vpr_sd_945829,geography,5,"Школьники получили задание составить план городского парка. Размеры парка составляют 3000 м × 1000 м. План надо начертить на альбомном листе размером 31 см × 21 см. Какой масштаб надо использовать ребятам, чтобы показать сквер на плане как можно крупнее и он поместился на листе весь целиком? Выберите верный ответ. 1) в 1 сантиметре — 200 метров 2) в 1 сантиметре — 100 метров 3) в 1 сантиметре — 50",Нет,Нет
vpr_sd_945889,geography,5,"Две группы туристов разместились на ночлег в окрестностях реки Быстрой в точках, обозначенных на карте буквами А и Б. Туристы из группы А развели большой костёр. Определите, могли ли туристы из группы Б видеть ночью костёр, который развели туристы из группы А. Запишите обоснование Вашего ответа.",Нет,Да
vpr_sd_945909,geography,5,"Пятиклассники получили задание сравнить маршруты экспедиций Ф. Магеллана, И. Ф. Крузенштерна, Ю. Ф. Лисянского и определить их общие особенности. Укажите две общие особенности. 1) Обе экспедиции пересекли Атлантический океан. 2) Обе экспедиции подходили к берегам Северной Америки. 3) Обе экспедиции побывали у берегов Камчатки и Аляски. 4) Обе экспедиции были кругосветные. Запишите номера выбранных",Нет,Нет
vpr_sd_945717,geography,5,"Пятиклассники получили задание сравнить маршруты экспедиций Б. Диаша и Васко да Гамы и определить их общие особенности. Укажите две общие особенности, которые должны указать пятиклассники. 1) Маршруты обеих экспедиций проходили вдоль западного побережья Африки. 2) Маршруты обеих экспедиций проходили у острова Мадагаскар. 3) Обе экспедиции пересекли экватор. 4) Обе экспедиции дошли по полуострова И",Нет,Нет
vpr_sd_945858,geography,5,"Школьники анализировали представленные в таблице данные наблюдений за высотой Солнца над горизонтом и продолжительностью светового дня 6 ноября. Сергей с Антоном анализировали зависимость между продолжительностью светового дня и географической широтой местности, а Маша с Наташей — между высотой Солнца над горизонтом и географической широтой местности. Максимальная высота Солнца над горизонтом и пр",Нет,Нет
vpr_sd_945903,geography,5,"Школьники анализировали представленные в таблице данные наблюдений за высотой Солнца над горизонтом и продолжительностью светового дня 17 февраля. Саша с Машей анализировали зависимость между продолжительностью светового дня и географической широтой местности, а Петя с Борей — между высотой Солнца над горизонтом и географической широтой местности. Максимальная высота Солнца над горизонтом и продол",Нет,Нет
vpr_sd_945859,geography,5,"Расположите выделенные на карте параллели в порядке увеличения продолжительности светового дня 22 декабря, начиная с параллели с наименьшей продолжительностью светового дня. 1) 55° с. ш. 2) 20° с. ш. 3) 60° ю. ш. Запишите получившуюся последовательность цифр.",Нет,Нет
vpr_sd_946079,geography,6,На метеорологической станции одного из городов были проведены наблюдения за направлением ветра. По итогам этих наблюдений построили розу ветров. Рассмотрите розу ветров и ответьте на вопросы. Какой ветер реже всего дул за период наблюдения? В каком направлении дует этот ветер?,Нет,Нет
vpr_sd_946108,geography,6,Какие крупные объекты гидросферы есть на территории Вашего региона? Составьте краткое географическое описание одного из них.,Нет,Нет
vpr_sd_945929,geography,6,Карта составлена по состоянию на 01.01.2018,Нет,Да
vpr_sd_946024,geography,6,"Разница во времени между городом Курском и городом Петропавловском-Камчатским составляет + 9 часов. На рисунке изображены показания часов в Курске и Петропавловске-Камчатском в тот момент, когда в Курске 10 часов утра. Запишите под каждым рисунком, как отображается то же самое время на электронных часах в этих городах. Занесите ответы в поля для ввода, отделяя часы от минут двоеточием. Пример: 8:0",Нет,Да
vpr_sd_946025,geography,6,РАСПОРЯДОК ДНЯ // 7:00–7:05 | Подъём // 7:05–7:30 | Умывание и уборка постели // 7:30–8:00 | Завтрак // 8:00–08:20 | Дорога в школу // 8:20–12:30 | Занятия // 12:30–13:00 | Дорога домой // 13:00–13:30 | Обед // 13:30–14:30 | Отдых или дневной сон // 14:30–15:30 | Прогулка или игры дома // 15:30–17:00 | Домашние занятия // 17:00–17:30 | Полдник // 17:30–19:00 | Кружок или компьютер // 19:00–19:30 |,Нет,Нет
vpr_sd_945285,geography,6,"Установите соответствие между географическими особенностями и природными зонами, для которых они характерны: для этого к каждой позиции первого столбца подберите соответствующую позицию из второго столбца. ГЕОГРАФИЧЕСКИЕ ОСОБЕННОСТИ | ПРИРОДНЫЕ ЗОНЫ // А) расположены в пределах жаркого пояса Б) преобладание плодородных почв – чернозёмов В) произрастание трав: ковыля, типчака, мятлика Г) занимают т",Нет,Нет
vpr_sd_945286,geography,6,"Определите, в какой из указанных природных зон ( степи, влажные экваториальные леса ) могла быть сделана каждая фотография. Подпишите названия природных зон. A — Б —",Нет,Да
vpr_sd_945959,geography,6,На метеорологической станции одного из городов были проведены наблюдения за направлением ветра. По итогам этих наблюдений построили розу ветров. Рассмотрите розу ветров и ответьте на вопросы. Какой ветер чаще всего дул за период наблюдения? В каком направлении дует этот ветер?,Нет,Нет
vpr_sd_945952,geography,6,"На каком рисунке знаками отображена погода в тот день, когда температура воздуха была ниже 0 градусов? Укажите букву, которой обозначен этот рисунок. Составьте описание погоды в этот день.",Нет,Да
vpr_sd_946160,geography,6,"1) Атмосфера — воздушная оболочка Земли. (2) Она имеет несколько слоев. (3) У поверхности Земли расположена тропосфера. (4) Она содержит в себе 80 % воздуха атмосферы. (5) Её называют кухней погоды, потому что именно здесь образуются воздушные потоки и различные облака. (6) Температура в тропосфере с высотой понижается. (7) Над тропосферой расположен озоновый слой, а над ним стратосфера. (8) В отл",Нет,Нет
vpr_sd_946093,geography,6,"С помощью таблицы выполните задания. Численность и состав населения № | Страна | Численность населения, млн человек | Состав населения, % // городское | сельское // 1 | Индонезия | 245 | 51 | 49 // 2 | Франция | 60 | 86 | 14 // 3 | Россия | 144 | 80 | 20 // 4 | Япония | 127 | 91 | 9 Расположите страны в порядке увеличения доли городского населения, начиная с той, у которой данный показатель самый ",Нет,Нет
vpr_sd_946101,geography,6,"Численность и состав населения № | Страна | Численность населения, млн человек | Состав населения, % // городское | сельское // 1 | Индонезия | 245 | 51 | 49 // 2 | Франция | 60 | 86 | 14 // 3 | Россия | 144 | 80 | 20 // 4 | Япония | 127 | 91 | 9",Нет,Нет
vpr_sd_945216,geography,6,"Рассмотрите фотографию с изображением опасного явления природы. Запишите его название. Природное явление — ... Составьте краткое описание этого природного явления (объёмом до пяти предложений). Поясните, чем опасно это явление для людей.",Нет,Да
vpr_sd_945217,geography,6,"Запишите название региона: республики, или области, или края, или автономного округа или города федерального значения, в котором Вы живёте. Как называется округ / муниципальный район города, в котором расположена Ваша школа?",Нет,Нет
vpr_sd_945218,geography,6,"Какие крупные водоёмы есть на территории Вашего региона? Опишите виды хозяйственной деятельности людей, связанные с этими водоёмами.",Нет,Нет
vpr_sd_945872,geography,6,"Разница во времени между Калининградом и Иркутском составляет + 6 часов. На рисунке изображены показания часов в Калининграде и Иркутске в тот момент, когда в Калининграде 8 часов утра. Запишите под каждым рисунком, как отображается то же самое время на электронных часах в этих городах. Занесите ответы в поля для ввода, отделяя часы от минут двоеточием. Пример: 8:00. Калининград Иркутск",Нет,Да
vpr_sd_945394,geography,6,"Установите соответствие между названиями природных зон и географическими особенностями, которые характерны для каждой из них. Для этого к каждой позиции первого столбца подберите соответствующую позицию из второго столбца. ГЕОГРАФИЧЕСКИЕ ОСОБЕННОСТИ | ПРИРОДНЫЕ ЗОНЫ // А) здесь самые плодородные почвы - чернозем; | 1) степь; // Б) преобладает высокая трава и крупные одинокие деревья; | 2) саванна ",Нет,Нет
vpr_sd_945395,geography,6,"Определите, в какой из ранее описанных природных зон ( степь, саванна ) могли быть сделаны фотографии. Подпишите названия каждой природной зоны. A — Б —",Нет,Да
vpr_sd_946100,geography,6,"1) Гидросфера — водная оболочка Земли. (2) Она состоит из вод Мирового океана, вод суши и водяного пара атмосферы. (3) Воды Мирового океана солёные. (4) Они включают в себя моря, заливы, проливы. (5) На них приходится более 96 % вод гидросферы. (6) Воды суши в основном пресные. (7) К ним относятся реки, озера, болота, подземные воды, ледники и многолетняя мерзлота. (8) Человек для своих нужд испол",Нет,Нет
vpr_sd_945182,geography,6,"Используя приведённую ниже таблицу, выполните задания. Численность и доля занятого населения, 2016 г. № | Страна | Численность населения, млн человек | Доля занятого населения, % // в сельском хозяйстве | в промышленности | в сфере услуг // 1 | Россия | 76 | 9 | 28 | 63 // 2 | Германия | 46 | 2 | 23 | 75 // 3 | США | 160 | 1 | 20 | 79 // 4 | Австралия | 13 | 4 | 21 | 75",Нет,Нет
vpr_sd_945742,geography,6,Рассмотрите фотографию с изображением одного из явлений природы (опасных видов атмосферных осадков). Запишите его название. Это — __________________ Какую опасность представляет для людей? Составьте краткое описание этого природного явления (объёмом до пяти предложений).,Нет,Да
vpr_sd_945277,geography,6,"Запишите название региона: республики, или области, или края, или автономного округа или города федерального значения, в котором Вы живёте. Как называется главный город Вашего региона? / Как называется населённый пункт / округ / муниципальный район города, в котором Вы живёте / расположена Ваша школа?",Нет,Нет
vpr_sd_945278,geography,6,Какие реки протекают по территории Вашего региона? Составьте краткое описание одной из этих рек.,Нет,Нет
vpr_sd_945270,geography,6,"Разница во времени между городами Читой и Краснодаром составляет −5 часов. На рисунках представлены показания часов в этих городах в тот момент, когда в Чите 9 часов вечера. Запишите под каждым рисунком, как отображается то же самое время на электронных часах в этих городах. Занесите ответы в поля для ввода, отделяя часы от минут двоеточием. Пример: 8:00. Чита Краснодар",Нет,Да
vpr_sd_945271,geography,6,РЕЖИМ ДНЯ ШКОЛЬНИКА // 7.00 | Подъём // 7.05–7.20 | Утренняя зарядка // 7.20–7.30 | Гигиенические процедуры // 7.30–8.00 | Завтрак // 8.00–8.15 | Дорога в школу // 8.30–13.10 | Занятия в школе // 13.10–13.30 | Дорога домой // 13.45–14.15 | Обед // 14.15–16.15 | Занятия в кружках/секциях // 16.30–16.45 | Полдник // 16.45–18.15 | Выполнение домашних заданий // 18.15–19.15 | Прогулка на свежем воздух,Нет,Нет
vpr_sd_945986,geography,6,"Установите соответствие между названиями природных зон и географическими особенностями, которые характерны для каждой из них. Для этого к каждой позиции первого столбца подберите соответствующую позицию из второго столбца. ГЕОГРАФИЧЕСКИЕ ОСОБЕННОСТИ | ПРИРОДНЫЕ ЗОНЫ // А)климат меняется в течение года: то сухо, то влажно; | 1) степь // Б) преобладает высокая трава и крупные одинокие деревья; | 2) ",Нет,Нет
vpr_sd_945908,geography,6,"Прочитайте текст и выполните задание. (1)Литосфера — твёрдый верхний слой Земли. (2)В её составе земная кора и верхняя часть мантии. (3)Земная кора под океанами и континентами значительно различается: на континентах её толщина составляет 40–80 км, под океанами — 5–10 км. (4)На континентах кора состоит из трёх слоёв: слоя осадочных пород, «гранитного» слоя и «базальтового» слоя. (5)Под океанами кор",Нет,Нет
vpr_sd_945933,geography,6,"С помощью таблицы выполните задания. Численность и состав населения № | Страна | Численность населения, млн человек | Состав населения, % // городское | сельское // 1 | Таиланд | 65 | 34 | 66 // 2 | Саудовская Аравия | 27 | 82 | 18 // 3 | Египет | 79 | 43 | 57 // 4 | Турция | 70 | 72 | 28 Расположите страны в порядке увеличения доли городского населения, начиная с той, у которой данный показатель ",Нет,Нет
vpr_sd_945941,geography,6,"Численность и состав населения № | Страна | Численность населения, млн человек | Состав населения, % // городское | сельское // 1 | Таиланд | 65 | 34 | 66 // 2 | Саудовская Аравия | 27 | 82 | 18 // 3 | Египет | 79 | 43 | 57 // 4 | Турция | 70 | 72 | 28",Нет,Нет
vpr_sd_946015,geography,6,"Запишите название региона: республики, или области, или края, или автономного округа или города федерального значения, в котором Вы живёте. Как называется главный город Вашего региона? / Как называется округ / муниципальный район города федерального значения, в котором расположена Ваша школа?",Нет,Нет
vpr_sd_945310,geography,6,"Разница во времени между городами Улан-Удэ и Томском составляет −2 часа. На рисунках представлены показания часов в этих городах в тот момент, когда в Улан-Удэ 3 часа дня. Запишите под каждым рисунком, как отображается то же самое время на электронных часах в этих городах. Занесите ответы в поля для ввода, отделяя часы от минут двоеточием. Пример: 8:00. Иркутск Вологда",Нет,Да
vpr_sd_945311,geography,6,РАСПИСАНИЕ УРОКОВ // № урока | Время | Предмет // 1 смена // 1 | 8:30–9:15 | Русский язык // 2 | 9:25–10:10 | География // 3 | 10:30– 11:15 | Математика // 4 | 11:35–12:20 | Физкультура // 5 | 12:30–13:15 | Иностр. язык // 6 | 13:30–14:10 | // 2 смена // 1 | 13:30–14:10 | Русский язык // 2 | 14:30–15:15 | Биология // 3 | 15:25–16:10 | Математика // 4 | 16:20–17:05 | Литература // 5 | 17:15–18:00 |,Нет,Нет
vpr_sd_946060,geography,6,"(1) Литосфера – твердая каменная оболочка Земли. (2) Она состоит из земной коры и верхней части мантии (до астеносферы). (3) Литосфера разбита на крупные блоки – литосферные плиты. (4) Плиты движутся относительно пластичной астеносферы. (5) Толщина литосферы меняется от 5 до 80 и более км. (6) Земная кора делится на два типа. (7) Материковая земная кора более мощная и твердая, чем океаническая. (8",Нет,Нет
vpr_sd_945953,geography,6,"С помощью таблицы выполните задания. Численность и состав населения № | Страна | Численность населения, млн человек | Состав населения, % // городское | сельское // 1 | Италия | 58 | 68 | 32 // 2 | Австралия | 20 | 89 | 11 // 3 | Греция | 11 | 61 | 39 // 4 | США | 298 | 82 | 18 Расположите страны в порядке увеличения доли городского населения, начиная с той, у которой данный показатель самый низки",Нет,Нет
vpr_sd_945961,geography,6,"Численность и состав населения № | Страна | Численность населения, млн человек | Состав населения, % // городское | сельское // 1 | Италия | 58 | 68 | 32 // 2 | Австралия | 20 | 89 | 11 // 3 | Греция | 11 | 61 | 39 // 4 | США | 298 | 82 | 18",Нет,Нет
vpr_sd_945193,geography,6,Карта составлена по состоянию на 01.01.2022,Нет,Да
vpr_sd_945692,geography,6,"Разница во времени между Калининградом и Якутском составляет + 7 часов. На рисунке изображены показания часов в Калининграде и Якутске в тот момент, когда в Калининграде 9 часов утра. Запишите под каждым рисунком, как отображается то же самое время на электронных часах в этих городах. Занесите ответы в поля для ввода, отделяя часы от минут двоеточием. Пример: 08:00. Калининград Якутск",Нет,Да
vpr_sd_945368,geography,6,"Установите соответствие между географическими особенностями и природными зонами, для которых они характерны: для этого к каждой позиции первого столбца подберите соответствующую позицию из второго столбца. ГЕОГРАФИЧЕСКИЕ ОСОБЕННОСТИ | ПРИРОДНЫЕ ЗОНЫ // А) продолжительная холодная зима с устойчивым снежным покровом Б) местообитание дрофы, орла, стрепета В) безлесное пространство, покрытое травянист",Нет,Нет
vpr_sd_945369,geography,6,"Определите, в какой из указанных природных зон ( степь, тайга ) могла быть сделана каждая фотография. Подпишите названия природных зон. A — Б —",Нет,Да
vpr_sd_945247,geography,6,На метеорологической станции города N в июне были проведены наблюдения за направлением ветра. По результатам наблюдения метеорологи построили розу ветров. Рассмотрите розу ветров и ответьте на вопросы. Какой ветер чаще всего дул в июне? В каком направлении дует этот ветер?,Нет,Нет
vpr_sd_945240,geography,6,"На каком рисунке знаками отображена погода в тот день, когда дул северный ветер? Укажите букву, которой обозначен этот рисунок. Составьте описание погоды в этот день.",Нет,Да
vpr_sd_945221,geography,6,"(1)Живые организмы зародились в Мировом океане и постепенно заселили все земные оболочки. (2)Современная биосфера охватывает нижние слои атмосферы, всю гидросферу и верхнюю часть литосферы. (3)В атмосфере живые организмы встречаются до озонового слоя. (4)Озоновый слой выполняет защитную функцию для всех организмов, оберегая их от вредного воздействия ультрафиолетовых лучей. (5)В литосфере живые ор",Нет,Нет
vpr_sd_945342,geography,6,"Используя приведённую ниже таблицу, выполните задания. Численность и состав населения, 2016 г. № | Страна | Численность населения, млн человек | Состав населения, % // женское | мужское // 1 | Бразилия | 208 | 51 | 49 // 2 | Китай | 1387 | 48 | 52 // 3 | Россия | 147 | 54 | 46 // 4 | Германия | 83 | 51 | 49",Нет,Нет
vpr_sd_945358,geography,6,Какие источники загрязнения природы есть на территории Вашего региона? Опишите воздействие одного из этих источников загрязнения на природу.,Нет,Нет
vpr_sd_946164,geography,6,"Разница во времени между Ярославлем и Норильском составляет + 4 часа. На рисунке изображены показания часов в Ярославле и Норильске в тот момент, когда в Ярославле 11 часов утра. Запишите под каждым рисунком, как отображается то же самое время на электронных часах в этих городах. Занесите ответы в поля для ввода, отделяя часы от минут двоеточием. Пример: 8:00. Ярославль Норильск",Нет,Да
vpr_sd_945914,geography,6,"Установите соответствие между географическими особенностями и природными зонами, для которых они характерны: для этого к каждой позиции первого столбца подберите соответствующую позицию из второго столбца. ГЕОГРАФИЧЕСКИЕ ОСОБЕННОСТИ | ПРИРОДНЫЕ ЗОНЫ // А) устойчивый снежный покров зимой | 1) саванны и редколесья // Б) преимущественно травянистая растительность | 2) тайга // В) занимает обширные ра",Нет,Нет
vpr_sd_945915,geography,6,"Определите, в какой из указанных природных зон (саванны и редколесья, тайга) могла быть сделана каждая фотография. Подпишите названия природных зон. A — Б —",Нет,Да
vpr_sd_946072,geography,6,"На каком рисунке знаками отображена погода в тот день, когда температура воздуха была самой низкой? Укажите букву, которой обозначен этот рисунок. Составьте описание погоды в этот день.",Нет,Да
vpr_sd_945202,geography,6,"Используя приведённую ниже таблицу, выполните задания. Численность и показатели рождаемости и смертности населения, 2016 г. № | Страна | Численность населения, млн человек | Показатели рождаемости и смертности, на 1000 жителей // рождаемость | смертность // 1 | Бразилия | 208 | 14 | 6 // 2 | Япония | 127 | 8 | 10 // 3 | Индия | 1353 | 22 | 7 // 4 | Греция | 11 | 8 | 10",Нет,Нет
vpr_sd_945305,geography,6,"Установите соответствие между географическими особенностями и природными зонами, для которых они характерны: для этого к каждой позиции первого столбца подберите соответствующую позицию из второго столбца. ГЕОГРАФИЧЕСКИЕ ОСОБЕННОСТИ | ПРИРОДНЫЕ ЗОНЫ // А) местообитание рыси, бурого медведя, росомахи Б) произрастание хвойных деревьев В) произрастание ягеля и других лишайников Г) местообитание лемми",Нет,Нет
vpr_sd_945306,geography,6,"Определите, в какой из указанных природных зон ( тундра, тайга ) могла быть сделана каждая фотография. Подпишите названия природных зон. A — Б —",Нет,Да
vpr_sd_945370,geography,6,"(1)Атмосфера — газовая оболочка Земли, удерживаемая силой земного притяжения. (2)Мощность земной атмосферы достигает 1000 км. (3)В атмосфере выделяется несколько слоёв: тропосфера, стратосфера, мезосфера и термосфера. (4)Тропосфера — самый нижний плотный слой атмосферы мощностью 9–18 км, в котором формируется погода. (5)Температура воздуха в нём понижается с высотой. (6)В стратосфере на высоте 20–",Нет,Нет
vpr_sd_945681,geography,6,"С помощью таблицы выполните задания. Численность и состав населения № | Страна | Численность населения, млн человек | Состав населения, % // городское | сельское // 1 | Италия | 58 | 68 | 32 // 2 | Великобритания | 60 | 79 | 21 // 3 | Греция | 11 | 61 | 39 // 4 | Испания | 44 | 77 | 23 Расположите страны в порядке уменьшения численности населения, начиная с той, у которой данный показатель самый в",Нет,Нет
vpr_sd_945689,geography,6,"Численность и состав населения № | Страна | Численность населения, млн человек | Состав населения, % // городское | сельское // 1 | Италия | 58 | 68 | 32 // 2 | Великобритания | 60 | 79 | 21 // 3 | Греция | 11 | 61 | 39 // 4 | Испания | 44 | 77 | 23",Нет,Нет
vpr_sd_945178,geography,6,Какие крупные города расположены на территории Вашего региона? Составьте краткое описание одного из них.,Нет,Нет
vpr_sd_945812,geography,6,"Разница во времени между Санкт-Петербургом и Владивостоком составляет + 8 часов. На рисунке изображены показания часов в Санкт-Петербурге и Владивостоке в тот момент, когда в Санкт-Петербурге 10 часов утра. Запишите под каждым рисунком, как отображается то же самое время на электронных часах в этих городах. Занесите ответы в поля для ввода, отделяя часы от минут двоеточием. Пример: 8:00. Санкт-Пет",Нет,Да
vpr_sd_945694,geography,6,"Установите соответствие между названиями природных зон и географическими особенностями, которые характерны для каждой из них. Для этого к каждой позиции первого столбца подберите соответствующую позицию из второго столбца. ГЕОГРАФИЧЕСКИЕ ОСОБЕННОСТИ | ПРИРОДНЫЕ ЗОНЫ // А) климат меняется в течение года: то сухо, то влажно; | 1) степь // Б) преобладает высокая трава и крупные одинокие деревья; | 2)",Нет,Нет
vpr_sd_945882,geography,6,Рассмотрите фотографию с изображением опасного явления природы. Запишите его название. Природное явление — ... Чем опасно это явление для людей? Составьте краткое описание этого природного явления (объёмом до пяти предложений).,Нет,Да
vpr_sd_945190,geography,6,"Разница во времени между городами Оренбургом и Калининградом составляет −3 часа. На рисунках представлены показания часов в этих городах в тот момент, когда в Оренбурге 4 часа дня. Запишите под каждым рисунком, как отображается то же самое время на электронных часах в этих городах. Занесите ответы в поля для ввода, отделяя часы от минут двоеточием. Пример: 8:00. Оренбург Калининград",Нет,Да
vpr_sd_946032,geography,6,"На каком рисунке знаками отображена погода в тот день, когда температура воздуха была ниже всего? Укажите букву, которой обозначен этот рисунок. Составьте описание погоды в этот день.",Нет,Да
vpr_sd_946020,geography,6,"(1) Гидросфера – водная оболочка Земли. (2) Она состоит из вод Мирового океана, вод суши и водяного пара атмосферы. (3) Воды Мирового океана соленые. (4) Они включают в себя моря, заливы, проливы. (5) На них приходится более 96 % вод гидросферы. (6) Воды суши в основном пресные. (7) К ним относятся реки, озера, болота, подземные воды, ледники и многолетняя мерзлота. (8) Человек для своих нужд испо",Нет,Нет
vpr_sd_945302,geography,6,"Используя приведённую ниже таблицу, выполните задания. Численность и доля занятого населения, 2016 г. № | Страна | Численность населения, млн человек | Доля занятого населения, % // в сельском хозяйстве | в промышленности | в сфере услуг // 1 | Италия | 26 | 4 | 28 | 68 // 2 | Индия | 522 | 47 | 22 | 31 // 3 | Кения | 20 | 61 | 7 | 32 // 4 | Вьетнам | 56 | 48 | 21 | 31",Нет,Нет
vpr_sd_945303,geography,6,"На фотографиях изображён сбор урожая сельскохозяйственных культур в странах, указанных в таблице. Запишите под каждой фотографией название соответствующей страны. A — Б — В — Г —",Нет,Да
vpr_sd_945988,geography,6,Какие крупные объекты литосферы есть на территории Вашего региона? Составьте краткое географическое описание одного из них.,Нет,Нет
vpr_sd_945230,geography,6,"Разница во времени между городами Нижним Новгородом и Иркутском составляет +5 часов. На рисунках представлены показания часов в этих городах в тот момент, когда в Нижнем Новгороде полдень. Запишите под каждым рисунком, как отображается то же самое время на электронных часах в этих городах. Занесите ответы в поля для ввода, отделяя часы от минут двоеточием. Пример: 8:00. Нижний Новгород Иркутск",Нет,Да
vpr_sd_945347,geography,6,На метеорологической станции города N в течение года наблюдали за температурой воздуха. По результатам наблюдений метеорологи построили график годового хода температуры. Рассмотрите график годового хода температуры и ответьте на вопросы. Какой месяц был самым холодным в году? Какова годовая амплитуда температур?,Нет,Нет
vpr_sd_945340,geography,6,"На каком рисунке знаками отображена погода в тот день, когда температура воздуха опустилась ниже 20 градусов мороза? Укажите букву, которой обозначен этот рисунок. Составьте описание погоды в этот день.",Нет,Да
vpr_sd_945341,geography,6,"(1)Биосфера — это всё пространство, где существует или когда-либо существовала жизнь. (2)Она охватывает нижние слои атмосферы, всю гидросферу и верхнюю часть литосферы. (3)Процессы, протекающие в биосфере, влияют на другие оболочки нашей планеты. (4)Живые организмы способствуют естественному очищению гидросферы, участвуют в формировании почвы, а из останков организмов формируются горные породы. (5",Нет,Да
vpr_sd_945761,geography,6,"С помощью таблицы выполните задания. Численность и состав населения № | Страна | Численность населения, млн человек | Состав населения, % // городское | сельское // 1 | Индонезия | 245 | 51 | 49 // 2 | Германия | 82 | 80 | 20 // 3 | Индия | 1095 | 31 | 69 // 4 | Россия | 144 | 80 | 20 Расположите страны в порядке уменьшения численности населения, начиная с той, у которой данный показатель самый вы",Нет,Нет
vpr_sd_945769,geography,6,"Численность и состав населения № | Страна | Численность населения, млн человек | Состав населения, % // городское | сельское // 1 | Индонезия | 245 | 51 | 49 // 2 | Германия | 82 | 80 | 20 // 3 | Индия | 1095 | 31 | 69 // 4 | Россия | 144 | 80 | 20",Нет,Нет
vpr_sd_945330,geography,6,"Разница во времени между городами Екатеринбургом и Якутском составляет +4 часа. На рисунках представлены показания часов в этих городах в тот момент, когда в Екатеринбурге 11 часов утра. Запишите под каждым рисунком, как отображается то же самое время на электронных часах в этих городах. Занесите ответы в поля для ввода, отделяя часы от минут двоеточием. Пример: 8:00. Иркутск Вологда",Нет,Да
vpr_sd_946046,geography,6,"Установите соответствие между названиями природных зон и географическими особенностями, которые характерны для каждой из них. Для этого к каждой позиции первого столбца подберите соответствующую позицию из второго столбца. ГЕОГРАФИЧЕСКИЕ ОСОБЕННОСТИ | ПРИРОДНЫЕ ЗОНЫ // А) почвы этой природной зоны самые плодородные; | 1) пустыня // Б) преобладают грызуны и травянистая растительность; | 2) степь //",Нет,Нет
vpr_sd_946047,geography,6,"Определите, в какой из ранее описанных природных зон ( пустыня, степь ) могли быть сделаны фотографии. Подпишите названия каждой природной зоны. A — Б —",Нет,Да
vpr_sd_945261,geography,6,"(1)Атмосфера — воздушная оболочка, окружающая и защищающая Землю от метеоритов, которые сгорают в ней. (2)Мощность земной атмосферы достигает 1000 км. (3)Основные газы атмосферы — азот, кислород и аргон. (4)Кислород — газ, необходимый для дыхания всего живого на планете. (5)В атмосфере выделяется несколько слоёв: тропосфера, стратосфера, мезосфера, термосфера. (6)В стратосфере на высоте 20–25 км н",Нет,Нет
vpr_sd_945222,geography,6,"Используя приведённую ниже таблицу, выполните задания. Численность и состав населения, 2016 г. № | Страна | Численность населения, млн человек | Возрастной состав населения, % // доля населения в возрасте до 15 лет | доля населения в возрасте старше 65 лет // 1 | Китай | 1387 | 18 | 9 // 2 | Канада | 36 | 16 | 15 // 3 | Австралия | 25 | 18 | 15 // 4 | Кения | 45 | 42 | 3",Нет,Нет
vpr_sd_945258,geography,6,"В какой природной зоне расположена территория Вашего региона? Напишите, какое воздействие оказывает хозяйственная деятельность человека на природу региона.",Нет,Нет
vpr_sd_945245,geography,6,"Установите соответствие между географическими особенностями и природными зонами, для которых они характерны: для этого к каждой позиции первого столбца подберите соответствующую позицию из второго столбца. ГЕОГРАФИЧЕСКИЕ ОСОБЕННОСТИ | ПРИРОДНЫЕ ЗОНЫ // А) произрастание мхов, лишайников, кустарничков Б) переходная зона от тайги к зоне широколиственных лесов В) умеренно холодная, снежная зима и тёпл",Нет,Нет
vpr_sd_945246,geography,6,"Определите, в какой из указанных природных зон ( тундра, смешанные леса ) могла быть сделана каждая фотография. Подпишите названия природных зон. A — Б —",Нет,Да
vpr_sd_945198,geography,6,Какие растения произрастают в естественных условиях на территории Вашего региона? Укажите не менее трёх растений. Составьте описание одного из этих растений.,Нет,Нет
vpr_sd_945287,geography,6,На метеорологической станции города N в октябре были проведены наблюдения за направлением ветра. По результатам наблюдения метеорологи построили розу ветров. Рассмотрите розу ветров и ответьте на вопросы. Какой ветер чаще всего дул в октябре? В каком направлении дует этот ветер?,Нет,Нет
vpr_sd_945280,geography,6,"На каком рисунке знаками отображена погода в тот день, когда дул юго-западный ветер? Укажите букву, которой обозначен этот рисунок. Составьте описание погоды в этот день.",Нет,Да
vpr_sd_945321,geography,6,"(1)Литосфера — твёрдая оболочка Земли, состоящая из земной коры и верхней части мантии. (2)Литосфера состоит из литосферных плит, разделённых разломами. (3)Литосферные плиты перемещаются по пластичному слою мантии, меняя расположение материков и океанов на поверхности Земли. (4)Внутренние силы Земли приводят в движение литосферные плиты. (5)При расхождении литосферных плит формируются хребты, таки",Нет,Нет
vpr_sd_945901,geography,6,"Используя приведённую ниже таблицу, выполните задания. Численность и состав населения № | Страна | Численность населения, млн человек | Состав населения, % // городское | сельское // 1 | Австралия | 25 | 88 | 12 // 2 | Греция | 11 | 80 | 20 // 3 | Египет | 95 | 43 | 57 // 4 | Франция | 65 | 80 | 20 Расположите страны в порядке уменьшения численности населения, начиная со страны с самой большой чис",Нет,Нет
vpr_sd_945909,geography,6,"Численность и состав населения № | Страна | Численность населения, млн человек | Состав населения, % // городское | сельское // 1 | Австралия | 25 | 88 | 12 // 2 | Греция | 11 | 80 | 20 // 3 | Египет | 95 | 43 | 57 // 4 | Франция | 65 | 80 | 20",Нет,Нет
vpr_sd_945874,geography,6,"Установите соответствие между названиями природных зон и географическими особенностями, которые характерны для каждой из них. Для этого к каждой позиции первого столбца подберите соответствующую позицию из второго столбца. ГЕОГРАФИЧЕСКИЕ ОСОБЕННОСТИ | ПРИРОДНЫЕ ЗОНЫ // А) расположена в умеренном поясе Северного полушария; | 1) тундра // Б) растительность скудная; | 2) тайга // В) занимает обширные",Нет,Нет
vpr_sd_945875,geography,6,"Определите, в какой из ранее описанных природных зон ( тундра, тайга ) могли быть сделаны фотографии. Подпишите названия каждой природной зоны. A — Б —",Нет,Да
vpr_sd_945201,geography,6,"(1)Климат — это многолетний режим погоды, характерный для данной местности. (2)Климат, в отличие от погоды, обладает устойчивостью и постоянством. (3)Особенности климата определяет географическая широта, от которой зависит количество солнечного тепла, поступающего на земную поверхность. (4)В северном и южном полушариях выделяют по семь климатических поясов. (5)На климат влияют перемещение воздушны",Нет,Нет
vpr_sd_945371,geography,6,"Используя приведённую ниже таблицу, выполните задания. Численность и состав населения, 2016 г. № | Страна | Численность населения, млн человек | Состав населения, % // городское | сельское // 1 | Великобритания | 66 | 83 | 17 // 2 | Россия | 147 | 74 | 26 // 3 | Испания | 47 | 81 | 20 // 4 | Камбоджа | 16 | 21 | 79",Нет,Нет
vpr_sd_946061,geography,6,"Численность и состав населения № | Субъект Российской Федерации | Численность населения, млн человек | Состав населения, % // городское | сельское // 1 | Республика Татарстан | 3,89 | 77 | 23 // 2 | Московская область | 5,11 | 82 | 18 // 3 | Республика Дагестан | 2,09 | 45 | 55 // 4 | Ленинградская область | 1,23 | 64 | 36",Нет,Нет
vpr_sd_946041,geography,6,"Численность и состав населения № | Страна | Численность населения, млн человек | Состав населения, % // городское | сельское // 1 | Китай | 1313 | 53 | 47 // 2 | Германия | 82 | 80 | 20 // 3 | Индия | 1095 | 31 | 69 // 4 | Россия | 144 | 80 | 20",Нет,Нет
vpr_sd_945243,geography,6,"Используя приведённую ниже таблицу, выполните задания. Площадь территории, численность и плотность населения, 2016 г. № | Страна | Площадь территории, тыс. км 2 | Численность населения, млн человек | Плотность населения, чел. / км 2 // 1 | Австралия | 7741 | 25 | 3 // 2 | Германия | 357 | 83 | 232 // 3 | Нидерланды | 41 | 17 | 411 // 4 | Исландия | 103 | 0,3 | 3",Нет,Нет
vpr_sd_945389,geography,6,"Численность и состав населения № | Страна | Численность населения, млн человек | Состав населения, % // городское | сельское // 1 | Индонезия | 245 | 51 | // 2 | Франция | 60 | 86 | 14 // 3 | Россия | 144 | 80 | 20 // 4 | Япония | 127 | 91 | 9",Нет,Нет
vpr_sd_946081,geography,6,"На фотографиях изображены объекты стран, указанных в таблице. Запишите под каждой фотографией название соответствующей страны. A — Б — В — Г — Численность и состав населения № | Страна | Численность населения, млн человек | Состав населения, % // городское | сельское // 1 | Россия | 143 | 73 | 27 // 2 | Бразилия | 207 | 80 | 20 // 3 | Австралия | 25 | 88 | 12 // 4 | Мексика | 78 | 73 | 27",Нет,Да
vpr_sd_945749,geography,6,"Численность и состав населения № | Страна | Численность населения, млн человек | Состав населения, % // городское | сельское // 1 | Индонезия | 245 | 51 | 49 // 2 | Франция | 82 | 80 | 20 // 3 | Россия | 144 | 80 | 20 // 4 | Япония | 127 | 91 | 9",Нет,Нет
vpr_sd_945889,geography,6,"Численность и состав населения № | Страна | Численность населения, млн человек | Состав населения, % // городское | сельское // 1 | Россия | 143 | 73 | 37 // 2 | Бразилия | 207 | 80 | 20 // 3 | Австралия | 25 | 88 | 12 // 4 | Мексика | 78 | 73 | 37",Нет,Нет
vpr_sd_945263,geography,6,"Используя приведённую ниже таблицу, выполните задания. Численность и средняя продолжительность жизни населения, 2016 г. № | Страна | Численность населения, млн человек | Средняя продолжительность жизни, лет // оба пола | мужчины | женщины // 1 | Турция | 81 | 75 | 73 | 76 // 2 | Франция | 65 | 82 | 79 | 85 // 3 | Китай | 1387 | 76 | 74 | 78 // 4 | Таиланд | 66 | 75 | 72 | 78",Нет,Нет
vpr_sd_945323,geography,6,"Используя приведённую ниже таблицу, выполните задания. Численность и состав населения, 2016 г. № | Страна | Численность населения, млн человек | Возрастной состав населения, % // доля населения в возрасте до 15 лет | доля населения в возрасте старше 65 лет // 1 | Египет | 95 | 30 | 4 // 2 | Великобритания | 66 | 16 | 17 // 3 | Норвегия | 5 | 15 | 17 // 4 | Бразилия | 208 | 27 | 8",Нет,Нет
vpr_sd_945283,geography,6,"Используя приведённую ниже таблицу, выполните задания. Численность и состав населения, 2016 г. № | Страна | Численность населения, млн человек | Состав населения, % // городское | сельское // 1 | Индия | 1353 | 33 | 67 // 2 | Бразилия | 208 | 86 | 14 // 3 | ОАЭ | 9 | 86 | 14 // 4 | США | 325 | 81 | 19",Нет,Нет
vpr_sd_945801,geography,6,"С помощью таблицы выполните задания. Численность и состав населения № | Страна | Численность населения, млн человек | Состав населения, % // городское | сельское // 1 | Китай | 1313 | 53 | 47 // 2 | Германия | 82 | 80 | 20 // 3 | Индия | 1095 | 31 | 69 // 4 | Россия | 144 | 80 | 20 Расположите страны в порядке увеличения численности населения, начиная с той, у которой данный показатель самый низки",Нет,Нет
vpr_sd_946073,geography,6,"С помощью таблицы выполните задания. Численность и состав населения № | Страна | Численность населения, млн человек | Состав населения, % // городское | сельское // 1 | Россия | 143 | 73 | 27 // 2 | Бразилия | 207 | 80 | 20 // 3 | Австралия | 25 | 88 | 12 // 4 | Мексика | 78 | 73 | 27 Расположите страны в порядке уменьшения доли городского населения, начиная с той страны, у которой показатели сель",Нет,Нет
vpr_sd_945381,geography,6,"С помощью таблицы выполните задания. Численность и состав населения № | Страна | Численность населения, млн человек | Состав населения, % // городское | сельское // 1 | Индонезия | 245 | 51 | // 2 | Франция | 60 | 86 | 14 // 3 | Россия | 144 | 80 | 20 // 4 | Япония | 127 | 91 | 9 Расположите страны в порядке увеличения доли сельского населения, начиная с той, у которой данный показатель самый низк",Нет,Нет
vpr_sd_945861,geography,6,"С помощью таблицы выполните задания. Численность и состав населения № | Субъект Российской Федерации | Численность населения, млн человек | Состав населения, % // городское | сельское // 1 | Республика Татарстан | 3,89 | 77 | 23 // 2 | Московская область | 5,11 | 82 | 18 // 3 | Республика Дагестан | 2,09 | 45 | 55 // 4 | Ленинградская область | 1,23 | 64 | 36 Расположите субъекты РФ в порядке умен",Нет,Нет
vpr_sd_946013,geography,6,"С помощью таблицы выполните задания. Численность и состав населения № | Страна | Численность населения, млн человек | Состав населения, % // городское | сельское // 1 | Индонезия | 245 | 51 | 49 // 2 | Германия | 82 | 80 | 20 // 3 | Индия | 1095 | 31 | 69 // 4 | Россия | 144 | 80 | 20 Расположите перечисленные страны в порядке увеличения доли городского населения, начиная с той, у которой данный п",Нет,Нет
vpr_sd_945881,geography,6,"С помощью таблицы выполните задания. Численность и состав населения № | Страна | Численность населения, млн человек | Состав населения, % // городское | сельское // 1 | Россия | 143 | 73 | 37 // 2 | Бразилия | 207 | 80 | 20 // 3 | Австралия | 25 | 88 | 12 // 4 | Мексика | 78 | 73 | 37 Расположите страны в порядке уменьшения доли сельского населения, начиная с той страны, у которой показатели сельс",Нет,Нет
vpr_sd_945741,geography,6,"С помощью таблицы выполните задания. Численность и состав населения № | Страна | Численность населения, млн человек | Состав населения, % // городское | сельское // 1 | Индонезия | 245 | 51 | 49 // 2 | Франция | 82 | 80 | 20 // 3 | Россия | 144 | 80 | 20 // 4 | Япония | 127 | 91 | 9 Расположите страны в порядке увеличения численности населения, начиная с той, у которой данный показатель самый низк",Нет,Нет
vpr_sd_945912,geography,6,"Разница во времени между Санкт-Петербургом и Якутском составляет +6 часов , так как Якутск расположен восточнее Санкт-Петербурга, и день там наступает раньше. На рисунках представлены показания часов в Санкт-Петербурге и Якутске в тот момент, когда в Санкт-Петербурге 5 часов вечера . Запишите под каждым рисунком, как отображается то же самое время на электронных часах в этих городах.",Нет,Да
vpr_sd_946166,geography,6,"Установите соответствие между названиями природных зон и географическими особенностями, которые характерны для каждой из них. Для этого к каждой позиции первого столбца подберите соответствующую позицию из второго столбца. ГЕОГРАФИЧЕСКИЕ ОСОБЕННОСТИ | ПРИРОДНЫЕ ЗОНЫ // А) зима холодная и влажная, лето тёплое и дождливое; | 1) степь // Б) преобладают хвойные растения; | 2) тайга // В) небольшое год",Нет,Нет
vpr_sd_946167,geography,6,"Определите, в какой из ранее описанных природных зон ( степь, тайга ) могли быть сделаны фотографии. Подпишите названия каждой природной зоны. A — Б —",Нет,Да
vpr_sd_946048,geography,6,Какие крупные природные комплексы есть на территории Вашего региона? Составьте краткое географическое описание одного из них.,Нет,Нет
vpr_sd_945374,geography,6,"Разница во времени между городами Тверью и Норильском составляет +4 часа. На рисунках представлены показания часов в этих городах в тот момент, когда в Твери 10 часов утра. Запишите под каждым рисунком, как отображается то же самое время на электронных часах в этих городах. Занесите ответы в поля для ввода, отделяя часы от минут двоеточием. Пример: 8:00. Тверь Норильск",Нет,Да
vpr_sd_945225,geography,6,"Установите соответствие между географическими особенностями и природными зонами, для которых они характерны: для этого к каждой позиции первого столбца подберите соответствующую позицию из второго столбца. ГЕОГРАФИЧЕСКИЕ ОСОБЕННОСТИ | ПРИРОДНЫЕ ЗОНЫ // А) преобладание деревьев с крупными вечнозелёными листьями Б) местообитание зебр, жирафов, антилоп В) тёплая сухая зима и жаркое влажное лето Г) мн",Нет,Нет
vpr_sd_945226,geography,6,"Определите, в какой из указанных природных зон ( влажные экваториальные леса, саванны и редколесья ) могла быть сделана каждая фотография. Подпишите названия природных зон. A — Б —",Нет,Да
vpr_sd_945754,geography,6,"Установите соответствие между названиями природных зон и географическими особенностями, которые характерны для каждой из них. Для этого к каждой позиции первого столбца подберите соответствующую позицию из второго столбца. ГЕОГРАФИЧЕСКИЕ ОСОБЕННОСТИ | ПРИРОДНЫЕ ЗОНЫ // А) расположена в умеренном климатическом поясе; | 1) степь // Б) преобладает высокая трава и крупные одинокие деревья; | 2) саванн",Нет,Нет
vpr_sd_945345,geography,6,"Установите соответствие между географическими особенностями и природными зонами, для которых они характерны: для этого к каждой позиции первого столбца подберите соответствующую позицию из второго столбца. ГЕОГРАФИЧЕСКИЕ ОСОБЕННОСТИ | ПРИРОДНЫЕ ЗОНЫ // А) занимают территории вдоль экватора Б) занимают обширные равнины Африки В) преимущественно травянистая растительность Г) жаркий и постоянно влажн",Нет,Нет
vpr_sd_945944,geography,6,"Разница во времени между Костромой и Анадырем составляет + 9 часов. На рисунке изображены показания часов в Костроме и Анадыре в тот момент, когда в Костроме 11 часов утра. Запишите под каждым рисунком, как отображается то же самое время на электронных часах в этих городах. Занесите ответы в поля для ввода, отделяя часы от минут двоеточием. Пример: 8:00. Кострома Анадырь",Нет,Да
vpr_sd_946146,geography,6,"Установите соответствие между названиями природных зон и географическими особенностями, которые характерны для каждой из них. Для этого к каждой позиции первого столбца подберите соответствующую позицию из второго столбца. ГЕОГРАФИЧЕСКИЕ ОСОБЕННОСТИ | ПРИРОДНЫЕ ЗОНЫ // А) есть как лиственные так и хвойные деревья; | 1) влажный экваториальный лес // Б) хорошо выражены сезоны года (лето, зима, весна",Нет,Нет
vpr_sd_946147,geography,6,"Определите, в какой из ранее описанных природных зон ( влажный экваториальный лес, смешанный лес ) могли быть сделаны фотографии. Подпишите названия каждой природной зоны. A — Б —",Нет,Да
vpr_sd_945920,geography,6,"(1) Географическая оболочка Земли – это основное понятие в географии. (2) Под географической оболочкой понимают целостную и непрерывную оболочку Земли в которой взаимодействуют и взаимно проникают друг в друга все земные оболочки. (3) Точные границы географической оболочки определить сложно. (4) Условно их проводят от верхних слоев литосферы (земная кора) до нижних слоев атмосферы (в стратосфере, ",Нет,Нет
vpr_sd_945752,geography,6,"Разница во времени между Смоленском и Хабаровском составляет + 7 часов. На рисунке изображены показания часов в Смоленске и Хабаровске в тот момент, когда в Смоленске 7 часов утра. Запишите под каждым рисунком, как отображается то же самое время на электронных часах в этих городах. Занесите ответы в поля для ввода, отделяя часы от минут двоеточием. Пример: 8:00. Смоленск Хабаровск",Нет,Нет
vpr_sd_945346,geography,6,"Определите, в какой из указанных природных зон ( саванны и редколесья, влажные экваториальные леса ) могла быть сделана каждая фотография. Подпишите названия природных зон. A — Б —",Нет,Да
vpr_sd_945210,geography,6,"Разница во времени между городами Саратовом и Красноярском составляет +4 часа. На рисунках представлены показания часов в этих городах в тот момент, когда в Саратове 3 часа дня. Запишите под каждым рисунком, как отображается то же самое время на электронных часах в этих городах. Занесите ответы в поля для ввода, отделяя часы от минут двоеточием. Пример: 8:00. Саратов Красноярск",Нет,Да
vpr_sd_946052,geography,6,"На каком рисунке знаками отображена погода в тот день, когда температура воздуха была самая высокая? Укажите букву, которой обозначен этот рисунок. Составьте описание погоды в этот день.",Нет,Да
vpr_sd_945888,geography,6,"(1) Атмосфера — воздушная оболочка Земли. (2) Она состоит из смеси газов: азота, кислорода, углекислого и других газов. (3) Плотность атмосферного воздуха уменьшается с подъемом вверх. (4) Нижний слой атмосферы, расположен у земной поверхности — тропосфера. (5) Воздух здесь более плотный. (6) Над тропосферой расположена стратосфера и верхние слои атмосферы. (7) Толщина около 1000 км. По каким пред",Нет,Нет
vpr_sd_945187,geography,6,На метеорологической станции города N в течение года наблюдали за количеством осадков. По результатам наблюдений метеорологи построили диаграмму выпадения осадков по месяцам. Рассмотрите диаграмму выпадения осадков и ответьте на вопросы. В каком месяце выпало больше всего осадков? На какой период (с какого месяца по какой) приходилось наименьшее количество осадков?,Нет,Да
vpr_sd_945868,geography,6,"(1) Литосфера — твердая каменная оболочка Земли. (2) Она состоит из земной коры и верхней части мантии (до астеносферы). (3) Литосфера разбита на крупные блоки – литосферные плиты. (4) Плиты движутся относительно пластичной астеносферы. (5) Толщина литосферы меняется от 5 до 80 и более км. (6) Земная кора делится на два типа. (7) Материковая земная кора более мощная и твердая, чем океаническая. (8",Нет,Нет
vpr_sd_946044,geography,6,"Разница во времени между Брянском и Владивостоком составляет + 8 часов. На рисунке изображены показания часов в Брянске и Владивостоке в тот момент, когда в Брянске 10 часов утра. Запишите под каждым рисунком, как отображается то же самое время на электронных часах в этих городах. Занесите ответы в поля для ввода, отделяя часы от минут двоеточием. Пример: 8:00. Брянск Владивосток",Нет,Нет
vpr_sd_945926,geography,6,"Установите соответствие между названиями природных зон и географическими особенностями, которые характерны для каждой из них. Для этого к каждой позиции первого столбца подберите соответствующую позицию из второго столбца. ГЕОГРАФИЧЕСКИЕ ОСОБЕННОСТИ | ПРИРОДНЫЕ ЗОНЫ // А) растения располагаются в несколько ярусов; | 1) влажный экваториальный лес; // Б) есть как лиственные так и хвойные деревья; | ",Нет,Нет
vpr_sd_945927,geography,6,"Определите, в какой из ранее описанных природных зон ( смешанный лес, влажный экваториальный лес ) могли быть сделаны фотографии. Подпишите названия каждой природной зоны. A — Б —",Нет,Да
vpr_sd_945924,geography,6,"Разница во времени между Калининградом и Анадырем составляет + 10 часов. На рисунке изображены показания часов в Калининграде и Анадыре в тот момент, когда в Калининграде 11 часов утра. Запишите под каждым рисунком, как отображается то же самое время на электронных часах в этих городах. Занесите ответы в поля для ввода, отделяя часы от минут двоеточием. Пример: 8:00. Калининград Анадырь",Нет,Да
vpr_sd_945205,geography,6,"Установите соответствие между географическими особенностями и природными зонами, для которых они характерны: для этого к каждой позиции первого столбца подберите соответствующую позицию из второго столбца. ГЕОГРАФИЧЕСКИЕ ОСОБЕННОСТИ | ПРИРОДНЫЕ ЗОНЫ // А) произрастание дуба, бука, клёна, каштана Б) местообитание горилл, шимпанзе, ленивцев, леопардов, ягуаров В) занимают территории с достаточным ув",Нет,Нет
vpr_sd_945206,geography,6,"Определите, в какой из указанных природных зон ( влажные экваториальные леса, широколиственные леса ) могла быть сделана каждая фотография. Подпишите названия природных зон. A — Б —",Нет,Да
vpr_sd_945775,geography,6,"Определите, в какой из ранее описанных природных зон ( тайга, саванна ) могли быть сделаны фотографии. Подпишите названия каждой природной зоны. A — Б —",Нет,Да
vpr_sd_945585,geography,7,Карта составлена по состоянию на 01.01.2019,Нет,Да
vpr_sd_945333,geography,7,"На уроке географии Максим построил профиль рельефа Евразии, представленный на рисунке. Используя рисунок и карту мира, выполните задания. Карта составлена по состоянию на 01.01.2019",Нет,Да
vpr_sd_945428,geography,7,Рассмотрите схему природного процесса и выполните задания.,Нет,Да
vpr_sd_945691,geography,7,"Установите соответствие между географическими особенностями и материками, для которых они характерны: для этого к каждой позиции первого столбца подберите соответствующую позицию из второго столбца. ГЕОГРАФИЧЕСКИЕ ОСОБЕННОСТИ | МАТЕРИКИ // А) Этот материк омывается двумя океанами. Б) Большую часть территории материка занимают полупустыни и пустыни. В) Вдоль материка проходит самый крупный разлом з",Нет,Нет
vpr_sd_945684,geography,7,"В приведённом ниже списке перечислены крупные географические объекты. Выберите из представленного ниже списка названия географических объектов, расположенных на территории одного из этих материков, и заполните схему. Впишите в схему название материка, типы и названия выбранных Вами географических объектов. Конго, Хуанхэ, Эйр (Эйр-Норт), Виктория, Амур, Муррей, Анды, Алтай, Байкал, Замбези, Дарлинг",Нет,Да
vpr_sd_945473,geography,7,"Лукас и Хамади познакомились на олимпиаде по астрономии. Лукас живёт в столице Австралии, а Хамади — в столице Египта. Подростки общаются через Интернет, и при общении им приходится учитывать разницу во времени между их городами. Карта составлена по состоянию на 01.01.2019",Нет,Да
vpr_sd_945474,geography,7,"Лукас и Хамади познакомились на олимпиаде по астрономии. Лукас живёт в столице Австралии, а Хамади — в столице Египта. Подростки общаются через Интернет, и при общении им приходится учитывать разницу во времени между их городами.",Нет,Да
vpr_sd_945340,geography,7,"Используя представленную ниже таблицу и политическую карту мира выполните задания. Численность и состав населения, 2017 г. № | Страна | Численность населения, млн человек | Доля занятого населения, % // в сельском хозяйстве | в промышленности | в сфере услуг // 1 | Япония | 65,0 | 3 | 26 | 71 // 2 | Гондурас | 3,7 | 39 | 21 | 40 // 3 | Тунис | 4,0 | 15 | 33 | 52 // 4 | Болгария | 3,3 | 7 | 26 | 67",Нет,Да
vpr_sd_945778,geography,7,"Представьте, что Вам было поручено взять интервью у зарубежного сверстника, чтобы он познакомил Вас со своей страной. Для иллюстрации этого интервью Вы попросили его прислать несколько фотографий, сделанных стране, в которой он живёт. Рассмотрите фотографии и ответьте на вопросы. В какой стране живёт Ваш сверстник? Как называется столица этой страны?",Нет,Да
vpr_sd_945911,geography,7,"Рассмотрите представленные ниже рисунки. Выберите рисунок с контуром страны, в которой живёт Ваш сверстник. Запишите в ответе букву, которой обозначен этот рисунок.",Нет,Да
vpr_sd_945892,geography,7,"Предположите, какие ответы на вопросы о своей стране даст Ваш сверстник в ходе интервью. Запишите их в таблицу. Вопрос | Ответ // 1. В какой части света находится твоя страна? | // 2. Какое(-ие) море(-я) омывает(-ют) берега твоей страны? | // 3. Какие горы есть в твоей стране? | // 4. Какие крупные города, кроме столицы, есть в твоей стране? | // 5. В какой сфере хозяйства занято большинство жител",Нет,Да
vpr_sd_945261,geography,7,"На уроке географии Яна построила профиль рельефа Африки, представленный на рисунке. Используя рисунок и карту мира, выполните задания. Карта составлена по состоянию на 01.01.2019",Нет,Да
vpr_sd_946059,geography,7,"Установите соответствие между географическими особенностями и материками, для которых они характерны: для этого к каждой позиции первого столбца подберите соответствующую позицию из второго столбца. ГЕОГРАФИЧЕСКИЕ ОСОБЕННОСТИ | МАТЕРИКИ // А) Это самый маленький материк Земли. Б) На территории материка расположена только одна страна. В) На западе материка расположены высокие молодые горы. Г) На ма",Нет,Нет
vpr_sd_946126,geography,7,"Джованни и Оливер познакомились на чемпионате мира по футболу. Джованни живёт в столице Италии, а Оливер — в столице Канады. Подростки общаются через Интернет, и при общении им приходится учитывать разницу во времени между их городами.",Нет,Да
vpr_sd_945268,geography,7,"Используя представленную ниже таблицу и политическую карту мира выполните задания. Численность и состав населения, 2017 г. № | Страна | Численность населения, млн человек | Возрастной состав, % // доля населения в возрасте до 15 лет | доля населения в возрасте от 15 до 65 лет | доля населения в возрасте старше 65 лет // 1 | Грузия | 5 | 18 | 66 | 16 // 2 | Кения | 48 | 39 | 58 | 3 // 3 | Мексика |",Нет,Да
vpr_sd_946027,geography,7,"Рассмотрите представленные ниже рисунки. Выберите рисунок с контуром страны, в которой живёт Ваш сверстник. Запишите в ответе букву, которой обозначен этот рисунок. | | // А | Б | В",Нет,Да
vpr_sd_945787,geography,7,"Установите соответствие между географическими особенностями и материками, для которых они характерны: для этого к каждой позиции первого столбца подберите соответствующую позицию из второго столбца. ГЕОГРАФИЧЕСКИЕ ОСОБЕННОСТИ | МАТЕРИКИ // А) К востоку от материка расположено самое большое в мире скопление кораллов. Б) Большую площадь материка занимает природная зона пустынь. В) Большую часть терр",Нет,Нет
vpr_sd_944940,geography,7,Карта составлена по состоянию на 01.01.2020,Нет,Да
vpr_sd_945172,geography,7,"Используя представленную ниже таблицу и политическую карту мира выполните задания. Численность и состав населения, 2017 г. № | Страна | Численность занятого населения, млн человек | Доля занятого населения, % // в сельском хозяйстве | в промышленности | в сфере услуг // 1 | Аргентина | 18,0 | 5 | 29 | 66 // 2 | Греция | 4,8 | 13 | 15 | 72 // 3 | Индия | 522,0 | 47 | 22 | 31 // 4 | Кения | 20,0 | 6",Нет,Да
vpr_sd_945246,geography,7,"Представьте, что Вам было поручено взять интервью у зарубежного сверстника, чтобы он познакомил Вас со своей страной. Для иллюстрации этого интервью Вы попросили его прислать несколько фотографий, сделанных в стране, в которой он живёт. Рассмотрите фотографии и ответьте на вопросы. В какой стране живёт Ваш сверстник? Как называется столица этой страны?",Нет,Да
vpr_sd_945240,geography,7,"Предположите, какие ответы на вопросы о своей стране даст Ваш сверстник в ходе интервью. Запишите их в таблицу. Вопрос | Ответ // 1. В какой части света находится твоя страна? | // 2. Какие моря омывают берега твоей страны? | // 3. Какие реки протекают в твоей стране? | // 4. Какие горы есть в твоей стране? | // 5. Какие крупные города, кроме столицы, есть в твоей стране? | // 6. Какие виды промыш",Нет,Да
vpr_sd_945509,geography,7,"На уроке географии Ольга построила профиль рельефа Евразии, представленный на рисунке. Используя рисунок и карту мира, выполните задания. Карта составлена по состоянию на 01.01.2019",Нет,Да
vpr_sd_944895,geography,7,"Установите соответствие между географическими особенностями и материками, для которых они характерны: для этого к каждой позиции первого столбца подберите соответствующую позицию из второго столбца. ГЕОГРАФИЧЕСКИЕ ОСОБЕННОСТИ | МАТЕРИКИ // А) Материк имеет разветвлённую речную сеть, относящуюся к бассейнам четырёх океанов. Б) Восточная часть материка — это современная рифтовая зона с глыбовыми гор",Нет,Нет
vpr_sd_944888,geography,7,"В приведённом ниже списке перечислены крупные географические объекты. Выберите из представленного ниже списка названия географических объектов, расположенных на территории одного из материков: Африка, Евразия, и заполните схему. Впишите в схему название материка, типы и названия выбранных Вами географических объектов. Гималаи, Замбези, Ливия, Ниагара, Купер-Крик, Драконовы, Амур, Анды, Кавказ, Бай",Нет,Да
vpr_sd_945933,geography,7,"Ливей и Мишель познакомились на Международной олимпиаде по географии. Ливей живёт в столице Китая, а Мишель — в столице Франции. Подростки общаются через Интернет, и при общении им приходится учитывать разницу во времени между их городами. Карта составлена по состоянию на 01.01.2019",Нет,Да
vpr_sd_945934,geography,7,"Ливей и Мишель познакомились на Международной олимпиаде по географии. Ливей живёт в столице Китая, а Мишель — в столице Франции. Подростки общаются через Интернет, и при общении им приходится учитывать разницу во времени между их городами.",Нет,Да
vpr_sd_945656,geography,7,"Предположите, какие ответы на вопросы о своей стране даст Ваш сверстник в ходе интервью. Запишите их в таблицу. Вопрос | Ответ // 1. В какой части света находится твоя страна? | // 2. Какой океан омывает берега твоей страны? | // 3. Какие реки протекают в твоей стране? | // 4. Какие крупные города, кроме столицы, есть в твоей стране? | // 5. Какой официальный язык в твоей стране? | // 6. Какие сел",Нет,Да
vpr_sd_944939,geography,7,"Предположите, какие ответы на вопросы о своей стране даст Ваш сверстник в ходе интервью. Запишите их в таблицу. Вопрос | Ответ // 1. В какой части света находится твоя страна? | // 2. Воды какого(-их) океана(-ов) омывают берега твоей страны? | // 3. Какие горы есть в твоей стране? | // 4. Какие крупные города, кроме столицы, есть в твоей стране? | // 5. С какими государствамигигантами по площади г",Нет,Да
vpr_sd_945536,geography,7,"Предположите, какие ответы на вопросы о своей стране даст Ваш сверстник в ходе интервью. Запишите их в таблицу. Вопрос | Ответ // 1. В какой части света находится твоя страна? | // 2. Какие океаны омывают берега твоей страны? | // 3. На каком полуострове расположена твоя страна? | // 4. Какие горы есть в твоей стране? | // 5. Какие виды спорта популярны среди жителей твоей страны? | // 6. Какие по",Нет,Да
vpr_sd_945264,geography,7,"Предположите, какие ответы на вопросы о своей стране даст Ваш сверстник в ходе интервью. Запишите их в таблицу. Вопрос | Ответ // 1. В какой части света находится твоя страна? | // 2. Какие моря омывают берега твоей страны? | // 3. Какая река протекает в твоей стране? | // 4. Какие крупные города, кроме столицы, есть в твоей стране? | // 5. В какой сфере хозяйства занято большинство жителей твоей ",Нет,Да
vpr_sd_945605,geography,7,"На уроке географии Никита построил профиль рельефа Южной Америки, представленный на рисунке. Используя рисунок и карту мира, выполните задания. Карта составлена по состоянию на 01.01.2019",Нет,Да
vpr_sd_945942,geography,7,Какой природной зоне мира соответствуют приведённые ниже характеристики? Укажите в ответе название этой природной зоны. 1) Имеет широкое распространение в Северном полушарии. 2) Характерна в том числе для районов распространения многолетней мерзлоты. 3) Преобладает хвойная растительность. 4) Наличие продолжительного периода с отрицательными температурами. 5) Незначительный листовой опад. Выберите ,Нет,Да
vpr_sd_945943,geography,7,"По выбранной Вами в задании 3.2. климатограмме определите климатические показатели для указанной природной зоны и заполните таблицу. Средняя температура воздуха, °С | Годовая амплитуда температур, °С | Среднегодовое количество осадков, мм | Месяц, на который приходится наибольшее количество осадков // в январе | в июле // | | | | Для выполнения задание приводим текст задания 3.2: Какой природной з",Нет,Да
vpr_sd_945883,geography,7,"Установите соответствие между географическими особенностями и материками, для которых они характерны: для этого к каждой позиции первого столбца подберите соответствующую позицию из второго столбца. ГЕОГРАФИЧЕСКИЕ ОСОБЕННОСТИ | МАТЕРИКИ // А) Наибольшую площадь материка занимает природная зона пустынь. Б) На севере расположена крупнейшая низменная равнина мира. В) На территории материка расположен",Нет,Нет
vpr_sd_945497,geography,7,"Пабло и Мика познакомились на соревнованиях автогонщиков. Пабло живёт в столице Бразилии, а Мика — в столице Финляндии. Подростки общаются через Интернет, и при общении им приходится учитывать разницу во времени между их городами. Карта составлена по состоянию на 01.01.2019",Нет,Да
vpr_sd_945498,geography,7,"Пабло и Мика познакомились на соревнованиях автогонщиков. Пабло живёт в столице Бразилии, а Мика — в столице Финляндии. Подростки общаются через Интернет, и при общении им приходится учитывать разницу во времени между их городами.",Нет,Да
vpr_sd_945492,geography,7,"Используя представленную ниже таблицу и политическую карту мира выполните задания. Численность и состав населения, 2017 г. № | Страна | Численность занятого населения, млн человек | Доля занятого населения, % // в сельском хозяйстве | в промышленности | в сфере услуг // 1 | Испания | 22,8 | 4 | 24 | 72 // 2 | Малайзия | 14,9 | 11 | 36 | 53 // 3 | Румыния | 8,9 | 28 | 29 | 43 // 4 | Мавритания | 1,",Нет,Да
vpr_sd_944937,geography,7,"Представьте, что Вы познакомились со своим сверстником, который живёт за границей, и он прислал Вам фотографии, сделанные в его стране. Рассмотрите фотографии и ответьте на вопросы.",Нет,Да
vpr_sd_945237,geography,7,"На уроке географии Глеб построил профиль рельефа Евразии, представленный на рисунке. Используя рисунок и карту мира, выполните задания. Карта составлена по состоянию на 01.01.2019",Нет,Да
vpr_sd_946107,geography,7,"Установите соответствие между географическими особенностями и материками, для которых они характерны: для этого к каждой позиции первого столбца подберите соответствующую позицию из второго столбца. ГЕОГРАФИЧЕСКИЕ ОСОБЕННОСТИ | МАТЕРИКИ // А) Этот материк занимает 3-е место по площади территории. Б) Большую часть территории материка занимают две страны. В) Материк омывается водами всех океанов Зем",Нет,Нет
vpr_sd_945758,geography,7,"Луис и Диего познакомились на чемпионате мира по футболу. Луис живёт в столице Испании, а Диего — в столице Мексики. Подростки общаются через Интернет, и при общении им приходится учитывать разницу во времени между их городами.",Нет,Да
vpr_sd_945255,geography,7,"Установите соответствие между географическими особенностями и материками, для которых они характерны: для этого к каждой позиции первого столбца подберите соответствующую позицию из второго столбца. ГЕОГРАФИЧЕСКИЕ ОСОБЕННОСТИ | МАТЕРИКИ // А) Вдоль северо-восточного побережья материка протягивается подводная гряда, созданная живыми организмами. Б) Горы материка — один из самых сейсмически активных",Нет,Нет
vpr_sd_945248,geography,7,"В приведённом ниже списке перечислены крупные географические объекты. Выберите из представленного ниже списка названия географических объектов, расположенных на территории одного из материков: Австралия, Южная Америка, и заполните схему. Впишите в схему название материка, типы и названия выбранных Вами географических объектов. Маракайбо, Купер-Крик, Гималаи, Аппалачи, Эйр-Норт, Охотское, Большой А",Нет,Нет
vpr_sd_945917,geography,7,Карта составлена по состоянию на 01.01.2021,Нет,Да
vpr_sd_945653,geography,7,"На уроке географии Алексей построил профиль рельефа Австралии, представленный на рисунке. Используя рисунок и карту мира, выполните задания. Карта составлена по состоянию на 01.01.2019",Нет,Да
vpr_sd_945375,geography,7,"Установите соответствие между географическими особенностями и материками, для которых они характерны: для этого к каждой позиции первого столбца подберите соответствующую позицию из второго столбца. ГЕОГРАФИЧЕСКИЕ ОСОБЕННОСТИ | МАТЕРИКИ // А) Материк расположен в двух частях света, которые сильно отличаются друг от друга по природным условиям, а также по культуре и традициям народов. Б) Материк пе",Нет,Нет
vpr_sd_945368,geography,7,"В приведённом ниже списке перечислены крупные географические объекты. Выберите из представленного ниже списка названия географических объектов, расположенных на территории одного из материков: Евразия, Австралия, и заполните схему. Впишите в схему название материка, типы и названия выбранных Вами географических объектов. Каир, Купер-Крик, Амур, Арафурское, Оттава, Средиземное, Эребус, Красное, Кан",Нет,Да
vpr_sd_945617,geography,7,"Нильс и Рашит познакомились в чате, посвящённом современной музыке. Нильс живёт в столице Швеции, а Рашит — в столице Казахстана. Подростки общаются через Интернет, и при общении им приходится учитывать разницу во времени между их городами. Карта составлена по состоянию на 01.01.2019",Нет,Да
vpr_sd_945618,geography,7,"Нильс и Рашит познакомились в чате, посвящённом современной музыке. Нильс живёт в столице Швеции, а Рашит — в столице Казахстана. Подростки общаются через Интернет, и при общении им приходится учитывать разницу во времени между их городами.",Нет,Да
vpr_sd_945540,geography,7,"Используя представленную ниже таблицу и политическую карту мира выполните задания. Численность и состав населения, 2017 г. № | Страна | Численность занятого населения, млн человек | Доля занятого населения, % // в сельском хозяйстве | в промышленности | в сфере услуг // 1 | Швеция | 5,3 | 2 | 12 | 86 // 2 | Мексика | 54,5 | 14 | 24 | 62 // 3 | Гватемала | 6,6 | 31 | 13 | 56 // 4 | Соломоновы Остро",Нет,Да
vpr_sd_945581,geography,7,"На уроке географии Фёдор построил профиль рельефа Африки, представленный на рисунке. Используя рисунок и карту мира, выполните задания. Карта составлена по состоянию на 01.01.2019",Нет,Да
vpr_sd_944975,geography,7,Какой природный процесс отображён на схеме?,Нет,Да
vpr_sd_944968,geography,7,Установите последовательность этапов отображённого на схеме процесса. Запишите в ответе порядковые номера этапов. ЭТАПЫ: 1) Выпадают осадки. 2) В водоносном горизонте скапливается вода. 3) Увеличивается масса водоносного горизонта. 4) Вода просачивается до водоупорного горизонта. 5) Водоносный горизонт движется по склону под действием силы тяжести.,Нет,Да
vpr_sd_944969,geography,7,"Каковы последствия процесса, изображённого на схеме?",Нет,Да
vpr_sd_946131,geography,7,"Установите соответствие между географическими особенностями и материками, для которых они характерны: для этого к каждой позиции первого столбца подберите соответствующую позицию из второго столбца. ГЕОГРАФИЧЕСКИЕ ОСОБЕННОСТИ | МАТЕРИКИ // А) Этот материк омывается водами всех океанов. Б) Большую часть территории материка занимают две страны. В) На территории материка часто возникают сильные урага",Нет,Нет
vpr_sd_945397,geography,7,"Анджей и Кайрат познакомились на Международной олимпиаде по географии. Анджей живёт в столице Польши, а Кайрат — в столице Казахстана. Подростки общаются через Интернет, и при общении им приходится учитывать разницу во времени между их городами. Карта составлена по состоянию на 01.01.2019",Нет,Да
vpr_sd_945398,geography,7,"Анджей и Кайрат познакомились на Международной олимпиаде по географии. Анджей живёт в столице Польши, а Кайрат — в столице Казахстана. Подростки общаются через Интернет, и при общении им приходится учитывать разницу во времени между их городами.",Нет,Да
vpr_sd_945440,geography,7,"Предположите, какие ответы на вопросы о своей стране даст Ваш сверстник в ходе интервью. Запишите их в таблицу. Вопрос | Ответ // 1. В какой части света находится твоя страна? | // 2. Какие океаны омывают берега твоей страны? | // 3. Какие горы есть в твоей стране? | // 4. Какие крупные города, кроме столицы, есть в твоей стране? | // 5. На каком языке говорят в твоей стране? | // 6. Какие полезны",Нет,Да
vpr_sd_945392,geography,7,"Используя представленную ниже таблицу и политическую карту мира выполните задания. Численность и состав населения, 2018 г. № | Страна | Численность населения, млн человек | Состав населения, % // Доля населения в возрасте до 15 лет | Доля населения в возрасте от 15 до 65 лет | Доля населения в возрасте старше 65 лет // 1 | Бразилия | 213 | 29 | 66 | 5 // 2 | Эфиопия | 111 | 47 | 50 | 3 // 3 | Поль",Нет,Да
vpr_sd_945431,geography,7,"Установите соответствие между географическими особенностями и материками, для которых они характерны: для этого к каждой позиции первого столбца подберите соответствующую позицию из второго столбца. ГЕОГРАФИЧЕСКИЕ ОСОБЕННОСТИ | МАТЕРИКИ // А) Территорию материка занимает только одна страна. Б) На материке расположена самая крупная в мире система озёр, соединённых между собой реками и проливами. В)",Нет,Нет
vpr_sd_945424,geography,7,"В приведённом ниже списке перечислены крупные географические объекты. Выберите из представленного ниже списка названия географических объектов, расположенных на территории одного из материков: Северная Америка, Австралия, и заполните схему. Впишите в схему название материка, типы и названия выбранных Вами географических объектов. Гималаи, Лимпопо, Калахари, Ниагара, Мичиган, Атлас, Амур, Альпы, Ма",Нет,Да
vpr_sd_946030,geography,7,"Курт и Джеймс познакомились на чемпионате мира по футболу. Курт живёт в столице Германии, а Джеймс — в столице Австралийского Союза. Подростки общаются через Интернет, и при общении им приходится учитывать разницу во времени между их городами.",Нет,Да
vpr_sd_945912,geography,7,"Рассмотрите карту мира и рисунки с изображением климатограмм, построенных по данным метеонаблюдений в разных частях Земли, и выполните задания. На карте мира территории, для которых построены изображённые на рисунках климатограммы, показаны квадратами с соответствующими номерами климатограмм. Определите, какому климатическому поясу соответствует каждая климатограмма. Подпишите название климатическ",Нет,Да
vpr_sd_945630,geography,7,"На уроке географии Лариса построила профиль рельефа Евразии, представленный на рисунке. Используя рисунок и карту мира, выполните задания. Карта составлена по состоянию на 01.01.2019",Нет,Да
vpr_sd_945923,geography,7,"На уроке географии Владимир построил профиль рельефа Африки, представленный на рисунке. Используя рисунок и карту мира, выполните задания. Карта составлена по состоянию на 01.01.2019",Нет,Да
vpr_sd_946090,geography,7,"На уроке географии Дмитрий построил профиль рельефа Северной Америки, представленный на рисунке. Используя рисунок и карту мира выполните задания. Карта составлена по состоянию на 01.01.2019",Нет,Да
vpr_sd_945358,geography,7,"На уроке географии Ксения построила профиль рельефа Северной Америки, представленный на рисунке. Используя рисунок и карту мира, выполните задания. Карта составлена по состоянию на 01.01.2019",Нет,Да
vpr_sd_945190,geography,7,"На уроке географии Михаил построил профиль рельефа Южной Америки, представленный на рисунке. Используя рисунок и карту мира, выполните задания. Карта составлена по состоянию на 01.01.2019",Нет,Да
vpr_sd_945166,geography,7,"На уроке географии Алёна построила профиль рельефа Северной Америки, представленный на рисунке. Используя рисунок и карту мира, выполните задания. Карта составлена по состоянию на 01.01.2019",Нет,Да
vpr_sd_945414,geography,7,"На уроке географии Игорь построил профиль рельефа Южной Америки, представленный на рисунке. Используя рисунок и карту мира, выполните задания. Карта составлена по состоянию на 01.01.2019",Нет,Да
vpr_sd_945524,geography,7,Рассмотрите схему природного процесса и выполните задания. День Ночь,Нет,Нет
vpr_sd_945183,geography,7,"Установите соответствие между географическими особенностями и материками, для которых они характерны: для этого к каждой позиции первого столбца подберите соответствующую позицию из второго столбца. ГЕОГРАФИЧЕСКИЕ ОСОБЕННОСТИ | МАТЕРИКИ // А) Восточная часть материка — это современная рифтовая зона с глыбовыми горами и глубочайшими впадинами, многие из которых заняты озёрами. Б) Территорию материк",Нет,Нет
vpr_sd_945176,geography,7,"В приведённом ниже списке перечислены крупные географические объекты. Выберите из представленного ниже списка названия географических объектов, расположенных на территории одного из материков: Африка, Северная Америка, и заполните схему. Впишите в схему название материка, типы и названия выбранных Вами географических объектов. Гималаи, Лимпопо, Калахари, Ниагара, Мичиган, Атлас, Амур, Альпы, Марак",Нет,Да
vpr_sd_944906,geography,7,"Хуан и Демаш познакомились на чемпионате мира по футболу. Хуан живёт в столице Испании, а Демаш — в столице Казахстана. Подростки общаются через Интернет, и при общении им приходится учитывать разницу во времени между их городами.",Нет,Да
vpr_sd_945753,geography,7,"Используя представленную ниже таблицу и политическую карту мира выполните задания. Численность и состав населения, 2017 г. № | Страна | Численность населения, млн человек | Состав населения, % // Доля населения в возрасте до 15 лет | Доля населения в возрасте от 15 до 65 лет | Доля населения в возрасте старше 65 лет // 1 | Мавритания | 4 | 46 | 52 | 2 // 2 | США | 325 | 19 | 66 | 15 // 3 | Мексика",Нет,Да
vpr_sd_944963,geography,7,"Предположите, какие ответы на вопросы о своей стране даст Ваш сверстник в ходе интервью. Запишите их в таблицу. Вопрос | Ответ // 1. В какой части света находится твоя страна? | // 2. С какой страной граничит твоя страна по суше? | // 3. Какой океан омывает твою страну? | // 4. Какие крупные города, кроме столицы, есть в твоей стране? | // 5. Какие (-ая) крупные (-ая) реки (-а) протекают (-ет) по ",Нет,Да
vpr_sd_945321,geography,7,"Карлос и Глеб познакомились на отдыхе. Карлос живёт в столице Мексики, а Глеб — в столице Белоруссии. Подростки общаются через Интернет, и при общении им приходится учитывать разницу во времени между их городами. Карта составлена по состоянию на 01.01.2019",Нет,Да
vpr_sd_945322,geography,7,"Карлос и Глеб познакомились на отдыхе. Карлос живёт в столице Мексики, а Глеб — в столице Белоруссии. Подростки общаются через Интернет, и при общении им приходится учитывать разницу во времени между их городами.",Нет,Да
vpr_sd_945364,geography,7,"Используя представленную ниже таблицу и политическую карту мира выполните задания. Численность и состав населения, 2017 г. № | Страна | Численность населения, млн человек | Возрастной состав, % // Доля населения в возрасте до 15 лет | Доля населения в возрасте от 15 до 65 лет | Доля населения в возрасте старше 65 лет // 1 | Новая Зеландия | 4,5 | 19 | 66 | 15 // 2 | Ангола | 30 | 48 | 50 | 2 // 3 ",Нет,Да
vpr_sd_945584,geography,7,"Предположите, какие ответы на вопросы о своей стране даст Ваш сверстник в ходе интервью. Запишите их в таблицу. Вопрос | Ответ // 1. На каком материке находится твоя страна? | // 2. Какие моря омывают берега твоей страны? | // 3. На каком полуострове расположена бóльшая часть твоей страны? | // 4. Какие крупные города, кроме столицы, есть в твоей стране? | // 5. Какую религию исповедуют в твоей ст",Нет,Да
vpr_sd_945769,geography,7,"На уроке географии Сергей построил профиль рельефа Австралии, представленный на рисунке. Используя рисунок и карту мира выполните задания. Карта составлена по состоянию на 01.01.2019",Нет,Да
vpr_sd_945297,geography,7,"Диего и Ахмет познакомились на чемпионате мира по шахматам среди школьников. Диего живёт в столице Аргентины, а Ахмет — в столице Турции. Подростки общаются через Интернет, и при общении им приходится учитывать разницу во времени между их городами. Карта составлена по состоянию на 01.01.2019",Нет,Да
vpr_sd_945298,geography,7,"Диего и Ахмет познакомились на чемпионате мира по шахматам среди школьников. Диего живёт в столице Аргентины, а Ахмет — в столице Турции. Подростки общаются через Интернет, и при общении им приходится учитывать разницу во времени между их городами.",Нет,Да
vpr_sd_945533,geography,7,"На уроке географии Ксения построила профиль рельефа Южной Америки, представленный на рисунке. Используя рисунок и карту мира, выполните задания. Карта составлена по состоянию на 01.01.2019",Нет,Да
vpr_sd_944907,geography,7,"Определите, рост численности населения какой страны отражает каждый график. Запишите в ответе порядковые номера стран под соответствующими буквами. Ответ: А | Б | В | Г // | | |",Нет,Да
vpr_sd_944944,geography,7,Установите последовательность этапов отображённого на схеме процесса. Запишите в ответе порядковые номера этапов. ЭТАПЫ: 1) Выпадают осадки. 2) В земной коре образуются пустоты. 3) В водоносный горизонт просачивается вода. 4) Вода растворяет горные породы. 5) Вода накапливается в углублениях поверхности.,Нет,Да
vpr_sd_945159,geography,7,"Установите соответствие между географическими особенностями и материками, для которых они характерны: для этого к каждой позиции первого столбца подберите соответствующую позицию из второго столбца. ГЕОГРАФИЧЕСКИЕ ОСОБЕННОСТИ | МАТЕРИКИ // А) На материке расположена самая крупная пустыня мира. Б) Материк омывается водами четырёх океанов и имеет сильно изрезанную береговую линию с большим количеств",Нет,Нет
vpr_sd_945152,geography,7,"В приведённом ниже списке перечислены крупные географические объекты. Выберите из представленного ниже списка названия географических объектов, расположенных на территории одного из материков: Евразия, Африка, и заполните схему. Впишите в схему название материка, типы и названия выбранных Вами географических объектов. Гималаи, Маракайбо, Анды, Дарлинг, Калахари, Замбези, Янцзы, Виктория, Карибское",Нет,Да
vpr_sd_945449,geography,7,"Паула и Селена познакомились на чемпионате мира по плаванию. Паула живёт в столице Аргентины, а Селена — в столице Греции. Подростки общаются через Интернет, и при общении им приходится учитывать разницу во времени между их городами. Карта составлена по состоянию на 01.01.2019",Нет,Да
vpr_sd_945450,geography,7,"Паула и Селена познакомились на чемпионате мира по плаванию. Паула живёт в столице Аргентины, а Селена — в столице Греции. Подростки общаются через Интернет, и при общении им приходится учитывать разницу во времени между их городами.",Нет,Да
vpr_sd_945924,geography,7,"Предположите, какие ответы на вопросы о своей стране даст Ваш сверстник в ходе интервью. Запишите их в таблицу. Вопрос | Ответ // 1. В какой части света находится твоя страна? | // 2. Воды какого океана омывают берега твоей страны? | // 3. Какие крупные реки протекают по территории твоей стране? | // 4. Какие крупные города, кроме столицы, есть в твоей стране? | // 5. С какими государствами гранич",Нет,Да
vpr_sd_945381,geography,7,"На уроке географии Андрей построил профиль рельефа Африки, представленный на рисунке. Используя рисунок и карту мира, выполните задания. Карта составлена по состоянию на 01.01.2019",Нет,Да
vpr_sd_945905,geography,7,"На уроке географии Сергей построил профиль рельефа Южной Америки, представленный на рисунке. Используя рисунок и карту мира выполните задания. Карта составлена по состоянию на 01.01.2019",Нет,Да
vpr_sd_945279,geography,7,"Установите соответствие между географическими особенностями и материками, для которых они характерны: для этого к каждой позиции первого столбца подберите соответствующую позицию из второго столбца. ГЕОГРАФИЧЕСКИЕ ОСОБЕННОСТИ | МАТЕРИКИ // А) На материке расположена самая крупная пустыня мира. Б) Восточная часть материка — это современная рифтовая зона с глыбовыми горами и глубочайшими впадинами, ",Нет,Нет
vpr_sd_945575,geography,7,"Установите соответствие между географическими особенностями и материками, для которых они характерны: для этого к каждой позиции первого столбца подберите соответствующую позицию из второго столбца. ГЕОГРАФИЧЕСКИЕ ОСОБЕННОСТИ | МАТЕРИКИ // А) К северу от материка расположен один из крупнейших в мире архипелагов. Б) В восточной части материка наиболее высока плотность населения и расположены крупны",Нет,Нет
vpr_sd_945568,geography,7,"В приведённом ниже списке перечислены крупные географические объекты. Выберите из представленного ниже списка названия географических объектов, расположенных на территории одного из материков: Северная Америка, Евразия, и заполните схему. Впишите в схему название материка, типы и названия выбранных Вами географических объектов. Гималаи, Анхель, Чад, Верхнее, Кавказ, Колорадо, Онежское, Большой Вод",Нет,Да
vpr_sd_945231,geography,7,"Установите соответствие между географическими особенностями и материками, для которых они характерны: для этого к каждой позиции первого столбца подберите соответствующую позицию из второго столбца. ГЕОГРАФИЧЕСКИЕ ОСОБЕННОСТИ | МАТЕРИКИ // А) Все обитающие на материке животные связаны с океаном, а растительный мир представлен мхами и лишайниками. Б) Горы протягиваются вдоль всего материка с севера",Нет,Нет
vpr_sd_945224,geography,7,"В приведённом ниже списке перечислены крупные географические объекты. Выберите из представленного ниже списка названия географических объектов, расположенных на территории одного из материков: Южная Америка, Антарктида, и заполните схему. Впишите в схему название материка, типы и названия выбранных Вами географических объектов. Амур, Ла-Платская, Уэдделла, Парана, Нил, Кордильеры, Антарктический, ",Нет,Да
vpr_sd_945545,geography,7,"Энрике и Шен познакомились на олимпиаде по химии среди школьников. Энрике живёт в столице Испании, а Шен — в столице Китая. Подростки общаются через Интернет, и при общении им приходится учитывать разницу во времени между их городами. Карта составлена по состоянию на 01.01.2019",Нет,Да
vpr_sd_945546,geography,7,"Энрике и Шен познакомились на олимпиаде по химии среди школьников. Энрике живёт в столице Испании, а Шен — в столице Китая. Подростки общаются через Интернет, и при общении им приходится учитывать разницу во времени между их городами.",Нет,Да
vpr_sd_945588,geography,7,"Используя представленную ниже таблицу и политическую карту мира выполните задания. Численность и состав населения, 2017 г. № | Страна | Численность занятого населения, млн человек | Доля занятого населения, % // в сельском хозяйстве | в промышленности | в сфере услуг // 1 | Норвегия | 2,8 | 2 | 19 | 79 // 2 | Алжир | 11,8 | 11 | 31 | 58 // 3 | Вьетнам | 54,8 | 40 | 26 | 34 // 4 | Нигер | 6,5 | 80 ",Нет,Да
vpr_sd_945878,geography,7,"Жан и Мио познакомились на чемпионате мира по футболу. Мио живёт в столице Японии, а Жан — в столице Франции. Подростки общаются через Интернет, и при общении им приходится учитывать разницу во времени между их городами.",Нет,Да
vpr_sd_945168,geography,7,"Предположите, какие ответы на вопросы о своей стране даст Ваш сверстник в ходе интервью. Запишите их в таблицу. Вопрос | Ответ // 1. В какой части света находится твоя страна? | // 2. Какой океан омывает берега твоей страны? | // 3. На каких островах расположена твоя страна? | // 4. Какие крупные города, кроме столицы, есть в твоей стране? | // 5. Какие исторические области составляют территорию т",Нет,Да
vpr_sd_945895,geography,8,На рисунках представлены контуры стран — соседей России с указанием столиц этих стран. Подпишите под каждым рисунком рядом с номером название соответствующей страны. Определите расположение указанных Вами стран на схеме и впишите в пустые квадраты их номера .,Нет,Да
vpr_sd_945888,geography,8,С какой из указанных Вами стран Россия имеет морскую границу? Запишите в ответе название страны.,Нет,Нет
vpr_sd_945889,geography,8,На диаграмме отображена протяжённость границ России с указанными Вами странами. Установите соответствие между столбцами диаграммы и названиями этих стран. Запишите в ответе номера стран под соответствующими буквами. А | Б | В | Г // | | |,Нет,Да
vpr_sd_944784,geography,8,Карта составлена по состоянию на 01.01.2020,Нет,Да
vpr_sd_944825,geography,8,"Прочитайте текст и выполните задания. Кама — река в Европейской части России, левый и самый крупный приток реки Волги. Кама с давних пор является крупной судоходной артерией, но с ноября по апрель она скована льдом. На реке создано три водохранилища и построены крупные ГЭС: Камская, Воткинская и Нижнекамская. Начинается Кама на высоте 335 м над уровнем моря из четырёх ключей на территории Удмуртии",Нет,Нет
vpr_sd_944737,geography,8,"Прочитайте текст и выполните задания. Амур — самая крупная река Дальнего Востока. Значительная часть российскокитайской границы проходит по Амуру. Его бассейн расположен на территории трёх стран: России, Китая и Монголии. Но по площади бассейна Амур уступает Оби и Енисею. Для дальневосточных регионов Амур имеет важное хозяйственное значение. На всём протяжении реки осуществляется судоходство, в не",Нет,Нет
vpr_sd_944877,geography,8,"Изучите данные таблицы «Гидрографические характеристики реки Оленёк» и заполните пропуски в описании реки. При необходимости сделайте соответствующие расчёты. (Для расчётов используйте калькулятор.) Таблица «Гидрографические характеристики реки Оленёк» Исток | Вилюйское плато // Устье | Море Лаптевых // Длина, км | 2292 // Высота истока, м | 700 // Высота устья, м | 0 // Тип реки по характеру тече",Нет,Нет
vpr_sd_945729,geography,8,Карта составлена по состоянию на 01.01.2022,Нет,Да
vpr_sd_944339,geography,8,Карта составлена по состоянию на 01.01.2021,Нет,Да
vpr_sd_944884,geography,8,На рисунках представлены контуры стран — соседей России с указанием столиц этих стран. Подпишите под каждым рисунком рядом с номером название столицы соответствующей страны. Китай | Эстония | Украина | Норвегия // | | | // 1 — _________ | 2 — _________ | 3 — _________ | 4 — _________ Определите расположение указанных Вами стран на схеме и впишите в пустые квадраты их номера .,Нет,Да
vpr_sd_945893,geography,8,С какой из указанных Вами стран Россия имеет границу по реке Амур? Запишите в ответе название страны.,Нет,Нет
vpr_sd_944905,geography,8,На рисунках представлены контуры стран — соседей России. Подпишите под каждым рисунком рядом с номером название столицы соответствующей страны. | | | // | | | // 1 — _________ | 2 — _________ | 3 — _________ | 4 — _________ Определите расположение указанных стран на схеме и впишите в пустые квадраты их номера.,Нет,Да
vpr_sd_944906,geography,8,С какой из указанных стран Россия имеет только сухопутную границу? Запишите в ответе название страны.,Нет,Нет
vpr_sd_944727,geography,8,На рисунках представлены контуры стран — соседей России. Подпишите под каждым рисунком рядом с номером название столицы соответствующей страны | | | // | | | // 1 — _________ | 2 — _________ | 3 — _________ | 4 — _________ Определите расположение указанных стран на схеме и впишите в пустые квадраты их номера.,Нет,Да
vpr_sd_944720,geography,8,С какой из указанных Вами стран Россия не имеет морской границы? Запишите в ответе название страны.,Нет,Нет
vpr_sd_944887,geography,8,На рисунках представлены контуры стран — соседей России с указанием столиц этих стран. Подпишите под каждым рисунком рядом с номером название столицы соответствующей страны. Финляндия | Китай | Польша | Азербайджан // | | | // 1 — _________ | 2 — _________ | 3 — _________ | 4 — _________ Определите расположение указанных Вами стран на схеме и впишите в пустые квадраты их номера .,Нет,Да
vpr_sd_945656,geography,8,"На рисунках представлены климатограммы, построенные по данным метеонаблюдений в разных частях России. Рассмотрите климатограммы и выполните задания. Определите, какому климатическому поясу / типу климата соответствует каждая климатограмма. Подпишите название климатического пояса / типа климата под соответствующей климатограммой. А | | Б // | | // | |",Нет,Да
vpr_sd_945658,geography,8,Какие климатообразующие факторы определяют климат Казани? Запишите в ответе их номера. 1) расположение за Северным полярным кругом 2) распространение многолетней мерзлоты 3) равнинный рельеф 4) удалённость океанов 5) преобладание западного переноса воздушных масс 6) близость холодных вод Северного Ледовитого океана,Нет,Нет
vpr_sd_945444,geography,8,"Школьник из Астрахани описал особенности местного климата в письме своему другу, который живёт в Салехарде. Для климата нашего города характерны большие годовые и суточные колебания температуры воздуха. Воздушные массы меняют своё направление в течение года, и часто ветры приносят сухой воздух из полупустынь и пустынь Казахстана. Осадков у нас выпадает мало, и климат считается самым засушливым в Р",Нет,Нет
vpr_sd_945445,geography,8,Какие климатообразующие факторы определяют климат Астрахани? Запишите в ответе их номера. 1) расположение на побережье Тихого океана 2) равнинность территории 3) распространение многолетней мерзлоты 4) смена тропических и умеренных воздушных масс в течение года 5) расположение на юге Европейской части России 6) барьерная роль рельефа,Нет,Нет
vpr_sd_944616,geography,8,С какой из указанных стран Россия имеет только морскую границу? Запишите в ответе название страны.,Нет,Нет
vpr_sd_944892,geography,8,На рисунках представлены контуры стран — соседей России с указанием столиц этих стран. Подпишите под каждым рисунком рядом с номером название столицы соответствующей страны. Монголия | Казахстан | Азербайджан | Норвегия // | | | // 1 — _________ | 2 — _________ | 3 — _________ | 4 — _________ Определите расположение указанных Вами стран на схеме и впишите в пустые квадраты их номера .,Нет,Да
vpr_sd_945881,geography,8,С какой из указанных Вами стран Россия имеет самую длинную сухопутную границу? Запишите в ответе название страны.,Нет,Нет
vpr_sd_945795,geography,8,Карта для выполнения заданий 4.2.,Нет,Да
vpr_sd_944918,geography,8,"Школьник из Красноярска описал особенности местного климата в письме своему другу, который живёт в Ставрополе. Зима в нашем городе обычно сухая и морозная, случаются морозы до −45 °С, но иногда бывают и оттепели. Незамерзающий зимой Енисей, на берегах которого стоит наш город, немного смягчает климат в городе. Снег ложится в начале ноября, а тает только к апрелю. Летом погода тёплая, но с большими",Нет,Нет
vpr_sd_944919,geography,8,"Какие климатообразующие факторы определяют климат Красноярска? Запишите в ответе их номера. 1) расположение за Северным полярным кругом 2) удалённость от морских побережий 3) большой угол падения солнечных лучей в течение всего года 4) мощный зимний антициклон 5) горы, препятствующие проникновению холодных воздушных масс 6) близость крупных водных объектов",Нет,Нет
vpr_sd_944625,geography,8,"Используя представленную ниже таблицу и графики динамики численности населения по субъектам Российской Федерации за период 2005−2018 гг., выполните задания. Динамика численности населения, тыс. человек № п/п | Субъекты РФ | 2005 г. | 2010 г. | 2012 г. | 2014 г. | 2018 г. // 1 | Кемеровская область | 2806 | 2761 | 2742 | 2725 | 2709 // 2 | Московская область | 6784 | 7106 | 7048 | 7231 | 7423 // 3 ",Нет,Да
vpr_sd_944998,geography,8,"Карта для выполнения заданий 6.1, 8.1 Карта составлена по состоянию на 01.01.2020",Нет,Да
vpr_sd_944999,geography,8,"Школьники — члены клуба юных географов участвовали в проекте «Географическая экспедиция по родному краю». Цель экспедиции, основные вопросы, поставленные перед экспедицией, и результаты исследований они оформили в виде приведённой ниже таблицы. Выполните задания и заполните таблицу. Цель экспедиции: изучение природы своего региона Название региона (субъекта РФ):________________ Административный це",Нет,Нет
vpr_sd_944572,geography,8,С какой из указанных стран Россия имеет самую северную сухопутную границу? Запишите в ответе название страны.,Нет,Нет
vpr_sd_944349,geography,8,На рисунках представлены контуры стран — соседей России с указанием столиц этих стран. Подпишите под каждым рисунком рядом с номером название соответствующей страны. | | | // | | | // 1 — _________ | 2 — _________ | 3 — _________ | 4 — _________ Определите расположение указанных стран на схеме и впишите в пустые квадраты их номера.,Нет,Да
vpr_sd_944350,geography,8,С какой из указанных Вами стран Россия имеет самую протяженную речную границу? Запишите в ответе название страны.,Нет,Нет
vpr_sd_944274,geography,8,"Школьник из Читы описал особенности местного климата в письме своему другу, который живёт в Екатеринбурге. Зима в нашем городе холодная, продолжительная и малоснежная. Средняя температура воздуха –25…−30 °С, но может опускаться до −40 °С. В феврале – марте дуют сильные ветры. Снег начинает таять только в конце апреля. Лето хотя и тёплое, но довольно короткое. Пасмурных дней мало, почти всегда ясно",Нет,Нет
vpr_sd_944275,geography,8,"Какие климатообразующие факторы определяют климат Читы? Запишите в ответе их номера. 1) влияние хребтов пояса гор Южной Сибири 2) муссонная циркуляция воздушных масс 3) расположение во внутренней части материка, вдали от побережий 4) расположение за Северным полярным кругом 5) мощный зимний антициклон 6) влияние западного переноса воздушных масс",Нет,Нет
vpr_sd_944363,geography,8,Какие климатообразующие факторы НЕ являются определяющими для климата СанктПетербурга? Запишите в ответе их номера. 1) западный перенос воздушных масс 2) приморское положение 3) частое вторжение тропических воздушных масс 4) распространение многолетней мерзлоты 5) равнинный рельеф 6) большие абсолютные высоты территории,Нет,Нет
vpr_sd_944886,geography,8,На рисунках представлены контуры стран — соседей России с указанием столиц этих стран. Подпишите под каждым рисунком рядом с номером название столицы соответствующей страны. Беларусь | Финляндия | Монголия | КНДР // | | | // 1 — _________ | 2 — _________ | 3 — _________ | 4 — _________ Определите расположение указанных Вами стран на схеме и впишите в пустые квадраты их номера .,Нет,Да
vpr_sd_945191,geography,8,С какой из указанных Вами стран Россия граничит по суше и по акватории Балтийского моря? Запишите в ответе название страны.,Нет,Нет
vpr_sd_944888,geography,8,На рисунках представлены контуры стран — соседей России с указанием столиц этих стран. Подпишите под каждым рисунком рядом с номером название столицы соответствующей страны. Грузия | Казахстан | Китай | Латвия // | | | // 1 — _________ | 2 — _________ | 3 — _________ | 4 — _________ Определите расположение указанных Вами стран на схеме и впишите в пустые квадраты их номера .,Нет,Да
vpr_sd_945144,geography,8,С какой из указанных Вами стран Россия не имеет сухопутной границы? Запишите в ответе название страны.,Нет,Нет
vpr_sd_944764,geography,8,На границе с какой страной расположена крайняя южная точка России? Запишите в ответе название страны.,Нет,Нет
vpr_sd_944598,geography,8,C какой из указанных стран морская граница России проходит в Баренцевом море? Запишите в ответе название страны.,Нет,Нет
vpr_sd_945869,geography,8,С какой из указанных Вами стран Россия имеет самую короткую сухопутную границу? Запишите в ответе название страны.,Нет,Нет
vpr_sd_944895,geography,8,На рисунках представлены контуры стран — соседей России с указанием столиц этих стран. Подпишите под каждым рисунком рядом с номером название столицы соответствующей страны. Финляндия | Азербайджан | Украина | Япония // | | | // 1 — _________ | 2 — _________ | 3 — _________ | 4 — _________ Определите расположение указанных Вами стран на схеме и впишите в пустые квадраты их номера .,Нет,Да
vpr_sd_944280,geography,8,С какой из указанных стран участок морской границы проходит по Каспийскому морю-озеру? Запишите в ответе название страны.,Нет,Нет
vpr_sd_944924,geography,8,С какой из указанных Вами стран Россия имеет сухопутную и морскую границу? Запишите в ответе название страны.,Нет,Нет
vpr_sd_944893,geography,8,На рисунках представлены контуры стран — соседей России с указанием столиц этих стран. Подпишите под каждым рисунком рядом с номером название столицы соответствующей страны. Украина | Финляндия | Норвегия | Монголия // | | | // 1 — _________ | 2 — _________ | 3 — _________ | 4 — _________ Определите расположение указанных Вами стран на схеме и впишите в пустые квадраты их номера .,Нет,Да
vpr_sd_944199,geography,8,На рисунках представлены контуры стран — соседей России c указанием столиц этих стран. Подпишите под каждым рисунком рядом с номером название соответствующей страны. | | | // | | | // 1 — _________ | 2 — _________ | 3 — _________ | 4 — _________ Определите расположение указанных стран на схеме и впишите в пустые квадраты их номера.,Нет,Да
vpr_sd_944192,geography,8,С какой из указанных Вами стран Россия имеет только сухопутную границу? Запишите в ответе название страны.,Нет,Нет
vpr_sd_944193,geography,8,На диаграмме отображена протяжённость границ России с указанными странами. Установите соответствие между столбцами диаграммы и названиями этих стран. Запишите в ответе номера стран под соответствующими буквами. А | Б | В | Г // | | |,Нет,Да
vpr_sd_945458,geography,8,С какой из указанных стран Россия не имеет морской границы? Запишите в ответе название страны.,Нет,Нет
vpr_sd_945726,geography,8,"Используя приведённую ниже таблицу и графики динамики численности населения по субъектам Российской Федерации за период 2002–2018 гг., выполните задания. Динамика численности населения, тыс. человек № п/п | Субъекты РФ | 2002 г. | 2010 г. | 2014 г. | 2016 г. | 2018 г. // 1 | Краснодарский край | 5125 | 5226 | 5404 | 5513 | 5603 // 2 | Свердловская область | 4486 | 4297 | 4320 | 4330 | 4325 // 3 | ",Нет,Да
vpr_sd_945113,geography,8,"Какие климатообразующие факторы определяют климат Казани? Запишите в ответе их номера. 1) расположение за Северным полярным кругом 2) удалённость от океанов 3) равнинный рельеф 4) горы, препятствующие проникновению холодных воздушных масс 5) преобладание западного переноса воздушных масс 6) тёплое океаническое течение",Нет,Нет
vpr_sd_945082,geography,8,С какой из указанных Вами стран Россия имеет самую протяжённую речную границу? Запишите в ответе название страны.,Нет,Нет
vpr_sd_945411,geography,8,На рисунках представлены контуры стран — соседей России с указанием столиц этих стран. Подпишите под каждым рисунком рядом с номером название столицы соответствующей страны. Финляндия | Латвия | Казахстан | США // | | | // 1 — _________ | 2 — _________ | 3 — _________ | 4 — _________ Определите расположение указанных Вами стран на схеме и впишите в пустые квадраты их номера .,Нет,Да
vpr_sd_944554,geography,8,С какой из указанных Вами стран участок сухопутной границы России проходит севернее полярного круга? Запишите в ответе название страны.,Нет,Нет
vpr_sd_944555,geography,8,На диаграмме отображена структура границ России с указанными странами (в % по видам границ). Установите соответствие между столбцами диаграммы и названиями этих стран. Запишите в ответе номера стран под соответствующими буквами. А | Б | В | Г // | | |,Нет,Да
vpr_sd_944380,geography,8,"Школьник из Тюмени описал особенности местного климата в письме своему другу, который живёт в Смоленске. На климат нашего города оказывают влияние как холодные атмосферные фронты, идущие с севера, так и сухие тёплые ветры из Казахстана. Зима холодная, она длится три-четыре месяца. Лето недолгое, но довольно тёплое (в июле температура может достигать 30 °С). Весна и осень затяжные, с резкими перепа",Нет,Нет
vpr_sd_944381,geography,8,"Какие климатообразующие факторы определяют климат Тюмени? Запишите в ответе их номера? Запишите в ответе их номера. 1) расположение во внутренней части материка, восточнее Урала 2) близость Тихого океана 3) равнинный рельеф территории 4) частые вторжения холодных воздушных масс с Северного Ледовитого океана 5) большой угол падения солнечных лучей в течение всего года 6) большие абсолютные высоты т",Нет,Нет
vpr_sd_944977,geography,8,"Используя представленную ниже таблицу и графики динамики численности населения по субъектам Российской Федерации за период 2005–2016 гг., выполните задания. Динамика численности населения, тыс. человек № п/п | Субъекты РФ | 2005 г. | 2010 г. | 2012 г. | 2014 г. | 2016 г. // 1 | Республика Бурятия | 967 | 972 | 972 | 978 | 984 // 2 | Иркутская область | 2492 | 2428 | 2422 | 2415 | 2409 // 3 | Оренб",Нет,Да
vpr_sd_945652,geography,8,"Школьники — члены клуба юных географов участвовали в проекте «Географическая экспедиция по родному краю». Цель экспедиции, основные вопросы, поставленные перед экспедицией, и результаты исследований они оформили в виде приведенной ниже таблицы. Выполните задания и заполните таблицу. Цель экспедиции: изучение природы своего региона Название региона (субъекта РФ): __________________ Административный",Нет,Да
vpr_sd_945653,geography,8,"Путь от точки Б до точки В туристы преодолевали на автомобиле. По пути они делали фотографии и записи в дневнике. Рассмотрите фотографии, прочитайте записи туристов и ответьте на вопросы. Наш путь лежал на юг из города, расположенного на реке Каме. Всего в черте города протекают более 300 рек и ручьёв. Протекая по территории города, эти реки испытывают сильное антропогенное воздействие, и вода в н",Нет,Да
vpr_sd_944834,geography,8,"Какая из указанных Вами стран не имеет границы с основной территорией России, а граничит с её полуэксклавом? Запишите в ответе название страны.",Нет,Нет
vpr_sd_945209,geography,8,С какой из указанных Вами стран Россия граничит по реке Амур? Запишите в ответе название страны.,Нет,Нет
vpr_sd_944148,geography,8,С какой из указанных Вами стран участок морской границы России проходит по Чёрному морю? Запишите в ответе название страны.,Нет,Нет
vpr_sd_944894,geography,8,На рисунках представлены контуры стран — соседей России с указанием столиц этих стран. Подпишите под каждым рисунком рядом с номером название столицы соответствующей страны. Польша | Азербайджан | Казахстан | Китай // | | | // 1 — _________ | 2 — _________ | 3 — _________ | 4 — _________ Определите расположение указанных Вами стран на схеме и впишите в пустые квадраты их номера .,Нет,Да
vpr_sd_944968,geography,8,С какой из указанных Вами стран бóльшая часть границы России проходит по горной местности? Запишите в ответе название страны.,Нет,Нет
vpr_sd_944949,geography,8,На рисунках представлены контуры стран — соседей России. Подпишите под каждым рисунком рядом с номером название соответствующей страны. | | | // | | | // 1 — _________ | 2 — _________ | 3 — _________ | 4 — _________ Определите расположение указанных стран на схеме и впишите в пустые квадраты их номера.,Нет,Да
vpr_sd_944950,geography,8,С какой из указанных Вами стран участок морской границы России проходит по Каспийскому морю-озеру? Запишите в ответе название страны.,Нет,Нет
vpr_sd_944890,geography,8,На рисунках представлены контуры стран — соседей России с указанием столиц этих стран. Подпишите под каждым рисунком рядом с номером название столицы соответствующей страны. Белоруссия | Норвегия | Китай | Северная Корея // | | | // 1 — _________ | 2 — _________ | 3 — _________ | 4 — _________ Определите расположение указанных Вами стран на схеме и впишите в пустые квадраты их номера .,Нет,Да
vpr_sd_944885,geography,8,На рисунках представлены контуры стран — соседей России с указанием столиц этих стран. Подпишите под каждым рисунком рядом с номером название столицы соответствующей страны. Монголия | Белоруссия | Япония | Грузия // | | | // 1 — _________ | 2 — _________ | 3 — _________ | 4 — _________ Определите расположение указанных Вами стран на схеме и впишите в пустые квадраты их номера .,Нет,Да
vpr_sd_944881,geography,8,На рисунках представлены контуры стран — соседей России с указанием столиц этих стран. Подпишите под каждым рисунком рядом с номером название столицы соответствующей страны. КНДР | Китай | Норвегия | Украина // | | | // 1 — _________ | 2 — _________ | 3 — _________ | 4 — _________ Определите расположение указанных Вами стран на схеме и впишите в пустые квадраты их номера .,Нет,Да
vpr_sd_944306,geography,8,С какой из указанных стран Россия имеет морскую границу? Запишите в ответе название страны.,Нет,Нет
vpr_sd_945654,geography,8,"Используя приведённую ниже таблицу и графики динамики численности населения по субъектам Российской Федерации за период 2005–2018 гг., выполните задания. Динамика численности населения, тыс. человек № п/п | Субъекты РФ | 2005 г. | 2010 г. | 2012 г. | 2014 г. | 2018 г. // 1 | Тюменская область | 1309 | 1343 | 1385 | 1429 | 1518 // 2 | Красноярский край | 2869 | 2829 | 2847 | 2859 | 2874 // 3 | Киро",Нет,Да
vpr_sd_945909,geography,8,"Используя приведённую ниже таблицу и графики динамики численности населения по субъектам Российской Федерации за период 2005–2016 гг., выполните задания. Динамика численности населения, тыс. человек № п/п | Субъекты РФ | 2005 г. | 2010 г. | 2012 г. | 2014 г. | 2016 г. // 1 | Республика Коми | 963 | 899 | 880 | 864 | 850 // 2 | Республика Ингушетия | 417 | 415 | 442 | 464 | 481 // 3 | Сахалинская о",Нет,Да
vpr_sd_944817,geography,8,"Используя представленную ниже таблицу и графики динамики численности населения по субъектам Российской Федерации за период 2005–2016 гг., выполните задания. Динамика численности населения, тыс. человек № п/п | Субъекты РФ | 2005 г. | 2010 г. | 2012 г. | 2014 г. | 2016 г. // 1 | Томская область | 1024 | 1049 | 1064 | 1074 | 1077 // 2 | Республика Бурятия | 967 | 972 | 972 | 978 | 983 // 3 | Новгоро",Нет,Да
vpr_sd_944799,geography,8,"Используя представленную ниже таблицу и графики динамики численности населения по субъектам Российской Федерации за период 2005–2018 гг., выполните задания. Динамика численности населения, тыс. человек № п/п | Субъекты РФ | 2005 г. | 2010 г. | 2012 г. | 2014 г. | 2018 г. // 1 | Ханты-Мансийский автономный округ — Югра | 1468 | 1537 | 1584 | 1612 | 1664 // 2 | Чеченская Республика | 1152 | 1275 | 1",Нет,Да
vpr_sd_945704,geography,8,"Используя приведённую ниже таблицу и графики динамики численности населения по субъектам Российской Федерации за период 2002–2018 гг., выполните задания. Динамика численности населения, тыс. человек № п/п | Субъекты РФ | 2002 г. | 2010 г. | 2014 г. | 2016 г. | 2018 г. // 1 | Ленинградская область | 1669 | 1716 | 1763 | 1778 | 1813 // 2 | Республика Мордовия | 888 | 834 | 812 | 807 | 805 // 3 | Рес",Нет,Да
vpr_sd_944607,geography,8,"Используя представленную ниже таблицу и графики динамики численности населения по субъектам Российской Федерации за период 2005−2018 гг., выполните задания. Динамика численности населения, тыс. человек № п/п | Субъекты РФ | 2005 г. | 2010 г. | 2012 г. | 2014 г. | 2018 г. // 1 | Ненецкий автономный округ | 42 | 42 | 43 | 43 | 44 // 2 | Республика Марий Эл | 713 | 695 | 690 | 687 | 681 // 3 | Тульск",Нет,Да
vpr_sd_944641,geography,8,"Используя представленную ниже таблицу и графики динамики численности населения по субъектам Российской Федерации за период 2005–2016 гг., выполните задания. Динамика численности населения, тыс. человек № п/п | Субъекты РФ | 2005 г. | 2010 г. | 2012 г. | 2014 г. | 2016 г. // 1 | Тамбовская область | 1139 | 1090 | 1037 | 1062 | 1040 // 2 | Амурская область | 861 | 829 | 817 | 810 | 802 // 3 | Новоси",Нет,Да
vpr_sd_945702,geography,8,"Используя приведённую ниже таблицу и графики динамики численности населения по субъектам Российской Федерации за период 2002–2018 гг., выполните задания. Динамика численности населения, тыс. человек № п/п | Субъекты РФ | 2002 г. | 2010 г. | 2014 г. | 2016 г. | 2018 г. // 1 | Калужская область | 1041 | 1010 | 1004 | 1009 | 1012 // 2 | Калининградская область | 955 | 941 | 963 | 976 | 994 // 3 | Заб",Нет,Да
vpr_sd_945174,geography,8,"Динамика численности населения, человек № п/п | Субъекты РФ | 2014 г. | 2015 г. | 2016 г. | 2017 г. | 2018 г. // 1 | Самарская область | 3211187 | 3212676 | 3205975 | 3203679 | 3193514 // 2 | Омская область | 1973876 | 1978183 | 1978466 | 1972682 | 1960081 // 3 | Липецкая область | 1159866 | 1157865 | 1156093 | 1156221 | 1150201 // 4 | Краснодарский край | 5404273 | 5453329 | 5513804 | 5570945 | 5",Нет,Да
vpr_sd_944773,geography,8,"Используя представленную ниже таблицу и графики динамики численности населения по субъектам Российской Федерации за период 2005–2018 гг., выполните задания. Динамика численности населения, тыс. человек № п/п | Субъекты РФ | 2005 г. | 2010 г. | 2012 г. | 2014 г. | 2018 г. // 1 | Ненецкий автономный округ | 42 | 42 | 43 | 43 | 44 // 2 | Республика Тыва | 303 | 308 | 310 | 314 | 324 // 3 | Тульская о",Нет,Да
vpr_sd_944139,geography,8,"Используя представленную ниже таблицу и графики динамики численности населения по субъектам Российской Федерации за период 2005−2018 гг., выполните задания. Динамика численности населения, тыс. человек № п/п | Субъекты РФ | 2005 г. | 2010 г. | 2012 г. | 2014 г. | 2018 г. // 1 | Сахалинская область | 521 | 497 | 494 | 488 | 490 // 2 | Пермский край | 2719 | 2634 | 2634 | 2637 | 2611 // 3 | Республи",Нет,Да
vpr_sd_945109,geography,8,"Используя представленную ниже таблицу и графики динамики численности населения по субъектам Российской Федерации за период 2005–2018 гг., выполните задания. Динамика численности населения, тыс. человек № п/п | Субъекты РФ | 2005 г. | 2010 г. | 2012 г. | 2014 г. | 2018 г. // 1 | Удмуртская Республика | 1546 | 1520 | 1518 | 1518 | 1507 // 2 | Республика Ингушетия | 417 | 415 | 442 | 464 | 498 // 3 |",Нет,Да
vpr_sd_945003,geography,8,"Используя представленную ниже таблицу и графики динамики численности населения по субъектам Российской Федерации за период 2005–2016 гг., выполните задания. Динамика численности населения, тыс. человек № п/п | Субъекты РФ | 2005 г. | 2010 г. | 2012 г. | 2014 г. | 2016 г. // 1 | Самарская область | 3226 | 3215 | 3213 | 3226 | 3203 // 2 | Алтайский край | 2503 | 2417 | 2399 | 2385 | 2366 // 3 | г. М",Нет,Да
vpr_sd_944201,geography,8,"Используя представленную ниже таблицу и графики динамики численности населения по субъектам Российской Федерации за период 2005−2018 гг., выполните задания. Динамика численности населения, тыс. человек № п/п | Субъекты РФ | 2005 г. | 2010 г. | 2012 г. | 2014 г. | 2018 г. // 1 | Тюменская область | 1309 | 1343 | 1385 | 1429 | 1518 // 2 | Красноярский край | 2869 | 2829 | 2847 | 2859 | 2874 // 3 | К",Нет,Да
vpr_sd_944959,geography,8,"Используя представленную ниже таблицу и графики динамики численности населения по субъектам Российской Федерации за период 2005–2018 гг., выполните задания. Динамика численности населения, тыс. человек № п/п | Субъекты РФ | 2005 г. | 2010 г. | 2012 г. | 2014 г. | 2018 г. // 1 | Ивановская область | 1102 | 1060 | 1049 | 1037 | 1004 // 2 | Республика Дагестан | 2693 | 2914 | 2946 | 2990 | 3086 // 3 ",Нет,Да
vpr_sd_944933,geography,8,"Используя представленную ниже таблицу и графики динамики численности населения по субъектам Российской Федерации за период 2005−2018 гг., выполните задания. Динамика численности населения, тыс. человек № п/п | Субъекты РФ | 2005 г. | 2010 г. | 2012 г. | 2014 г. | 2018 г. // 1 | Республика Марий Эл | 713 | 695 | 690 | 687 | 681 // 2 | Краснодарский край | 5127 | 5230 | 5330 | 5454 | 5648 // 3 | Вол",Нет,Да
vpr_sd_945047,geography,8,"Используя представленную ниже таблицу и графики динамики численности населения по субъектам Российской Федерации за период 2005–2018 гг., выполните задания. Динамика численности населения, тыс. человек № п/п | Субъекты РФ | 2005 г. | 2010 г. | 2012 г. | 2014 г. | 2018 г. // 1 | Республика Ингушетия | 417 | 415 | 442 | 464 | 498 // 2 | Самарская область | 3226 | 3215 | 3213 | 3213 | 3183 // 3 | Кра",Нет,Да
vpr_sd_944843,geography,8,"Используя представленную ниже таблицу и графики динамики численности населения по субъектам Российской Федерации за период 2005–2016 гг., выполните задания. Динамика численности населения, тыс. человек № п/п | Субъекты РФ | 2005 г. | 2010 г. | 2012 г. | 2014 г. | 2016 г. // 1 | Кемеровская область | 2806 | 2761 | 2742 | 2725 | 2709 // 2 | Московская область | 6784 | 7106 | 7048 | 7231 | 7423 // 3 ",Нет,Да
vpr_sd_945719,geography,8,"Используя приведённую ниже таблицу и графики динамики численности населения по субъектам Российской Федерации за период 2002–2018 гг., выполните задания. Динамика численности населения, тыс. человек № п/п | Субъекты РФ | 2002 г. | 2010 г. | 2014 г. | 2016 г. | 2018 г. // 1 | Мурманская область | 892 | 795 | 771 | 762 | 753 // 2 | Республика Алтай | 202 | 206 | 211 | 215 | 218 // 3 | Московская обл",Нет,Да
vpr_sd_944581,geography,8,"Используя представленную ниже таблицу и графики динамики численности населения по субъектам Российской Федерации за период 2005−2018 гг., выполните задания. Динамика численности населения, тыс. человек № п/п | Субъекты РФ | 2005 г. | 2010 г. | 2012 г. | 2014 г. | 2018 г. // 1 | Краснодарский край | 5127 | 5230 | 5330 | 5454 | 5648 // 2 | Пермский край | 2719 | 2634 | 2634 | 2637 | 2611 // 3 | Кали",Нет,Да
vpr_sd_945716,geography,8,"Используя приведённую ниже таблицу и графики динамики численности населения по субъектам Российской Федерации за период 2002–2018 гг., выполните задания. Динамика численности населения, тыс. человек № п/п | Субъекты РФ | 2002 г. | 2010 г. | 2014 г. | 2016 г. | 2018 г. // 1 | Ивановская область | 1148 | 1061 | 1043 | 1029 | 1014 // 2 | Краснодарский край | 5125 | 5226 | 5404 | 5513 | 5603 // 3 | Св",Нет,Да
vpr_sd_944537,geography,8,"Используя представленную ниже таблицу и графики динамики численности населения по субъектам Российской Федерации за период 2005−2018 гг., выполните задания. Динамика численности населения, тыс. человек № п/п | Субъекты РФ | 2005 г. | 2010 г. | 2012 г. | 2014 г. | 2018 г. // 1 | Владимирская область | 1486 | 1441 | 1422 | 1406 | 1366 // 2 | Оренбургская область | 2093 | 2032 | 2016 | 2001 | 1963 //",Нет,Да
vpr_sd_944245,geography,8,"Используя представленную ниже таблицу и графики динамики численности населения по субъектам Российской Федерации за период 2005−2018 гг., выполните задания. Динамика численности населения, тыс. человек № п/п | Субъекты РФ | 2005 г. | 2010 г. | 2012 г. | 2014 г. | 2018 г. // 1 | Московская область | 6784 | 7106 | 7048 | 7231 | 7599 // 2 | Пензенская область | 1420 | 1384 | 1369 | 1356 | 1318 // 3 |",Нет,Да
vpr_sd_945135,geography,8,"Используя представленную ниже таблицу и графики динамики численности населения по субъектам Российской Федерации за период 2005–2018 гг., выполните задания. Динамика численности населения, тыс. человек № п/п | Субъекты РФ | 2005 г. | 2010 г. | 2012 г. | 2014 г. | 2018 г. // 1 | Владимирская область | 1486 | 1441 | 1422 | 1406 | 1366 // 2 | Оренбургская область | 2093 | 2032 | 2016 | 2001 | 1963 //",Нет,Да
vpr_sd_944227,geography,8,"Используя представленную ниже таблицу и графики динамики численности населения по субъектам Российской Федерации за период 2005−2018 гг., выполните задания. Динамика численности населения, тыс. человек № п/п | Субъекты РФ | 2005 г. | 2010 г. | 2012 г. | 2014 г. | 2018 г. // 1 | Республика Калмыкия | 294 | 289 | 284 | 281 | 272 // 2 | Калужская область | 1023 | 1009 | 1006 | 1011 | 1009 // 3 | Респ",Нет,Да
vpr_sd_945192,geography,8,"Используя приведённую ниже таблицу и графики динамики численности населения по субъектам Российской Федерации за период 2014–2018 гг., выполните задания. Динамика численности населения, человек № п/п | Субъект РФ | 2014 г. | 2015 г. | 2016 г. | 2017 г. | 2018 г. // 1 | Московская область | 7 133 620 | 7 213 068 | 7 318 647 | 7 423 470 | 7 503 385 // 2 | Республика Карелия | 634 402 | 632 533 | 629",Нет,Да
vpr_sd_944157,geography,8,"Используя представленную ниже таблицу и графики динамики численности населения по субъектам Российской Федерации за период 2005−2018 гг., выполните задания. Динамика численности населения, тыс. человек № п/п | Субъекты РФ | 2005 г. | 2010 г. | 2012 г. | 2014 г. | 2018 г. // 1 | г. Санкт-Петербург | 4713 | 4899 | 5028 | 5192 | 5368 // 2 | Пензенская область | 1420 | 1384 | 1369 | 1356 | 1318 // 3 |",Нет,Да
vpr_sd_944271,geography,8,"Используя представленную ниже таблицу и графики динамики численности населения по субъектам Российской Федерации за период 2005−2018 гг., выполните задания. Динамика численности населения, тыс. человек № п/п | Субъекты РФ | 2005 г. | 2010 г. | 2012 г. | 2014 г. | 2018 г. // 1 | Республика Ингушетия | 417 | 415 | 442 | 464 | 498 // 2 | Сахалинская область | 521 | 497 | 494 | 488 | 490 // 3 | Оренбу",Нет,Да
vpr_sd_944755,geography,8,"Используя представленную ниже таблицу и графики динамики численности населения по субъектам Российской Федерации за период 2005–2018 гг., выполните задания. Динамика численности населения, тыс. человек № п/п | Субъекты РФ | 2005 г. | 2010 г. | 2012 г. | 2014 г. | 2018 г. // 1 | Архангельская область | 1240 | 1183 | 1159 | 1140 | 1100 // 2 | г. Севастополь | 378 | 380 | 383 | 399 | 443 // 3 | Чечен",Нет,Да
vpr_sd_944667,geography,8,"Используя представленную ниже таблицу и графики динамики численности населения по субъектам Российской Федерации за период 2005–2016 гг., выполните задания. Динамика численности населения, тыс. человек № п/п | Субъекты РФ | 2005 г. | 2010 г. | 2012 г. | 2014 г. | 2016 г. // 1 | Курганская область | 962 | 909 | 886 | 870 | 854 // 2 | Нижегородская область | 3414 | 3308 | 3270 | 3270 | 3248 // 3 | Р",Нет,Да
vpr_sd_945441,geography,8,"Используя приведённую ниже таблицу и графики динамики численности населения по субъектам Российской Федерации за период 2005–2018 гг., выполните задания. Динамика численности населения, тыс. человек № п/п | Субъекты РФ | 2005 г. | 2010 г. | 2012 г. | 2014 г. | 2018 г. // 1 | Воронежская область | 2361 | 2335 | 2330 | 2331 | 2328 // 2 | Республика Хакасия | 534 | 532 | 533 | 536 | 537 // 3 | Респуб",Нет,Да
vpr_sd_944711,geography,8,"Используя представленную ниже таблицу и графики динамики численности населения по субъектам Российской Федерации за период 2005–2018 гг., выполните задания. Динамика численности населения, тыс. человек № п/п | Субъекты РФ | 2005 г. | 2010 г. | 2012 г. | 2014 г. | 2018 г. // 1 | Тверская область | 1415 | 1350 | 1334 | 1315 | 1270 // 2 | Саратовская область | 2591 | 2591 | 2503 | 2493 | 2441 // 3 | ",Нет,Да
vpr_sd_944685,geography,8,"Используя представленную ниже таблицу и графики динамики численности населения по субъектам Российской Федерации за период 2005–2018 гг., выполните задания. Динамика численности населения, тыс. человек № п/п | Субъекты РФ | 2005 г. | 2010 г. | 2012 г. | 2014 г. | 2018 г. // 1 | Пермский край | 2719 | 2634 | 2634 | 2637 | 2611 // 2 | Республика Дагестан | 2693 | 2914 | 2946 | 2990 | 3086 // 3 | Рес",Нет,Да
vpr_sd_944377,geography,8,"Используя представленную ниже таблицу и графики динамики численности населения по субъектам Российской Федерации за период 2005−2018 гг., выполните задания. Динамика численности населения, тыс. человек № п/п | Субъекты РФ | 2005 г. | 2010 г. | 2012 г. | 2014 г. | 2018 г. // 1 | Кировская область | 1419 | 1339 | 1319 | 1304 | 1272 // 2 | Самарская область | 3226 | 3215 | 3213 | 3213 | 3183 // 3 | Ч",Нет,Да
vpr_sd_945065,geography,8,"Используя представленную ниже таблицу и графики динамики численности населения по субъектам Российской Федерации за период 2005–2016 гг., выполните задания. Динамика численности населения, тыс. человек № п/п | Субъекты РФ | 2005 г. | 2010 г. | 2012 г. | 2014 г. | 2016 г. // 1 | Белгородская область | 1512 | 1532 | 1541 | 1548 | 1553 // 2 | Амурская область | 816 | 829 | 817 | 810 | 802 // 3 | Хант",Нет,Да
vpr_sd_945714,geography,8,"Используя приведённую ниже таблицу и графики динамики численности населения по субъектам Российской Федерации за период 2002–2018 гг., выполните задания. Динамика численности населения, тыс. человек № п/п | Субъекты РФ | 2002 г. | 2010 г. | 2014 г. | 2016 г. | 2018 г. // 1 | Республика Башкортостан | 4104 | 4072 | 4069 | 4071 | 4063 // 2 | Ивановская область | 1148 | 1061 | 1043 | 1029 | 1014 // 3",Нет,Да
vpr_sd_944183,geography,8,"Используя представленную ниже таблицу и графики динамики численности населения по субъектам Российской Федерации за период 2005−2018 гг., выполните задания. Динамика численности населения, тыс. человек № п/п | Субъекты РФ | 2005 г. | 2010 г. | 2012 г. | 2014 г. | 2018 г. // 1 | Ивановская область | 1102 | 1060 | 1049 | 1037 | 1004 // 2 | Республика Дагестан | 2693 | 2914 | 2946 | 2990 | 3086 // 3 ",Нет,Да
vpr_sd_945709,geography,8,"Используя приведённую ниже таблицу и графики динамики численности населения по субъектам Российской Федерации за период 2002–2018 гг., выполните задания. Динамика численности населения, тыс. человек № п/п | Субъекты РФ | 2002 г. | 2010 г. | 2014 г. | 2016 г. | 2018 г. // 1 | Кабардино-Балкарская Республика | 901 | 859 | 858 | 862 | 865 // 2 | Курганская область | 1019 | 910 | 877 | 861 | 845 // 3 ",Нет,Да
vpr_sd_945721,geography,8,"Используя приведённую ниже таблицу и графики динамики численности населения по субъектам Российской Федерации за период 2002–2018 гг., выполните задания. Динамика численности населения, тыс. человек № п/п | Субъекты РФ | 2002 г. | 2010 г. | 2014 г. | 2016 г. | 2018 г. // 1 | Забайкальский край | 1155 | 1107 | 1090 | 1083 | 1072 // 2 | Тамбовская область | 1178 | 1091 | 1068 | 1050 | 1033 // 3 | Ас",Нет,Да
vpr_sd_944563,geography,8,"Используя представленную ниже таблицу и графики динамики численности населения по субъектам Российской Федерации за период 2005−2018 гг., выполните задания. Динамика численности населения, тыс. человек № п/п | Субъекты РФ | 2005 г. | 2010 г. | 2012 г. | 2014 г. | 2018 г. // 1 | Смоленская область | 1025 | 983 | 975 | 965 | 953 // 2 | Тверская область | 1415 | 1350 | 1334 | 1315 | 1297 // 3 | Белго",Нет,Да
vpr_sd_945457,geography,8,На рисунках представлены контуры стран — соседей России. Подпишите под каждым рисунком рядом с номером название столицы соответствующей страны Польша | Грузия | Финляндия | КНДР // | | | // 1 — _________ | 2 — _________ | 3 — _________ | 4 — _________ Определите расположение указанных стран на схеме и впишите в пустые квадраты их номера.,Нет,Да
vpr_sd_944880,geography,8,На рисунках представлены контуры стран — соседей России с указанием столиц этих стран. Подпишите под каждым рисунком рядом с номером название столицы соответствующей страны. Казахстан | Азербайджан | Литва | США // | | | // 1 — _________ | 2 — _________ | 3 — _________ | 4 — _________ Определите расположение указанных Вами стран на схеме и впишите в пустые квадраты их номера .,Нет,Да
vpr_sd_944891,geography,8,На рисунках представлены контуры стран — соседей России с указанием столиц этих стран. Подпишите под каждым рисунком рядом с номером название столицы соответствующей страны. Белоруссия | Грузия | Китай | Япония // | | | // 1 — _________ | 2 — _________ | 3 — _________ | 4 — _________ Определите расположение указанных Вами стран на схеме и впишите в пустые квадраты их номера .,Нет,Да
vpr_sd_944882,geography,8,На рисунках представлены контуры стран — соседей России. Подпишите под каждым рисунком рядом с номером название столицы соответствующей страны. Грузия | США | Китай | Эстония // | | | // 1 — _________ | 2 — _________ | 3 — _________ | 4 — _________ Определите расположение указанных Вами стран на схеме и впишите в пустые квадраты их номера.,Нет,Да
vpr_sd_944270,geography,8,"Путь от точки Б до точки В туристы преодолевали на поезде и автомобиле. По пути они делали фотографии и записи в дневнике. Рассмотрите фотографии, прочитайте записи туристов и ответьте на вопросы. Мы выехали из крупного промышленного центра Южного Урала, и в начале нашего пути за окнами автомобиля мелькали корпуса металлургических предприятий с дымящими трубами и здания машиностроительных заводов.",Нет,Да
vpr_sd_945886,german,11,"Вы услышите репортаж дважды. Выберите правильный ответ 1, 2 или 3. Тim hat mit dem Fußballspielen aufgehört, weil ... 1) er mehr Zeit fürs Studium brauchte. 2) seine Mutter gegen diese Sportart war. 3) er den Spaß an dieser Beschäftigung verloren hat.",Да,Нет
vpr_sd_945854,german,11,"Вы услышите репортаж дважды. Выберите правильный ответ 1, 2 или 3. Tim begann Musik zu machen, weil ... 1) er meinte, es war ein richtiger Karriereschritt. 2) er sich seine Zukunft ohne Musik nicht vorstellte. 3) man ihm Erfolg in diesem Bereich vorhergesagt hatte.",Да,Нет
vpr_sd_945821,german,11,"Вы услышите репортаж дважды. Выберите правильный ответ 1, 2 или 3. Warum hat Tim mit seinem Theologie-Studium aufgehört? – Weil er ... 1) als Auktionator arbeiten wollte. 2) kein Geld fürs Studium hatte. 3) kein Interesse mehr am Studium hatte.",Да,Нет
vpr_sd_945788,german,11,"Вы услышите репортаж дважды. Выберите правильный ответ 1, 2 или 3. Als Tim als Auktionator arbeitete, musste er ständig ... 1) vor vielen Leuten sprechen. 2) Autos hin und her fahren. 3) Fortbildungen machen.",Да,Нет
vpr_sd_945756,german,11,"Вы услышите репортаж дважды. Выберите правильный ответ 1, 2 или 3. Tim wählt für seine Lieder eine sehr einfache Sprache, ... 1) damit seine Zuhörer ihn schneller verstehen. 2) damit die Reime und die Wortrhythmik zueinander passen. 3) um seine Gedanken auf solche Weise zu strukturieren.",Да,Нет
vpr_sd_945236,german,11,"Установите соответствие между текстами и рубриками, выбрав рубрику из выпадающего списка. Используйте каждую рубрику только один раз. В задании одна рубрика лишняя. Выпадающий список : 1. Extreme Sportarten weniger attraktiv 2. Schule in Not geholfen 3. Motivation durch Familie 4. Männersport zum Frauensport gemacht 5. Jung, aber karrierebewusst 6. Ein richtiges Kinderfest A. Als die Turnhalle ein",Нет,Нет
vpr_sd_945696,german,11,"Преобразуйте, если это необходимо, слово PIONIER так, чтобы оно грамматически соответствовало содержанию текста. „Der Blaue Reiter“ Die Maler Franz Marc, Wassily Kandinsky und August Macke gründeten 1911 die Künstlergruppe „Der Blaue Reiter“. Sie waren _________ der modernen Malerei. In ihren Bildern dominierten expressive Formen und Farben.",Нет,Нет
vpr_sd_945671,german,11,"Преобразуйте, если это необходимо, слово VERANSTALTEN так, чтобы оно грамматически соответствовало содержанию текста. Im Dezember 1911 wurde die erste Ausstellung der Künstlergruppe_________.",Нет,Нет
vpr_sd_946150,german,11,"Преобразуйте, если это необходимо, слово ERSCHEINEN так, чтобы оно грамматически соответствовало содержанию текста. Im April 1912 _________ der Almanach „Der Blaue Reiter“. Eine Besonderheit dieser Künstlergruppe war, dass ihre Mitglieder keinen gemeinsamen Stil hatten.",Нет,Нет
vpr_sd_946117,german,11,"Преобразуйте, если это необходимо, слово SEIN так, чтобы оно грамматически соответствовало содержанию текста. Jeder der Künstler versuchte, die Kunst auf _________ Weise zu revolutionieren.",Нет,Нет
vpr_sd_946084,german,11,"Преобразуйте, если это необходимо, слово VIEL так, чтобы оно грамматически соответствовало содержанию текста. Die genaue Darstellung von Gegenständen war ihnen dabei nicht _________ wichtig.",Нет,Нет
vpr_sd_946059,german,11,"Преобразуйте, если это необходимо, слово ÜBLICH так, чтобы оно грамматически соответствовало содержанию текста. Alle wollten sie die bisher _________ Möglichkeiten der Kunst überschreiten und in ihrer Malerei Emotionen ausdrücken. Expressionistische Bilder waren stark vereinfacht oder abstrakt.",Нет,Нет
vpr_sd_945931,german,11,"Das ägyptische Reich Das ägyptische Reich entstand an den 13______ des Nils. In den Legenden wird der Anfang des Reiches als die ""Regierungszeit der Götter"" bezeichnet. In den Geschichtsbüchern 14______ der Aufstieg der Pharaonen mit der Vereinigung der kleinen Königreiche im Jahr 2 686 vor Christus. Dreitausend Jahre 15______ die Pharaonen über das Land am Nil. Keine 16______ Zivilisation hat die",Нет,Нет
vpr_sd_946034,german,11,"Stellen Sie sich vor, dass Sie zusammen mit Ihrem Freund/Ihrer Freundin an einem Projekt arbeiten. Sie haben einen interessanten Beitrag für Ihr Projekt gefunden und wollen ihn Ihrem Freund/Ihrer Freundin vorlesen. Lesen Sie diesen Beitrag zunächst 2 Minuten still und danach laut vor. Sie haben zum Vorlesen höchstens 2 Minuten Zeit. Der Strauß ist der Vogel, der die kleinsten Eier im Vergleich zur",Нет,Нет
vpr_sd_945988,german,11,"Stellen Sie sich vor, dass Sie auf einer Wochenendreise einige Fotos gemacht haben. Wählen Sie ein Foto, um es Ihrem Freund/Ihrer Freundin zu zeigen und darüber zu erzählen. 1 2 3 Sie haben 2 Minuten Zeit zur Vorbereitung und danach höchstens 2 Minuten Zeit zum Sprechen (12–15 Sätze). Halten Sie sich — wenn Sie über das gewählte Foto erzählen — an folgende Stichpunkte: • wann haben Sie das Foto ge",Нет,Да
vpr_sd_945876,german,11,"Вы услышите репортаж дважды. Выберите правильный ответ 1, 2 или 3. Welche Hälfte des Austauschjahres war für Karl interessanter? 1) Interessanter war die zweite Hälfte, weil er viel gereist ist. 2) Die erste Hälfe war interessanter, weil alles neu war. 3) Es war alles interessant, die zweite Hälfte nicht weniger als die erste.",Да,Нет
vpr_sd_945303,german,11,"Вы услышите репортаж дважды. Выберите правильный ответ 1, 2 или 3. Wo hat Karl gelebt? 1) Ankara 2) Borum 3) Istanbul",Да,Нет
vpr_sd_945296,german,11,"Вы услышите репортаж дважды. Выберите правильный ответ 1, 2 или 3. Warum wollte Karl ein Austauschjahr machen? 1) Er ist zufällig auf diese Idee gekommen. 2) Er wollte eine neue Kultur kennenlernen. 3) Seine Freunde haben es ihm empfohlen.",Да,Нет
vpr_sd_945297,german,11,"Вы услышите репортаж дважды. Выберите правильный ответ 1, 2 или 3. Warum hat Karl sich für die Türkei entschieden? 1) Er dachte, dass die Türkei ein spannendes Land sei. 2) Er hat gehofft, dass Türkisch ihm im Berufsleben helfen wird. 3) Er wollte mit türkischen Freunden Türkisch reden.",Да,Нет
vpr_sd_945298,german,11,"Вы услышите репортаж дважды. Выберите правильный ответ 1, 2 или 3. Wie ist Karl vom Flughafen zur Gastfamilie gekommen? 1) Eine Mitarbeiterin der Austauschorganisation hat ihn zur Gastfamilie gebracht. 2) Die Haushälterin der Gastfamilie hat ihn am Flughafen abgeholt. 3) Seine Gasteltern haben ihn am Flughafen abgeholt.",Да,Нет
vpr_sd_945646,german,11,"Установите соответствие между текстами и рубриками, выбрав рубрику из выпадающего списка. Используйте каждую рубрику только один раз. В задании одна рубрика лишняя. Выпадающий список : 1. Berühmte Komponisten 2. Jungendchor in Leipzig 3. Talentvolle Kinder 4. Musik für Kinder 5. Hauskonzerte 6. Regeln für Musikfans A. „Peter und der Wolf"" entstand im Jahr 1936 und war vom Tag seiner Uraufführung a",Нет,Нет
vpr_sd_945707,german,11,"Преобразуйте, если это необходимо, слово DARSTELLEN так, чтобы оно грамматически соответствовало содержанию текста. Zurück auf die Schulbank Rollenspiele kennt Christian Ulmen zu gut. Er hat bereits die skurrilsten Charaktere ____________________.",Нет,Нет
vpr_sd_945674,german,11,"Преобразуйте, если это необходимо, слово SPIELEN так, чтобы оно грамматически соответствовало содержанию текста. Zurück auf die Schulbank Und jetzt setzt er noch einen drauf und __________________ als 36-Jähriger einen 18-Jährigen Schüler.",Нет,Нет
vpr_sd_946153,german,11,"Преобразуйте, если это необходимо, слова DIE и ____ так, чтобы оно грамматически соответствовало содержанию текста. Zurück auf die Schulbank Bei den Dreharbeiten holte Ulmen die Vergangenheit gnadenlos wieder ein: «Es war ganz genau wie früher und einfach unendlich peinlich als ich vor ____________ Wandtafel stand und Logarithmus-Aufgaben lösen sollte und _____________ Plan hatte, wie ich das anst",Нет,Нет
vpr_sd_946120,german,11,"Преобразуйте, если это необходимо, слова ____ и KEIN так, чтобы оно грамматически соответствовало содержанию текста. Zurück auf die Schulbank Bei den Dreharbeiten holte Ulmen die Vergangenheit gnadenlos wieder ein: «Es war ganz genau wie früher und einfach unendlich peinlich als ich vor ____________ Wandtafel stand und Logarithmus-Aufgaben lösen sollte und _____________ Plan hatte, wie ich das ans",Нет,Нет
vpr_sd_946095,german,11,"Преобразуйте, если это необходимо, слово SCHRECKLICH так, чтобы оно грамматически соответствовало содержанию текста. Zurück auf die Schulbank Schlimm genug, dass heute Montag ist! Da will man nicht auch noch _____________ Artikel lesen müssen.",Нет,Нет
vpr_sd_946062,german,11,"Преобразуйте, если это необходимо, слово WIR так, чтобы оно грамматически соответствовало содержанию текста. Zurück auf die Schulbank Drum gibt's heute bei ______________ nur Nachrichten, über die man amüsiert den Kopf schütteln kann.",Нет,Нет
vpr_sd_945361,german,11,"Russlands erste Eisenbahn Russlands 13______ Eisenbahn, die Nikolaibahn, verband Sankt Petersburg und Moskau. Der Bau 14______ im Jahr 1843. Der 15______ der Bahnhöfe in Moskau und Sankt Petersburg begann zeitgleich im Jahr 1844. Der 16______, an dem sich heute der Moskauer Bahnhof in Sankt Petersburg befindet, lag damals am Stadtrand der nördlichen Hauptstadt. In Moskau wurde der Bahnhof ebenfall",Нет,Нет
vpr_sd_945629,german,11,"Вы услышите диалог дважды. Выберите правильный ответ 1, 2 или 3. Wer lebt nicht mehr in der Stadt? 1) Klaus 2) Melanie 3) Niemand",Да,Нет
vpr_sd_945630,german,11,"Вы услышите диалог дважды. Выберите правильный ответ 1, 2 или 3. Wer meint, dass es in der Stadt viele Freizeitmöglichkeiten gibt? 1) Klaus 2) Melanie 3) Niemand",Да,Нет
vpr_sd_945631,german,11,"Вы услышите диалог дважды. Выберите правильный ответ 1, 2 или 3. Wer mag Pferde? 1) Klaus 2) Melanie 3) Niemand",Да,Нет
vpr_sd_945624,german,11,"Вы услышите диалог дважды. Выберите правильный ответ 1, 2 или 3. Wer wohnt in der Nähe der Schule? 1) Klaus 2) Melanie 3) Niemand",Да,Нет
vpr_sd_945625,german,11,"Вы услышите диалог дважды. Выберите правильный ответ 1, 2 или 3. Wer möchte Tiermedizin studieren? 1) Klaus 2) Melanie 3) Niemand",Да,Нет
vpr_sd_945173,german,11,"Установите соответствие между текстами и рубриками, выбрав рубрику из выпадающего списка. Используйте каждую рубрику только один раз. В задании одна рубрика лишняя. Выпадающий список : 1. Traditionen 2. Sehenswürdigkeiten 3. Weg in den Weltraum 4. Geografie 5. Tierwelt 6. Schulnoten A. Nicht nur außergewöhnliche Tiere leben dort. Auch die wohl berühmteste Mauer der Welt steht in dem Land China. Je",Нет,Нет
vpr_sd_945715,german,11,"Преобразуйте, если это необходимо, слово EINLADEN так, чтобы оно грамматически соответствовало содержанию текста. Bei Kindern und Jugendlichen in Deutschland wird es immer beliebter, den Geburtstag einmal anders zu feiern. Die Gäste werden nicht nach Hause zu Kaffee und Kuchen und auch nicht ins Restaurant ____________.",Нет,Нет
vpr_sd_945682,german,11,"Преобразуйте, если это необходимо, слово SEIN так, чтобы оно грамматически соответствовало содержанию текста. Der gemeinsame Kino-oder Diskobesuch ist ebenfalls nicht mehr so beliebt. Wer _______ Freunden etwas ganz Neues bieten möchte, geht mit ihnen ins Museum.",Нет,Нет
vpr_sd_946161,german,11,"Преобразуйте, если это необходимо, слово SPIELEN так, чтобы оно грамматически соответствовало содержанию текста. Das ist allerdings nur in Großstädten möglich. In Hannover ___________ man beispielweise „Steinzeit“.",Нет,Нет
vpr_sd_946128,german,11,"Преобразуйте, если это необходимо, слово JUNG так, чтобы оно грамматически соответствовало содержанию текста. Die _______ Gäste bedienen alte Geräte, mahlen Getreide oder weben Stoffe.",Нет,Нет
vpr_sd_946103,german,11,"Преобразуйте, если это необходимо, слово WUNSCH так, чтобы оно грамматически соответствовало содержанию текста. Manche Jugendliche kommen auch mit speziellen _________.",Нет,Нет
vpr_sd_946070,german,11,"Преобразуйте, если это необходимо, слово DAS так, чтобы оно грамматически соответствовало содержанию текста. So möchten sie selbstgemachte Collagen oder Glasmalereien aus ___________ Museum mit nach Hause nehmen.",Нет,Нет
vpr_sd_945943,german,11,"Mendesantilopen Mendesantilopen sind Wüstentiere, ihre Heimat ist die 13______ Sahara. Doch sie 14______ sich kurz vor dem Aussterben. Dabei kann diese Antilopenart etwas ganz Außerordentliches: Wasser riechen. Die Wüstenantilope kann auf 200 km Entfernung Regen 15______. Mehr noch: Sie spürt 16______ Wasseradern auf, selbst wenn diese 50 Meter unter der Erde verlaufen. Sie folgt ihnen, bis das Wa",Нет,Нет
vpr_sd_945890,german,11,"Вы услышите интервью дважды. Выберите правильный ответ 1, 2 или 3. In welchen Fächern hatte Lea Abitur? 1) Deutsch, Französisch und Mathe. 2) Deutsch, Englisch, und Mathe. 3) Deutsch, Englisch und Französisch.",Да,Нет
vpr_sd_945858,german,11,"Вы услышите интервью дважды. Выберите правильный ответ 1, 2 или 3. Wann war Lea mit dem Abitur fertig? 1) Am Dienstag. 2) Am Mittwoch. 3) Am Donnerstag.",Да,Нет
vpr_sd_945825,german,11,"Вы услышите интервью дважды. Выберите правильный ответ 1, 2 или 3. Was fand Lea sehr nett am ersten Abiturtag? 1) Dass die Prüfung pünktlich angefangen hat. 2) Dass für jeden auf dem Tisch eine Tafel Schokolade lag. 3) Dass das Abitur in einem normalen Klassenzimmer stattfand.",Да,Нет
vpr_sd_945792,german,11,"Вы услышите интервью дважды. Выберите правильный ответ 1, 2 или 3. Was passiert, wenn man während der Prüfung auf die Toilette muss? 1) Man gibt alles dem Lehrer ab und der Lehrer kontrolliert die Zeit. 2) Man wird von den zwei Lehrern, die gerade Schicht haben, begleitet. 3) Man legt alles auf den Lehrertisch und die beiden Lehrer vergleichen die Zeit.",Да,Нет
vpr_sd_945767,german,11,"Вы услышите интервью дважды. Выберите правильный ответ 1, 2 или 3. Wie schnell war Lea mit der Arbeit fertig? 1) Sie war rechtzeitig mit der Arbeit fertig. 2) Sie hatte die Arbeit sehr früh abgegeben. 3) Die Zeit hat nicht gereicht, um fertig zu werden.",Да,Нет
vpr_sd_945706,german,11,"Преобразуйте, если это необходимо, слово KULTUR так, чтобы оно грамматически соответствовало содержанию текста. China ist ein faszinierendes Land: es erwartet Sie eine der großen _____________ der Weltgeschichte. Nehmen wir die Chinesische Mauer, ein Kulturerbe, das weltweit absolut einmalig ist.",Нет,Нет
vpr_sd_945673,german,11,"Преобразуйте, если это необходимо, слова LEBEN и ____ так, чтобы оно грамматически соответствовало содержанию текста. Dieses Land ____________________ zwischen Geschichte und Gegenwart, während es mit Riesenschritten in ___________________ Zukunft als künftige Wirtschaftssupcnnacht galoppiert.",Нет,Нет
vpr_sd_946152,german,11,"Преобразуйте, если это необходимо, слова _____ и SEIN так, чтобы оно грамматически соответствовало содержанию текста. Dieses Land ____________________ zwischen Geschichte und Gegenwart während es mit Riesenschritten in ___________________ Zukunft als künftige Wirtschaftssupcnnacht galoppiert.",Нет,Нет
vpr_sd_946127,german,11,"Преобразуйте, если это необходимо, слово VORBEREITEN так, чтобы оно грамматически соответствовало содержанию текста. Damit man seinen Aufenthalt genießen kann, gibt es ein paar Dinge, auf die man ______________________ sein sollte.",Нет,Нет
vpr_sd_946094,german,11,"Преобразуйте, если это необходимо, слово WENIG так, чтобы оно грамматически соответствовало содержанию текста. Eine beliebte Ballspottart ist Volleyball. Da du dich hier ______________________ bewegst als beim Fußball, verbraucht dein Körper beim Volleyball auch entsprechend weniger Energie.",Нет,Нет
vpr_sd_946061,german,11,"Преобразуйте, если это необходимо, слово KÖNNEN так, чтобы оно грамматически соответствовало содержанию текста. Nur 88 bis 106 Kalorien __________________ du hier in einem 30-minütigen Spiel verbrennen. Anders sieht es jedoch aus, wenn du Beachvolleyball spielst.",Нет,Нет
vpr_sd_945969,german,11,"Katzen Heute 13______ auf der Erde 37 Katzenarten. Die Wissenschaftler teilen diese 14______ in 13 Gattungen. Die Katzen sind seit 15______ Zeit beliebte Haustiere. Die ersten Katzenliebhaber der Geschichte waren die 16______ Ägypter. Bereits vor 3500 Jahren fingen sie an, Katzen 17______ Haustiere zu halten. Das hing damit zusammen, dass Katzen von ihnen verehrt wurden. Es gab damals strenge Gese",Нет,Нет
vpr_sd_945655,german,11,"Stellen Sie sich vor, dass Sie auf einer Wochenendreise einige Fotos gemacht haben. Wählen Sie ein Foto, um es Ihrem Freund/Ihrer Freundin zu zeigen und darüber zu erzählen. Foto 1 Foto 2 Foto 3 Sie haben 2 Minuten Zeit zur Vorbereitung und danach höchstens 2 Minuten Zeit zum Sprechen (12-15 Sätze). Halten Sie sich an folgende Stichpunkte: — wann haben Sie das Foto gemacht — was oder wen zeigt das",Нет,Да
vpr_sd_945880,german,11,"Вы услышите репортаж дважды. Выберите правильный ответ 1, 2 или 3. Mit 12-13 Jahren ... 1) übernahm der Autor die Leitung einer Bibliothek. 2) hat der Autor angefangen leidenschaftlich zu lesen. 3) konnte der Autor aus der Bücherei dicke Bücher ausleihen.",Да,Нет
vpr_sd_945848,german,11,"Вы услышите репортаж дважды. Выберите правильный ответ 1, 2 или 3. Der Autor hat den dritten Band von Winnetou nicht gelesen, weil... 1) das Buch ihm zu traurig schien. 2) es das Buch in der Bücherei nicht gab. 3) er lieber Tiergeschichten und Krimis las.",Да,Нет
vpr_sd_945823,german,11,"Вы услышите репортаж дважды. Выберите правильный ответ 1, 2 или 3. Heute liest der Autor am liebsten ... 1) Krimis. 2) Romane 3) Gedichte",Да,Нет
vpr_sd_945790,german,11,"Вы услышите репортаж дважды. Выберите правильный ответ 1, 2 или 3. Hörbücher 1) akzeptiert der Autor nicht. 2) findet der Autor sehr bequem. 3) gab es nur im Haus, als seine Frau noch lebte.",Да,Нет
vpr_sd_945758,german,11,"Вы услышите репортаж дважды. Выберите правильный ответ 1, 2 или 3. Die meisten Bücher liest der Autor ... 1) während der Arbeitszeit. 2) wenn seine Frau ihn darum bittet. 3) wenn er im Urlaub ist.",Да,Нет
vpr_sd_945229,german,11,"Установите соответствие между текстами и рубриками, выбрав рубрику из выпадающего списка. Используйте каждую рубрику только один раз. В задании одна рубрика лишняя. Выпадающий список : 1. Die Anwenderzahl steigt stetig 2. Mehr als ein Telefon 3. Fahrschulbögen auf dem Smartphone 4. Beziehungs-und Gefuhlsmanagement 5. Selbstdarstellung und Spaß 6. Handys sind höchstwahrscheinlich ungefährlich A. Au",Нет,Нет
vpr_sd_945699,german,11,"Преобразуйте, если это необходимо, слово KLEID так, чтобы оно грамматически соответствовало содержанию текста. Wie die Arbeit uns anzieht Privat trägt sie gerne Jeans und T-Shirts. Ihr neues Leben als Berufspolitikerin brachte dann aber einen Garderobenwechsel mit sich – mit mehr Blusen und __________________, Stoffhosen statt Jeans.",Нет,Нет
vpr_sd_945666,german,11,"Преобразуйте, если это необходимо, слово NEHMEN так, чтобы оно грамматически соответствовало содержанию текста. Unangenehm findet sie das nicht, es gehört halt dazu. “Man achtet darauf, was man trägt”, sagt Josefine Paul. “In meinem Alter, mit 28 Jahren, möchte man auch, dass man ernst __________________ wird.",Нет,Нет
vpr_sd_946145,german,11,"Преобразуйте, если это необходимо, слово LEICHT так, чтобы оно грамматически соответствовало содержанию текста. Das ist manchmal eben ein bisschen __________________, als wenn man Bluse und Blazer trägt.”",Нет,Нет
vpr_sd_946112,german,11,"Преобразуйте, если это необходимо, слово EIN так, чтобы оно грамматически соответствовало содержанию текста. Dürfen wir bleiben? Flüchtlinge sind schwach. Das habe ich zumindest lange Zeit gedacht. Denn sie hocken in __________________ Zeltlager und hoffen, dass ihnen jemand Decken und Medikamente, Essen und etwas zu trinken bringt.",Нет,Нет
vpr_sd_946087,german,11,"Преобразуйте, если это необходимо, слово ZELTLAGER так, чтобы оно грамматически соответствовало содержанию текста. Dann habe ich bei meinem Besuch eines __________________ Massoud und Leyla aus Irak kennen gelernt.",Нет,Нет
vpr_sd_946054,german,11,"Преобразуйте, если это необходимо, слово BESORGEN так, чтобы оно грамматически соответствовало содержанию текста. Massoud war ziemlich groß und kräftig, Leyla rannte ständig herum, um irgendetwas für ihre drei Kinder __________________. Je länger ich Massoud und Leyla damals beobachtete, desto mehr dachte ich: Flüchtlinge sind gar nicht so schwach.",Нет,Нет
vpr_sd_945385,german,11,Die Verbreitung der deutschen Schriftsprache Zwei Männer waren sehr wichtig für die Verbreitung der deutschen Schriftsprache. Johannes Gutenberg 13______ die moderne Druckpresse und stellte damit die ersten Bücher her. Seine Bibelausgabe von 1455 war aber noch auf 14______. Der Kirchenreformator Martin Luther 15______ Bücher auf Deutsch und übersetzte als Erster die ganze Bibel ins Deutsche. Um 15,Нет,Нет
vpr_sd_945917,german,11,Wer hat an einem Schüleraustauschprogramm teilgenommen? 1) Oliver 2) Maja 3) Beide,Да,Нет
vpr_sd_945918,german,11,Wer hat den Sprachkurs besucht? 1) Oliver 2) Maja 3) Niemand,Да,Нет
vpr_sd_945919,german,11,Wer hatte Probleme in der Schule? 1) Oliver 2) Maja 3) Beide,Да,Нет
vpr_sd_945912,german,11,Wer will nach der Schule an einer technischen Universität studieren? 1) Oliver 2) Maja 3) Beide,Да,Нет
vpr_sd_945913,german,11,Wer lernt noch die zweite Fremdsprache? 1) Oliver 2) Maja 3) Niemand,Да,Нет
vpr_sd_945220,german,11,"Установите соответствие между текстами и рубриками, выбрав рубрику из выпадающего списка. Используйте каждую рубрику только один раз. В задании одна рубрика лишняя. Выпадающий список : 1. Weltoffener Tanz 2. Tanzflächen machen die Stadt lebendiger 3. Studienangebote für Vollbeschäftigte 4. Für mehr Erfahrung ins Ausland 5. Beispiellose Räum-Aktion 6. Tausende Mobiltelefone Jugendheimen geschenkt A",Нет,Нет
vpr_sd_945705,german,11,"Преобразуйте, если это необходимо, слово DIE так, чтобы оно грамматически соответствовало содержанию текста. Puan Klent ist ein Jugenderholungsheim und liegt in den Dünen zwischen Rantum und Hörnum im Süden der Insel. Auf _____________ Ostseite ist Watt und auf der Westseite sind hohe Wellen und Brandung.",Нет,Нет
vpr_sd_945672,german,11,"Преобразуйте, если это необходимо, слово GROß так, чтобы оно грамматически соответствовало содержанию текста. Man kann dort Wattwanderungen machen und mit dem Bus nach Westerland fahren. Westerland ist die _________ Stadt auf Sylt.",Нет,Нет
vpr_sd_946159,german,11,"Преобразуйте, если это необходимо, слово DAUERN так, чтобы оно грамматически соответствовало содержанию текста. Wir fuhren von Stade aus mit der S-Bahn nach Hamburg- Altona und von dort mit der NOB nach Westerland. Die Fahrt ________________ ca. 4 Stunden.",Нет,Нет
vpr_sd_946126,german,11,"Преобразуйте, если это необходимо, слово BRINGEN так, чтобы оно грамматически соответствовало содержанию текста. In Westerland wurden wir mit dem Bus abgeholt und zum Ziel __________________.",Нет,Нет
vpr_sd_946093,german,11,"Преобразуйте, если это необходимо, слово HABEN так, чтобы оно грамматически соответствовало содержанию текста. Während unseres Aufenthalts haben wir eine Wattwanderung und eine Schiffstour unternommen und waren auch in Westerland. Aber wir ________________ auch viel freie Zeit.",Нет,Нет
vpr_sd_946060,german,11,"Преобразуйте, если это необходимо, слово FALL так, чтобы оно грамматически соответствовало содержанию текста. Am Strand beaufsichtigten zwei Bademeister alle Schüler, die mit ins kalte Wasser wollten. Auch ein Arzt war am Strand für alle __________________ anwesend.",Нет,Нет
vpr_sd_945955,german,11,"Die Weltbevölkerung Die Weltbevölkerung wächst immer 13______ und immer wieder stellt man die Frage: Wie viele Menschen leben auf der Welt? In Asien leben 4,1 Milliarden Menschen, das 14______ einem Prozentsatz von 60,3 Prozent. Somit lebt mehr als die 15______ aller Menschen in Asien. In dieser Statistik wird die Türkei als 16______ Land mitgerechnet. In der Volksrepublik China leben alleine 1,34",Нет,Нет
vpr_sd_945896,german,11,"Diese Fotos stammen aus Ihrem Fotoalbum. Wählen Sie ein Foto, um es Ihrem Freund/Ihrer Freundin zu zeigen und darüber zu erzählen. Foto 1 Foto 2 Foto 3 Sie haben 2 Minuten Zeit zur Vorbereitung und danach höchstens 2 Minuten Zeit zum Sprechen (12–15 Sätze). Halten Sie sich an folgende Stichpunkte: 1) wann haben Sie das Foto gemacht 2) was oder wen zeigt das Foto 3) was passiert da gerade 4) warum ",Нет,Да
vpr_sd_945889,german,11,"Вы услышите интервью дважды. Выберите правильный ответ 1, 2 или 3. Alia ist … 1) Ärztin. 2) Ingenieurin. 3) Botschafterin.",Да,Нет
vpr_sd_945857,german,11,"Вы услышите интервью дважды. Выберите правильный ответ 1, 2 или 3. Alia ist die einzige Frau in diesem Beruf in ihrem Land, weil … 1) Frauen nicht als Ingenieure oder Ärzte arbeiten dürfen. 2) der Beruf selten und die Ausbildung teuer ist. 3) Frauen in diesem Beruf zu viel Aufmerksamkeit bekommen.",Да,Нет
vpr_sd_945824,german,11,"Вы услышите интервью дважды. Выберите правильный ответ 1, 2 или 3. Alias Familie … 1) weiß nichts von ihrer Berufswahl. 2) war gegen ihren Berufswunsch. 3) hat sie in ihrer Karriere unterstützt.",Да,Нет
vpr_sd_945799,german,11,"Вы услышите интервью дважды. Выберите правильный ответ 1, 2 или 3. Alia hat diesen Beruf gewählt, weil … 1) sie schon als Kind mit Flugzeugen statt mit Puppen gespielt hat. 2) sie den Beruf bei ihrem Bruder im College kennengelernt hat. 3) sie als Ärztin oder Lehrerin nicht arbeiten darf.",Да,Нет
vpr_sd_945766,german,11,"Вы услышите интервью дважды. Выберите правильный ответ 1, 2 или 3. Alias Arbeitskollegen haben … 1) am Anfang gezweifelt, dass sie die Arbeit gut machen kann. 2) gedacht, dass sie das College nach drei Monaten verlässt. 3) alles dafür getan, damit sie das Team schnell verlässt.",Да,Нет
vpr_sd_945242,german,11,"Установите соответствие между текстами и рубриками, выбрав рубрику из выпадающего списка. Используйте каждую рубрику только один раз. В задании одна рубрика лишняя. Выпадающий список : 1. Energiequelle für die Muskeln 2. Überall ist sie super! 3. Deutsche Leser lieben Krimis 4. Von der Bergwiese in die Antarktis 5. Theaterspiel für jedermann 6. Illegale Downloads schaden den Künstlern A. In unmitt",Нет,Нет
vpr_sd_945701,german,11,"Преобразуйте, если это необходимо, слово PENSIONIEREN так, чтобы оно грамматически соответствовало содержанию текста. Überrasch mal deinen Lieblingslehrer! Was schenkt man einem beliebten Lehrer, der __________________ wird?",Нет,Нет
vpr_sd_945668,german,11,"Преобразуйте, если это необходимо, слово LADEN так, чтобы оно грамматически соответствовало содержанию текста. Schüler im sächsischen Ebersbach kamen auf eine ganz besondere Lösung. Sie __________________ den Lehrer und seine Frau in ein Dresdner Hotel ein.",Нет,Нет
vpr_sd_946155,german,11,"Преобразуйте, если это необходимо, слово IHR так, чтобы оно грамматически соответствовало содержанию текста. Zur Begrüßung schenkten die Schüler den beiden Sekt ein und trugen die Taschen __________________ Gäste auf das Hotelzimmer.",Нет,Нет
vpr_sd_946122,german,11,"Преобразуйте, если это необходимо, слово FÜRSTERLICH так, чтобы оно грамматически соответствовало содержанию текста. Ein __________________ Menü war für beide da schon serviert. Danach führten sie sie in die Dresdner Oper aus.",Нет,Нет
vpr_sd_946089,german,11,"Преобразуйте, если это необходимо, слово TAG так, чтобы оно грамматически соответствовало содержанию текста. „Big Brother“ Man kann zur Zeit im deutschen Fernsehen sehen, wie Menschen 100 __________________ zusammen in einem Containerhaus wohnen.",Нет,Нет
vpr_sd_946056,german,11,"Преобразуйте, если это необходимо, слово FERNSEHZUSCHAUER так, чтобы оно грамматически соответствовало содержанию текста. Jede Woche muss einer das Haus verlassen – ausgewählt von __________________. „Big Brother“ heißt die Show, die vor allem bei Jugendlichen beliebt ist.",Нет,Нет
vpr_sd_945407,german,11,"Das Feuer Seit Monaten 13______ weite Flachen Indonesiens. Inzwischen sollen 2000 Feuer auf den 14______ Sumatra und Borneo gelegt worden sein. Regenwaldflachen verschwinden, um an gleicher Stelle in Palmol- und Papierplantagen anzulegen. Damit verbunden ist eine 15______ Luftverschmutzung, ausgelöst durch den Rauch, der aus klimaschädlichen Treibhausgasen besteht. 40 Millionen 16______ leiden an ",Нет,Нет
vpr_sd_945176,german,11,"Вы услышите диалог. Запишите в поле ответа цифру 1, 2, 3 или 4, соответствующую выбранному Вами варианту ответа. Вы услышите запись дважды. Wer macht Parkour? 1) Lora 2) Otto 3) Beide 4) Niemand",Да,Нет
vpr_sd_945177,german,11,"Вы услышите диалог. Запишите в поле ответа цифру 1, 2, 3 или 4, соответствующую выбранному Вами варианту ответа. Вы услышите запись дважды. Wer kann sehr gut klettern? 1) Lora 2) Otto 3) Beide 4) Niemand",Да,Нет
vpr_sd_945178,german,11,"Вы услышите диалог. Запишите в поле ответа цифру 1, 2, 3 или 4, соответствующую выбранному Вами варианту ответа. Вы услышите запись дважды. Wer hat in einem wichtigen Wettbewerb gewonnen? 1) Lora 2) Otto 3) Beide 4) Niemand",Да,Нет
vpr_sd_945179,german,11,"Вы услышите диалог. Запишите в поле ответа цифру 1, 2, 3 или 4, соответствующую выбранному Вами варианту ответа. Вы услышите запись дважды. Wer ist in seiner Sportart Profi? 1) Lora 2) Otto 3) Beide 4) Niemand",Да,Нет
vpr_sd_945172,german,11,"Вы услышите диалог. Запишите в поле ответа цифру 1, 2, 3 или 4, соответствующую выбранному Вами варианту ответа. Вы услышите запись дважды. Wer vergleicht Parkour mit der Kunst? 1) Lora 2) Otto 3) Beide 4) Niemand",Да,Нет
vpr_sd_945213,german,11,"Установите соответствие между текстами и рубриками, выбрав рубрику из выпадающего списка. Используйте каждую рубрику только один раз. В задании одна рубрика лишняя. Выпадающий список : 1. Umweltfreundliche Verkehrsmittel 2. Rekorde aus Russland 3. Eine wichtige Erfindung 4. Verkehrsprobleme in Städten 5. Schnellzüge in China 6. Komfort für Passagiere A. Die Erfindung der Eisenbahn hat unser Leben ",Нет,Нет
vpr_sd_945194,german,11,"Преобразуйте, если это необходимо, слово SPAZIERGANG так, чтобы оно грамматически соответствовало содержанию текста. Stadtführungen in Sankt Petersburg Perfekt für den ersten Eindruck vorn Stadtzentrum sind die __________________, die jeden Tag vor der Eremitage auf dem Schlossplatz starten.",Нет,Нет
vpr_sd_945195,german,11,"Преобразуйте, если это необходимо, слово JEDER так, чтобы оно грамматически соответствовало содержанию текста. Mit __________________ Bus, der über den New ski-Prospekt fahrt, kann man eine Rundfahrt durch das Zentrum machen.",Нет,Нет
vpr_sd_945188,german,11,"Преобразуйте, если это необходимо, слово IDEAL так, чтобы оно грамматически соответствовало содержанию текста. Auch die Metro ist ein __________________ Transportmittel, um möglichst viel zu sehen.",Нет,Нет
vpr_sd_945189,german,11,"Преобразуйте, если это необходимо, слово TIEF так, чтобы оно грамматически соответствовало содержанию текста. Die U-Bahn in Sankt Petersburg gehört zu den__________________ der Welt — und manche Stationen auch zu den schönsten.",Нет,Нет
vpr_sd_945190,german,11,"Преобразуйте, если это необходимо, слово EINE так, чтобы оно грамматически соответствовало содержанию текста. Im Sommer soll man unbedingt an __________________ Kanaltour teilnehmen.",Нет,Нет
vpr_sd_945191,german,11,"Преобразуйте, если это необходимо, слово VERSTEHEN так, чтобы оно грамматически соответствовало содержанию текста. Die veränderte Perspektive auf die Stadt vom Wasser aus ist sehenswert, außerdem __________________ man dann den zweiten Namen Sankt Petersburgs: Venedig des Nordens. Man sagt, hier gibt cs 340 Brücken. Kanäle sind in der ganzen Stadt zu sehen.",Нет,Нет
vpr_sd_945617,german,11,"Die Nordsee wird wärmer An die Nordsee fahren viele Kinder mit ihren Eltern in den 13 ______. Experten haben sich angesehen, wie 14 ______ das Wasser der Nordsee ist. Die Temperaturen sind in den vergangenen 45 Jahren um fast zwei Grad Celsius 15 ______. Die Nordsee erwărmt sich sogar doppelt so schnell wie die weltweiten Ozeane. Nicht alle Fische zum Beispiel kommen mit hŏheren 16 ______ zurecht.",Нет,Нет
vpr_sd_945887,german,11,"Вы услышите репортаж дважды. Выберите правильный ответ 1, 2 или 3. ""Peace Wall"" ist eine Wand, die ... 1) mit Kultur eines Landes bekannt macht. 2) eine Friedensbotschaft vermittelt. 3) örtliche Politik verständlich macht.",Да,Нет
vpr_sd_945855,german,11,"Вы услышите репортаж дважды. Выберите правильный ответ 1, 2 или 3. Als Vogel den Irak besuchte, ... 1) warnte man ihn vor der Reise. 2) fuhr er mit dem Auto über die Grenze. 3) wurde er von Amtleuten verfolgt.",Да,Нет
vpr_sd_945822,german,11,"Вы услышите репортаж дважды. Выберите правильный ответ 1, 2 или 3. Als Vogel im Irak arbeitete, ... 1) waren die Iraker von seinem Mut beeindruckt. 2) war seine Malerei nur Kindern interessant. 3) beleuchteten die Medien seine Arbeit.",Да,Нет
vpr_sd_945789,german,11,"Вы услышите репортаж дважды. Выберите правильный ответ 1, 2 или 3. In Kingston hat es Vogel besonders beeindruckt, ... 1) dass die Kinder auf Hausbooten wohnen. 2) wie sich das Leben in armen Vierteln abspielt. 3) dass er einem Treffen mit Rebellenführern persönlich beiwohnen konnte.",Да,Нет
vpr_sd_945757,german,11,"Вы услышите репортаж дважды. Выберите правильный ответ 1, 2 или 3. Es kam auch während Vogels Reisen dazu, dass ... 1) er sich mehrmals Gefahr ausgesetzt hat. 2) er sich am Aufstand beteiligte. 3) er illegal eine Grenze passierte.",Да,Нет
vpr_sd_945238,german,11,"Установите соответствие между текстами и рубриками, выбрав рубрику из выпадающего списка. Используйте каждую рубрику только один раз. В задании одна рубрика лишняя. Выпадающий список : 1. Sein eigener Chef 2. Das Auto, das zu mir passt 3. Wir zahlen alle dafür 4. Chef in einem Parkhaus 5. Straßen zu eng 6. Autos für die Umwelt A. Die Feuerwehr in Glücksstadt ist besorgt über zu enge Straßen und un",Нет,Нет
vpr_sd_945702,german,11,"Преобразуйте, если это необходимо, слово BILD так, чтобы оно грамматически соответствовало содержанию текста. Das Herz eines Helden Schauspieler Nicolas Cage liebt Science-Fiction und Comics, darum ist der Schauspieler mit seinem aktuellen Thriller «Next» gerade sehr zufrieden. Die US-TV-Hitserie «Heroes» zeigt es in bunten __________________: Superhelden sind unter uns, überall.",Нет,Нет
vpr_sd_945669,german,11,"Преобразуйте, если это необходимо, слово VORAUSSEHEN так, чтобы оно грамматически соответствовало содержанию текста. Nach seinem Auftritt als Comic-Hero in «Ghost Rider» spielt er nun in «Next» Cris Johnson, der die Gabe hat, zwei Minuten voraus die Zukunft __________________.",Нет,Нет
vpr_sd_946148,german,11,"Преобразуйте, если это необходимо, слово SEIN так, чтобы оно грамматически соответствовало содержанию текста. Auf Grund dieser Tatsache ist es ihm möglich, den Verlauf der Zukunft mit __________________ eigenen Handeln immer wieder zu verändern.",Нет,Нет
vpr_sd_946123,german,11,"Преобразуйте, если это необходимо, слово JAGEN так, чтобы оно грамматически соответствовало содержанию текста. Als eine nukleare Katastrophe Los Angeles zu vernichten droht, wird Johnson vom FBI __________________,",Нет,Нет
vpr_sd_946090,german,11,"Преобразуйте, если это необходимо, слово DER так, чтобы оно грамматически соответствовало содержанию текста. denn man erhofft sich, mit seinen Fähigkeiten __________________ Anschlag verhindern zu können.",Нет,Нет
vpr_sd_946057,german,11,"Преобразуйте, если это необходимо, слово FINDEN так, чтобы оно грамматически соответствовало содержанию текста. Cage __________________ die Rolle klasse, weil sie eine große Herausforderung war.",Нет,Нет
vpr_sd_945883,german,11,"Вы услышите репортаж дважды. Выберите правильный ответ 1, 2 или 3. Die Fahrt mit dem Bus nach Berlin war sehr... 1) lang. 2) langweilig. 3) anstrengend.",Да,Нет
vpr_sd_945851,german,11,"Вы услышите репортаж дважды. Выберите правильный ответ 1, 2 или 3. Das Abendessen im Hotel hat... 1) nur den Jungs geschmeckt. 2) wie Mamas Küche geschmeckt. 3) allen nicht sehr gut geschmeckt.",Да,Нет
vpr_sd_945818,german,11,"Вы услышите репортаж дважды. Выберите правильный ответ 1, 2 или 3. Nach dem Abendessen haben die Jugendlichen ... 1) sich die Umgebung angesehen. 2) die Betten bezogen. 3) das Willy-Brandt-Haus besucht.",Да,Нет
vpr_sd_945785,german,11,"Вы услышите репортаж дважды. Выберите правильный ответ 1, 2 или 3. Die Jugendlichen haben nicht ausgeschlafen, weil... 1) die Nacht sehr kurz war. 2) die S-Bahn sehr laut war. 3) das Frühstück sehr früh anfing.",Да,Нет
vpr_sd_945302,german,11,"Вы услышите репортаж дважды. Выберите правильный ответ 1, 2 или 3. Das Frühstück hat allen gefallen, weil... 1) man beim Frühstück eine schöne Aussicht auf Berlin genießen konnte. 2) das Frühstück immer besonders gut geschmeckt hat. 3) nach dem Schlaf alle jungen Leute immer sehr hungrig waren.",Да,Нет
vpr_sd_945153,german,11,"Установите соответствие между текстами и рубриками, выбрав рубрику из выпадающего списка. Используйте каждую рубрику только один раз. В задании одна рубрика лишняя. Выпадающий список : 1. Finanzen 2. Schulfächer 3. Umfragen 4. Gesundheit 5. Sport 6. Charakter A. Was macht uns eigentlich glücklich? Der Ökonom und Glücksforscher Bruno Frey von der Universität Zürich und seine Kollegen betragen regel",Нет,Нет
vpr_sd_945164,german,11,"Reise auf der Wolga Die Wolga ist der längste Fluss Europas. Sie 13 ______ durch den europäischen Teil Russlands und mündet ins Kaspische Meer. Während einer Reise auf der Wolga kann man viele schöne altrussische 14 ______ kennen lernen. 170 km nordwestlich von Moskau 15______ Twer, das eine der ältesten russischen Städte ist. Das Schloss Katharinas der Großen, in dem sich heute ein Kunstmuseum be",Нет,Нет
vpr_sd_945237,german,11,"Установите соответствие между текстами и рубриками, выбрав рубрику из выпадающего списка. Используйте каждую рубрику только один раз. В задании одна рубрика лишняя. Выпадающий список : 1. Jugend forscht 2. Warten auf Schüleraustausch 3.5. Jahre Sprache vermitteln 4. Die Atmosphäre der deutschen Hauptstadt 5. Deutschkurse für Studenten 6. Im Urlaub Sprachen lernen A. Das Projekt „Deutsch lernen“ in",Нет,Нет
vpr_sd_945697,german,11,"Преобразуйте, если это необходимо, слово NENNEN так, чтобы оно грамматически соответствовало содержанию текста. Das Schicksal der Weihnachtsgeschenke Das typisch deutsche Weihnachten kann man sich ohne Weihnachtsgeschenke kaum vorstellen. Am frühen Abend am 24. Dezember, auch Heiligabend __________________, werden im Familienkreis Geschenke ausgetauscht.",Нет,Нет
vpr_sd_945664,german,11,"Преобразуйте, если это необходимо, слово IHR так, чтобы оно грамматически соответствовало содержанию текста. Das ist vor allem für die Kinder spannend. Sie hoffen, dass das Christkind oder der Weihnachtsmann rechtzeitig __________________ Wunschlisten bekommt.",Нет,Нет
vpr_sd_946151,german,11,"Преобразуйте, если это необходимо, слово LANG так, чтобы оно грамматически соответствовало содержанию текста. Für die Erwachsenen ist es natürlich ein schönes Gefühl, die Wünsche ihrer Kinder erfüllen zu können. Die Wunschlisten werden in den letzten Jahren jedoch immer __________________. Es wird eine Menge überflüssiger Dinge gekauft.",Нет,Нет
vpr_sd_946118,german,11,"Преобразуйте, если это необходимо, слово WEGWERFEN так, чтобы оно грамматически соответствовало содержанию текста. Schon bald nach dem Fest werden sie meistens __________________.",Нет,Нет
vpr_sd_946085,german,11,"Преобразуйте, если это необходимо, слово EIN так, чтобы оно грамматически соответствовало содержанию текста. Weihnachtssymbole Das klassische Rathaus in Gegenbach hat genau 24 Fenster. Es wird in der Vorweihnachtszeit zu __________________ riesigen Adventskalender.",Нет,Нет
vpr_sd_946052,german,11,"Преобразуйте, если это необходимо, слово DIE так, чтобы оно грамматически соответствовало содержанию текста. Wenn man im Dezember an dem Haus vorbeiläuft, denkt man an leckere Lebkuchen, das Christkind und schöne Geschenke. Hinter __________________ Fensterläden gibt es keine Geschenke, sondern Kunst.",Нет,Нет
vpr_sd_945184,german,11,"Schulfach Ernährung Wer sich gesund ernährt, kann sich besser vor Krankheiten schützen und ist 13 ______ . Doch was bedeutet gesunde Ernährung? Die Deutschen meinen, gesunde Ernährung 14______ man wie Deutsch und Mathe in der Schule lehren. Die Eltern halten ein Schulfach Ernährung für eine gute 15______. Die Menschen in Deutschland wollen aber auch Regeln für das Schulesscn.Fachleute 16______prüf",Нет,Нет
vpr_sd_945203,german,11,"Diese Fotos stammen aus Ihrem Fotoalbum. Wählen Sie ein Foto, um es Ihrem Freund/Ihrer Freundin zu zeigen und darüber zu erzählen. Foto 1 Foto 2 Foto 3 Sie haben 2 Minuten Zeit zur Vorbereitung und danach höchstens 2 Minuten Zeit zum Sprechen (12-15 Sätze). Halten Sie sich an folgende Stichpunkte: — wann haben Sie das Foto gemacht — was oder wen zeigt das Foto — was passiert da gerade — warum bewa",Нет,Да
vpr_sd_945892,german,11,"Вы услышите интервью дважды. Выберите правильный ответ 1, 2 или 3. Sabine hat das Referendariat durchlaufen, wo man... 1) weiter Seminare besucht und auch geprüft wird. 2) gleich die Seiten wechselt, also zum Lehrenden wird. 3) den Unterricht des Schulleiters besuchen kann.",Да,Нет
vpr_sd_945860,german,11,"Вы услышите интервью дважды. Выберите правильный ответ 1, 2 или 3. Wie fühlt sich Sabine vor dem ersten Schultag? 1) Sie hat Bauchweh. 2) Sie freut sich darauf. 3) Sie hat Angst vor Neuem.",Да,Нет
vpr_sd_945835,german,11,"Вы услышите интервью дважды. Выберите правильный ответ 1, 2 или 3. Eine große Herausforderung für Sabine ist es, ... 1) alle Schüler mit Namen zu nennen. 2) die neuen Kollegen kennen zu lernen. 3) 200 neue Schüler an zwei Gymnasien zu haben",Да,Нет
vpr_sd_945802,german,11,"Вы услышите интервью дважды. Выберите правильный ответ 1, 2 или 3. Was findet Sabine spannend? 1) Ihr Fachwissen auf die Probe zu stellen. 2) So zu machen, dass jeder sich angesprochen fühlt. 3) Die Reaktion der Schüler auf sie.",Да,Нет
vpr_sd_945769,german,11,"Вы услышите интервью дважды. Выберите правильный ответ 1, 2 или 3. Mit welchen Schülern wird Sabine arbeiten? 1) Mit Schülern der oberen Stufe. 2) Mit den Mittelschülern. 3) Mit den Fünftklässlern.",Да,Нет
vpr_sd_945227,german,11,"Установите соответствие между текстами и рубриками, выбрав рубрику из выпадающего списка. Используйте каждую рубрику только один раз. В задании одна рубрика лишняя. Выпадающий список : 1. Eine neue Art des Fremdsprachenunterrichts 2. Internettechnologien fördern Kontakte 3. Weniger Artikel über Umweltschutz 4. Wälder unter Dauerstress 5. Alltag im Ausland mal erleben 6. Klimawandel bedroht die Umw",Нет,Нет
vpr_sd_945921,german,11,"Klimawandel Schon heute spüren wir 13______ auf der Welt die Folgen des Klimawandels. Das Jahr 2014 war das 14______ seit Beginn der Wetteraufzeichnungen. Vierzehn der 15 wärmsten Jahre liegen in unserem noch 15______ 21. Jahrhundert. Für viele Menschen, vor allem in Sub-Sahara Afrika und in Südasien ist der Klimawandel bereits heute eine unmittelbare 16______. Trinkwasser wird knapp, Böden vertro",Нет,Нет
vpr_sd_945884,german,11,"Вы услышите интервью дважды. Выберите правильный ответ 1, 2 или 3. In die Schule … 1) geht Veronika zu Fuß. 2) fährt Veronika mit dem Fahrrad. 3) fährt Veronika mit dem Bus.",Да,Нет
vpr_sd_945852,german,11,"Вы услышите интервью дважды. Выберите правильный ответ 1, 2 или 3. Vor dem Unterricht … 1) geht Veronika in die Bücherei, um Bücher auszuleihen. 2) spricht Veronika mit ihren Bekannten über das Lernen. 3) steht Veronika mit den Freundinnen und hört ihnen zu.",Да,Нет
vpr_sd_945827,german,11,"Вы услышите интервью дважды. Выберите правильный ответ 1, 2 или 3. Der Deutschlehrer ist besonders gut, weil er … 1) mit den Schülern viel diskutiert. 2) auf den einzelnen Schüler eingeht. 3) keine Mitarbeitsnoten vergibt.",Да,Нет
vpr_sd_945794,german,11,"Вы услышите интервью дважды. Выберите правильный ответ 1, 2 или 3. Die Diskussionen im Deutschunterricht … 1) gefallen Veronika sehr, weil die Schüler eigene Meinung äußern können. 2) findet Veronika nicht gut, weil die Schüler keine stichhaltigen Argumente bringen. 3) gefallen Veronika nicht, weil diese sehr viel Zeit in Anspruch nehmen.",Да,Нет
vpr_sd_945762,german,11,"Вы услышите интервью дважды. Выберите правильный ответ 1, 2 или 3. …, dass die Schüler aufstehen und den Lehrer gemeinsam grüßen. 1) Alle Lehrer verlangen 2) Keine Lehrer verlangen 3) Nur der Deutschlehrer verlangt nicht",Да,Нет
vpr_sd_945914,german,11,"Установите соответствие между текстами и рубриками, выбрав рубрику из выпадающего списка. Используйте каждую рубрику только один раз. В задании одна рубрика лишняя. Выпадающий список : 1. Geografie 2. Sehenswürdigkeiten 3. Geschichte 4 Persönlichkeiten 5. Innovationen 6. Statistiken А. Ein Elektroauto ist ein Auto, das elektrisch betrieben wird — es fährt also mit Strom. Weil Elektroautos dadurch ",Нет,Нет
vpr_sd_945945,german,11,"Schimpansen Schimpansen sind die ungekrönten Artisten des 13______. Sie bewegen sich durch die 14______ Baumhöhen – meist in einer Höhe von 3 bis 6 Metern. In dieser Höhe besitzen sie ""Flugwege"" zwischen Ästen und Baumkronen. Sie 15______ ihr Revier mit lauten Rufen. Ihre spitzen Schreie sind über zwei Kilometer weit zu 16______. Sie bilden die Grundmelodie des Dschungels. Schimpansen sind nicht 1",Нет,Нет
vpr_sd_945156,german,11,"Вы услышите диалог. Запишите в поле ответа цифру 1, 2, 3 или 4, соответствующую выбранному Вами варианту ответа. Вы услышите запись дважды. Wer schlägt vor, die Präsentation über Gutenberg zu machen? 1) Neie 2) Max 3) Beide 4) Niemand",Да,Нет
vpr_sd_945157,german,11,"Вы услышите диалог. Запишите в поле ответа цифру 1, 2, 3 или 4, соответствующую выбранному Вами варианту ответа. Вы услышите запись дважды. Wer erzählt über Haribo-Gummibärchen? 1) Neie 2) Max 3) Beide 4) Niemand",Да,Нет
vpr_sd_945158,german,11,"Вы услышите диалог. Запишите в поле ответа цифру 1, 2, 3 или 4, соответствующую выбранному Вами варианту ответа. Вы услышите запись дважды. Wer wusste nicht, dass Fanta eine deutsche Erfindung ist? 1) Neie 2) Max 3) Beide 4) Niemand",Да,Нет
vpr_sd_945159,german,11,"Вы услышите диалог. Запишите в поле ответа цифру 1, 2, 3 или 4, соответствующую выбранному Вами варианту ответа. Вы услышите запись дважды. Wer möchte über Computer als eine deutsche Erfindung sprechen? 1) Neie 2) Max 3) Beide 4) Niemand",Да,Нет
vpr_sd_945152,german,11,"Вы услышите диалог. Запишите в поле ответа цифру 1, 2, 3 или 4, соответствующую выбранному Вами варианту ответа. Вы услышите запись дважды. Wer möchte eine Präsentation über zwei Erfindungen vorbereiten? 1) Neie 2) Max 3) Beide 4) Niemand",Да,Нет
vpr_sd_945979,german,11,"Der Pluto Vor kurzem wurde der 13______ Planet des Sonnensystems entdeckt. Das 14______ im Jahr 1930. Die Wissenschaftler suchten systematisch nach diesem 15______. Sie haben seine Position vorgesagt, aber es gab keine Beweise seiner Existenz. Dieser Planet war sehr entfernt, damit man ihn mit Hilfe von damaligen Teleskopen entdecken konnte. Ein 16______ Entdecker hat die ersten Aufnahmen des neue",Нет,Нет
vpr_sd_945230,german,11,"Установите соответствие между текстами и рубриками, выбрав рубрику из выпадающего списка. Используйте каждую рубрику только один раз. В задании одна рубрика лишняя. Выпадающий список : 1. Gleich nach der Ankunft in die Stadt 2. Eine Kreuzfahrt älteren Menschen 3. Ein neues Konzept einer Kreuzfahrt 4. Amerika in drei Jahren durchreisen 5. Mit dem Bus die Stadt kennen lernen 6. Mit der Bahnfahrt ein",Нет,Нет
vpr_sd_945163,german,11,"Diese Fotos stammen aus Ihrem Fotoalbum. Wählen Sie ein Foto, um es Ihrem Freund/Ihrer Freundin zu zeigen und darüber zu erzählen. 1 2 3 Sie haben 2 Minuten Zeit zur Vorbereitung und danach höchstens 2 Minuten Zeit zum Sprechen (12-15 Sätze). Halten Sie sich an folgende Stichpunkte: — wann haben Sie das Foto gemacht — was oder wen zeigt das Foto — was passiert da gerade — warum bewahren Sie das Fo",Нет,Да
vpr_sd_945193,german,11,"Установите соответствие между текстами и рубриками, выбрав рубрику из выпадающего списка. Используйте каждую рубрику только один раз. В задании одна рубрика лишняя. Выпадающий список : 1. Umweltschutz 2. Geschichte unseres Planeten 3. Schulprojekte 4. Wissenschaftliche Begriffe 5. Umweltfreundliche Tipps 6. Erderwärmung A. ""Klima"" ist ein Wort, das aus dem Griechischen stammt. Heute verstehen wir ",Нет,Нет
vpr_sd_945154,german,11,"Преобразуйте, если это необходимо, слово SICH так, чтобы оно грамматически соответствовало содержанию текста. Tolstoi oder Tschechow? Für viele, die _________ für Russland und russische Kultur interessieren, ist es eine großartige Idee, russische Autoren zu lesen.",Нет,Нет
vpr_sd_945155,german,11,"Преобразуйте, если это необходимо, слово GEHÖREN так, чтобы оно грамматически соответствовало содержанию текста. Die russische Literatur _________zur besten in der Welt.",Нет,Нет
vpr_sd_945660,german,11,"Преобразуйте, если это необходимо, слово EIN так, чтобы оно грамматически соответствовало содержанию текста. Aber es gibt dabei _________ Problem. Vier Bände von Leo Tolstois „Krieg und Frieden"" zu lesen, ist eine wahre Herausforderung.",Нет,Нет
vpr_sd_945661,german,11,"Преобразуйте, если это необходимо, слово ERZÄHLUNG так, чтобы оно грамматически соответствовало содержанию текста. Es gibt einen Ausweg: Man kann mit etwas Leichterem beginnen! Zum Beispiel mit den _________ von Anton Tschechow. Der russische Schriftsteller war nicht nur ein Dramatiker, sondern auch ein Meister der Kurzgeschichte.",Нет,Нет
vpr_sd_945662,german,11,"Преобразуйте, если это необходимо, слово KÖNNEN так, чтобы оно грамматически соответствовало содержанию текста. Tschechows intelligenter Humor _________ Leser gewiss zum Lachen und gleichzeitig zum Nachdenken bringen.",Нет,Нет
vpr_sd_945663,german,11,"Преобразуйте, если это необходимо, слово ERLEBEN так, чтобы оно грамматически соответствовало содержанию текста. In Tschechows Werken geht es oft um tragikomische Situationen, die wir als Menschen alle schon mal _________ haben.",Нет,Нет
vpr_sd_945216,german,11,"Вы услышите диалог. Запишите в поле ответа цифру 1, 2, 3 или 4, соответствующую выбранному Вами варианту ответа. Вы услышите запись дважды. Wer eilt zur Berufsberatung? 1) Lea 2) Paul 3) Niemand 4) Beide",Да,Нет
vpr_sd_945217,german,11,"Вы услышите диалог. Запишите в поле ответа цифру 1, 2, 3 или 4, соответствующую выбранному Вами варианту ответа. Вы услышите запись дважды. Wer hat die erste Berufsorientierung im Elternhaus bekommen? 1) Lea 2) Paul 3) Niemand 4) Beide",Да,Нет
vpr_sd_945218,german,11,"Вы услышите диалог. Запишите в поле ответа цифру 1, 2, 3 или 4, соответствующую выбранному Вами варианту ответа. Вы услышите запись дважды. Wer spricht schon drei Fremdsprachen? 1) Lea 2) Paul 3) Niemand 4) Beide",Да,Нет
vpr_sd_945219,german,11,"Вы услышите диалог. Запишите в поле ответа цифру 1, 2, 3 или 4, соответствующую выбранному Вами варианту ответа. Вы услышите запись дважды. Wer ist kommunikativ und kann immer Ruhe behalten? 1) Lea 2) Paul 3) Niemand 4) Beide",Да,Нет
vpr_sd_945212,german,11,"Вы услышите диалог. Запишите в поле ответа цифру 1, 2, 3 или 4, соответствующую выбранному Вами варианту ответа. Вы услышите запись дважды. Wer hat die Ausbildung schon begonnen? 1) Lea 2) Paul 3) Niemand 4) Beide",Да,Нет
vpr_sd_945338,german,11,"Установите соответствие между текстами и рубриками, выбрав рубрику из выпадающего списка. Используйте каждую рубрику только один раз. В задании одна рубрика лишняя. Выпадающий список : 1. Geografie 2. Freizeitaktivitäten 3. Umweltschutz 4. Ernergiewende 5. Tierwelt 6. Nebenjob A. Der Hund ist des Menschen bester Freund“, heißt es oft. Wenn das wahr ist, dann muss der Husky der allerbeste Freund de",Нет,Нет
vpr_sd_945895,german,11,"Вы услышите интервью дважды. Выберите правильный ответ 1, 2 или 3. Lea … 1) besucht schon die Oberstufe. 2) hat die Schule schon abgeschlossen. 3) studiert an einer Hochschule.",Да,Нет
vpr_sd_945863,german,11,"Вы услышите интервью дважды. Выберите правильный ответ 1, 2 или 3. Lea ist darüber glücklich, dass… 1) in ihrem Bundesland das Oberstufensystem nicht so kompliziert ist. 2) sie das Abitur erfolgreich bestanden hat und das Studium anfangen kann. 3) es eine Broschüre „Leitfaden für die Oberstufe“ als Hilfe für Schüler und Eltern gibt.",Да,Нет
vpr_sd_945830,german,11,"Вы услышите интервью дважды. Выберите правильный ответ 1, 2 или 3. Das Kinderzimmer ist … 1) ein Raum, wo die Schüler der Oberstufe sich in den Freistunden aufhalten können. 2) ein Spielzimmer im Nebengebäude für die Schüler aus den Klassen 5 bis 11. 3) ein fester Klassenraum für jede Klasse mit einer Spiel- und Sitzecke.",Да,Нет
vpr_sd_945797,german,11,"Вы услышите интервью дважды. Выберите правильный ответ 1, 2 или 3. Was wird Lea vermissen? 1) Die Freistunden. 2) Die Kuckucksuhr. 3) Das Kinderzimmer.",Да,Нет
vpr_sd_945764,german,11,"Вы услышите интервью дважды. Выберите правильный ответ 1, 2 или 3. Welches Fach hat Lea abgewählt? 1) Musik 2) Sport 3) Chemie",Да,Нет
vpr_sd_945395,german,11,"Deutschlands Zeitungsmarkt Deutschlands Zeitungsmarkt ist der 13______ Europas. Die Leserinnen und Leser können zwischen rund 350 Zeitungen wählen — jeden Tag. Das 14______ reicht von kleinen Lokalblättern, über große Regionalzeitungen, bis hin zu überregionalen Tageszeitungen. Derzeit werden in Deutschland über 25 Millionen 15______ gedruckt. Davon 16______ knapp 20 Millionen Exemplare auf Tagesz",Нет,Нет
vpr_sd_945899,german,11,"Вы услышите интервью дважды. Выберите правильный ответ 1, 2 или 3. Wann wird das Telefon zum Problem? 1) Wenn es der Hauptzugang zum Internet ist. 2) Wenn es nur zum Spielen und zum Chatten benutzt wird. 3) Wenn es die reale Kommunikation ersetzt.",Да,Нет
vpr_sd_945867,german,11,"Вы услышите интервью дважды. Выберите правильный ответ 1, 2 или 3. Man verbringt viel Zeit beim Chatten, … 1) obwohl man starken Wunsch nach sozialer Zugehörigkeit hat. 2) weil man aktuelle Geschehnisse nicht verfolgen kann. 3) nachdem man viele Online-Kontakte geknüpft hat.",Да,Нет
vpr_sd_945834,german,11,"Вы услышите интервью дважды. Выберите правильный ответ 1, 2 или 3. Wie wird sich die Smartphone-Abhängigkeit nach Prognosen weiter entwickeln? 1) Es wird mehr Patienten in Kliniken mit dieser Diagnose geben. 2) Sie wird 90 Prozent der Männer betreffen. 3) Jüngere Leute werden immer mehr Zeit beim Chatten verbringen.",Да,Нет
vpr_sd_945801,german,11,"Вы услышите интервью дважды. Выберите правильный ответ 1, 2 или 3. Wie lange man ein Smartphone nutzt, ist … für die Feststellung, dass man süchtig ist. 1) das beste Kriterium 2) ein zweifelhaftes Kriterium 3) das einzige Kriterium",Да,Нет
vpr_sd_945768,german,11,"Вы услышите интервью дважды. Выберите правильный ответ 1, 2 или 3. Die Verwandten von Smartphone-Süchtigen sollten nach der Meinung von Herrn Sobottka darauf ..., es ihnen zu verbieten, online zu sein. 1) verzichten 2) bestehen 3) hoffen",Да,Нет
vpr_sd_945708,german,11,"Преобразуйте, если это необходимо, слово LAND так, чтобы оно грамматически соответствовало содержанию текста. Woher kommt der Schneemann? Während sich die Weihnachtsmänner in den einzelnen _____unterscheiden, sehen die Schneemänner überall ähnlich aus.",Нет,Нет
vpr_sd_945683,german,11,"Преобразуйте, если это необходимо, слово LASSEN так, чтобы оно грамматически соответствовало содержанию текста. Fast überall: Der russische Schneemann hat vermutlich eine Frau. Wie sonst ___________ es sich erklären, dass man in Russland ein Schneeweib baut?",Нет,Нет
vpr_sd_946162,german,11,"Преобразуйте, если это необходимо, слово KÖNNEN так, чтобы оно грамматически соответствовало содержанию текста. Keiner ___________ heute hundertprozentig sagen, warum die Menschen eigentlich Schneemänner bauen.",Нет,Нет
vpr_sd_946129,german,11,"Преобразуйте, если это необходимо, слово ALT так, чтобы оно грамматически соответствовало содержанию текста. Im ___________ Russland glaubte man, dass es Wolken – und Schneegöttinnen gibt. Um sie auf der Erde zu verehren, formte man eine Frau aus Schnee.",Нет,Нет
vpr_sd_946096,german,11,"Преобразуйте, если это необходимо, слово ER так, чтобы оно грамматически соответствовало содержанию текста. Im Rumänien baute man zum Beispiel einen Schneemann vor dem Haus und gab ___________ einen Besen in die Hand, damit er das Heim vor bösen Geistern schützt.",Нет,Нет
vpr_sd_946071,german,11,"Преобразуйте, если это необходимо, слово DER так, чтобы оно грамматически соответствовало содержанию текста. Heute steht der Schneemann hingegen nur noch als Symbol für _________Winter.",Нет,Нет
vpr_sd_945891,german,11,"Вы услышите интервью дважды. Выберите правильный ответ 1, 2 или 3. Welche Möglichkeiten bietet das FSJ im Bereich Kultur den Jugendlichen? 1) Ihre eigenen Projekte vorzuschlagen und zu gestalten. 2) Ihre eigene Tätigkeit selbst zu planen und zu regeln. 3) Ihre eigene Kreativität in diesem Bereich auszuprobieren.",Да,Нет
vpr_sd_945859,german,11,"Вы услышите интервью дважды. Выберите правильный ответ 1, 2 или 3. Da die Bandbreite an Kultureinrichtungen vielfältig ist, 1) kann sich der Bewerber sich um einen Platz nach seinen Wünschen bewerben. 2) ist es den Jugendlichen schwer, einen bestimmten Platz zu wählen. 3) wird dem Bewerber ein Platz nach dem Ergebnis eines Psychotests vorgeschlagen.",Да,Нет
vpr_sd_945826,german,11,"Вы услышите интервью дважды. Выберите правильный ответ 1, 2 или 3. Was bedeutet das Motto “Ganz nah dran”? 1) Die Jugendlichen arbeiten mit den Künstlern eng zusammen. 2) Die Tätigkeit der Freiwilligen ist in erster Linie praxisorientiert. 3) Die durchgeführten Projekte sind jedem Freiwilligen sehr nah.",Да,Нет
vpr_sd_945793,german,11,"Вы услышите интервью дважды. Выберите правильный ответ 1, 2 или 3. Welche Bedeutung können Projekte der Freiwilligen haben? 1) Obwohl sie sehr arbeitsaufwändig sind, haben sie keine besondere Bedeutung. 2) Sie haben eine große Auswirkung auf das künftige Berufsleben der Freiwilligen. 3) Sie können eine dauerhafte Auswirkung auf das Kulturleben haben.",Да,Нет
vpr_sd_945760,german,11,"Вы услышите интервью дважды. Выберите правильный ответ 1, 2 или 3. Welche Eigenschaften sollte ein Bewerber haben? – Man soll … sein. 1) zuverlässig 2) kreativ 3) engagiert",Да,Нет
vpr_sd_945228,german,11,"Установите соответствие между текстами и рубриками, выбрав рубрику из выпадающего списка. Используйте каждую рубрику только один раз. В задании одна рубрика лишняя. Выпадающий список : 1. Freunde werden muss man auch lernen 2. Für kleine Inder gesorgt 3. Die besten Initiativen gewählt 4. Über Ozean Brücken bauen 5. Eine Aktion für Jung und Alt 6. Jugendliche helfen Migrantenkindern A. In Indien gi",Нет,Нет
vpr_sd_945709,german,11,"Преобразуйте, если это необходимо, слово IHR так, чтобы оно грамматически соответствовало содержанию текста. Ein Buch über Bücher und das Lesen das könnte man über „Tintenherz“ sagen! Die kleine Meggi lebt allein mit ________________ Vater Mo in einem Haus voller Bücher.",Нет,Нет
vpr_sd_945676,german,11,"Преобразуйте, если это необходимо, слово TAG так, чтобы оно грамматически соответствовало содержанию текста. Bis eines ________________ein Fremder namens Staubfinger auftaucht, um mit Mo zu sprechen.",Нет,Нет
vpr_sd_946163,german,11,"Преобразуйте, если это необходимо, слово EIN так, чтобы оно грамматически соответствовало содержанию текста. Vater Mo und der geheimnisvolle Staubfinger gehen zu Meggis Tante Ellinor, ___________ Büchersammlerin.",Нет,Нет
vpr_sd_946130,german,11,"Преобразуйте, если это необходимо, слово WOLLEN так, чтобы оно грамматически соответствовало содержанию текста. Kurz darauf wird Mo von einigen Unbekannten entführt, wie sich herausstellt, aufgrund eines Buches, dass er bei Ellinor verstecken ________________.",Нет,Нет
vpr_sd_946097,german,11,"Преобразуйте, если это необходимо, слово KLEIN так, чтобы оно грамматически соответствовало содержанию текста. Gemeinsam machen sich Meggi, Ellinor und Staubfinger auf den Weg in ein ________________Dorf, nur bewohnt von Carpricorn und seinen Männern.",Нет,Нет
vpr_sd_946064,german,11,"Преобразуйте, если это необходимо, слово ERFAHREN так, чтобы оно грамматически соответствовало содержанию текста. Bald ________________Meggi den Grund für die Vaters Entführung: Er ist ein talentierter Vorleser. Er kann die Figuren eines Buches „herauslesen“.",Нет,Нет
vpr_sd_945626,german,11,"Установите соответствие между текстами и рубриками, выбрав рубрику из выпадающего списка. Используйте каждую рубрику только один раз. В задании одна рубрика лишняя. Выпадающий список : 1. Schulen für junge Sportler 2. Auch für Mädchen 3. Heimat des Fußballs 4. Sportbekleidung 5. Olympische Sportarten 6. Aus der Geschichte der Sportarten A. Immer mehr Profivereine verpflichten Spieler schon in jung",Нет,Нет
vpr_sd_945698,german,11,"Преобразуйте, если это необходимо, слово REZEPT так, чтобы оно грамматически соответствовало содержанию текста. Chicken oder Pasta? Flugzeugessen ist von vielen unbeliebt. Das liegt in erster Linie am Geschmack und der liegt an der Zubereitung der Gerichte. Leckere __________________ schmecken in 10 000 Meter Höhe mit ihrer bekannten Würzung anders als gewohnt, sie schmecken eintönig.",Нет,Нет
vpr_sd_945665,german,11,"Преобразуйте, если это необходимо, слово STARK так, чтобы оно грамматически соответствовало содержанию текста. Die Köche der Fluggesellschaften wissen aus Erfahrung, dass sie das Flugzeugessen deswegen viel __________________ salzen und würzen müssen.",Нет,Нет
vpr_sd_946144,german,11,"Преобразуйте, если это необходимо, слово ZUBEREITEN так, чтобы оно грамматически соответствовало содержанию текста. Asiatische Gerichte, die mit viel Soja-Soße und vielen Gewürzen __________________ werden, kommen bei den Fluggästen am besten an.",Нет,Нет
vpr_sd_946119,german,11,"Преобразуйте, если это необходимо, слово SEHEN так, чтобы оно грамматически соответствовало содержанию текста. Urlaub ohne Eltern “Ich kann es kaum erwarten, wieder im Camp zu sein”, sagt Joel. “Dort kann ich Kanu fahren und mit meinen Freunden Abenteuer erleben.” Wenn der Zehnjährige dagegen aus seinem Zimmerfenster schaut, __________________ er nichts als Straße und mehrstöckige Wohnhäuser.",Нет,Нет
vpr_sd_946086,german,11,"Преобразуйте, если это необходимо, слово STADT так, чтобы оно грамматически соответствовало содержанию текста. Joel wohnt mit seinen Eltern in einer Wohnung in New York. Wie viele Kinder in amerikanischen __________________ hat er keinen Garten,",Нет,Нет
vpr_sd_946053,german,11,"Преобразуйте, если это необходимо, слово DÜRFEN так, чтобы оно грамматически соответствовало содержанию текста. und in den großen Central Park __________________ Joel noch nicht allein gehen. Während des Schuljahres stört es ihn nicht, hier zu leben.",Нет,Нет
vpr_sd_945894,german,11,"Herr Messner macht seine Extremtouren, um … 1) Erfahrungen zu sammeln. 2) sich jung zu fühlen. 3) einen neuen Rekord aufzustellen.",Да,Нет
vpr_sd_945862,german,11,"Als Herr Messner jeden von 14 Achttausendern dieser Erde bestieg, war es ihm wichtig, … 1) eine Wette zu gewinnen. 2) mehr über sein Team zu erfahren. 3) seine Möglichkeiten zu prüfen.",Да,Нет
vpr_sd_945829,german,11,Was denkt Herr Messner über Bergsteiger? – Er findet sie … 1) unvernünftig. 2) erfahren. 3) tapfer.,Да,Нет
vpr_sd_945796,german,11,"Was hält Herr Messner davon, dass viele Spitzenbergsteiger am Berg gestorben sind? 1) Er hält das riskante Benehmen der Bergsteiger für richtig. 2) Er erklärt das damit, dass Bergsteiger riskante Sachen machen. 3) Er meint, dass diese Angaben falsch sind.",Да,Нет
vpr_sd_945771,german,11,"Wenn Herr Messner auf den Mount Everest steigt, … 1) trinkt er mit Freunden Tee. 2) fühlt er sich durch die Freiheit verrückt. 3) übernimmt er die ganze Verantwortung.",Да,Нет
vpr_sd_945243,german,11,"Установите соответствие между текстами и рубриками, выбрав рубрику из выпадающего списка. Используйте каждую рубрику только один раз. В задании одна рубрика лишняя. Выпадающий список : 1. Ihre Lebenstage sind gezählt 2. Faulheit wird hoch bezahlt 3. Nichtstun als Lieblingsbeschäftigung 4. Eishockey wird immer beliebter 5. Deutscher Astronaut fliegt ins All 6. Eine ungewöhnliche Strafe für den Spor",Нет,Нет
vpr_sd_945233,german,11,"Установите соответствие между текстами и рубриками, выбрав рубрику из выпадающего списка. Используйте каждую рубрику только один раз. В задании одна рубрика лишняя. Выпадающий список : 1. Die Chefs sind dagegen 2. Unerwünschte Briefe 3. Schutz ist notwendig 4. Schnell informiert 5. Online den ganzen Tag 6. Schnell und günstig A. Ich kann mir mein Leben ohne Computer nicht mehr vorstellen. Ich kauf",Нет,Нет
vpr_sd_945700,german,11,"Преобразуйте, если это необходимо, слова GUT и MÖCHTE так, чтобы оно грамматически соответствовало содержанию текста. Eine Reise nach Australien Am besten besorgt man sich schon im Vorfeld eine Menge Literatur und Reiseführer über das Zielland. So kann man am ____________ abschätzen, was man auf jeden Fall sehen _______________.",Нет,Нет
vpr_sd_945675,german,11,"Преобразуйте, если это необходимо, слова ____ и MÖCHTEN так, чтобы оно грамматически соответствовало содержанию текста. Eine Reise nach Australien Am besten besorgt man sich schon im Vorfeld eine Menge Literatur und Reiseführer über das Zielland. So kann man am ____________ abschätzen, was man auf jeden Fäll sehen _______________.",Нет,Нет
vpr_sd_946154,german,11,"Преобразуйте, если это необходимо, слова EIN и ____ так, чтобы оно грамматически соответствовало содержанию текста. Eine Reise nach Australien Prinzipiell ist eine Australien-Reise auch nicht ganz billig, was vor allem an den hohen Flugkosten liegt, deshalb sollte man schauen, dass man ______________ Aufenthalt von mindestens vier ______________ ermöglichen kann.",Нет,Нет
vpr_sd_946121,german,11,"Преобразуйте, если это необходимо, слова ____ и WOCHE так, чтобы оно грамматически соответствовало содержанию текста. Eine Reise nach Australien Prinzipiell ist eine Australien-Reise auch nicht ganz billig, was vor allem an den hohen Flugkosten liegt, deshalb sollte man schauen, dass man ______________ Aufenthalt von mindestens vier ______________ ermöglichen kann.",Нет,Нет
vpr_sd_946088,german,11,"Преобразуйте, если это необходимо, слово RICHTIG так, чтобы оно грамматически соответствовало содержанию текста. Eine Reise nach Australien Australien ist so vielfältig, dass die Wahl des ____________ Reiseziels wirklich schwer fallen wird.",Нет,Нет
vpr_sd_946063,german,11,"Преобразуйте, если это необходимо, слово FINDEN так, чтобы оно грамматически соответствовало содержанию текста. Eine Reise nach Australien Hier _____________ man alle Klimazonen. An der Küste im Osten befinden sich die großen beeindruckenden Städte mit gut ausgebauter Infrastruktur.",Нет,Нет
vpr_sd_945359,german,11,"Museen des Kremls. In den Museen des Kremls lagern Millionen von 13______. Die Mütze des Monomach ist eines der 14______ Exponate in der Sammlung von Krönungsregalien. Diese Goldschmiedearbeit, verziert mit Silber, Edelsteinen, Perlen und einem Zobelfell, 15______ vermutlich im 14. Jahrhundert in der zum Mongolischen Reich gehörenden Goldenen Horde hergestellt. Einer russischen Legende nach 16____",Нет,Нет
vpr_sd_945888,german,11,"Вы услышите интервью дважды. Выберите правильный ответ 1, 2 или 3. Wie hat Herr Hohlbein das Lesen gelernt? 1) Seine Eltern haben ihm die Liebe zum Lesen beigebracht. 2) Er hat das Lesen mit Romanen von Jules Verne gelernt. 3) Das Interesse am Lesen weckten bei ihm Bücher von Karl May.",Да,Нет
vpr_sd_945856,german,11,"Вы услышите интервью дважды. Выберите правильный ответ 1, 2 или 3. Welche Bücher schreibt Herr Hohlbein? 1) Klassische Kinderbücher. 2) Geschichten für Jugendliche. 3) Bücher über Karl May.",Да,Нет
vpr_sd_945831,german,11,"Вы услышите интервью дважды. Выберите правильный ответ 1, 2 или 3. Woher nimmt Herr Hohlbein die Ideen für seine Bücher? 1) Aus seinen Kindererinnerungen. 2) Aus Erzählungen seiner Freunde. 3) Aus selbst erlebten Situationen.",Да,Нет
vpr_sd_945798,german,11,"Вы услышите интервью дважды. Выберите правильный ответ 1, 2 или 3. Was hat Herrn Hohlbein zu seinem neuen Hörbuch Genesis inspiriert? 1) Die Gefühle eines Filmhelden. 2) Seine Schiffkreuzfahrt als Kind. 3) Die Natur der Antarktis.",Да,Нет
vpr_sd_945765,german,11,"Вы услышите интервью дважды. Выберите правильный ответ 1, 2 или 3. Wie geht Herr Hohlbein mit den Briefen seiner Leser um? 1) Er beantwortet nur individuelle Fragen. 2) Er ärgert sich über die gleichen Fragen. 3) Er versucht, auf jeden Brief zu antworten.",Да,Нет
vpr_sd_945692,german,11,"Преобразуйте, если это необходимо, слово ENGLISCH так, чтобы оно грамматически соответствовало содержанию текста. Ganz sicher ist das Geburtsdatum von William Shakespeare nicht. Laut Aufzeichnungen der Kirche soll er am 23. April 1564 in der _______________ Stadt Stratford geboren und drei Tage später getauft worden sein.",Нет,Нет
vpr_sd_945667,german,11,"Преобразуйте, если это необходимо, слово SEIN так, чтобы оно грамматически соответствовало содержанию текста. Seine Eltern, John Shakespeare und Mary Arden, ____________ wohlhabend, sodass sie ihrem Sohn eine recht gute Ausbildung an einer Lateinschule bezahlen konnten.",Нет,Нет
vpr_sd_946146,german,11,"Преобразуйте, если это необходимо, слово BESUCHEN так, чтобы оно грамматически соответствовало содержанию текста. Eine Universität hat Shakespeare aber nie_____________.",Нет,Нет
vpr_sd_946113,german,11,"Преобразуйте, если это необходимо, слово JUNG так, чтобы оно грамматически соответствовало содержанию текста. Schon im Alter von 18 Jahren, so war es damals üblich, heiratete der ______________ Engländer die befreundete Bauerntochter Anne Hathaway.",Нет,Нет
vpr_sd_946080,german,11,"Преобразуйте, если это необходимо, слово JAHR так, чтобы оно грамматически соответствовало содержанию текста. In der Forschung nennt man die nun folgenden _____________ zwischen 1584 bis 1592 „Shakespeares verlorenen Jahre“.",Нет,Нет
vpr_sd_946055,german,11,"Преобразуйте, если это необходимо, слово GEHEN так, чтобы оно грамматически соответствовало содержанию текста. Nirgendwo ist niedergeschrieben, was er in dieser Zeit gemacht hat. Man _____________ aber davon aus, dass er im Theater tätig war. Er soll dort als Schauspieler und Stückeschreiber seine Karriere begonnen haben.",Нет,Нет
vpr_sd_945656,german,11,"Prjaniki Die russische Küche ist 13 ______ an vielen köstlichen Törtchen, Keksen und weiterem Kleingebäck. Prjaniki sind ein in Russland sehrf 14 ______ Gebäck, die russische Variante des Lebkuchens. Es gibt viele verschiedene Sorten von Prjaniki und entsprechend viele 15______ dafür. Das Feingebäck wird oft als Nachtisch zum russischen Tee oder Kaffee gereicht. Aber es ist auch ideal zum Naschen ",Нет,Нет
vpr_sd_945652,german,11,"Прочитайте текст и заполните пропуски 13–18 словами, напечатанными в правой колонке под цифрами 1–8. Каждое из этих слов может быть использовано только один раз. В ответе укажите цифры, под которыми значатся выбранные Вами слова. Два слова в этом списке 1–8 лишние. Nur zum 17______ der Zuckerglasur muss man dem Gebäck Zeit lassen. ln der Stadt Tula werden Prjaniki spätestens seit dem 17. 1) Zubere",Нет,Нет
vpr_sd_945893,german,11,"Вы услышите интервью дважды. Выберите правильный ответ 1, 2 или 3. Vor dem Beginn seiner nächsten Reise in die Wüste freut sich Herr Martin darauf, dass … 1) es für ihn leicht ist, die nötige Richtung in der Wüste zu finden. 2) er seine Grundbedürfnisse befriedigt hat. 3) er Probleme des europäischen Lebens hinter sich lässt.",Да,Нет
vpr_sd_945861,german,11,"Вы услышите интервью дважды. Выберите правильный ответ 1, 2 или 3. Wann hat sich Martins Interesse für die Wüste entwickelt? 1) Auf einer Motorrad-Rallye. 2) Nach seiner ersten Reise in die Wüste. 3) Während eines Astronomiekurses.",Да,Нет
vpr_sd_945828,german,11,"Вы услышите интервью дважды. Выберите правильный ответ 1, 2 или 3. Martins Lieblingswüste ist Sahara, weil … 1) sie die erste Wüste war, die er besucht hat. 2) man dort alle Wüstenlandschaften finden kann. 3) er Extrem und Gefahr besonders gern hat.",Да,Нет
vpr_sd_945803,german,11,"Вы услышите интервью дважды. Выберите правильный ответ 1, 2 или 3. Was nimmt Herr Martin auf seine Reisen unbedingt mit? 1) Sachen, die für das Überleben in der Wüste wichtig sind. 2) Ein Zelt, weil es gefährlich ist, unter freiem Himmel zu übernachten. 3) Tomatenmark und Nudeln, weil er Nudelsuppe kochen mag.",Да,Нет
vpr_sd_945770,german,11,"Вы услышите интервью дважды. Выберите правильный ответ 1, 2 или 3. Mit wem reist Herr Martin durch die Wüste? 1) Mit einem großen Team. 2) Mit wenigen Menschen. 3) Nur mit Freunden.",Да,Нет
vpr_sd_945234,german,11,"Установите соответствие между текстами и рубриками, выбрав рубрику из выпадающего списка. Используйте каждую рубрику только один раз. В задании одна рубрика лишняя. Выпадающий список : 1. Nicht zu Ende 2. Ein glücklicher Anfang 3. Schwer zu erklären 4. Schwer zu glauben 5. Hilft Krisen zu überstehen 6. Hilft die Arbeit zu organisieren A. «Skeletor» ist der Name für eine Investitionsruine in Krakau",Нет,Нет
vpr_sd_945383,german,11,Berliner Ausstellungen Am 31. Oktober 2017 13______ sich die Veröffentlichung von Martin Luthers Thesen zum 500 Mal. Die Initiatoren des «Lutherjahres 2017» 14______ mit diesem Themenjahr die Auswirkungen der Reformation auf viele Bereiche der Gesellschaft in das Bewusstsein der Öffentlichkeit 15______. Auch in Berlin finden 16______ Veranstaltungen zum großen Reformationsjubiläum statt. Die 17___,Нет,Нет
vpr_sd_945860,german,4,"Ты услышишь сообщение. Для каждого предложения А − Е выбери один правильный вариант ответа из трёх предложенных (1, 2 или 3). Ты услышишь текст дважды. А. Was stimmt? 1) Jana wohnt in einer Wohnung. 2) Jana wohnt in einem Hotel. 3) Jana wohnt in einem Haus. В. Wie sieht Brunos Fell aus? 1) Kurz und braun. 2) Lang und schwarz. 3) Weiß und lockig. С. Manchmal ist Petzi … 1) frech. 2) süß. 3) mutig. ",Да,Нет
vpr_sd_945909,german,4,"Прочитай текст. Для каждого предложения А − Е выбери один правильный вариант ответа из трёх предложенных (1, 2 или 3). Sommerferien Es ist Sommer. Das Wetter ist schön, die Sonne scheint. Die Schüler haben Sommerferien. Alissa verbringt ihre Ferien im Dorf. Da wohnen ihre Großeltern. Alissa mag Natur und geht gerne mit ihren Eltern im Wald spazieren. Im Wald gibt es viele bunte Blumen und hohe Bäu",Нет,Нет
vpr_sd_945866,german,4,"Прочитай рассказ. Вставь вместо каждого пропуска, обозначенного буквами А − Е, нужную грамматическую форму, выбрав её из трёх предложенных вариантов (1, 2 или 3). Am See Das ist Max. Er hat ein Fahrrad. Max A _____ gerne durch den Park. Heute will er eine Runde mit seinem Freund Tom fahren. Tom hat ein Skateboard. Er B _____ schnell fahren. Am Nachmittag wollen sie zum See fahren. Aber zuerst mach",Нет,Нет
vpr_sd_945877,german,4,"Прочитай рассказ. Вставь вместо каждого пропуска, обозначенного буквами А − Е, нужную грамматическую форму, выбрав её из трёх предложенных вариантов (1, 2 или 3). Sommerferien Kolja A ___ Sommerferien. Die Ferien dauern drei Monate. Zuerst B ___ er mit seiner Oma auf die Datscha. Da hat C ___ viele Freunde. Er spielt mit Freunden Fußball und fährt Fahrrad. Dann verbringt er Zeit mit D ___ Eltern, ",Нет,Нет
vpr_sd_945898,german,4,Помоги своему другу заполнить анкету для сайта «Друзья онлайн». Прочитай текст и запиши информацию в таблицу. Под каждым номером запиши только одно слово (без артиклей). Числа необходимо записать словами. Maxim Gordejew Maxim wohnt in Nowgorod. Das ist eine schöne Stadt Russlands. Maxim geht gerne mit der Familie spazieren. Sie besichtigen historische Denkmäler. Maxim ist 11 Jahre alt. Er hat eine,Нет,Нет
vpr_sd_945864,german,4,"Ты услышишь сообщение. Для каждого предложения А − Е выбери один правильный вариант ответа из трёх предложенных (1, 2 или 3). Ты услышишь текст дважды. А. Was stimmt? 1) Jana ist 9 Jahre alt. 2) Jana ist 10 Jahre alt. 3) Jana ist 11 Jahre alt. В. Mit wem lebt Jana zusammen? 1) Mit ihrer Tante. 2) Mit ihren Großeltern. 3) Mit ihren Eltern. С. Janas Vater hat … 1) einen Hund. 2) eine Katze. 3) ein K",Да,Нет
vpr_sd_945905,german,4,"Прочитай текст. Для каждого предложения А − Е выбери один правильный вариант ответа из трёх предложенных (1, 2 или 3). Meine Schule Es ist Herbst. Die Sommerferien sind vorbei. Wir müssen in die Schule gehen und viel Neues lernen. Ich lerne schon in der 4. Klasse. Ich mag die Schule. Meine Schule liegt nicht weit von meinem Haus. Sie ist nicht groß und hat zwei Stockwerke. Ich lerne gern. Ich habe",Нет,Нет
vpr_sd_945881,german,4,"Прочитай рассказ. Вставь вместо каждого пропуска, обозначенного буквами А − Е, нужную грамматическую форму, выбрав её из трёх предложенных вариантов (1, 2 или 3). Im Wald Mein Großvater und ich gehen in den Wald, wenn das Wetter gut ist. A ___ sammeln gern Pilze. B ___ Großvater kennt den Wald gut und erzählt C ___ viele interessante Geschichten. Im Wald hören wir viele Vögel. Sie singen wundersch",Нет,Нет
vpr_sd_945892,german,4,Помоги своему другу заполнить анкету для сайта «Друзья онлайн». Прочитай текст и запиши информацию в таблицу. Под каждым номером запиши только одно слово (без артиклей). Числа необходимо записать словами. Anna Surikowa Anna wohnt in Moskau. Sie ist 10 Jahre alt. Moskau ist die Hauptstadt Russlands. Anna hat eine Schwester und einen Bruder. Sie hat einen Hund Tom. Anna malt gern. Anna will eine ber,Нет,Нет
vpr_sd_945906,german,4,"Прочитай текст. Для каждого предложения А − Е выбери один правильный вариант ответа из трёх предложенных (1, 2 или 3). Meine Katze Ich heiße Sweta. Ich bin neun Jahre alt. Ich wohne mit meiner Mutter und meinem Vater. Ich mag Tiere. Zum Geburtstag haben mir meine Eltern eine Katze geschenkt. Sie heißt Murka und sie ist sehr schön. Sie ist klein, zwei Monate alt. Sie ist schwarz und weiß. Sie hat g",Нет,Нет
vpr_sd_945913,german,4,"Прочитай текст. Для каждого предложения А − Е выбери один правильный вариант ответа из трёх предложенных (1, 2 или 3). Peter und sein Lernen Peter ist ein kleiner Junge. Er ist zehn Jahre alt. Er wohnt mit seinen Eltern. Im Winter geht er in die Schule. Im Sommer besucht er seine Großeltern. Er lernt immer fleißig und bekommt nur gute Noten. Heute ist Sonntag. Peter und seine Eltern machen Besuch,",Нет,Нет
vpr_sd_945873,german,4,"Прочитай рассказ. Вставь вместо каждого пропуска, обозначенного буквами А − Е, нужную грамматическую форму, выбрав её из трёх предложенных вариантов (1, 2 или 3). Olgas Geburtstag Olga hat Geburtstag, sie lädt A ___ Freunde ein. Olga zeigt B ___ ihr Zimmer und ihre Spielsachen. Das Zimmer C ___ groß und hell. Olga hat viele Bücher und Brettspiele. Auch hat sie D ___ eigenen Computer. Im Zimmer ist",Нет,Нет
vpr_sd_945882,german,4,"Прочитай рассказ. Вставь вместо каждого пропуска, обозначенного буквами А − Е, нужную грамматическую форму, выбрав её из трёх предложенных вариантов (1, 2 или 3). Beim Freund Gestern haben wir unseren Freund Andrej besucht. Andrej A ___ in meiner Klasse. Seine Mutter B ___ auch zu Hause. Wir grüßen sie und gehen in Andrejs Zimmer. Wir sprechen über alles und spielen C ___ Brettspiel. Wir hören Mus",Нет,Нет
vpr_sd_945884,german,4,Помоги своему другу заполнить анкету для сайта «Друзья онлайн». Прочитай текст и запиши информацию в таблицу. Под каждым номером запиши только одно слово (без артиклей). Числа необходимо записать словами. Kolja Arsenin Kolja wohnt in Woronesch. Das ist eine schöne Stadt Russlands. Kolja hat eine große Familie. Er hat einen Bruder und zwei Schwestern. Kolja ist 11 Jahre alt. Er mag Vögel. Er hat zw,Нет,Нет
vpr_sd_945897,german,4,Помоги своему другу заполнить анкету для сайта «Друзья онлайн». Прочитай текст и запиши информацию в таблицу. Под каждым номером запиши только одно слово (без артиклей). Числа необходимо записать словами. Tim Morosow Tim wohnt in Moskau. Er ist 10 Jahre alt. Moskau ist die Hauptstadt von Russland. Tim hat Geschwister: eine Schwester und einen Bruder. Tim hat eine kleine Katze Mimi. Tim mag seine K,Нет,Нет
vpr_sd_945856,german,4,"Ты услышишь сообщение. Для каждого предложения А − Е выбери один правильный вариант ответа из трёх предложенных (1, 2 или 3). Ты услышишь текст дважды. А. Was stimmt? 1) Simon hat einen Papagei. 2) Simon hat einen Kater. 3) Simon hat einen Hund. В. Wo hat Simons Mutter Fritz gefunden? 1) Im Laden. 2) Im Internet. 3) Im Park. С.Fritz´Fell ist … 1) schwarz und kurz. 2)grau und weich. 3)braun und lan",Да,Нет
vpr_sd_945919,german,4,"Прочитай рассказ. Вставь вместо каждого пропуска, обозначенного буквами А − Е, нужную грамматическую форму, выбрав её из трёх предложенных вариантов (1, 2 или 3). Familie Blum macht Picknick Herbert und Karin Blum machen Picknick. Sie A _____ am Strand und sprechen miteinander. Das Wetter ist schön. Die Sonne scheint und es ist B _____. Irene ist die Tochter von Herbert und Karin. Sie ist schon gr",Нет,Нет
vpr_sd_945890,german,4,Помоги своему другу заполнить анкету для сайта «Друзья онлайн». Прочитай текст и запиши информацию в таблицу. Под каждым номером запиши только одно слово (без артиклей). Числа необходимо записать словами. Sonja Iwanowa Sonja wohnt in Moskau. Sie ist 11 Jahre alt. Moskau ist die Hauptstadt Russlands. Da gibt es viele historische Denkmäler. Sonja hat eine Schwester und einen Bruder. Sie hat einen Ka,Нет,Нет
vpr_sd_945908,german,4,"Прочитай текст. Для каждого предложения А − Е выбери один правильный вариант ответа из трёх предложенных (1, 2 или 3). Winter Es ist der Winter. Heute ist der 20. Dezember. Draußen ist es kalt. Es schneit. Die Kinder bereiten sich auf das Neujahr vor. Sie schmücken das Klassenzimmer. Die Mädchen schneiden Schneeflocken, die Jungen schmücken den Tannenbaum. Alle Schüler sind sehr lustig. Sie mögen ",Нет,Нет
vpr_sd_945880,german,4,"Прочитай рассказ. Вставь вместо каждого пропуска, обозначенного буквами А − Е, нужную грамматическую форму, выбрав её из трёх предложенных вариантов (1, 2 или 3). Sommerferien Alle Schüler haben Sommerferien. Petja A ___ mit seinen Eltern ans Meer. Da B ___ es heiß und sonnig. Petja schwimmt und sonnt sich gern. Er lernt andere Jungen kennen. Auch seine Mutter und C ___ Vater entspannen sich gerne",Нет,Нет
vpr_sd_945889,german,4,Помоги своему другу заполнить анкету для сайта «Друзья онлайн». Прочитай текст и запиши информацию в таблицу. Под каждым номером запиши только одно слово (без артиклей). Числа необходимо записать словами. Alisa Petrowa Alisa wohnt in Saratow. Das ist eine schöne Stadt Russlands. Da gibt es viele historische Denkmäler. Alisa ist 10 Jahre alt. Sie hat eine große Familie. Sie hat eine Schwester und d,Нет,Нет
vpr_sd_945896,german,4,Помоги своему другу заполнить анкету для сайта «Друзья онлайн». Прочитай текст и запиши информацию в таблицу. Под каждым номером запиши только одно слово (без артиклей). Числа необходимо записать словами. Petja Sutejew Petja wohnt in Moskau. Er ist 10 Jahre alt. Moskau ist die Hauptstadt von Russland. Diese Stadt ist groß. Sie ist schön. Petja hat eine Schwester und zwei Brüder. Sie hat eine klein,Нет,Нет
vpr_sd_945878,german,4,"Прочитай рассказ. Вставь вместо каждого пропуска, обозначенного буквами А − Е, нужную грамматическую форму, выбрав её из трёх предложенных вариантов (1, 2 или 3). Frühling Dascha liebt den Frühling. Es A ___ wärmer, es taut. Die Tage werden länger und B ___ Nächte werden kürzer. Die Natur wacht auf. Das Gras wird grün und die ersten Blumen blühen. Die Luft C ___ frisch. Dascha geht gerne mit D ___",Нет,Нет
vpr_sd_945883,german,4,"Прочитай рассказ. Вставь вместо каждого пропуска, обозначенного буквами А − Е, нужную грамматическую форму, выбрав её из трёх предложенных вариантов (1, 2 или 3). Neuer Schüler Gestern ist ein neuer Schüler in unsere Klasse A ___. Sein Name ist Wowa. B ___ hat in Saratow gelebt. Das ist C ___ schöne Stadt in Russland. Wowa ist 10 Jahre alt. Er D ___ eine Schwester und zwei Brüder. Wowa mag Katzen.",Нет,Нет
vpr_sd_945887,german,4,"Прочитай рассказ. Вставь вместо каждого пропуска, обозначенного буквами А − Е, нужную грамматическую форму, выбрав её из трёх предложенных вариантов (1, 2 или 3). Olgas Geburtstag Olga hat ihre Freunde zu ihrem Geburtstag eingeladen. Sie A ___ ihren Freunden das Zimmer und ihre Spielsachen. Die Mutter kocht B ___ Essen. Die Kinder gehen zum Tisch. Da C ___viele leckere Speisen. Sie essen Pizza und",Нет,Нет
vpr_sd_945874,german,4,"Прочитай рассказ. Вставь вместо каждого пропуска, обозначенного буквами А − Е, нужную грамматическую форму, выбрав её из трёх предложенных вариантов (1, 2 или 3). Ferien am Meer Der Sommer kommt. Petja hat Ferien und A ___ mit seinen Eltern ans Meer. Das Wetter B ___ sehr gut. C ___ ist heiß und sonnig. Petja schwimmt und liegt in der Sonne. Am Abend geht er mit D ___ Eltern spazieren. Er mag Somm",Нет,Нет
vpr_sd_945917,german,4,"Ты услышишь сообщение. Для каждого предложения А − Е выбери один правильный вариант ответа из трёх предложенных (1, 2 или 3). Ты услышишь текст дважды. А. Was stimmt? 1) Toni hat eine Katze. 2) Toni hat einen Hund. 3) Toni hat keine Haustiere. В. Wann hat Toni Bello bekommen? 1) Zum Geburtstag. 2) Zu Weihnachten. 3) Zu Ostern. С. Bello ist jetzt... 1) sieben Wochen alt. 2) sieben Monate alt. 3) si",Да,Нет
vpr_sd_945911,german,4,"Прочитай текст. Для каждого предложения А − Е выбери один правильный вариант ответа из трёх предложенных (1, 2 или 3). Meine Stadt Ich heiße Darina. Ich wohne in einer großen und schönen Stadt. Es gibt viele breite Straßen und schöne Plätze, grüne Parks. Die Häuser sind hoch. Es gibt auch moderne Kinos und alte Theater. Ich wohne mit meiner Familie. Wir wohnen nicht im Zentrum, aber am Wochenende ",Нет,Нет
vpr_sd_945907,german,4,"Прочитай текст. Для каждого предложения А − Е выбери один правильный вариант ответа из трёх предложенных (1, 2 или 3). Herbst Es ist Herbst. Es sind drei Herbstmonate: September, Oktober und November. Die Tage werden kürzer und die Nächte werden länger. Es regnet oft. Die Blätter auf den Bäumen werden bunt und schön und danach fallen sie hin. Alles wird grau und traurig. Die Sommerferien sind vorb",Нет,Нет
vpr_sd_945875,german,4,"Прочитай рассказ. Вставь вместо каждого пропуска, обозначенного буквами А − Е, нужную грамматическую форму, выбрав её из трёх предложенных вариантов (1, 2 или 3). Im Wald Manchmal gehen A ___ Schwester und ich in den Wald, wenn das Wetter gut ist. Wir kennen den Wald gut und haben keine Angst. Wir B ___ gerne Pilze, reden viel und lachen. Wir beobachten viele Vögel. C ___ singen wunderschön. Ich f",Нет,Нет
vpr_sd_945914,german,4,"Прочитай текст. Для каждого предложения А − Е выбери один правильный вариант ответа из трёх предложенных (1, 2 или 3). Mascha und ihre Familie Es ist der Winter. Das Wetter ist gut. Manchmal schneit es. Mascha wohnt in einer schönen Stadt. Mascha ist zehn Jahre alt und sie geht gerne in die Schule. Ihre Schule liegt neben dem Haus. Sie kann in die Schule zu Fuß gehen. Jeden Morgen nimmt Mascha ihr",Нет,Нет
vpr_sd_945902,german,4,"Прочитай текст. Для каждого предложения А − Е выбери один правильный вариант ответа из трёх предложенных (1, 2 или 3). Eva und ihr Hund Eva ist 10 Jahre alt. Sie lebt mit ihren Eltern und ihrem Bruder. Sie mag Haustiere sehr. Vor einem Monat hatte Eva Geburtstag. Sie hat mit ihrer Familie und ihren Freunden gefeiert. Zum Geburtstag hat sie viele Geschenke bekommen. Die Eltern haben ihr einen Hund ",Нет,Нет
vpr_sd_945915,german,4,"Прочитай текст. Для каждого предложения А − Е выбери один правильный вариант ответа из трёх предложенных (1, 2 или 3). Winter Es ist der Winter. Das Wetter ist gut. Manchmal schneit es. Es ist kalt. Jegor wohnt in einer schönen Stadt. Jegor ist neun Jahre alt und er geht gerne in die Schule. Seine Schule liegt weit vom Haus. Er muss in die Schule mit dem Bus fahren. Alle tragen Winterjacken, Mütze",Нет,Нет
vpr_sd_945868,german,4,"Прочитай рассказ. Вставь вместо каждого пропуска, обозначенного буквами А − Е, нужную грамматическую форму, выбрав её из трёх предложенных вариантов (1, 2 или 3). Gestern habe ich A ___ Freund Andrej besucht. B ___ lernt in unserer Klasse. Nach der Schule gehen wir in unseren Hof und spielen Fußball. Am Abend C ___ wir zusammen Musik und spielen am Computer. Im Winter fahren wir zusammen in D ___ ",Нет,Нет
vpr_sd_945910,german,4,"Прочитай текст. Для каждого предложения А − Е выбери один правильный вариант ответа из трёх предложенных (1, 2 или 3). Witja und seine Freunde Witja ist ein kleiner Junge. Er ist neun Jahre alt. Er wohnt mit seinen Eltern. Er lernt in der Schule und hat viele Freunde. Sie helfen einander bei Hausaufgaben. Abends und am Wochenende hat Witja Freizeit. Er geht gerne mit seinen Freunden ins Kino und i",Нет,Нет
vpr_sd_945865,german,4,"Прочитай текст. Для каждого предложения А − Е выбери один правильный вариант ответа из трёх предложенных (1, 2 или 3). Meine Familie Ich bin Tim und bin zwölf Jahre alt. Bei uns zu Hause ist es nie langweilig, denn wir sind drei Kinder. Meine Mutter ist sehr kreativ und bastelt gerne mit mir. Mein Vater ist oft im Garten und verbringt viel Zeit mit Bäumen und Pflanzen. Am Wochenende gehen wir alle",Нет,Нет
vpr_sd_945904,german,4,"Прочитай текст. Для каждого предложения А − Е выбери один правильный вариант ответа из трёх предложенных (1, 2 или 3). Meine Familie Ich heiße Paul. Ich bin elf Jahre alt. Meine Familie ist groß. Das sind meine Mutter, mein Vater, zwei Brüder und eine Schwester. Meine Mutter ist Ärztin, sie arbeitet in einem Krankenhaus. Mein Vater ist Ingenieur, er arbeitet in einem Werk. Die Brüder sind dreizehn",Нет,Нет
vpr_sd_945900,german,4,"Прочитай текст. Для каждого предложения А − Е выбери один правильный вариант ответа из трёх предложенных (1, 2 или 3). Frühling Es ist Frühling. Es sind drei Frühlingsmonate: März, April und Mai. Die Tage werden länger und die Nächte werden kürzer. Es wird wärmer. Es taut. Manchmal regnet es. Die Bäume werden wieder grün. Die Pflanzen wachsen und blühen. Die ganze Natur wacht auf. Die Kinder gehen",Нет,Нет
vpr_sd_945918,german,4,"Прочитай текст. Для каждого предложения А − Е выбери один правильный вариант ответа из трёх предложенных (1, 2 или 3). Mein Sonntag Ich heiße Lisa. Ich habe keine Geschwister und meine Eltern haben nie Zeit für mich! Mein Vater will immer Zeitung lesen oder fernsehen. Meine Mutter muss immer kochen oder aufräumen. Und ich? Ich habe gesagt: „Hört mal zu! Ich bin euer Kind und ich bin auch sehr wich",Нет,Нет
vpr_sd_945879,german,4,"Прочитай рассказ. Вставь вместо каждого пропуска, обозначенного буквами А − Е, нужную грамматическую форму, выбрав её из трёх предложенных вариантов (1, 2 или 3). Neujahr Petja A ___ das Neujahr. Das ist B ___ Lieblingsfest. Der Vater bringt den Tannenbaum und C ___ schmücken den Baum zusammen. Die Mutter kauft verschiedene Süßigkeiten und kocht viele leckere Speisen. In der Nacht vom 31. Dezember",Нет,Нет
vpr_sd_945867,german,4,Помоги своему другу заполнить анкету для сайта «Друзья онлайн». Прочитай текст и запиши информацию в таблицу. Под каждым номером запиши только одно слово (без артиклей). Числа необходимо записать словами. Julia Beck Das ist Julia. Sie ist 12 Jahre alt und lebt in Hamburg. Julia hat einen Vogel. Der Vogel heißt Kiwi und kann viele Töne nachmachen. Julia hat einen Bruder. Er heißt Leon. Mit ihm spie,Нет,Нет
vpr_sd_945893,german,4,Помоги своему другу заполнить анкету для сайта «Друзья онлайн». Прочитай текст и запиши информацию в таблицу. Под каждым номером запиши только одно слово (без артиклей). Числа необходимо записать словами. Petja Fjodorow Petja wohnt in Moskau. Sie ist 11 Jahre alt. Moskau ist die Hauptstadt Russlands. Petja hat zwei Schwestern und einen Bruder. Er hat einen Wellensittich. Petja spielt Tennis und si,Нет,Нет
vpr_sd_945901,german,4,"Прочитай текст. Для каждого предложения А − Е выбери один правильный вариант ответа из трёх предложенных (1, 2 или 3). Jahreszeiten Im Jahr sind vier Jahreszeiten: Winter, Herbst, Frühling, Sommer. Jede Jahreszeit besteht aus drei Monaten. Die Wintermonate heißen Dezember, Januar und Februar. Es ist kalt und es schneit. Die Kinder spielen Schneeballschlacht, bauen Schneemann, fahren Ski und Schlit",Нет,Нет
vpr_sd_945872,german,4,"Прочитай рассказ. Вставь вместо каждого пропуска, обозначенного буквами А − Е, нужную грамматическую форму, выбрав её из трёх предложенных вариантов (1, 2 или 3). Dinas Sommerferien Dina liebt A ___ Sommerferien. Sie dauern drei Monate. B ___ ist warm und sonnig. Dina geht oft mit ihren Freundinnen im Park spazieren. Sie reden und lachen. Der Park C ___ groß und sehr schön. Viele Blumen blühen und",Нет,Нет
vpr_sd_945858,german,4,"Прочитай рассказ. Вставь вместо каждого пропуска, обозначенного буквами А − Е, нужную грамматическую форму, выбрав её из трёх предложенных вариантов (1, 2 или 3). Im Park Das ist Tom. Er A _____ ein Fahrrad. Sein Fahrrad ist neu und rot. Tom fährt gerne mit dem Fahrrad. Heute ist das Wetter B _____ als gestern, und Tom will in den Park fahren. Er packt den Rucksack und nimmt C _____ Flasche Wasser",Нет,Нет
vpr_sd_945899,german,4,Помоги своему другу заполнить анкету для сайта «Друзья онлайн». Прочитай текст и запиши информацию в таблицу. Под каждым номером запиши только одно слово (без артиклей). Числа необходимо записать словами. Alina Morosowa Alina wohnt in Sankt Petersburg. Sie ist 10 Jahre alt. Sankt Petersburg ist eine der schönsten Städte Russlands. Alina hat eine Schwester und einen Bruder. Sie hat eine kleine Katz,Нет,Нет
vpr_sd_945894,german,4,Помоги своему другу заполнить анкету для сайта «Друзья онлайн». Прочитай текст и запиши информацию в таблицу. Под каждым номером запиши только одно слово (без артиклей). Числа необходимо записать словами. Wowa Solotov Wowa wohnt in Saratow. Das ist eine sehr schöne Stadt in Russland. Er ist 10 Jahre alt. Er hat eine Schwester und zwei Brüder. Er mag Katzen sehr. Er hat eine graue Katze. Er spielt ,Нет,Нет
vpr_sd_945861,german,4,"Прочитай текст. Для каждого предложения А − Е выбери один правильный вариант ответа из трёх предложенных (1, 2 или 3). Meine Familie Hallo, ich bin Anna. Ich bin 11 Jahre alt und wohne mit meiner Familie in einerWohnung im Stadtzentrum. Meine Eltern sind sehr sportlich. Mein Vater fährt gerne Rad. Am Wochenende macht er oft lange Radtouren und nimmt mich manchmal mit. Sein Fahrrad ist blau und hat",Нет,Нет
vpr_sd_945876,german,4,"Прочитай рассказ. Вставь вместо каждого пропуска, обозначенного буквами А − Е, нужную грамматическую форму, выбрав её из трёх предложенных вариантов (1, 2 или 3). Geburtstagsparty Tanja hat Geburtstag. Sie A ___ ihre Freunde zur Geburtstagsparty eingeladen. Die Gäste kommen und bringen Geschenke. Die Kinder spielen zusammen, B ___ hören Musik und tanzen. Dann setzen sie sich an den Tisch und C ___",Нет,Нет
vpr_sd_945863,german,4,Помоги своему другу заполнить анкету для сайта «Друзья онлайн». Прочитай текст и запиши информацию в таблицу. Под каждым номером запиши только одно слово (без артиклей). Числа необходимо записать словами. Elias König Das ist Elias. Er ist 13 Jahre alt und wohnt in Köln. Elias hat ein Aquarium mit Fischen. Elias hat eine ältere Schwester namens Sophie. Sophie spielt Geige und manchmal hört Elias ih,Нет,Нет
vpr_sd_945912,german,4,Помоги своему другу заполнить анкету для сайта «Друзья онлайн». Прочитай текст и запиши информацию в таблицу. Под каждым номером запиши только одно слово (без артиклей). Числа необходимо записать словами. Tim Ivanov Tim kommt aus Russland. Er ist 9 Jahre alt. Tim lebt in Saratow. Saratow liegt in Russland. Er hat eine jüngere Schwester und einen älteren Bruder. Die Kinder haben eine Katze. Tim spi,Нет,Нет
vpr_sd_945893,german,7,"Перед Вами на экране 5 предложений A−E с пропусками. Внимательно прочитайте их. Прочитайте также варианты ответов в выпадающем списке. Вы услышите диалог, Для каждого предложения выберите из выпадающего списка слово или словосочетание, соответствующее содержанию диалога. К каждому предложению подходит только одно слово или словосочетание. Вы услышите запись дважды. При повторном прослушивании пров",Да,Нет
vpr_sd_945894,german,7,"Прочитайте текст вслух. У Вас есть полторы минуты на подготовку и полторы минуты, чтобы прочитать текст вслух. Erst eins, dann zwei, dann drei, dann vier, dann steht das Christkind vor der Tür. So lautet ein bekanntes deutsches Kindergedicht. Der Inhalt spielt auf die winterliche Tradition an. Vor Weihnachten stellt man einen Adventskranz aus Tannenzweigen mit vier Kerzen auf. Da die Adventszeit i",Нет,Нет
vpr_sd_945895,german,7,Выберите фотографию и опишите человека на ней. У вас есть полторы минуты на подготовку и не более двух минут для ответа. У вас должен получиться связный рассказ (7−8 предложений). План ответа поможет вам: • Ort • Aktivität • Aussehen der Person • Gefällt Ihnen das Foto oder nicht? • Warum? Beginnen Sie mit: “Ich möchte das Foto № ... beschreiben. Auf dem Foto ist …” Foto 1 Foto 2 Foto 3,Нет,Да
vpr_sd_945888,german,7,"Установите соответствие между текстами A–E и их темами, выбрав тему 1–6 из списка. Используйте каждую тему только один раз. В задании одна тема лишняя. Im Text geht es um … 1) Leben mit einer Krankheit. 2) Spaß beim Kochen. 3) Schulleben. 4) gefährliche Werbung. 5) ein Krankenhaus. 6) ein Informationsbuch. A) Wer kennt sie nicht — die leckeren Cornflakes, die Kinder-Jogurts oder Getränke wie Cola ",Нет,Нет
vpr_sd_945889,german,7,"Прочитайте текст и вставьте вместо каждого пропуска нужную грамматическую форму, выбрав её из четырёх предложенных вариантов. Ein perfekter Urlaub mit viel Sport Im Alltag haben die Eltern oft keine Zeit für Hobbys und es _______ nur wenig Zeit für gemeinsame Familienaktivitäten. Deswegen wählen viele Familien für die Ferien und den Urlaub Familienhotels. Diese Hotels haben meist ein großes Sporta",Нет,Нет
vpr_sd_945890,german,7,"Прочитайте текст и вставьте вместо каждого пропуска подходящее слово, выбрав его из списка. Два слова в списке лишние. Kampf für den Klimaschutzt Auf unserer Erde wird es immer _______ Darum entstehen große Probleme wie Hitzewellen, Dürren und Überschwemmungen. Wir Menschen sind an der Klimakrise selbst schuld. Denn Abgase aus Werken, Fabriken und Autos verschmutzen die Erde. Es gibt viele unnötig",Нет,Нет
vpr_sd_945917,german,7,"Перед Вами 5 предложений A−E с пропусками и варианты слов или словосочетаний для заполнения этих пропусков, обозначенные цифрами 1−3 . Внимательно прочитайте их. Вы услышите диалог. Для каждого предложения A−E выберите слово или словосочетание, соответствующее содержанию диалога. К каждому пропуску подходит только одно слово или словосочетание. Вы услышите запись дважды. При повторном прослушивани",Да,Нет
vpr_sd_945913,german,7,"Прочитайте текст вслух. У вас есть полторы минуты на подготовку и полторы минуты, чтобы прочитать текст вслух. Das Auto wurde in Deutschland erfunden und ist das wichtigste Exportgut des Landes. Die deutschen Hersteller müssen jetzt die neuen Autos erfinden, denn die Zukunft gehört den Elektroautos. Auf den deutschen Straßen ist viel los. Junge Leute können mit 18 Jahren den Führerschein machen. D",Нет,Нет
vpr_sd_945918,german,7,"Установите соответствие между текстами A−E и их темами, выбрав тему 1−6 из списка. Используйте каждую тему только один раз. В задании одна тема лишняя. Im Text geht es um … 1) Sehenswertes in Österreich. 2) Schultypen in Deutschland. 3) den Schüleraustausch. 4) eine Reise in die Berge. 5) Sitten und Bräuche im Herbst. 6) das Berliner Kulturleben. A) In einem Internat wohnen und lernen Kinder. Meis",Нет,Нет
vpr_sd_945919,german,7,"Прочитайте текст и вставьте вместо каждого пропуска нужную грамматическую форму, выбрав её из четырёх предложенных вариантов. „Stadt-Rad“ — das praktische Verkehrsmittel Nicht alle Leute haben ein eigenes Auto, und Busse und Bahnen A____ nicht an jeden Ort. Das Fahrrad ist da eine gute Alternative: Fahrrad ist gesund, billig und man steht nicht im Stau! Manchmal ist man also sogar B____ als mit de",Нет,Нет
vpr_sd_945912,german,7,"Прочитайте текст и вставьте вместо каждого пропуска подходящее слово, выбрав его из списка. Два слова в списке лишние. Es weihnachtet sehr Das typisch deutsche Weihnachten kann man sich ohne Weihnachtsgeschenke kaum vorstellen. Es gibt A____ 24. Dezember im Familienkreis für alle Geschenke. Viele deutsche Kinder glauben, dass das Christkind oder der Weihnachtsmann die Geschenke bringen. Am Heiliga",Нет,Нет
vpr_sd_945906,german,7,"Прочитайте текст вслух. У Вас есть полторы минуты на подготовку и полторы минуты, чтобы прочитать текст вслух. Heutzutage kann man per Mausklick alles über Gesundheitsfragen erfahren. Man informiert sich im Internet über die neueste Diät und über chronische Krankheiten. Man bekommt Tipps und Empfehlungen, im virtuellen Sprechzimmer kann man sogar einen Arzt konsultieren. Durch Internet werden die ",Нет,Нет
vpr_sd_945898,german,7,"Установите соответствие между текстами A–E и их темами, выбрав тему 1–6 из списка. Используйте каждую тему только один раз. В задании одна тема лишняя. Im Text geht es um … 1) Leben in der Natur. 2) wichtige Daten. 3) Demonstrationen in Deutschland. 4) internationale Bewegung. 5) Informationen aus dem Lexikon. 6) umweltfreundliches Leben. A) In ein paar Monaten macht Markus Krieder sein Abitur und",Нет,Нет
vpr_sd_945901,german,7,"Прочитайте текст и вставьте вместо каждого пропуска нужную грамматическую форму, выбрав её из четырёх предложенных вариантов. Der erste Solarradweg in Deutschland Im November 2018 eröffnete Bundesumweltministerin Svenja Schulze _______ ersten Solarradweg in Deutschland, in Erftstadt bei Köln. Der Radweg besteht aus starken Solarmodulen. Sie produzieren Strom aus Sonnenlicht. Der Strom beleuchtet d",Нет,Нет
vpr_sd_945892,german,7,"Прочитайте текст и вставьте вместо каждого пропуска подходящее слово, выбрав его из списка. Два слова в списке лишние. Das Leben in der Stadt und auf dem Land In der Stadt leben _______ mehr Menschen als auf dem Land. So ist es auch in Deutschland: fünf Prozent — etwa vier Millionen Menschen leben auf dem Land, 95 Prozent leben in Städten. Das Leben in der Stadt hat viele Vorteile: ein interessant",Нет,Нет
vpr_sd_945896,german,7,"Прочитайте текст вслух. У Вас есть полторы минуты на подготовку и полторы минуты, чтобы прочитать текст вслух. Ärzte empfehlen, jeden Tag fünf Portionen Obst und Gemüse zu essen. Das ist nicht so einfach. Leichter fällt es, ein Glas Saft zu trinken. Der enthält auch wichtige Stoffe. Es sind zum Beispiel Vitamine drin. Allerdings hat er wie das Obst selbst auch viel Zucker. Darum sollte man nicht z",Нет,Нет
vpr_sd_945908,german,7,"Прочитайте текст вслух. У Вас есть полторы минуты на подготовку и полторы минуты, чтобы прочитать текст вслух. Dunkle Winter machen depressiv. Die Tage sind kurz und die Sonne zeigt sich nur selten, ln Nordeuropa leiden in der dunklen Jahreszeit viele Menschen an Depressionen. Das beste Mittel gegen schlechte Stimmung ist das Tageslicht selbst. Man sollte so viel wie möglich draußen spazieren gehe",Нет,Нет
vpr_sd_945910,german,7,"Установите соответствие между текстами A–E и их темами, выбрав тему 1–6 из списка. Используйте каждую тему только один раз. В задании одна тема лишняя. Im Text geht es um … 1) Musik in Österreich; 2) Chiemseer Sommer; 3) Heavy Metal-Mekka; 4) Politiker in der Freizeit; 5) Kindermusik; 6) Musik mitten in der Stadt. A) Das Wacken Open Air gibt es seit 1990. Es findet am ersten August Wochenende in W",Нет,Нет
vpr_sd_945911,german,7,"Прочитайте текст и вставьте вместо каждого пропуска нужную грамматическую форму, выбрав её из четырёх предложенных вариантов. Gesundes Schulessen und Sport In Deutschland ist _______ siebte Kind zu dick und sechs Prozent aller _______ haben Übergewicht. Darum ist gute Ernährung in Kindergärten und Schulen wichtig. Hier können die Kinder zumindest eine gesunde Mahlzeit am Tag in der Schule _______.",Нет,Нет
vpr_sd_945902,german,7,"Прочитайте текст и вставьте вместо каждого пропуска подходящее слово, выбрав его из списка. Два слова в списке лишние. Die Esskastanie Kastanien kennt fast jeder. Sie fallen im Herbst vom Baum. Nicht alle diese Früchte kann man A____ Aber eine Art schmeckt B____ die Esskastanie. Dieser Baum passt gut zum veränderten Klima. Darum sollen mehr Esskastanien in Deutschland wachsen. Früher C____ arme Me",Нет,Нет
vpr_sd_945904,german,7,"Прочитайте текст и вставьте вместо каждого пропуска подходящее слово, выбрав его из списка. Два слова в списке лишние. Neue Briefmarke für die Weihnachtspost Oh, wie schön! Eine Karte mit Weihnachtsgrüßen. Wer freut sich nicht, wenn so etwas im Postkasten liegt? Vor _______ schreibt und verschickt man _______ Karten. Bei der Post gibt es dann eine besondere Briefmarke. Die Weihnachtsmarken als Son",Нет,Нет
vpr_sd_945900,german,7,"Установите соответствие между текстами A–E и их темами, выбрав тему 1–6 из списка. Используйте каждую тему только один раз. В задании одна тема лишняя. Im Text geht es um … 1) neue Technologien. 2) Schulanfang. 3) eine Berufsschule. 4) Hausaufgaben. 5) Schulformen in Deutschland. 6) Schulalltag. A) Ein normaler Schultag sieht bei Sophie unterschiedlich aus. Mal hat sie nur fünf Stunden und ist zum",Нет,Нет
vpr_sd_945749,history,5,Перечень тем // А) Финикия В) Ассирийское государство | Б) Древний Рим Г) Древний Египет,Нет,Нет
vpr_sd_945734,history,5,Перечень тем // А) Древняя Греция В) Персидская держава | Б) Древний Рим Г) Древняя Палестина,Нет,Нет
vpr_sd_945909,history,5,Перечень тем // А) Древний Египет В) Вавилонское царство | Б) Финикия Г) Древняя Палестина,Нет,Нет
vpr_sd_945846,history,5,Перечень тем // А) Древний Рим В) Вавилонское царство | Б) Древний Египет Г) Персидская держава,Нет,Нет
vpr_sd_945871,history,5,Перечень тем // А) Древний Египет В) Древняя Греция | Б) Древний Рим Г) Древний Китай,Нет,Нет
