ID,Предмет,Класс,Задание,ЕстьАудио,ЕстьКартинки
vpr_sd_945678,biology,10,"Рассмотрите рисунок, на котором представлена схема фотосинтеза. Название какого вещества обозначено на схеме вопросительным знаком?",Нет,Нет
vpr_sd_946062,biology,10,"Установите последовательность соподчинения элементов биологических систем, начиная с наименьшего. Элементы: 1) центральная нервная система 2) головной мозг 3) нервная система 4) ствол головного мозга 5) продолговатый мозг 6) дыхательный центр Запишите в таблицу соответствующую последовательность цифр.",Нет,Нет
vpr_sd_945954,biology,10,"Каротин — важное вещество, необходимое для нормальной жизнедеятельности организма человека. Бета−каротин — жёлто−оранжевый пигмент, один из природных каротиноидов, служит предшественником витамина А. При инфекциях каротин ускоряет иммунную реакцию организма, увеличивает активность макрофагов, защищает клетки от повреждения свободными радикалами. Является естественным иммунностимулятром. Для того ч",Нет,Нет
vpr_sd_945357,biology,10,"Сердце человека, как и у всех млекопитающих, четырёхкамерное. На рисунке изображён поперечный срез этого органа.",Нет,Да
vpr_sd_945866,biology,10,На схеме представлен жизненный цикл улотрикса.,Нет,Нет
vpr_sd_945810,biology,10,На рисунке изображены этапы полового процесса инфузории.,Нет,Да
vpr_sd_945159,biology,10,"Фрагмент иРНК имеет следующую последовательность: УАЦЦАЦАГАГУЦУУЦ Определите последовательность участка ДНК, послужившего матрицей для синтеза этой молекулы РНК, и последовательность белка, которая кодируется этим фрагментом иРНК. При выполнении задания воспользуйтесь правилом комплементарности и таблицей генетического кода. Таблица генетического кода (и-РНК) Первое основание | Второе основание | ",Нет,Нет
vpr_sd_945146,biology,10,"Установите соответствие между структурами и зародышевыми листками, обозначенными на рисунке 1, 2: к каждой позиции, данной в первом столбце, подберите соответствующую позицию из второго столбца. СТРУКТУРЫ ЗАРОДЫША А) ногти Б) органы чувств В) кровь Г) лимфа Д) мышечная ткань ЗАРОДЫШЕВЫЕ ЛИСТКИ 1) эктодерма 2) мезодерма Запишите в ответ цифры, расположив их в порядке, соответствующем буквам: A | Б ",Нет,Да
vpr_sd_944849,biology,10,"В медицинской генетике широко используется генеалогический метод . Он основан на составлении родословной человека и изучении наследования того или иного признака. В подобных исследованиях используются определённые обозначения. Изучите фрагмент родословного древа одной семьи, у некоторых членов которой толстая кожа. Фрагмент родословного древа семьи Используя предложенную схему, определите, доминан",Нет,Нет
vpr_sd_944707,biology,10,"Андрею всегда хотелось иметь седую прядь надо лбом, как у папы и мамы. Но у него прядь отсутствует, как у обеих бабушек (рецессивный признак (а)). Определите генотипы членов семьи по указанному признаку. Ответы занесите в таблицу. Мать | Отец | Сын // | |",Нет,Нет
vpr_sd_945735,biology,10,"Рассмотрите рисунок, на котором представлена схема филогенетических связей высших приматов (обезьян). Название какой человекообразной обезьяны должно быть написано на месте вопросительного знака?",Нет,Нет
vpr_sd_946039,biology,10,"Установите последовательность соподчинения элементов биологических систем, начиная с наименьшего. Элементы: 1) проводящий сосуд 2) лист 3) побег 4) жилка 5) проводящая ткань 6) липа Запишите в таблицу соответствующую последовательность цифр.",Нет,Нет
vpr_sd_945378,biology,10,"Углеводы выполняют множество важных функций в организмах человека и животных. Они обеспечивают организм энергией, входят в состав клеточных мембран и цитоплазмы; участвуют в образовании нуклеиновых кислот. Для того чтобы организм не испытывал проблем, человеку в сутки необходимо 450–500 г углеводов. Продукты | Содержание углеводов, г/100 г продукта | Продукты | Содержание углеводов, г/100 г продук",Нет,Нет
vpr_sd_945292,biology,10,"На рисунке изображена клетка, имеющая мелкие рибосомы, способная к спорообразованию, размножающаяся прямым делением надвое.",Нет,Нет
vpr_sd_945856,biology,10,На схеме представлен жизненный цикл сосны.,Нет,Нет
vpr_sd_945826,biology,10,На рисунке изображены этапы деления клетки.,Нет,Нет
vpr_sd_945171,biology,10,"Фрагмент иРНК имеет следующую последовательность: АУААУГГААААААГГ Определите последовательность участка ДНК, послужившего матрицей для синтеза этой молекулы РНК, и последовательность белка, которая кодируется этим фрагментом иРНК. При выполнении задания воспользуйтесь правилом комплементарности и таблицей генетического кода. Таблица генетического кода (и-РНК) Первое основание | Второе основание | ",Нет,Нет
vpr_sd_945144,biology,10,"Установите соответствие между структурами и зародышевыми листками, обозначенными на рисунке цифрами 1, 2, из которых эти структуры формируются: к каждой позиции, данной в первом столбце, подберите соответствующую позицию из второго столбца. СТРУКТУРЫ А) нервная ткань Б) кровь В) скелет Г) гладкая мышечная ткань Д) кожный эпидермис ЗАРОДЫШЕВЫЕ ЛИСТКИ 1) 1 2) 2 Запишите в ответ цифры, расположив их ",Нет,Да
vpr_sd_944753,biology,10,"Селекционер скрестил кошку со стоячими ушами и гетерозиготного кота с висячими ушами. В результате скрещивания в потомстве присутствовали особи со стоячими ушами. Определите генотипы исходных кошки, кота и полученного потомства по указанному признаку. Ответы занесите в таблицу. Генотип кошки со стоячими ушами | Генотип кота с висячими ушами | Генотип полученного потомства со стоячими ушами // | |",Нет,Нет
vpr_sd_945750,biology,10,"Рассмотрите рисунок, на котором представлена схема круговорота углерода в природе. Название какой группы организмов должно быть написано на месте вопросительного знака?",Нет,Нет
vpr_sd_946021,biology,10,"Установите последовательность соподчинения представленных ниже элементов биологических систем, начиная с наибольшего. Элементы биологических систем: 1) плоды 2) генеративные органы 3) стручок 4) органы растения 5) стручок капусты 6) сухие плоды Запишите соответствующую последовательность цифр.",Нет,Нет
vpr_sd_945980,biology,10,"Белки выполняют множество важных функций в организмах человека и животных: обеспечивают организм строительным материалом, являются биологическими катализаторами или регуляторами, обеспечивают движение, некоторые транспортируют кислород. Для того чтобы организм не испытывал проблем, человеку в сутки необходимо 100–120 г белков. Продукты | Содержание белков, г/100 г продукта | Продукты | Содержание ",Нет,Нет
vpr_sd_945361,biology,10,"На рисунке изображена поперечнополосатая мышечная ткань, образующая сердечную мышцу, способная к возбуждению и сокращению.",Нет,Нет
vpr_sd_945880,biology,10,На схеме представлен жизненный цикл мха.,Нет,Нет
vpr_sd_945800,biology,10,На рисунке изображены этапы гаметогенеза.,Нет,Да
vpr_sd_945170,biology,10,"Фрагмент иРНК имеет следующую последовательность: ГУГГАГГГГУГЦУЦА Определите последовательность участка ДНК, послужившего матрицей для синтеза этой молекулы РНК, и последовательность белка, которая кодируется этим фрагментом иРНК. При выполнении задания воспользуйтесь правилом комплементарности и таблицей генетического кода. Таблица генетического кода (и-РНК) Первое основание | Второе основание | ",Нет,Нет
vpr_sd_945137,biology,10,"Установите соответствие между процессами и этапами онтогенеза животных: к каждой позиции, данной в первом столбце, подберите соответствующую позицию из второго столбца. ПРОЦЕССЫ А) дробление зиготы Б) гаструляция В) метаморфоз Г) формирование личинки Д) органогенез Е) формирование бластулы ЭТАПЫ ОНТОГЕНЕЗА 1) эмбриональный 2) постэмбриональный Запишите в ответ цифры, расположив их в порядке, соотв",Нет,Нет
vpr_sd_944734,biology,10,Селекционер скрестил растения чистой линии кукурузы с гладкими семенами и растения чистой линии кукурузы с морщинистыми семенами. В результате скрещивания получилось гибридное потомство с гладкими семенами. Определите генотипы исходных растений и полученного гибридного потомства по указанному признаку. Ответы занесите в таблицу. Генотип исходного растения с гладкими семенами | Генотип исходного ра,Нет,Нет
vpr_sd_945763,biology,10,"Рассмотрите рисунок, на котором представлена схема круговорота серы в природе. Название какого процесса должно быть написано на месте вопросительного знака?",Нет,Нет
vpr_sd_946079,biology,10,"Установите последовательность соподчинения элементов биологических систем, начиная с наибольшего. Элементы: 1) комплекс Гольджи 2) головогрудь 3) углевод 4) речной рак 5) клетка 6) эпителий кожи Запишите соответствующую последовательность цифр.",Нет,Нет
vpr_sd_945975,biology,10,"Белки выполняют множество важных функций в организме человека и животных. Они обеспечивают организм строительным материалом, являются биологическими катализаторами или регуляторами, обеспечивают движение, некоторые транспортируют кислород. Для того чтобы организм не испытывал проблем, человеку в сутки необходимо 100–120 г белков. Продукты | Содержание белков, г/100 г продукта | Продукты | Содержан",Нет,Нет
vpr_sd_945296,biology,10,"Анатомическая структура, обозначенная на рисунке вопросительным знаком, структурно связана с пищеварительной системой человека, но в ходе эволюции перестала быть тесно связанной с ней функционально.",Нет,Да
vpr_sd_945154,biology,10,"Фрагмент транскрибируемой цепи молекулы ДНК имеет следующую последовательность: ГТАГЦГААГААТГГГ Определите последовательность участка иРНК, матрицей для синтеза которого послужил этот фрагмент ДНК, и аминокислотную последовательность белка, которая кодируется этим фрагментом ДНК. Таблица генетического кода (и-РНК) Первое основание | Второе основание | Третье основание // | У | Ц | А | Г | // У | Ф",Нет,Нет
vpr_sd_945148,biology,10,"Установите соответствие между органом, тканью позвоночного животного и зародышевым листком, из которого они образуются. ОРГАН, ТКАНЬ A) кишечник Б) кровь B) почки Г) лёгкие Д) хрящевая ткань Е) сердечная мышца ЗАРОДЫШЕВЫЙ ЛИСТОК 1) энтодерма 2) мезодерма Запишите в ответ цифры, расположив их в порядке, соответствующем буквам: A | Б | В | Г | Д | Е // | | | | |",Нет,Нет
vpr_sd_945714,biology,10,"Рассмотрите рисунок, на котором представлена схема клеточного цикла. Какая его фаза обозначена вопросительным знаком?",Нет,Нет
vpr_sd_946052,biology,10,"Установите последовательность соподчинения элементов биологических систем, начиная с наибольшего. Элементы: 1) клетка эпителия 2) хромосома 3) ядро 4) поджелудочная железа 5) железистый эпителий 6) ДНК Запишите соответствующую последовательность цифр",Нет,Нет
vpr_sd_945387,biology,10,"Около 80% холестерина (примерно 1 г в день) вырабатывается в печени, остальная часть поступает из продуктов, которые мы употребляем. Холестерин укрепляет мембрану клетки, преобразуется в желчную кислоту, которая помогает в расщеплении жиров в кишечнике, способствует образованию в организме витамина D и гормонов, — тестостерона (у мужчин) и эстрогена (у женщин). Продукты | Количество холестерина, г",Нет,Нет
vpr_sd_945284,biology,10,"На рисунке изображён процесс, происходящий при делении ядра клетки.",Нет,Нет
vpr_sd_945868,biology,10,На схеме представлен жизненный цикл плауна.,Нет,Нет
vpr_sd_945828,biology,10,На рисунке изображён период существования клетки.,Нет,Нет
vpr_sd_945142,biology,10,"Установите соответствие между структурами и зародышевыми листками, обозначенными на рисунке цифрами 1, 2: к каждой позиции, данной в первом столбце, подберите соответствующую позицию из второго столбца. СТРУКТУРА А) волосы и ногти Б) хрящевая ткань В) кора головного мозга Г) малая берцовая кость Д) мышечный слой стенки желудка ЗАРОДЫШЕВЫЙ ЛИСТОК 1) 1 2) 2 Запишите в ответ цифры, расположив их в по",Нет,Да
vpr_sd_944735,biology,10,Селекционер скрестил гетерозиготное растение гороха садового с высоким стеблем и растение гороха садового с карликовым стеблем. В результате скрещивания в потомстве присутствовали особи с высоким стеблем. Определите генотипы двух исходных растений и полученного потомства по указанному признаку. Ответы занесите в таблицу. Генотип исходного растения с высоким стеблем | Генотип исходного растения с к,Нет,Нет
vpr_sd_945767,biology,10,"Рассмотрите рисунок, на котором представлена схема круговорота углерода в природе. Название какого процесса должно быть написано на месте вопросительного знака?",Нет,Нет
vpr_sd_945307,biology,10,"На рисунке изображена клетка, имеющая обособленное ядро и мембранные органоиды.",Нет,Да
vpr_sd_945911,biology,10,На схеме представлен жизненный цикл папоротника.,Нет,Нет
vpr_sd_945642,biology,10,"Фрагмент иРНК имеет следующую последовательность: АУУГАЦГУАЦЦАЦЦУ Определите последовательность участка ДНК, послужившего матрицей для синтеза этой молекулы РНК, и аминокислотную последовательность белка, которая кодируется этим фрагментом ДНК. Таблица генетического кода (и-РНК) Первое основание | Второе основание | Третье основание // | У | Ц | А | Г | // У | Фен Фен Лей Лей | Сер Сер Сер Сер | Т",Нет,Нет
vpr_sd_944875,biology,10,"В медицинской генетике широко используется генеалогический метод. Он основан на составлении родословной человека и изучении наследования того или иного признака. В подобных исследованиях используются определённые обозначения. Изучите фрагмент родословного древа одной семьи, у некоторых членов которой встречается глухонемота. Фрагмент родословного древа семьи Используя предложенную схему, определит",Нет,Нет
vpr_sd_944706,biology,10,В браке темноволосых родителей (доминантный признак (А)) родился светловолосый сын. Определите генотипы членов семьи по указанному признаку. Ответы занесите в таблицу. Мать | Отец | Сын // | |,Нет,Нет
vpr_sd_945696,biology,10,"Рассмотрите рисунок, на котором представлена схема постэмбрионального развития тутового шелкопряда. Как называется стадия, обозначенная цифрой 3?",Нет,Нет
vpr_sd_946088,biology,10,"Установите последовательность соподчинения элементов биологических систем, начиная с наибольшего. Элементы: 1) вирус 2) углевод дезоксирибоза 3) ДНК 4) полинуклеотидная цепь 5) капсид 6) нуклеотид Запишите соответствующую последовательность цифр.",Нет,Нет
vpr_sd_945973,biology,10,"Углеводы выполняют важные функции в организме человека и животных. Основная функция углеводов — энергетическая. Энергетическую функцию выполняют прежде всего глюкоза, фруктоза, сахароза, а также крахмал и гликоген. Целлюлоза, гемицеллюлоза, пектиновые вещества играют очень важную роль в питании, их волокна стимулируют перистальтику желудочно-кишечного тракта, адсорбируют токсические вещества и хол",Нет,Нет
vpr_sd_945320,biology,10,"Изображённый на рисунке органоид образуется из мембран ЭПС. Мембраны этого органоида способны встраиваться в наружную плазматическую мембрану клетки и становиться её частью. В нём синтезированные клеткой вещества упаковываются, а затем выносятся из клетки.",Нет,Да
vpr_sd_945878,biology,10,На схеме представлен жизненный цикл хвоща.,Нет,Нет
vpr_sd_945152,biology,10,"Фрагмент транскрибируемой цепи молекулы ДНК имеет следующую последовательность: ГГГТГГЦГТЦАТЦАА Определите последовательность участка иРНК, матрицей для синтеза которого послужил этот фрагмент ДНК, и аминокислотную последовательность белка, которая кодируется этим фрагментом ДНК. При выполнении задания воспользуйтесь правилом комплементарности и таблицей генетического кода. Таблица генетического к",Нет,Нет
vpr_sd_944693,biology,10,"Сергей всегда хотел иметь нос с горбинкой, как у его отца (доминантный признак (А)). Но нос у него был прямой, как у матери. Определите генотипы членов семьи по указанному признаку. Ответы занесите в таблицу. Мать | Отец | Сын // | |",Нет,Нет
vpr_sd_945376,biology,10,"Липиды выполняют множество важных функций в организме человека и животных. Будучи одним из основных компонентов биологических мембран, липиды влияют на их проницаемость, участвуют в передаче нервного импульса, создании межклеточных контактов. Они создают термоизоляционные покровы у животных, защищают органы и ткани от механических воздействий. Для того чтобы организм не испытывал проблем, человеку",Нет,Нет
vpr_sd_945287,biology,10,"Как видно на рисунках 1–3, живое содержимое растительной клетки во время плазмолиза уменьшается в объёме, в том числе уменьшается объём структуры, обозначенной вопросительным знаком.",Нет,Нет
vpr_sd_945654,biology,10,"Фрагмент иРНК имеет следующую последовательность: УГЦУГГУЦАГЦЦАУУ Определите последовательность участка ДНК, послужившего матрицей для синтеза этой молекулы РНК, и последовательность белка, которая кодируется этим фрагментом иРНК. При выполнении задания воспользуйтесь правилом комплементарности и таблицей генетического кода. Таблица генетического кода (и-РНК) Первое основание | Второе основание | ",Нет,Нет
vpr_sd_945556,biology,10,"Фрагмент иРНК имеет следующую последовательность: ЦААГЦАУУЦГУАЦЦЦ Определите последовательность участка ДНК, послужившего матрицей для синтеза этой молекулы РНК, и последовательность белка, которая кодируется этим фрагментом иРНК. При выполнении задания воспользуйтесь правилом комплементарности и таблицей генетического кода. Таблица генетического кода (и-РНК) Первое основание | Второе основание | ",Нет,Нет
vpr_sd_945897,biology,10,"Установите соответствие между органами и зародышевыми листками, из которых они развиваются: к каждой позиции, данной в первом столбце, подберите соответствующую позицию из второго столбца. ОРГАНЫ А) головной мозг Б) эпителий тонкой кишки В) хрящи сустава Г) скелетные мышцы Д) поджелудочная железа Е) ногти ЗАРОДЫШЕВЫЕ ЛИСТКИ 1) эктодерма 2) энтодерма 3) мезодерма Запишите в ответ цифры, расположив ",Нет,Нет
vpr_sd_944692,biology,10,"Антон всегда хотел иметь тёмные волосы, как у его отца (доминантный признак (А)). Но волосы у него были светлые, как у матери. Определите генотипы членов семьи по указанному признаку. Ответы занесите в таблицу. Мать | Отец | Сын // | |",Нет,Нет
vpr_sd_946031,biology,10,"Установите последовательность соподчинения элементов биологических систем, начиная с наибольшего. Элементы: 1) мякоть листа 2) тилакоид 3) фотосинтезирующая ткань 4) хлорофилл 5) магний 6) хлоропласт Запишите в таблицу соответствующую последовательность цифр.",Нет,Нет
vpr_sd_945937,biology,10,"Витамин В9 (фолиевая кислота) необходим для нормального роста и развития кровеносной и иммунной систем. Фолиевая кислота требуется для создания и поддержания в здоровом состоянии новых клеток. От нехватки фолиевой кислоты, в первую очередь, страдает костный мозг, что может привести к мегалобластной анемии. Для того чтобы организм не испытывал проблем, человеку в сутки необходимо примерно 400 мг фо",Нет,Нет
vpr_sd_945353,biology,10,"Сосудистая система человека образована сосудами трёх принципиальных типов (А, Б, В). Обозначения: 1 — соединительная ткань, 2 — гладкая мышечная ткань, 3 — эпителиальная ткань, 4 — створка клапана",Нет,Да
vpr_sd_945840,biology,10,На рисунке изображены этапы деления клетки. 1 2 3 4,Нет,Нет
vpr_sd_945165,biology,10,"Фрагмент иРНК имеет следующую последовательность: ГАГГЦГЦЦГУУГГУУ Определите последовательность участка ДНК, послужившего матрицей для синтеза этой молекулы РНК, и последовательность белка, которая кодируется этим фрагментом иРНК. При выполнении задания воспользуйтесь правилом комплементарности и таблицей генетического кода. Таблица генетического кода (и-РНК) Первое основание | Второе основание | ",Нет,Нет
vpr_sd_945147,biology,10,"Установите соответствие между органами, развивающимися из зародышевых листков эмбриона хордовых, и зародышевыми листками из которых развиваются данные органы: к каждой позиции, данной в первом столбце, подберите соответствующую позицию из второго столбца ОРГАНЫ А) головной мозг Б) скелет В) мышцы Г) кожные железы Д) лёгкие Е) печень ЗАРОДЫШЕВЫЕ ЛИСТКИ 1) эктодерма 2) энтодерма 3) мезодерма Запишит",Нет,Нет
vpr_sd_944750,biology,10,Селекционер скрестил растения чистой линии кукурузы с зелёными всходами и растения чистой линии кукурузы с золотистыми всходами. В результате скрещивания получилось гибридное потомство с зелёными всходами. Определите генотипы исходных растений и полученного гибридного потомства по указанному признаку. Ответы занесите в таблицу. Генотип исходного растения с зелёными всходами | Генотип исходного рас,Нет,Нет
vpr_sd_945760,biology,10,"Рассмотрите рисунок, на котором представлена схема круговорота азота в природе. Название какого процесса должно быть написано на месте вопросительного знака?",Нет,Нет
vpr_sd_946057,biology,10,"Установите последовательность соподчинения представленных ниже элементов биологических систем, начиная с наибольшего. Элементы биологических систем: 1) череп 2) зубные альвеолы 3) опорно-двигательная система 4) лицевой отдел 5) скелет 6) нижняя челюсть Запишите в таблицу соответствующую последовательность цифр.",Нет,Нет
vpr_sd_945286,biology,10,На рисунке изображена цитоплазматическая мембрана эукариотической клетки.,Нет,Да
vpr_sd_945854,biology,10,На схеме представлен жизненный цикл яблони.,Нет,Нет
vpr_sd_945145,biology,10,"Установите соответствие между структурами и зародышевыми листками, обозначенными на рисунке цифрами 1, 2: к каждой позиции, данной в первом столбце, подберите соответствующую позицию из второго столбца. ОРГАН, ТКАНЬ A) внутренние слизистые покровы Б) надпочечники B) тканевая жидкость Г) лимфа Д) эпителий альвеол ЗАРОДЫШЕВЫЙ ЛИСТОК 1) энтодерма 2) мезодерма Запишите в ответ цифры, расположив их в п",Нет,Да
vpr_sd_944887,biology,10,"В медицинской генетике широко используется генеалогический метод. Он основан на составлении родословной человека и изучении наследования того или иного признака. В подобных исследованиях используются определённые обозначения. Изучите фрагмент родословного древа одной семьи, у членов которой встречается брахидактилия (укороченные пальцы). Фрагмент родословного древа семьи Используя предложенную схе",Нет,Нет
vpr_sd_944746,biology,10,Селекционер скрестил растения чистой линии кукурузы с нормальными метёлками и растения чистой линии кукурузы с зачаточными метёлками. В результате скрещивания получилось гибридное потомство с нормальными метёлками. Определите генотипы исходных растений и полученного гибридного потомства по указанному признаку. Генотип исходного растения с нормальными метёлками | Генотип исходного растения с зачато,Нет,Нет
vpr_sd_945725,biology,10,"Рассмотрите рисунок, на котором представлена схема двух фаз свёртывания крови (тромбообразования). Название какого белка должно быть написано на месте вопросительного знака?",Нет,Нет
vpr_sd_946024,biology,10,"Установите последовательность соподчинения представленных ниже элементов биологических систем, начиная с наибольшего. Элементы биологических систем: 1) зерновка пшеницы 2) органы растения 3) односемянные плоды 4) плоды 5) зерновка 6) генеративные органы Запишите в таблицу соответствующую последовательность цифр.",Нет,Нет
vpr_sd_945960,biology,10,"Значение витамина С для здоровья настолько велико, что даже незначительный его недостаток вызывает плохое самочувствие. Для того чтобы не испытывать проблем, взрослому человеку необходимо в сутки потреблять с пищей около 90 мг этого витамина. Продукты | Содержание витамина C, мг/100 г продукта | Продукты | Содержание витамина C, мг/100 г продукта // Морковь | 5 | Яблоки | 10 // Помидоры | 25 | Смо",Нет,Нет
vpr_sd_945359,biology,10,"Представленное на рисунке многообразие плодов можно разделить на группы по количеству семян (на многосемянные и односемянные), по способности к вскрытию (на вскрывающиеся и невскрывающиеся), а также по консистенции околоплодника.",Нет,Да
vpr_sd_944643,biology,10,"Установите соответствие между структурой организма человека и зародышевым листком, из которого она сформировалась. СТРУКТУРА ОРГАНИЗМА A) болевые рецепторы Б) волосяной покров B) лимфа и кровь Г) жировая ткань Д) ногтевые пластинки ЗАРОДЫШЕВЫЙ ЛИСТОК 1) эктодерма 2) мезодерма Запишите в ответ цифры, расположив их в порядке, соответствующем буквам: A | Б | В | Г | Д // | | | |",Нет,Нет
vpr_sd_944760,biology,10,"Селекционер скрестил кошку с короткой шерстью и кота с короткой шерстью. В результате скрещивания в потомстве присутствовали особи с длинной шерстью. Определите генотипы исходных кошки, кота и полученного потомства по указанному признаку. Генотип кошки с короткой шерстью | Генотип кота с короткой шерстью | Генотип полученного потомства с длинной шерстью // | |",Нет,Нет
vpr_sd_945740,biology,10,"Рассмотрите рисунок, на котором представлена схема круговорота углерода в природе. Название какого процесса обозначено на схеме вопросительным знаком?",Нет,Нет
vpr_sd_946047,biology,10,"Установите последовательность соподчинения элементов биологических систем, начиная с наибольшего. Элементы: 1) сосуд 2) клеточная оболочка 3) древесина 4) проводящая система 5) побег 6) стебель Запишите соответствующую последовательность цифр.",Нет,Нет
vpr_sd_945959,biology,10,"Витамин D выполняет важные функции в организме человека: предотвращает заболевания костной системы, регулирует усвоение фосфора и магния в организме, способствует запасанию кальция в костной ткани и зубах, стимулирует минеральный обмен и др. Для того чтобы организм не испытывал проблем, человеку в сутки необходимо примерно 2,5 мг витамина D. Продукты | Содержание витамина D, мг / 100 г продукта | ",Нет,Нет
vpr_sd_945297,biology,10,"На рисунке изображена эукариотическая диплоидная клетка в определённой фазе её деления, при котором происходит рекомбинация генетического материала.",Нет,Да
vpr_sd_945608,biology,10,"Фрагмент транскрибируемой цепи молекулы ДНК имеет следующую последовательность: ЦААЦАТЦЦТТТТЦГТ Определите последовательность участка иРНК, матрицей для синтеза которого послужил этот фрагмент ДНК, и аминокислотную последовательность белка, которая кодируется этим фрагментом ДНК. Таблица генетического кода (и-РНК) Первое основание | Второе основание | Третье основание // | У | Ц | А | Г | // У | Ф",Нет,Нет
vpr_sd_945566,biology,10,"Фрагмент иРНК имеет следующую последовательность: ГГААААГЦАГУУГУА Определите последовательность участка ДНК, послужившего матрицей для синтеза этой молекулы РНК, и последовательность белка, которая кодируется этим фрагментом иРНК. При выполнении задания воспользуйтесь правилом комплементарности и таблицей генетического кода. Таблица генетического кода (и-РНК) Первое основание | Второе основание | ",Нет,Нет
vpr_sd_945140,biology,10,"Установите соответствие между структурами и зародышевыми листками, обозначенными на рисунке цифрами 1, 2, из которых эти структуры формируются: к каждой позиции, данной в первом столбце, подберите соответствующую позицию из второго столбца. СТРУКТУРА А) сетчатка глаза Б) мимическая мышца В) хрящевая поверхность кости Г) серое вещество спинного мозга Д) лимфа Е) эмаль зубов ЗАРОДЫШЕВЫЙ ЛИСТОК 1) 1 ",Нет,Да
vpr_sd_945730,biology,10,"Рассмотрите рисунок, на котором представлена схема компактизации (упаковки) наследственного материала клетки. Название какой структуры клетки обозначено цифрой 6?",Нет,Нет
vpr_sd_946083,biology,10,"Установите последовательность соподчинения представленных ниже элементов, начиная с наибольшего. Элементы: 1) хлоропласт 2) внутренние мембраны органоида 3) хлорофилл 4) пластиды 5) тилакоиды гран 6) мембранные органоиды клетки Запишите в таблицу соответствующую последовательность цифр.",Нет,Нет
vpr_sd_945305,biology,10,"На рисунке изображена животная клетка, имеющая двумембранные, одномембранные и немембранные органоиды. К какой из названных групп относят органоид, обозначенный на рисунке цифрой 1? Ответ дайте в именительном падеже.",Нет,Да
vpr_sd_945172,biology,10,"Фрагмент иРНК имеет следующую последовательность: ГГУЦАЦАГАЦУАЦЦЦ Определите последовательность участка ДНК, послужившего матрицей для синтеза этой молекулы РНК, и последовательность белка, которая кодируется этим фрагментом иРНК. При выполнении задания воспользуйтесь правилом комплементарности и таблицей генетического кода. Таблица генетического кода (и-РНК) Первое основание | Второе основание | ",Нет,Нет
vpr_sd_944699,biology,10,"Алексей всегда хотел иметь прямой нос, как у его отца (доминантный признак (А)). Но нос у него был курносый, как у матери. Определите генотипы членов семьи по указанному признаку. Ответы занесите в таблицу. Мать | Отец | Сын // | |",Нет,Нет
vpr_sd_946085,biology,10,"Установите последовательность соподчинения представленных ниже элементов биологических систем, начиная с наибольшего. Элементы биологических систем: 1) ДНК (дезоксирибонуклеиновая кислота) 2) органические вещества клетки 3) митохондриальная ДНК 4) нуклеиновые кислоты 5) замкнутая ДНК 6) азотсодержащие органические вещества Запишите в таблицу соответствующую последовательность цифр.",Нет,Нет
vpr_sd_945949,biology,10,"Кальций — распространенный макроэлемент в организме человека. В сбалансированной диете человека около 80% кальция поступает с молочными продуктами. Наибольшая часть кальция в организме находится в скелете человека и в зубах. Ионы кальция участвуют в процессах свёртывания крови, регулируют секрецию гормонов, нейромедиаторов. Для того чтобы организм не испытывал проблем, человеку в сутки необходимо ",Нет,Нет
vpr_sd_945327,biology,10,"На рисунке изображены особые форменные элементы крови человека, клетки, способные к фагоцитозу — активному захвату и перевариванию бактерий, остатков погибших клеток и других чужеродных или токсичных для организма частиц. Они присутствуют практически в каждом органе и в тканях, могут проникать через стенки сосудов к местам скопления инородных веществ. Как называются эти форменные элементы? Ответ д",Нет,Да
vpr_sd_945605,biology,10,"Фрагмент транскрибируемой цепи молекулы ДНК имеет следующую последовательность: АГТАГАГТГТАТГГА Определите последовательность участка иРНК, матрицей для синтеза которого послужил этот фрагмент ДНК, и аминокислотную последовательность белка, которая кодируется этим фрагментом ДНК. Таблица генетического кода (и-РНК) Первое основание | Второе основание | Третье основание // | У | Ц | А | Г | // У | Ф",Нет,Нет
vpr_sd_944691,biology,10,"Светлана всегда хотела иметь длинные ресницы, как у отца. Но у неё ресницы были короткие, как у матери (рецессивный признак (а)). Определите генотипы членов семьи по указанному признаку. Ответы занесите в таблицу. Мать | Отец | Дочь // | |",Нет,Нет
vpr_sd_946072,biology,10,"Установите последовательность соподчинения элементов биологических систем, начиная с наибольшего. Элементы: 1) рибосомная РНК 2) двуглавая мышца 3) нуклеотид 4) мышечная клетка 5) рибосома 6) митохондрия Запишите соответствующую последовательность цифр.",Нет,Нет
vpr_sd_945394,biology,10,"Липиды выполняют несколько важных функций в организмах человека и животных. Они служат долгосрочным запасом энергии для организма, входят в состав клеточных мембран; участвуют в терморегуляции. Для того чтобы организм не испытывал проблем, человеку в сутки необходимо 90–110 г липидов. Продукты | Содержание липидов, г/100 г продукта | Продукты | Содержание липидов, г/100 г продукта // Шоколад молоч",Нет,Нет
vpr_sd_945335,biology,10,"Рассмотрите рисунок клетки, какой органоид обозначен буквой А. Как он называется? Ответ дайте в именительном падеже.",Нет,Да
vpr_sd_944715,biology,10,Женщина с нормальным зрением (рецессивный признак (а)) вступает в брак с близоруким мужчиной. В семье родилась дочь с нормальным зрением. Определите генотипы членов семьи по указанному признаку. Ответы занесите в таблицу. Мать | Отец | Дочь // | |,Нет,Нет
vpr_sd_945727,biology,10,"Рассмотрите рисунок, на котором представлена схема сердечного цикла. Как называется его фаза, обозначенная на рисунке под номером 1? 1 2 3",Нет,Нет
vpr_sd_946082,biology,10,"Установите последовательность соподчинения представленных ниже элементов биологических систем, начиная с наибольшего. Элементы биологических систем: 1) глобулярные белки 2) органические вещества клетки 3) аминокислоты 4) белки (полипептиды) 5) серосодержащие аминокислоты 6) азотсодержащие органические вещества Запишите соответствующую последовательность цифр.",Нет,Нет
vpr_sd_945303,biology,10,При выходе позвоночных животных на сушу их орган слуха в ходе эволюции начал постепенно усложняться.,Нет,Да
vpr_sd_944747,biology,10,Селекционер скрестил растения чистой линии кукурузы с нормальными междоузлиями и растения чистой линии кукурузы с укороченными междоузлиями. В результате скрещивания получилось гибридное потомство с нормальными междоузлиями. Определите генотипы исходных растений и полученного гибридного потомства по указанному признаку. Ответы занесите в таблицу. Генотип исходного растения с нормальными междоузлия,Нет,Нет
vpr_sd_945732,biology,10,"Рассмотрите рисунок, на котором представлена схема хромосомной дифференциации пола у дрозофил. Какой термин должен быть написан на месте вопросительного знака?",Нет,Нет
vpr_sd_946026,biology,10,"Установите последовательность соподчинения представленных ниже методов изучения биологических систем, начиная с наибольшего. Методы изучения биологических систем: 1) микроскопия 2) микроскопирование клеток чешуи лука 3) методы изучения биологии 4) практические инструментальные методы цитологии 5) световая микроскопия 6) методы изучения клетки Запишите в таблицу соответствующую последовательность ц",Нет,Нет
vpr_sd_945174,biology,10,"Фрагмент иРНК имеет следующую последовательность: ГЦУГУЦГАУГГЦУУУ Определите последовательность участка ДНК, послужившего матрицей для синтеза этой молекулы РНК, и последовательность белка, которая кодируется этим фрагментом иРНК. При выполнении задания воспользуйтесь правилом комплементарности и таблицей генетического кода. Таблица генетического кода (и-РНК) Первое основание | Второе основание | ",Нет,Нет
vpr_sd_945136,biology,10,"Установите соответствие между структурами и зародышевыми листками, обозначенными на рисунке цифрами 1, 2: к каждой позиции, данной в первом столбце, подберите соответствующую позицию из второго столбца. СТРУКТУРА А) волосы и ногти Б) эпидермис кожи В) кора головного мозга Г) эпителий толстого кишечника Д) железистые клетки желудка ЗАРОДЫШЕВЫЙ ЛИСТОК 1) 1 2) 2 Запишите в ответ цифры, расположив их ",Нет,Да
vpr_sd_944756,biology,10,"Селекционер скрестил самку чистой линии мыши с прямой шерстью и самца чистой линии мыши с извитой шерстью. В результате скрещивания получилось гибридное потомство с прямой шерстью. Определите генотипы исходных самки, самца мышей и полученного гибридного потомства по указанному признаку. Ответы занесите в таблицу. Генотип самки мыши с прямой шерстью | Генотип самца мыши с извитой шерстью | Генотип ",Нет,Нет
vpr_sd_945758,biology,10,"Рассмотрите рисунок, на котором представлена схема круговорота серы в природе. Название какого вещества должно быть написано на месте вопросительного знака?",Нет,Нет
vpr_sd_945915,biology,10,"Установите последовательность соподчинения элементов биологических систем, начиная с наибольшего. Пропущенные элементы: 1) человек 2) бицепс 3) мышечная клетка 4) рука 5) аминокислота 6) белок актин Запишите соответствующую последовательность цифр.",Нет,Нет
vpr_sd_945319,biology,10,На рисунке изображена клетка животного организма. Какой набор хромосом имеет указанная клетка? Ответ дайте в именительном падеже.,Нет,Да
vpr_sd_944738,biology,10,Селекционер скрестил растения чистой линии арбузов с зелёными плодами и растения чистой линии арбузов с полосатыми плодами. В результате скрещивания получилось гибридное потомство с зелёными плодами. Определите генотипы исходных растений и полученного гибридного потомства по указанному признаку. Ответы занесите в таблицу. Генотип исходного растения с зелёными плодами | Генотип исходного растения с,Нет,Нет
vpr_sd_945746,biology,10,"Рассмотрите рисунок, на котором представлена схема круговорота углерода в природе. Название какой группы организмов по типу питания обозначено на схеме вопросительным знаком?",Нет,Нет
vpr_sd_945290,biology,10,"Изображённый на рисунке органоид характерен для всех клеток эукариот и является самым крупным клеточным органоидом. Двойная мембрана с порами отграничивает находящиеся внутри кариоплазму, молекулы ДНК и одно или несколько темных образований.",Нет,Да
vpr_sd_945650,biology,10,"Фрагмент транскрибируемой цепи молекулы ДНК имеет следующую последовательность: ЦТАЦГААГЦАЦЦГТА Определите последовательность участка иРНК, матрицей для синтеза которого послужил этот фрагмент ДНК, и аминокислотную последовательность белка, которая кодируется этим фрагментом ДНК. Таблица генетического кода (и-РНК) Первое основание | Второе основание | Третье основание // | У | Ц | А | Г | // У | Ф",Нет,Нет
vpr_sd_945141,biology,10,"Установите соответствие между структурами и зародышевыми листками, обозначенными на рисунке цифрами 1, 2: к каждой позиции, данной в первом столбце, подберите соответствующую позицию из второго столбца. СТРУКТУРА А) мышечный слой стенки бедренной артерии Б) лучевая кость В) слизистая оболочка желудка Г) кровь Д) ворсинки эпителия кишечника ЗАРОДЫШЕВЫЙ ЛИСТОК 1) 1 2) 2 Запишите в ответ цифры, распо",Нет,Да
vpr_sd_944757,biology,10,"Селекционер скрестил кошку с нормальной шерстью и кота с нормальной шерстью. В результате скрещивания в потомстве присутствовали бесшёрстные особи. Определите генотипы исходных кошки, кота и полученного потомства по указанному признаку. Ответы занесите в таблицу. Генотип кошки с нормальной шерстью | Генотип кошки с нормальной шерстью | Генотип полученного бесшёрстного потомства // | |",Нет,Нет
vpr_sd_945718,biology,10,"Рассмотрите рисунок, на котором представлена схема клеточного дыхания. Название какого вещества обозначено на схеме вопросительным знаком?",Нет,Нет
vpr_sd_946028,biology,10,"Установите последовательность соподчинения элементов биологических систем, начиная с наименьшего. Элементы: 1) цветок 2) пестик 3) ядро 4) семязачаток 5) центральная клетка 6) завязь Запишите в таблицу соответствующую последовательность цифр.",Нет,Нет
vpr_sd_945951,biology,10,"Витамин А — важный витамин, необходимый для нормальной жизнедеятельности организма человека. Он стимулирует рост, развитие организма, является основой формирования родопсина, основного зрительного пигмента. При недостатке витамина А ухудшается зрение, состояние кожи человека, замедляется рост, снижается иммунная реакция. Для того чтобы организм не испытывал проблем, человеку в сутки необходимо при",Нет,Нет
vpr_sd_945657,biology,10,"Фрагмент иРНК имеет следующую последовательность: ААУГУЦЦАЦАУААУУ Определите последовательность участка ДНК, послужившего матрицей для синтеза этой молекулы РНК, и последовательность белка, которая кодируется этим фрагментом иРНК. При выполнении задания воспользуйтесь правилом комплементарности и таблицей генетического кода. Таблица генетического кода (и-РНК) Первое основание | Второе основание | ",Нет,Нет
vpr_sd_944840,biology,10,"В медицинской генетике широко используется генеалогический мето д. Он основан на составлении родословной человека и изучении наследования того или иного признака. В подобных исследованиях используются определённые обозначения. Изучите фрагмент родословного древа одной семьи, у некоторых членов которой альбинизм. Фрагмент родословного древа семьи Используя предложенную схему, определите, доминантны",Нет,Нет
vpr_sd_944719,biology,10,У супругов с нормальной пигментацией кожи (доминантный признак (А)) родился сын-альбинос (отсутствие пигмента). Определите генотипы членов семьи по указанному признаку. Ответы занесите в таблицу. Мать | Отец | Сын // | |,Нет,Нет
vpr_sd_946054,biology,10,"Установите последовательность соподчинения представленных ниже элементов биологических систем, начиная с наибольшего. Элементы биологических систем: 1) ядро 2) сосудистая система 3) артерии 4) эпителий 5) сердечно-сосудистая система 6) артериолы Запишите соответствующую последовательность цифр.",Нет,Нет
vpr_sd_945940,biology,10,"Витамин С — один из наиболее важных витаминов, необходимых для нормальной жизнедеятельности организма человека. Аскорбиновая кислота участвует в регулировании окислительно-восстановительных процессов и обмена веществ, повышает сопротивляемость организма к инфекциям, нормализует проницаемость сосудов и др. Для того чтобы организм не испытывал проблем, человеку в сутки необходимо примерно 50–95 мг в",Нет,Нет
vpr_sd_945317,biology,10,"На рисунке изображен органоид эукариотической клетки, принимающий участие в процессе деления. Как называется этот органоид? Ответ дайте в именительном падеже.",Нет,Да
vpr_sd_945649,biology,10,"Фрагмент иРНК имеет следующую последовательность: УУЦУУАЦЦУАУУГУУ Определите последовательность участка ДНК, послужившего матрицей для синтеза этой молекулы РНК, и последовательность белка, которая кодируется этим фрагментом иРНК. При выполнении задания воспользуйтесь правилом комплементарности и таблицей генетического кода. Таблица генетического кода (и-РНК) Первое основание | Второе основание | ",Нет,Нет
vpr_sd_945149,biology,10,"Установите соответствие между признаком гаметогенеза и его видом: к каждой позиции, данной в первом столбце, подберите соответствующую позицию из второго столбца ПРИЗНАКИ ГАМЕТОГЕНЕЗА А) образуются женские гаметы Б) образуются мужские гаметы В) образуются четыре полноценные гаметы Г) образуются одна гамета и три направительных тельца Д) образовавшиеся гаметы подвижны Е) образовавшиеся гаметы содер",Нет,Нет
vpr_sd_946090,biology,10,"Установите последовательность соподчинения элементов биологических систем, начиная с наименьшего. Элементы: 1) рибосомы 2) мембранные органоиды 3) рибосомальная РНК 4) полуавтономные органоиды 5) цитоплазма 6) митохондрии Запишите в таблицу соответствующую последовательность цифр.",Нет,Нет
vpr_sd_945384,biology,10,"Витамин С — один из наиболее важных витаминов, необходимых для нормальной жизнедеятельности организма человека. Витамин С участвует в регулировании окислительно-восстановительных процессов и обмена веществ, повышает сопротивляемость организма к инфекциям, нормализует проницаемость сосудов и др. Для того чтобы организм не испытывал проблем, человеку в сутки необходимо примерно 50–95 мг витамина С. ",Нет,Нет
vpr_sd_945610,biology,10,"Фрагмент транскрибируемой цепи молекулы ДНК имеет следующую последовательность: ЦГЦТЦЦГЦААГАЦГА Определите последовательность участка иРНК, матрицей для синтеза которого послужил этот фрагмент ДНК, и аминокислотную последовательность белка, которая кодируется этим фрагментом ДНК. Таблица генетического кода (и-РНК) Первое основание | Второе основание | Третье основание // | У | Ц | А | Г | // У | Ф",Нет,Нет
vpr_sd_944821,biology,10,"В медицинской генетике широко используется генеалогический метод. Он основан на составлении родословной человека и изучении наследования того или иного признака. Изучите фрагмент родословного древа одной семьи, у некоторых членов которой круглая форма лица. Фрагмент родословного древа семьи Используя предложенную схему, определите, доминантным или рецессивным является данный признак, и сцеплен ли ",Нет,Нет
vpr_sd_944710,biology,10,"Кареглазый мужчина, мать которого имела голубые глаза, женился на голубоглазой женщине (рецессивный признак (а)). В семье родилась кареглазая дочь. Определите генотипы членов семьи по указанному признаку. Ответы занесите в таблицу. Мать | Отец | Дочь // | |",Нет,Нет
vpr_sd_945707,biology,10,"Рассмотрите рисунок, на котором представлена схема постэмбрионального развития обыкновенного комара. Как называется стадия, обозначенная цифрой 1?",Нет,Нет
vpr_sd_946071,biology,10,"Установите последовательность соподчинения элементов биологических систем, начиная с наибольшего. Элементы: 1) аппарат Гольджи 2) железистый эпителий 3) секреторная клетка 4) секреторный пузырёк 5) щитовидная железа 6) эндокринная система Запишите соответствующую последовательность цифр.",Нет,Нет
vpr_sd_945532,biology,10,"Фрагмент транскрибируемой цепи молекулы ДНК имеет следующую последовательность: АГАЦГАЦГЦТЦЦГЦА Определите последовательность участка иРНК, матрицей для синтеза которого послужил этот фрагмент ДНК, и аминокислотную последовательность белка, которая кодируется этим фрагментом ДНК. Таблица генетического кода (и-РНК) Первое основание | Второе основание | Третье основание // | У | Ц | А | Г | // У | Ф",Нет,Нет
vpr_sd_945150,biology,10,"Установите соответствие между органами и зародышевыми листками, из которых они развиваются. ОРГАНЫ А) головной мозг Б) печень В) кровь Г) кости Д) поджелудочная железа Е) эпидермис кожи ЗАРОДЫШЕВЫЕ ЛИСТКИ 1) эктодерма 2) энтодерма 3) мезодерма Запишите в ответ цифры, расположив их в порядке, соответствующем буквам: A | Б | В | Г | Д | Е // | | | | |",Нет,Нет
vpr_sd_944712,biology,10,"Сергею всегда хотелось иметь нос с горбинкой, как у папы (доминантный признак (А)). Но нос у него прямой, как у мамы. Определите генотипы членов семьи по указанному признаку. Ответы занесите в таблицу. Мать | Отец | Сын // | |",Нет,Нет
vpr_sd_946037,biology,10,"Установите последовательность соподчинения элементов биологических систем, начиная с наименьшего. Элементы: 1) растение 2) древесина 3) побег 4) стебель 5) годичное кольцо 6) сосуд Запишите соответствующую последовательность цифр.",Нет,Нет
vpr_sd_945372,biology,10,"Углеводы выполняют множество важных функций в организме человека и животных. Они обеспечивают организм энергией, входят в состав клеточных мембран и цитоплазмы; участвуют в образовании нуклеиновых кислот. Для того чтобы организм не испытывал проблем, человеку в сутки необходимо 450–500 г углеводов. Продукты | Содержание углеводов, г/100 г продукта | Продукты | Содержание углеводов, г/100 г продукт",Нет,Нет
vpr_sd_945285,biology,10,"На рисунке поэтапно (1-3) показан процесс, происходящий с клеткой больного гриппом.",Нет,Да
vpr_sd_945160,biology,10,"Фрагмент иРНК имеет следующую последовательность: ГУАГГУЦЦАЦГАУЦА Определите последовательность участка ДНК, послужившего матрицей для синтеза этой молекулы РНК, и последовательность белка, которая кодируется этим фрагментом иРНК. При выполнении задания воспользуйтесь правилом комплементарности и таблицей генетического кода. Таблица генетического кода (и-РНК) Первое основание | Второе основание | ",Нет,Нет
vpr_sd_944694,biology,10,"Владимир всегда хотел иметь широкий подбородок, как у отца и матери. Но у него подбородок узкий, как у обеих бабушек (рецессивный признак (а)). Определите генотипы членов семьи по указанному признаку. Ответы занесите в таблицу. Мать | Отец | Сын // | |",Нет,Нет
vpr_sd_945728,biology,10,"Рассмотрите рисунок, на котором представлена схема последовательных эволюционных изменений в царстве растений. Название какого термина должно быть написано на месте вопросительного знака?",Нет,Нет
vpr_sd_946030,biology,10,"Установите последовательность соподчинения элементов биологических систем, начиная с наименьшего. Элементы: 1) грибы 2) белые грибы 3) шляпочные грибы 4) шляпка 5) плодовое тело 6) трубчатый спороносный слой Запишите в таблицу соответствующую последовательность цифр.",Нет,Нет
vpr_sd_945331,biology,10,Функцией изображённого на рисунке органоида является синтез простых углеводов. В этих процессах важную роль играет внутренняя мембрана этого органоида. Как называется этот органоид? Ответ дайте в именительном падеже.,Нет,Да
vpr_sd_945749,biology,10,"Рассмотрите рисунок, на котором представлена схема круговорота азота в природе. Название какой группы организмов должно быть написано на месте вопросительного знака?",Нет,Нет
vpr_sd_946081,biology,10,"Установите последовательность соподчинения представленных ниже элементов, начиная с наибольшего. Элементы: 1) обмен веществ автотрофов 2) световая фаза 3) обмен веществ фототрофов 4) фотосинтез 5) образование молекулярного кислорода 6) пластический обмен фотоавтотрофов Запишите соответствующую последовательность цифр.",Нет,Нет
vpr_sd_945316,biology,10,На рисунке изображены плотно прижатые друг к другу клетки мерцательного эпителия человека. В состав каких органов входит эта ткань? Ответ дайте в именительном падеже.,Нет,Да
vpr_sd_945143,biology,10,"Установите соответствие между структурами и зародышевыми листками, обозначенными на рисунке цифрами 1, 2: к каждой позиции, данной в первом столбце, подберите соответствующую позицию из второго столбца. СТРУКТУРА А) железистые клетки кишечника Б) хрящевая ткань В) печень Г) малая берцовая кость Д) мышечный слой стенки желудка ЗАРОДЫШЕВЫЙ ЛИСТОК 1) 1 2) 2 Запишите в ответ цифры, расположив их в пор",Нет,Да
vpr_sd_945683,biology,10,"Рассмотрите рисунок, на котором представлена схема фотосинтеза. Название какого экологического фактора обозначено на схеме вопросительным знаком?",Нет,Нет
vpr_sd_946049,biology,10,"Установите последовательность соподчинения представленных ниже элементов биологических систем, начиная с наибольшего. Элементы: 1) скелет нижней конечности 2) губчатое вещество 3) бедренная кость 4) опорно-двигательная система 5) головка (эпифиз) кости 6) скелет свободной конечности Запишите в таблицу соответствующую последовательность цифр.",Нет,Нет
vpr_sd_945155,biology,10,"Фрагмент иРНК имеет следующую последовательность: ЦЦЦЦАУЦГЦААЦГГУ Определите последовательность участка ДНК, послужившего матрицей для синтеза этой молекулы РНК, и последовательность белка, которая кодируется этим фрагментом иРНК. При выполнении задания воспользуйтесь правилом комплементарности и таблицей генетического кода. Таблица генетического кода (и-РНК) Первое основание | Второе основание | ",Нет,Нет
vpr_sd_944743,biology,10,Селекционер скрестил растения чистой линии кукурузы с окрашенными семенами и растения чистой линии кукурузы с неокрашенными семенами. В результате скрещивания получилось гибридное потомство с окрашенными семенами. Определите генотипы исходных растений и полученного гибридного потомства по указанному признаку. Генотип исходного растения с окрашенными семенами | Генотип исходного растения с неокраше,Нет,Нет
vpr_sd_946053,biology,10,"Установите последовательность соподчинения представленных ниже элементов биологических систем, начиная с наибольшего. Элементы биологических систем: 1) функциональные группы экосистемы 2) консументы II порядка 3) биогеоценоз 4) консументы 5) ёж 6) биоценоз Запишите соответствующую последовательность цифр.",Нет,Нет
vpr_sd_945350,biology,10,"В ходе эволюции человека (антропогенеза) существенно изменился скелет. На рисунке представлены кисти (верхний ряд) и стопы (нижний ряд) шимпанзе (а), австралопитека (б) и человека (в).",Нет,Да
vpr_sd_944704,biology,10,В браке праворуких родителей (доминантный признак (А)) родился сын-левша. Определите генотипы членов семьи по указанному признаку. Ответы занесите в таблицу. Мать | Отец | Сын // | |,Нет,Нет
vpr_sd_946058,biology,10,"Установите последовательность соподчинения представленных ниже элементов биологических систем, начиная с наибольшего. Элементы биологических систем: 1) немембранные органоиды 2) микротрубочки 3) органоиды движения 4) клеточные органоиды 5) тубулин 6) реснички Запишите в таблицу соответствующую последовательность цифр.",Нет,Нет
vpr_sd_945294,biology,10,"На рисунке изображен процесс, происходящий в клетке на молекуле иРНК.",Нет,Да
vpr_sd_945158,biology,10,"Фрагмент иРНК имеет следующую последовательность: АГЦГУЦЦЦУУУАААУ Определите последовательность участка ДНК, послужившего матрицей для синтеза этой молекулы РНК и последовательность белка, которая кодируется этим фрагментом иРНК. Таблица генетического кода (и-РНК) Первое основание | Второе основание | Третье основание // | У | Ц | А | Г | // У | Фен Фен Лей Лей | Сер Сер Сер Сер | Тир Тир — — | Ци",Нет,Нет
vpr_sd_944696,biology,10,У резус-положительных родителей родился резус-отрицательный сын (рецессивный признак (а)). Определите генотипы членов семьи по указанному признаку. Ответы занесите в таблицу. Мать | Отец | Сын // | |,Нет,Нет
vpr_sd_946022,biology,10,"Установите последовательность соподчинения представленных ниже элементов биологических систем, начиная с наибольшего. Элементы биологических систем: 1) водоросли 2) чашевидный хлоропласт 3) хлорофилл 4) зелёные водоросли 5) пигменты 6) хламидомонада Запишите в таблицу соответствующую последовательность цифр.",Нет,Нет
vpr_sd_945844,biology,10,На схеме представлена схема развития семязачатка.,Нет,Нет
vpr_sd_945173,biology,10,"Фрагмент иРНК имеет следующую последовательность: ГАГГЦЦГЦУАЦЦААГ Определите последовательность участка ДНК, послужившего матрицей для синтеза этой молекулы РНК, и последовательность белка, которая кодируется этим фрагментом иРНК. При выполнении задания воспользуйтесь правилом комплементарности и таблицей генетического кода. Таблица генетического кода (и-РНК) Первое основание | Второе основание | ",Нет,Нет
vpr_sd_946158,biology,5,"Опишите лист подорожника по следующему плану: тип листа; жилкование листа; форма листа по соотношению длины, ширины и по расположению наиболее широкой части. Используйте при выполнении задания линейку и карандаш. А. Тип листа 1) черешковый 2) сидячий Б. Жилкование листа В. Тип листа по соотношению длины, ширины и по расположению наиболее широкой части. Впишите в таблицу цифры выбранных ответов под",Нет,Да
vpr_sd_945882,biology,5,"Опишите растение Петрушку огородную по следующему плану: типы соцветий; корневой системы; листа. Используйте при выполнении задания следующие схемы: А. Типы соцветий 1) колос 2) кисть 3) сложный зонтик 4) зонтик Б. Тип корневой системы 1) стержневая 2) мочковатая В. Тип листа 1) простой 2) сложный Запишите в ответ цифры, расположив их в порядке, соответствующем буквам: A | Б | В // | |",Нет,Да
vpr_sd_945844,biology,5,Ученик рассмотрел под микроскопом приготовленный им микропрепарат «Лист элодеи» и выполнил в тетради схематичный рисунок. Что он обозначил под буквой А?,Нет,Да
vpr_sd_945712,biology,5,Ученик рассматривал под микроскопом лист петрушки и сделал следующий рисунок. Что на рисунке клетки он обозначил буквой А?,Нет,Да
vpr_sd_945961,biology,5,Школьник рассматривал под микроскопом срез листа клёна и сделал рисунок клеток. Какой клеточный органоид он обозначил буквой А?,Нет,Да
vpr_sd_945912,biology,5,Ученик рассматривал под микроскопом лист смородины и сделал следующий рисунок. Что на рисунке клетки он обозначил буквой А?,Нет,Да
vpr_sd_945261,biology,5,"Вы дома одни с младшей сестрёнкой. Она случайно кипятком обожгла руку. Кожа гиперемирована (гиперемия – повышенный приток крови), на кисти образовались два пузыря. Окажите первую помощь до обращения к врачу. Для этого выберите верные варианты и укажите их в правильной последовательности. Ответ запишите числом: 1) поливать проточной водой; 2) вызвать скорую помощь и сообщить взрослым (родителям); 3",Нет,Нет
vpr_sd_945863,biology,5,"Используя таблицу «Проращивание семян», ответьте на вопросы. Проращивание семян Название растений | Условия проращивания семян // Минимальная температура прорастания (°С) | Глубина заделки (см) | Влажность почвы для прорастания // Рожь | 1 | 3—4 | 73% // Лён | 2—3 | 3—5 | 100% // Огурец | 12 | 4—5 | 100% // Подсолнечник | 2—4 | 5—6 | 75% Семена какого растения требуют наибольшей глубины заделки? К",Нет,Нет
vpr_sd_946047,biology,5,"Ниже приведены изображения растений, указанных в таблице. Подпишите под каждым изображением название соответствующего растения. Проращивание семян Название растений | Условия проращивания семян // Минимальная температура прорастания (°С) | Глубина заделки (см) | Влажность почвы для прорастания // Рожь | 1 | 3—4 | 73% // Лён | 2—3 | 3—5 | 100% // Огурец | 12 | 4—5 | 100% // Подсолнечник | 2—4 | 5—6",Нет,Да
vpr_sd_945922,biology,5,"Человек использует растения в хозяйственной деятельности. Под каждым из приведённых ниже рисунков подпишите соответствующее растение, которое можно использовать в данном случае. Проращивание семян Название растений | Условия проращивания семян // Минимальная температура прорастания (°С) | Глубина заделки (см) | Влажность почвы для прорастания // Рожь | 1 | 3—4 | 73% // Лён | 2—3 | 3—5 | 100% // Ог",Нет,Да
vpr_sd_945715,biology,5,"Используя таблицу «Пищевая ценность продуктов», ответьте на вопросы. Пищевая ценность продуктов Продукты | Содержание веществ, г на 100 г продукта | Энергетическая ценность, ккал // Белки | Жиры | Углеводы // Гречневая крупа | 12,6 | 3,3 | 62,1 | 335 // Фасоль | 21,0 | 2,0 | 46,6 | 292 // Тыква | 1,0 | 0,1 | 4,2 | 25 // Малина | 0,8 | 0,3 | 8,3 | 42 В каком из пищевых продуктов содержится больше в",Нет,Нет
vpr_sd_946007,biology,5,"Из этих растений производят различные продукты питания. Под каждым из приведённых ниже изображений подпишите соответствующее растение, которое используют для их изготовления. Пищевая ценность продуктов Продукты | Содержание веществ, г на 100 г продукта | Энергетическая ценность, ккал // Белки | Жиры | Углеводы // Гречневая крупа | 12,6 | 3,3 | 62,1 | 335 // Фасоль | 21,0 | 2,0 | 46,6 | 292 // Тыкв",Нет,Да
vpr_sd_945710,biology,5,"Опишите лист дуба по следующему плану: тип листа; жилкование листа; тип листа по соотношению длины, ширины, расположению наиболее широкой части. Используйте при выполнении задания линейку и карандаш. А. Тип листа 1) черешковый 2) сидячий Б. Жилкование листа В. Тип листа по соотношению длины, ширины и по расположению наиболее широкой части. Впишите в таблицу цифры выбранных ответов под соответствую",Нет,Да
vpr_sd_945834,biology,5,"Опишите цветок шиповника по следующему плану: тип цветка, тип околоцветника, тип плода, семейство. Используйте при выполнении задания линейку и карандаш. А. Тип цветка 1) Цветок правильный (акиноморфный) | 2) Цветок неправильный (зигоморфный) // 1 | 2 Б. Тип околоцветника — часть цветка, состоящая из зелёных листиков (чашелистиков) и цветных листиков (лепестков). 1) Двойной околоцветник — чашелист",Нет,Да
vpr_sd_945874,biology,5,"Рассмотрите представителя класса насекомые Зелёного кузнечика. Выберите характеристики, соответствующие его строению. А. Количество усиков 1) одна пара 2) две пары Б. Строение усиков | // 1) нитевидные | 2) пильчатые // | // 3) гребёнчатые | 4) перистые // | // 5) булавовидные | 6) пластинчатые В. Строение конечности | // 1) бегательные | 2) плавательные // | // 3) прыгательные | 4) копательные За",Нет,Да
vpr_sd_945906,biology,5,Рассмотрите изображения и выполните задания 1—5. Опишите лист осота полевого по следующему плану: тип листа; жилкование листа; форма края листовой пластинки. Используйте при выполнении задания линейку и карандаш. А. Тип листа 1) сидячий 2) черешковый Б. Жилкование листа | | | // 1) параллельное | 2) дуговидное | 3) пальчатое | 4) перисто-сетчатое В. Форма края листовой пластинки 1) выемчатый | 2) ,Нет,Да
vpr_sd_945858,biology,5,"Опишите лист бодяка полевого по следующему плану: тип листа; жилкование листа; форма края листовой пластинки. Используйте при выполнении задания линейку и карандаш. А. Тип листа 1) простой 2) сложный Б. Жилкование листа | | | // 1) параллельное | 2) дуговидное | 3) пальчатое | 4) перисто-сетчатое В. Форма края листовой пластинки Длина превышает ширину в 1,5—2 раза // 1) выемчатый | 2) городчатый |",Нет,Да
vpr_sd_945898,biology,5,Опишите лист земляники лесной по следующему плану: тип листа; жилкование листа; форма края листовой пластинки. Используйте при выполнении задания линейку и карандаш. А. Тип листа 1) сидячий 2) черешковый Б. Жилкование листа | | | // 1) параллельное | 2) дуговидное | 3) пальчатое | 4) перисто-сетчатое В. Форма края листовой пластинки 1) цельнокрайный | 2) волнистый | 3) пильчатый | 4) двоякопильчат,Нет,Да
vpr_sd_945742,biology,5,"Опишите лист оливы по следующему плану: типа литса; жилкование листа; тип листа по соотношению длины, ширины, расположению наиболее широкой части. Используйте при выполнении задания линейку и карандаш. А. Тип листа 1) черешковый 2) сидячий Б. Жилкование листа В. Тип листа по соотношению длины, ширины и по расположению наиболее широкой части. Запишите в таблицу выбранные цифры под соответствующими ",Нет,Да
vpr_sd_945326,biology,5,"Рассмотрите фотографии собаки породы немецкий пинчер и опишите её по следующему плану: окрас собаки, форма ушей, форма хвоста. 1 2 Впишите в таблицу номера выбранных ответов под соответствующими буквами. А | Б | В // | |",Нет,Да
vpr_sd_945726,biology,5,"Опишите лист винограда по следующему плану тип листа, жилкование листа, тип листа по соотношению длины, ширины, расположению наиболее широкой части. Используйте при выполнении задания линейку и карандаш. А. Тип листа 1) черешковый 2) сидячий Б. Жилкование листа В. Тип листа по соотношению длины, ширины и по расположению наиболее широкой части. Впишите в таблицу цифры выбранных ответов под соответс",Нет,Да
vpr_sd_945706,biology,5,"Покажите стрелками и подпишите на рисунке стебель, лист, молодой побег и плод дуба.",Нет,Да
vpr_sd_946072,biology,5,"В каком из органов дуба: стебель, лист, молодой побег, плод к концу сентября накапливается много питательных веществ?",Нет,Нет
vpr_sd_946079,biology,5,"В приведённом ниже списке названы органы растения. Все они, за исключением одного, состоят из способных к дыханию клеток. Выпишите часть растения, которая «выпадает» из общего ряда и не обладает этим свойством. Объясните свой выбор. Побег, лист, ствол, цветок.",Нет,Нет
vpr_sd_945881,biology,5,"Петрушка корневая — двулетнее растение, достигающее высоты до одного метра. Найдите в приведённом списке и запишите название этого процесса Дыхание, размножение, питание, рост.",Нет,Нет
vpr_sd_945980,biology,5,"Опишите лист дуба по следующему плану: тип листа; жилкование листа; тип листа по соотношению длины, ширины и по расположению наиболее широкой части. Используйте при выполнении задания линейку и карандаш. А. Тип листа 1) черешковый 2) сидячий Б. Жилкование листа В. Тип листа по соотношению длины, ширины и по расположению наиболее широкой части. Впишите в таблицу цифры выбранных ответов под соответс",Нет,Да
vpr_sd_945286,biology,5,"Расположите в правильном порядке пункты инструкции по вегетативному размножению черенками чёрной смородины. В ответе запишите соответствующую последовательность цифр. 1) Срежьте однолетний побег с куста смородины. 2) Высадите черенки в почву так, чтобы на поверхности была одна почка. 3) Обильно полейте почву. 4) Высадите проросшие черенки на новое место. 5) Разделите побег на части — черенки с тре",Нет,Нет
vpr_sd_945930,biology,5,"Используя таблицу «Правила посадки семян», ответьте на вопросы. Правила посадки семян Название растения | Размеры семян (см) | Глубина заделки семян (см) | Температура почвы на глубине заделки (°C) // Кукуруза | 0,5—3 | 7—8 | 10 // Пшеница | 0,3—0,6 | 4—6 | 5 // Фасоль | 1,2—2,5 | 6—10 | 12—14 // Редис | 0,3 | 1—2 | 8 Какое растение имеет самые мелкие семена и высаживается на небольшую глубину? У ",Нет,Нет
vpr_sd_945946,biology,5,"Прочитайте текст и выполните задание. (1)Лось — одно из самых крупных лесных животных нашей страны, длиной тела около трёх и высотой до двух с половиной метров. (2) Шерсть на туловище грубая, буровато-чёрная, ноги светло-серые, почти белые. (3)Голова у лося большая горбоносая, уши подвижные, хорошо развиты слух и обоняние, зрение слабое. (4)У самцов огромные лопатообразные рога размером больше пол",Нет,Да
vpr_sd_945242,biology,5,"Задание НИКО №3B05BE. Заполни пропуски в таблице «Природные зоны», используя названия и описания из приведённого ниже списка. Запиши на место каждого пропуска номер выбранного названия или описания. Природные зоны Зона | Животное | Растение | Природные условия // | Лемминг | | Список названий и описаний природных условий: 1) тундра 2) тюльпан 3) жаркое лето и холодная малоснежная зима 4) степь 5) ",Нет,Нет
vpr_sd_945205,biology,5,"Как Вы думаете, какое правило устанавливается изображённым на рисунке знаком? Напишите в ответе это правило и укажите место, где можно встретить такой знак",Нет,Да
vpr_sd_945181,biology,5,"1. На фотографии изображен представитель одной из профессий. Определите эту профессию. 2. Напишите, какую работу выполняют люди этой профессии. 3. Чем эта работа полезна обществу?",Нет,Да
vpr_sd_945738,biology,5,"Рассмотрите изображения. Покажите стрелками и подпишите на изображении 1 корень и стебель, а на изображении 2 стебель, лист и плод оливы.",Нет,Да
vpr_sd_946080,biology,5,"В каком из органов оливы: корень, стебель, лист, плод в течение всего лета происходит образование и накопление растительного масла?",Нет,Нет
vpr_sd_946087,biology,5,"В приведённом ниже списке названы органы растения. Все они, за исключением одного, участвуют в снабжении частей растения водой. Выпишите часть растения, которая «выпадает» из общего ряда и выполняет другую функцию. Объясните свой выбор. Побег, плод, корень, ствол.",Нет,Нет
vpr_sd_945324,biology,5,"У смородины ранней весной появляются молодые стебли с листьями. Найдите в приведённом ниже списке и запишите название этого процесса. Дыхание, питание, рост, плодоношение.",Нет,Нет
vpr_sd_945678,biology,5,"Опишите лист монстеры по следующему плану: тип листа; жилкование листа; тип листа по соотношению длины, ширины, расположению наиболее широкой части. Используйте при выполнении задания линейку и карандаш. А. Тип листа 1) черешковый 2) сидячий Б. Жилкование листа В. Тип листа по соотношению длины, ширины и по расположению наиболее широкой части. Впишите в таблицу цифры выбранных ответов под соответс",Нет,Да
vpr_sd_946168,biology,5,Ученик рассматривал под микроскопом препарат корня одуванчика и сделал следующий рисунок. Что на рисунке он обозначил буквой А?,Нет,Да
vpr_sd_945277,biology,5,"Установите правильную последовательность действий при работе с микроскопом. 1) В отверстие предметного столика направить зеркалом свет. 2) Поставить штативом к себе на расстоянии 5-10 см от края стола. 3) Поместить препарат на предметный столик. 4) Поднять тубус так, чтобы нижний край объектива оказался на расстоянии 1-2 мм от препарата. 5) Глядя в окуляр, медленно поворачивая винт, настроить резк",Нет,Нет
vpr_sd_945879,biology,5,"Используя таблицу «Содержание сахара и витаминов в подземных частях растений», ответьте на вопросы. Содержание сахара и витаминов в подземных частях растений Подземные части растений | Содержание веществ, в % // Сахар | Крахмал | Витамин А // Морковь | 15 | 1,4 | 0,018 // Свёкла | 20 | 1,7 | 0,010 // Редис | 1,9 | 1,6 | 0,004 // Картофель | 1,3 | 29,4 | 0,003 Подземные части какого растения содерж",Нет,Нет
vpr_sd_946051,biology,5,"Ниже приведены рисунки растений, указанных в таблице. Подпишите под каждой картинкой название соответствующего растения. Содержание сахара и витаминов в подземных частях растений Подземные части растений | Содержание веществ, в % // Сахар | Крахмал | Витамин А // Морковь | 15 | 1,4 | 0,018 // Свёкла | 20 | 1,7 | 0,010 // Редис | 1,9 | 1,6 | 0,004 // Картофель | 1,3 | 29,4 | 0,003 A | Б | В | Г // ",Нет,Да
vpr_sd_946044,biology,5,"Некоторые из этих растений используют для изготовления продуктов питания. Под каждой из приведённых ниже иллюстраций подпишите соответствующее растение, которое используют для их изготовления. Содержание сахара и витаминов в подземных частях растений Подземные части растений | Содержание веществ, в % // Сахар | Крахмал | Витамин А // Морковь | 15 | 1,4 | 0,018 // Свёкла | 20 | 1,7 | 0,010 // Редис",Нет,Да
vpr_sd_945935,biology,5,"Прочитайте текст и выполните задание. (1)Рысь — крупная кошка, имеющая длину тела 82—105 см, с коротким, словно обрубленным хвостом, мохнатыми лапами, пышными «бакенбардами» и кисточками на ушах. (2)Мех у рыси густой, палево-серый или рыжеватый, спина, бока и ноги покрыты тёмными пятнами. (3)Пищей ей служат мыши, зайцы, лисицы, олени, как и большинство кошек, рысь подкарауливает свою добычу из зас",Нет,Да
vpr_sd_945176,biology,5,"1. На фотографии изображен представитель одной из профессий. Определите эту профессию. 2. Напишите, какую работу выполняют люди этой профессии. 3. Какие качества характера ты считаешь наиболее важными для людей этой профессии? Назови два-три качества и поясни свой выбор.",Нет,Да
vpr_sd_945674,biology,5,"Покажите стрелками и подпишите на рисунке шляпку, ножку, плодовое тело и грибницу подберёзовика.",Нет,Да
vpr_sd_946064,biology,5,"В каком органе растения находится запас питательных веществ, необходимых для прорастания зародышей будущих яблонь?",Нет,Нет
vpr_sd_946071,biology,5,"В приведённом ниже списке названы органы растения. Все они, за исключением одного, выполняют функцию полового размножения. Выпишите тот орган растения, который «выпадает» из общего ряда и выполняет другую функцию. Объясните свой выбор. Цветок, лист, плод, семена.",Нет,Нет
vpr_sd_946100,biology,5,"В каком из органов бодяка полевого: корень, лист, соцветие, плод образуются вещества, привлекающие насекомых?",Нет,Нет
vpr_sd_946106,biology,5,"Какая из частей тела немецкого пинчера: голова, туловище, хвост, лапы обеспечивает перемещение тела собаки в пространстве?",Нет,Нет
vpr_sd_946102,biology,5,"В каком из органов растения: стебель, лист, тычиночный цветок, пестичный цветок образуется плод?",Нет,Нет
vpr_sd_945701,biology,5,"Ромашку часто размножают, деля куст в середине августа. Выберите из терминов ниже название такого способа размножения. Почкование, половое размножение, вегетативное размножение, укоренение, плодоношение.",Нет,Нет
vpr_sd_946174,biology,5,"Опишите лист одуванчика по следующему плану: тип листа; жилкование листа; форма листа по соотношению длины, ширины и по расположению наиболее широкой части Используйте при выполнении задания линейку и карандаш. А. Тип листа 1) черешковый 2) сидячий Б. Жилкование листа В. Тип листа по соотношению длины, ширины и по расположению наиболее широкой части. Впишите в таблицу цифры выбранных ответов под с",Нет,Да
vpr_sd_945704,biology,5,Ученик рассматривал под микроскопом препарат листа дуба и сделал следующий рисунок. Что на рисунке клетки он обозначил буквой А?,Нет,Да
vpr_sd_945262,biology,5,"Что сделать, если у друга на пляже случился солнечный удар? 1) дать ему прохладной воды; 2) закрыть его от солнца; 3) вызвать скорую помощь и сообщить взрослым (родителям);",Нет,Нет
vpr_sd_945739,biology,5,"Используя таблицу «Пищевая ценность продуктов», ответьте на вопросы. Пищевая ценность продуктов Продукты | Содержание веществ, г на 100 г продукта | Энергетическая ценность, ккал // Белки | Жиры | Углеводы // Пшеничная мука | 10,3 | 1,1 | 68,9 | 334 // Семена гороха | 23,0 | 1,6 | 50,8 | 314 // Арбуз | 0,7 | 0,2 | 8,8 | 38 // Хурма | 0,5 | — | 13,3 | 53 В каком из пищевых продуктов содержится боль",Нет,Нет
vpr_sd_946014,biology,5,"Ниже приведены изображения растений, указанных в таблице. Подпишите под каждым из них название соответствующего растения. Пищевая ценность продуктов Продукты | Содержание веществ, г на 100 г продукта | Энергетическая ценность, ккал // Белки | Жиры | Углеводы // Пшеничная мука | 10,3 | 1,1 | 68,9 | 334 // Семена гороха | 23,0 | 1,6 | 50,8 | 314 // Арбуз | 0,7 | 0,2 | 8,8 | 38 // Хурма | 0,5 | — | 1",Нет,Да
vpr_sd_946015,biology,5,"Из этих растений производят различные продукты питания и косметические средства. Под каждым из приведённых ниже изображений подпишите соответствующее растение, которое используют для их изготовления. Пищевая ценность продуктов Продукты | Содержание веществ, г на 100 г продукта | Энергетическая ценность, ккал // Белки | Жиры | Углеводы // Пшеничная мука | 10,3 | 1,1 | 68,9 | 334 // Семена гороха | ",Нет,Да
vpr_sd_945317,biology,5,"(1)Лисица обыкновенная – хищное животное массой до 10 кг, широко распространённое на территории Евразии, Северной Америки. (2)Лисица – зверь среднего размера с изящным туловищем на невысоких тонких лапах, с вытянутой мордой, острыми ушами и длинным пушистым хвостом. (3)Самки лисицы рождают живых детёнышей и выкармливают их молоком. (4)Мех у лисицы густой, длинный, рыжего цвета, хорошо удерживающий",Нет,Нет
vpr_sd_945392,biology,5,"Прочитайте текст и выполните задания. (1) Серая ворона — одна из самых распространенных обитателей нашей страны. (2) Окраска её тела двухцветная: голова, горло, крылья и хвост чёрные, а остальное оперение серое. (3) Оба родителя строят гнездо высоко на дереве из сучьев и прутиков, а внутреннюю его часть выстилают шерстью. (4) В кладке 4-6 яиц, которые ворона насиживает примерно около трёх недель, ",Нет,Да
vpr_sd_945230,biology,5,"Задание НИКО №E9F753. Заполни пропуски в таблице «Природные зоны», используя названия и описания из приведённого ниже списка. Запиши на место каждого пропуска номер выбранного названия или описания. Природные зоны Зона | Животное | Растение | Природные условия // | | Карликовая берёза | Список названий и описаний природных условий: 1) тундра 2) жаркое лето и холодная малоснежная зима 3) полярная с",Нет,Нет
vpr_sd_945213,biology,5,Задание НИКО №BEEFBE. Внимательно рассмотри знак. Где можно встретить данный знак? Какое правило установлено этим знаком? Напиши это правило.,Нет,Да
vpr_sd_945854,biology,5,"Рассмотрите изображения. Покажите стрелками и подпишите на рисунках 1 и 2 корень, лист, соцветие, плод бодяка полевого.",Нет,Да
vpr_sd_946107,biology,5,"Ниже названы органы растения. Все они, за исключением одного, участвуют в вегетативном размножении. Выпишите часть растения, которая «выпадает» из общего ряда и выполняет другую функцию. Объясните свой выбор. Побег, корневище, соцветие, лист.",Нет,Нет
vpr_sd_945709,biology,5,"У дуба весной на концах побегов может появиться сразу несколько новых молодых побегов. Найдите в приведённом списке и запишите название этого процесса. Дыхание, размножение, ветвление, рост, плодоношение.",Нет,Нет
vpr_sd_945406,biology,5,"Опишите лист вишни по следующему плану: тип листа; жилкование листа; край листа. Используйте при выполнении задания линейку и карандаш. А. Тип листа 1) черешковый 2) сидячий Б. Жилкование листа В. Край листа Запишите в ответ цифры, расположив их в порядке, соответствующем буквам: A | Б | В // | |",Нет,Да
vpr_sd_945267,biology,5,"Во время строительных работ на даче на кисть руки строителя упало бревно. Припухлость, боль, деформация кисти и хруст говорят о признаках перелома костей кисти. Вам необходимо оказать первую доврачебную помощь. Выберите из предложенных вариантов и определите очередность ваших действий: 1) фиксировать предплечье и кисть к шине, которая идет от конца пальцев до середины предплечья; 2) дать обезболив",Нет,Да
vpr_sd_945911,biology,5,"Используя таблицу «Состав семян», ответьте на вопросы. Состав семян Семена | Содержание веществ, в % // Вода | Белки, жиры, углеводы | Минеральные соли // Пшеница | 13,4 | 84,7 | 1,9 // Подсолнечник | 6,7 | 89,8 | 3,5 // Горох | 14,0 | 83,6 | 2,4 // Лён | 8,0 | 87,4 | 4,6 В семенах какого растения содержится больше всего минеральных солей? В семенах каких растений содержится более 10% воды? В семе",Нет,Нет
vpr_sd_946062,biology,5,"Ниже приведены изображения указанных в таблице растений. Подпишите под каждым изображением название соответствующего растения. Химический состав семян злаковых и бобовых Семена | Содержание веществ, в % // Вода | Белки | Жиры (масла) | Углеводы | Минеральные соли // Арахис | 13,4 | 26,3 | 45,2 | 9,9 | 5,2 // Фасоль | 14,0 | 22,3 | 1,7 | 58,4 | 3,6 // Рис | 15,0 | 7,4 | 0,4 | 76,4 | 0,8 // Овёс | 1",Нет,Да
vpr_sd_946037,biology,5,"Прочитайте утверждения о живой природе и деятельности человека. Составьте графические записи этих утверждений. Выбирайте нужные символы из списка и группируйте их в правильной последовательности. В ответе запишите последовательность соответствующих утверждению цифр. Природа даёт человеку пищу, одежду, жильё . Запишите в ответ цифры, расположив их в порядке, соответствующем буквам: A | Б | В | Г | ",Нет,Да
vpr_sd_946052,biology,5,"Прочитайте текст и выполните задание. (1) Внешне амёба протей напоминает маленький студенистый комочек. (2) Передвигаясь, амёба медленно как бы перетекает по дну. (3) Самостоятельный одноклеточный организм амёбы состоит из цитоплазмы, покрытой клеточной мембраной. (4) Амёба дышит растворённым в воде кислородом, который проникает внутрь через всю поверхность тела. (5) В теле амёбы можно различить я",Нет,Да
vpr_sd_945235,biology,5,"Задание НИКО №E87B67. Заполни пропуски в таблице «Природные зоны», используя названия и описания из приведённого ниже списка. Запиши на место каждого пропуска номер выбранного названия или описания. Природные зоны Зона | Животное | Растение | Природные условия // Пустыня | | | Список названий и описаний природных условий: 1) лиственница 2) жаркий климат, небольшое количество выпадающих осадков 3) ",Нет,Нет
vpr_sd_945212,biology,5,Задание НИКО №7586A5. Внимательно рассмотри знак. Где можно встретить данный знак? Какое правило установлено этим знаком? Напиши это правило.,Нет,Да
vpr_sd_945168,biology,5,"1. На фотографии изображен представитель одной из профессий. Определите эту профессию. 2. Напишите, какую работу выполняют люди этой профессии. 3. Какие качества ы считаешь наиболее важными для людей этой профессии? Назови два-три качества",Нет,Да
vpr_sd_945325,biology,5,"Рассмотрите изображение листа сирени и опишите его по следующему плану: форма листа, жилкование листа, тип листа по соотношению длины и ширины листовой пластинки (без черешка) и по расположению наиболее широкой части. Используйте при выполнении задания линейку и карандаш. А. Форма листа 1) Перисто-лопастная 2) Перисто-раздельная 3) Перисто-рассечённая 4) Цельная Б. Жилкование листа 1) Параллельное",Нет,Да
vpr_sd_946160,biology,5,Ученик рассматривал под микроскопом мякоть зрелого плода яблони и сделал следующий рисунок. Что на рисунке клетки он обозначил буквой А?,Нет,Да
vpr_sd_945400,biology,5,Школьник рассматривал под микроскопом срез мякоти спелого плода вишни и сделал рисунок клеток. Какой клеточный органоид он обозначил буквой А?,Нет,Да
vpr_sd_945389,biology,5,Ученик рассматривал под микроскопом клетку амёбы — одноклеточного животного и сделал следующий рисунок. Что на рисунке он обозначил буквой А?,Нет,Да
vpr_sd_945285,biology,5,"Расположите в правильном порядке пункты инструкции по вегетативному размножению прививкой, после отбора нужного подвоя. В ответе запишите соответствующую последовательность цифр. 1) Возьмите привой — однолетний побег с двумя-тремя почками или одну почку с частью древесины. 2) Плотно обвяжите место прививки. 3) Подберите подходящий подвой — взрослое растение-сеянец. 4) Прикрепите привой к подвою. 5",Нет,Нет
vpr_sd_945265,biology,5,"При обрушении строительной конструкции один из рабочих получил рваную обильно кровоточащую рану (капиллярный тип кровотечения), загрязненную частицами почвы и строительной пылью. Укажите алгоритм оказания неотложной помощи. 1) доставить в медицинское учреждение; 2) промыть рану проточной водой; 3) наложить стерильную салфетку; 4) обработать края раны йодом; 5) промыть рану перекисью водорода",Нет,Нет
vpr_sd_945282,biology,5,Расположите пункты инструкции по изучению микропрепарата ткани в правильном порядке. В ответе запишите соответствующую последовательность цифр. 1) Переведите микроскоп на большое увеличение. 2) Настройте на микроскопе свет. 3) Поставьте микроскоп перед собой. 4) Сфокусируйте микроскоп на клетках при малом увеличении. 5) Рассмотрите и зарисуйте особенности строения клеток. 6) Положите препарат на п,Нет,Нет
vpr_sd_945218,biology,5,"Внимательно рассмотри знак. Где можно встретить этот знак? Как ты думаешь, какое правило установлено этим знаком? Напиши это правило.",Нет,Да
vpr_sd_945682,biology,5,"Рассмотрите изображения и выполните задания 1—5. Покажите стрелками и подпишите на рисунке стебель, лист, цветок и плод льна.",Нет,Да
vpr_sd_946070,biology,5,Какой орган способствует расселению семян одуванчика на большие расстояния?,Нет,Нет
vpr_sd_946069,biology,5,"В приведённом ниже списке названы органы растения. Все они, за исключением одного, составляют надземную часть одуванчика. Выпишите часть растения, которая «выпадает» из общего ряда. Объясните свой выбор. Цветок, стебель, корень, лист.",Нет,Нет
vpr_sd_945349,biology,5,"Хлорофилл в клетках растения обеспечивает важный процесс — фотосинтез, в результате которого из неорганических веществ образуются органические вещества за счёт энергии солнца. Найдите в приведённом списке и запишите название этого процесса Дыхание, рост, развитие, воздушное питание, размножение.",Нет,Да
vpr_sd_945378,biology,5,После изучения на уроках темы «Строение клетки бактерии» ученик нарисовал клетку бактерии. Что на этом рисунке он обозначил буквой А?,Нет,Да
vpr_sd_945273,biology,5,"Установите последовательность действий при оказании первой помощи при несчастном случае - соринка в глазу. 1) Посадить пострадавшего лицом к свету 2) Удалить соринку влажным концом чистого носового платка. 3) Разомкнуть веки и осмотреть глаз. 4) Поморгайте, обильные слёзы помогут вымыть соринку из глаза. 5) Тщательно вымыть руки",Нет,Нет
vpr_sd_945847,biology,5,"Используя рисунок «Границы биосферы», ответьте на вопросы. Как называют область Земли, в которой существует жизнь? Какие условия для жизни на Земле созданы наличием в биосфере озонового слоя? На какой границе биосферы скопление живых организмов наибольшее?",Нет,Да
vpr_sd_946036,biology,5,"Ниже приведены фотографии животных. Подпишите под каждой фотографией название среды обитания, соответствующей каждому из изображённых животных. A | Б | В | Г // | | |",Нет,Да
vpr_sd_945872,biology,5,"Прочитайте текст, рассмотрите рисунки и выполните задание. (1) Обыкновенная сипуха — среднего размера птица, со стройным телосложением и длинными ногами, с мягким и пушистым оперением, с цепкими когтями и острым загнутым клювом. (2) Она охотно селится в амбарах, на чердаках, в голубятнях. (3) Обыкновенная сипуха является космополитом, живущим на всех континентах мира. (4) При обилии грызунов, явля",Нет,Да
vpr_sd_945253,biology,5,"Задание НИКО №0807C7. Заполни пропуски в таблице «Природные зоны», используя названия и описания из приведённого ниже списка. Запиши на место каждого пропуска номер выбранного названия или описания. Природные зоны Зона | Животное | Растение | Природные условия // | Варан | | Список названий и описаний природных условий: 1) саксаул 2) жаркий климат, небольшое количество осадков 3) бобр 4) устойчивы",Нет,Нет
vpr_sd_945220,biology,5,"Задание НИКО №F8F090. Внимательно рассмотри знак, где можно встретить такой знак? Как ты думаешь, какое правило установлено этим знаком?Напиши это правило.",Нет,Да
vpr_sd_945886,biology,5,"Рассмотрите изображение. Подпишите на рисунке оболочку, жгутик, ворсинки и нуклеиновую кислоту клетки бактерии.",Нет,Да
vpr_sd_946108,biology,5,"В какой из частей клетки бактерии: жгутик, ворсинки, нуклеиновая кислота заключена наследственная информация?",Нет,Нет
vpr_sd_946113,biology,5,"В приведённом ниже списке названы органы растения. Все они, за исключением одного, выполняют функции питания. Выпишите часть растения, которая «выпадает» из общего ряда и выполняет другую функцию. Объясните свой выбор. Стебель, лист, побег, цветок, корень.",Нет,Нет
vpr_sd_945857,biology,5,"У бодяка новые растения появляются из семян и подземных почек на корневищах. Найдите в приведённом списке и запишите название процесса, благодаря которому это происходит. Прорастание, дыхание, фотосинтез, питание, размножение.",Нет,Да
vpr_sd_945889,biology,5,"Сейчас хорошо известно, что кипячением воды нельзя полностью уничтожить бактерии. Если условия жизни становятся неблагоприятными, бактерии уплотняются и покрываются толстой оболочкой. Найдите в приведённом списке и запишите название этого процесса. Деление, размножение, образование спор, рост.",Нет,Нет
vpr_sd_945376,biology,5,"Опишите лист берёзы по следующему плану: тип листа; жилкование листа; форма листа по соотношению длины, ширины и по расположению наиболее широкой части. Используйте при выполнении задания линейку и карандаш. А. Тип листа 1) черешковый 2) сидячий Б. Жилкование листа В. Тип листа по сотношению длины, ширины и по расположению наиболее широкой части Запишите в ответ цифры, расположив их в порядке, соо",Нет,Да
vpr_sd_945395,biology,5,"Опишите лист осины по следующему плану: тип листа; жилкование листа; форма листа по соотношению длины, ширины и по расположению наиболее широкой части. Используйте при выполнении задания линейку и карандаш. А. Тип листа 1) черешковый 2) сидячий Б. Жилкование листа В. Тип листа по сотношению длины, ширины и по расположению наиболее широкой части Запишите в ответ цифры, расположив их в порядке, соот",Нет,Да
vpr_sd_945860,biology,5,Ученик рассматривал под микроскопом строение животной клетки. Что он обозначил на рисунке стрелкой?,Нет,Да
vpr_sd_945271,biology,5,"Играя в футбол, один из игроков команды упал на руку. У него появилась сильная боль, деформация и ненормальная подвижность в предплечье. Какую первую доврачебную помощь вы должны оказать 1) доставить в медицинское учреждение; 2) обеспечить покой поврежденной руке; 3) аккуратно не смещая кости согнуть руку под прямым углом в локтевом суставе; 4) наложить шиной или подручными средствами; 5) дать обе",Нет,Нет
vpr_sd_945871,biology,5,"Используя таблицу «Состав молока домашних животных», ответьте на вопросы. Состав молока домашних животных Животные | Содержание веществ, в % // Вода | Белки | Жиры // Корова | 87,3 | 3,4 | 3,6 // Кобыла | 88,8 | 2,5 | 1,9 // Коза | 87,0 | 3,7 | 4,0 // Верблюдица | 86,5 | 4,0 | 4-5,0 В молоке какого животного содержится наибольшее количество воды? Молоко каких животных имеет жирность больше 4%? В м",Нет,Нет
vpr_sd_945692,biology,5,"Прочитайте текст и выполните задание. (1)Тело у осьминогов короткое, мягкое, сзади овальное. (2)Ротовое отверстие расположено в месте, где сходятся его щупальца. (3)Голова несёт восемь длинных щупалец — «рук». (4) «Руки» соединены между собой тонкой перепонкой и имеют от одного до трёх рядов присосок. (5)У осьминогов есть необычная способность — благодаря отсутствию костей они могут менять форму. ",Нет,Да
vpr_sd_945251,biology,5,"Задание НИКО №22B48E. Заполни пропуски в таблице «Природные зоны», используя названия и описания из приведённого ниже списка. Запиши на место каждого пропуска номер выбранного названия или описания. Природные зоны Зона | Животное | Растение | Природные условия // | | | Холодный климат, короткое лето и продолжительная зима Список названий и описаний природных условий: 1) белая куропатка 2) тундра 3",Нет,Нет
vpr_sd_945175,biology,5,"1. На фотографии изображен представитель одной из профессий. Определите эту профессию. 2. Напишите, какую работу выполняют люди этой профессии. 3. Назовите значение растений для людей этой профессии",Нет,Да
vpr_sd_945666,biology,5,"Покажите стрелками и подпишите на рисунке шляпку, ножку и плодовое тело лисичек и укажите, где находится грибница.",Нет,Да
vpr_sd_945371,biology,5,"В каком из органов льна: стебель, лист, цветок и плод накапливаются красящие вещества?",Нет,Нет
vpr_sd_946065,biology,5,"В приведённом ниже списке названы органы растения. Все они, за исключением одного, составляют понятие «побег». Выпишите тот орган растения, который «выпадает» из общего ряда и не является частью побега. Объясните свой выбор. Стебель, лист, корень, почки.",Нет,Нет
vpr_sd_945833,biology,5,"Лишайники — своеобразная группа живых организмов, обитающих на всех континентах, включая Антарктиду. Главный отличительный признак лишайников — взаимодействие двух организмов разных видов — автотрофной водоросли и гетеротрофного гриба. Найдите в приведённом списке и запишите название типа взаимосвязи двух организмов. Микориза, паразитизм, конкуренция, питание, симбиоз.",Нет,Да
vpr_sd_945664,biology,5,Ученик рассматривал под микроскопом препарат дрожжей и сделал следующий рисунок. Что на рисунке клетки он обозначил буквой А?,Нет,Да
vpr_sd_945264,biology,5,Во время бури упавшим рекламным щитом придавило предплечье левой руки прохожего. Укажите алгоритм правильных действий при оказании помощи пострадавшему. 1) освобождение придавленной конечности; 2) доставка пострадавшего в медицинское учреждение; 3) непосредственно перед устранением давящего предмета на неповрежденную часть руки наложить жгут (или его заменитель); 4) наложить тугую повязку от центр,Нет,Нет
vpr_sd_945903,biology,5,"Используя таблицу «Химический состав семян злаковых и бобовых», ответьте на вопросы. Химический состав семян злаковых и бобовых Семена | Содержание веществ, в % // Вода | Белки | Жиры (масла) | Углеводы | Минеральные соли // Арахис | 13,4 | 26,3 | 45,2 | 9,9 | 5,2 // Фасоль | 14,0 | 22,3 | 1,7 | 58,4 | 3,6 // Рис | 15,0 | 7,4 | 0,4 | 76,4 | 0,8 // Овёс | 15,0 | 13,0 | 7,0 | 63,0 | 2,0 Семена какой",Нет,Нет
vpr_sd_946061,biology,5,"Эти растения человек использует в хозяйстве. Под каждой из приведённых ниже фотографий подпишите указанное(-ые) в таблице растение(-ия), из которого(-ых) сделано то, что изображено. Химический состав семян злаковых и бобовых Семена | Содержание веществ, в % // Вода | Белки | Жиры (масла) | Углеводы | Минеральные соли // Арахис | 13,4 | 26,3 | 45,2 | 9,9 | 5,2 // Фасоль | 14,0 | 22,3 | 1,7 | 58,4 |",Нет,Да
vpr_sd_945385,biology,5,"Прочитайте текст и выполните задания. (1) Сосна обыкновенная является вечнозелёным растением и достигает 35-45 метров высоты. (2) В умеренном климате эти сосны образуют два леса на равнинах, а в субтропиках, тропиках и вблизи экватора произрастают в горах. (3) Игловидные листья — хвоинки, плотные, кожистые и жёсткие, покрыты толстым слоем кутикулы, располагаются пучками на побеге. (4) Устьица хвои",Нет,Да
vpr_sd_945245,biology,5,"Задание НИКО №275718. Заполни пропуски в таблице «Природные зоны», используя названия и описания из приведённого ниже списка. Запиши на место каждого пропуска номер выбранного названия или описания. Природные зоны Зона | Животное | Растение | Природные условия // | | Смородина | Список названий и описаний природных условий: 1) устойчивый снежный покров, холодные продолжительные зимы 2) степь 3) ле",Нет,Нет
vpr_sd_945894,biology,5,"Рассмотрите изображение. Покажите стрелками и подпишите на рисунке лист, цветок, плод и корень земляники лесной.",Нет,Да
vpr_sd_946114,biology,5,"В каком из органов землянки лесной: лист, цветок, плод и корень происходит образование органических веществ из углекислого газа и воды?",Нет,Нет
vpr_sd_946103,biology,5,"В приведённом далее перечне указаны части тела птицы. Выпишите термин, который выпадает из общего ряда. Объясните свой выбор. Голова, клюв, хвост, язык.",Нет,Нет
vpr_sd_945686,biology,5,"Опишите лист льна по следующему Плану: тип листа; жилкование листа; тип листа по соотношению длины, ширины, расположению наиболее широкой части. Используйте при выполнении задания линейку и карандаш. А. Тип листа 1) черешковый 2) сидячий Б. Жилкование листа В. Тип листа по соотношению длины, ширины и по расположению наиболее широкой части. Впишите в таблицу цифры выбранных ответов под соответствую",Нет,Да
vpr_sd_945269,biology,5,"Определите последовательность оказания первой доврачебной помощи при открытых переломах 1) наложить стерильную, повязку 2) дать обезболивающее средство 3) наложить шину 4) доставить пострадавшего в лечебное учреждение 5) остановить кровотечение",Нет,Нет
vpr_sd_945724,biology,5,"Прочитайте текст и выполните задание. (1)Домашний гусь — одомашненная форма водоплавающих птиц, происходящих от серого гуся. (2)Как правило, домашние гуси неспособны к полёту. (3)Домашний гусь больше дикого и чаще белого цвета, чем серого. (4) Приручен в глубокой древности. (5)Гусей разводят ради мяса, жира, перьев и печени. (6)Домашние гуси несут в год 15—30 яиц, из которых под гусыню в домашних ",Нет,Да
vpr_sd_945225,biology,5,"Задание НИКО №70C743. Заполни пропуски в таблице «Природные зоны», используя названия и описания из приведённого ниже списка. Запиши на место каждого пропуска номер выбранного названия или описания. Природные зоны Зона | Животное | Растение | Природные условия // Степь | | | Список названий и описаний природных условий: 1) лемминг 2) жаркое лето и холодная малоснежная зима 3) хомяк 4) карликовая и",Нет,Нет
vpr_sd_945223,biology,5,Задание НИКО №5169D7. Прочитай объявление о режиме работы Музея военной техники. Смогут ли учащиеся 3 класса посетить его 4 мая в 15 часов? Объясни свой ответ.,Нет,Да
vpr_sd_945165,biology,5,"1. На фотографии изображен представитель одной из профессий. Определите эту профессию. 2. Напишите, какую работу выполняют люди этой профессии. 3. Какие качества ты считаешь наиболее важными для людей этой профессии? Назови два-три качества",Нет,Да
vpr_sd_945979,biology,5,"Покажите стрелками и подпишите на рисунке листья, стебель, ризоиды и коробочку со спорами зелёного мха.",Нет,Да
vpr_sd_945986,biology,5,В каких клетках происходит фотосинтез у мхов?,Нет,Да
vpr_sd_945972,biology,5,"В приведённом ниже списке перечислены органы зелёных мхов. Выпишите то название органа, которое «выпадает» из общего ряда и не выполняет общую функцию. Объясните свой выбор. Корень, ризоиды, стебель, листья, спорангий — коробочка со спорами.",Нет,Нет
vpr_sd_945394,biology,5,"На поверхности дрожжевой клетки появляется бугорок — почка, который увеличивается в размерах, ядро клетки перемещается к периферии, вытягивается; часть его проникает в почку. По мере роста почки между ней и клеткой образуется перетяжка, которая отделяет первоначальную клетку от вновь сформированной. Найдите в приведённом списке и запишите название этого процесса. Дыхание, питание, выделение, размн",Нет,Нет
vpr_sd_945718,biology,5,"Опишите лист петрушки по следующему плану: тип листа, жилкование листа, тип листа по соотношению длины, ширины, расположению наиболее широкой части. Используйте при выполнении задания линейку и карандаш. А. Тип листа 1) черешковый 2) сидячий Б. Жилкование листа В. Тип листа по соотношению длины, ширины и по расположению наиболее широкой части. Впишите в таблицу цифры выбранных ответов под соответс",Нет,Да
vpr_sd_945310,biology,5,Для приготовления микропрепарата кожицы лука ученик стал изучать инструкцию. Что на рисунке в инструкции обозначено буквой А?,Нет,Да
vpr_sd_945732,biology,5,"Прочитайте текст и выполните задание. (1)Верблюды относятся к отряду парнокопытных. (2)Это крупные животные, приспособленные для жизни в засушливых регионах мира — пустынях, полупустынях и степях. (3)Масса взрослого верблюда 500—800 кг, высота в холке — до 210 см. (4)Самка вынашивает одного детёныша. (5) Выкармливается детёныш молоком. (6)Изображение верблюда присутствует на некоторых гербах и фла",Нет,Да
vpr_sd_945233,biology,5,"Задание НИКО №7B0617. Заполни пропуски в таблице «Природные зоны», используя названия и описания из приведённого ниже списка. Запиши на место каждого пропуска номер выбранного названия или описания. Природные зоны Зона | Животное | Растение | Природные условия // | | Верблюжья колючка | Список названий и описаний природных условий: 1) тайга 2) Мало осадков, большой недостаток влаги 3) варан 4) пес",Нет,Нет
vpr_sd_945741,biology,5,"Некоторые фермеры весной срезают молодые побеги оливы и укореняют их в почве. Найдите в приведённом списке и запишите название этого процесса. Дыхание, вегетативное размножение, питание, омоложение, плодоношение.",Нет,Нет
vpr_sd_945278,biology,5,"Размножение растений черенками. В ответе запишите соответствующую последовательность цифр. 1) Поставьте черенки в воду так, чтоб нижний узел был под водой. 2) Срежьте стеблевые черенки с 3-4 листьями гибискуса. Нижние 2 листа удалите. 3) Раз в 3-4 дня меняйте воду 4) Накройте растения стеклянным куполом до полного развития корневой системы и начала роста почек. 5) По достижении придаточными корням",Нет,Нет
vpr_sd_945887,biology,5,"Используя таблицу «Состав семян», ответьте на вопросы. Состав семян Семена | Содержание веществ, в % // Белок | Крахмал | Клетчатка // Рожь | 14 | 66 | 3,2 // Хлопчатник | 16 | 40 | 35 // Соя | 32 | 4 | 5 // Кукуруза | 11 | 76 | 3 В семенах какого растения содержится больше всего белка? В семенах каких растений содержится менее 30% крахмала? В семенах какого растения содержится наибольшее количест",Нет,Нет
vpr_sd_946049,biology,5,"Ниже приведены рисунки растений, указанных в таблице. Подпишите под каждой картинкой название соответствующего растения. Состав семян Семена | Содержание веществ, в % // Белок | Крахмал | Клетчатка // Рожь | 14 | 66 | 3,2 // Хлопчатник | 16 | 40 | 35 // Соя | 32 | 4 | 5 // Кукуруза | 11 | 76 | 3 A | Б | В | Г // | | |",Нет,Да
vpr_sd_946050,biology,5,"Некоторые из этих растений используют в пищевой и текстильной промышленности для изготовления продуктов питания и ткани. Под каждой из приведённых ниже иллюстраций подпишите соответствующее растение, которое используют для их изготовления. Состав семян Семена | Содержание веществ, в % // Белок | Крахмал | Клетчатка // Рожь | 14 | 66 | 3,2 // Хлопчатник | 16 | 40 | 35 // Соя | 32 | 4 | 5 // Кукуруз",Нет,Да
vpr_sd_945246,biology,5,"Задание НИКО №365EB9. Заполни пропуски в таблице «Природные зоны», используя названия и описания из приведённого ниже списка. Запиши на место каждого пропуска номер выбранного названия или описания. Природные зоны Зона | Животное | Растение | Природные условия // | Рысь | | Список названий и описаний природных условий: 1) тундра 2) полынь 3) тайга 4) Холодная зима, осадки, превышающие испарение, и",Нет,Нет
vpr_sd_945219,biology,5,Задание НИКО №E77444. Внимательно рассмотри знак. Где можно встретить данный знак? Какое правило установлено этим знаком? Напиши это правило.,Нет,Да
vpr_sd_946170,biology,5,"Рассмотрите изображение. Покажите стрелками и подпишите на рисунке корень, лист, соцветие и плод растения одуванчика лекарственного.",Нет,Да
vpr_sd_945365,biology,5,"В каком из этих органов подберёзовика: шляпка, ножка, плодовое тело и грибница в течение всего лета происходит переработка органических веществ?",Нет,Нет
vpr_sd_945364,biology,5,"В приведённом ниже списке названы органы растения. Все они, за исключением одного, участвуют в снабжении органов растения водой. Выпишите часть растения, которая «выпадает» из общего ряда и выполняет другую функцию. Объясните свой выбор. Побег, плод, стебель, корень.",Нет,Нет
vpr_sd_945736,biology,5,Ученик рассматривал под микроскопом лист оливы и сделал следующий рисунок. Что на рисунке клетки он обозначил буквой А?,Нет,Да
vpr_sd_945255,biology,5,"Задание НИКО №0EAA4D. Заполни пропуски в таблице «Природные зоны», используя названия и описания из приведённого ниже списка. Запиши на место каждого пропуска номер выбранного названия или описания. Природные зоны Зона | Животное | Растение | Природные условия // Пустыня | | | Список названий и описаний природных условий: 1) жаркий климат, небольшое количество осадков 2) саксаул 3) тушканчик 4) по",Нет,Нет
vpr_sd_946154,biology,5,"Рассмотрите изображение. Покажите стрелками и подпишите на рисунке лист, цветок, соцветие и корень подорожника.",Нет,Да
vpr_sd_946068,biology,5,"В каком из органов репчатого лука: лист, соцветие, корень, луковица в течение всего лета происходит накопление питательных веществ?",Нет,Нет
vpr_sd_945352,biology,5,"В приведённом ниже списке названы части гриба. Все они, за исключением одной, выполняют функцию полового размножения. Выпишите часть гриба, которая к «выпадает» из общего ряда и выполняет другую функцию. Объясните свой выбор. Шляпка, ножка, спора, грибница.",Нет,Нет
vpr_sd_945841,biology,5,"Животные и растения ориентируются во времени. Вы знаете, что листья растений не неподвижны и совершают суточное движение. Миграции птиц — тоже реакция на время. Найдите в приведённом списке и запишите название этого процесса. Фотопериодизм, размножение, биологические ритмы, спячка.",Нет,Да
vpr_sd_945297,biology,5,"Рассмотрите изображение и опишите внешнее строение собаки породы эрдельтерьер по следующему плану: окрас тела собаки, форма головы, форма ушей. 1 2 А. Окрас Б. Форма головы В. Форма ушей Запишите в ответ цифры, расположив их в порядке, соответствующем буквам: A | Б | В // | |",Нет,Да
vpr_sd_945696,biology,5,Ученик рассматривал под микроскопом препарат стебля ромашки и сделал следующий рисунок. Что на рисунке клетки он обозначил буквой А?,Нет,Да
vpr_sd_945279,biology,5,Установите последовательность действий при вегетативном размножении комнатных растений на примере традесканции. В ответе запишите соответствующую последовательность цифр. 1) для уменьшения испарения воды накройте черенки стеклянной банкой 2) посадите черенки наклонно в увлажнённый песок 3) нарежьте стеблевые черенки с 3–4 листьями 4) после образования придаточных корней пересадите растения в горшк,Нет,Нет
vpr_sd_945731,biology,5,"Используя таблицу «Размеры и плодовитость животных», ответьте на вопросы. Размеры и плодовитость животных Животное | Среднее количество икринок в одном помёте, тыс. шт | Средняя длина тела, см | Средний вес, г // Кальмар | 470 | 40 | 1100 // Карактица | 500 | 25 | 800 // Улитка | 250 | 5 | 200 // Жемчужница | 3000 | 12 | 150 Какое из перечисленных животных имеет большую длину? Какие из перечисленн",Нет,Нет
vpr_sd_946009,biology,5,"Ниже приведены изображения животных, указанных в таблице. Подпишите под каждым из них название соответствующего животного. Размеры и плодовитость животных Животное | Среднее количество икринок в одном помёте, тыс. шт | Средняя длина тела, см | Средний вес, г // Кальмар | 470 | 40 | 1100 // Карактица | 500 | 25 | 800 // Улитка | 250 | 5 | 200 // Жемчужница | 3000 | 12 | 150 A | Б | В | Г // | | |",Нет,Да
vpr_sd_946010,biology,5,"Из этих животных производят различные продукты. Под каждым из приведённых ниже изображений подпишите соответствующее животное, которое используют для их изготовления. Размеры и плодовитость животных Животное | Среднее количество икринок в одном помёте, тыс. шт | Средняя длина тела, см | Средний вес, г // Кальмар | 470 | 40 | 1100 // Карактица | 500 | 25 | 800 // Улитка | 250 | 5 | 200 // Жемчужниц",Нет,Да
vpr_sd_945374,biology,5,"Прочитайте текст и выполните задания. (1) Водоросли — древнейшие растения на нашей планете. (2) Водоросли не имеют тканей, их тело не расчленено на органы. (3) У этих растений нет ни корней, ни стеблей, ни листьев. (4) Их тело называется талломом, или слоевищем. (5) К водорослям относятся очень разные организмы, которые обитают и в воде, и на суше во влажных местах. (6) Как считают учёные, от них ",Нет,Да
vpr_sd_945382,biology,5,"Как называется мельчайшие одноклеточные грибы, используемые при выпечке хлеба?",Нет,Нет
vpr_sd_945902,biology,5,"Рассмотрите изображения. Покажите стрелками и подпишите на рисунках 1 и 2 побег, лист, соцветие, плод осота полевого.",Нет,Да
vpr_sd_946119,biology,5,"В каком из органов осота полевого: побег, лист, соцветие, плод образуются вещества, необходимые для создания нектара?",Нет,Нет
vpr_sd_946112,biology,5,"В приведённом ниже списке названы органы растения. Все они, за исключением одного, участвуют в генеративном размножении. Выпишите часть растения, которая «выпадает» из общего ряда и выполняет другую функцию. Объясните свой выбор. Побег, плод, соцветие, цветок.",Нет,Нет
vpr_sd_945677,biology,5,"Подберёзовики чаще всего растут недалеко от деревьев. Найдите в приведённом списке описание причин этого явления. У гриба с деревом образуется симбиоз (взаимовыгодные отношения), грибу нужна тень, под деревом выше влажность, под деревом гриб не съедят грызуны.",Нет,Нет
vpr_sd_945884,biology,5,Ученик рассматривал под микроскопом амёбу обыкновенную и выполнил следующий рисунок. Что на рисунке клетки он обозначил буквой А?,Нет,Да
vpr_sd_945856,biology,5,"Прочитайте текст и выполните задание. (1) В одно прекрасное мартовское утро Ваше внимание привлечет звонкая песня — это ночью вернулись со своих зимовок самцы певчих дроздов. (2) Поют они, сидя на высоких ветвях ещё по-мартовски голых деревьев. (З) Спустя несколько дней прилетают самки. (4) Уже в середине апреля на деревьях, в кустах, на балках под крышей сарая можно найти гнездо дрозда, свитое из",Нет,Да
vpr_sd_945846,biology,5,"Рассмотрите изображения. Покажите стрелками и подпишите на рисунках стебель, лист, тычиночный цветок, пестичный цветок.",Нет,Да
vpr_sd_946101,biology,5,"В приведённом ниже списке названы органы винограда. Все они, за исключением одного, выполняют функцию размножения. Выпишите часть растения, которая «выпадает» из общего ряда и выполняет другую функцию. Объясните свой выбор. Побег, цветок, ус, плод.",Нет,Нет
vpr_sd_945966,biology,5,"Живые организмы способны воспринимать воздействия окружающей среды и определённым образом на них реагировать. Найдите в приведённом списке и запишите название этого процесса. Дыхание, питание, раздражимость, размножение.",Нет,Нет
vpr_sd_946045,biology,5,"Ниже приведены изображения животных, указанных в таблице. Подпишите под каждым изображением название соответствующего животного. Состав молока домашних животных Животные | Содержание веществ, в % // Вода | Белки | Жиры // Корова | 87,3 | 3,4 | 3,6 // Кобыла | 88,8 | 2,5 | 1,9 // Коза | 87,0 | 3,7 | 4,0 // Верблюдица | 86,5 | 4,0 | 4-5,0 A | Б | В | Г // | | |",Нет,Да
vpr_sd_946046,biology,5,"Человек использует животных в хозяйственной деятельности. Под каждым из приведённых ниже рисунков подпишите соответствующее животное, которое можно использовать в данном случае. Состав молока домашних животных Животные | Содержание веществ, в % // Вода | Белки | Жиры // Корова | 87,3 | 3,4 | 3,6 // Кобыла | 88,8 | 2,5 | 1,9 // Коза | 87,0 | 3,7 | 4,0 // Верблюдица | 86,5 | 4,0 | 4-5,0 A | Б | В //",Нет,Да
vpr_sd_945232,biology,5,"Задание НИКО №7B0617. Заполни пропуски в таблице «Природные зоны», используя названия и описания из приведённого ниже списка. Запиши на место каждого пропуска номер выбранного названия или описания. Природные зоны Зона | Животное | Растение | Природные условия // | Бурундук | | Список названий и описаний природных условий: 1) тайга 2) карликовая берёза 3) Мало осадков, большой недостаток влаги 4) ",Нет,Нет
vpr_sd_945287,biology,5,"Расположите в правильном порядке события, происходящие при прорастании фасоли. В ответе запишите соответствующую последовательность цифр. 1) появление семядолей 2) появление зелёных листочков 3) разрушение семенной кожуры 4) набухание семени 5) появление корешка",Нет,Нет
vpr_sd_945369,biology,5,"Используя таблицу «Химический состав грибов», ответьте на вопросы. Химический состав грибов Название гриба | Вода (%) | Углеводы (%) | Белки (%) | Жиры (%) | Мин. соли (%) | Энергетическая ценность в ккал // Подберёзовик | 88,0 | 2,5 | 5,3 | 0,6 | 0,9 | 36 // Маслёнок | 92,0 | 3,5 | 2,0 | 0,3 | 0,6 | 25 // Белый | 87,0 | 3,1 | 5,5 | 0,5 | 0,9 | 40 // Лисички | 94,4 | 3,8 | 2,6 | 0,4 | 0,8 | 30 Как",Нет,Нет
vpr_sd_945372,biology,5,"Ниже приведены изображения грибов, указанных в таблице. Подпишите под каждым название соответствующего гриба. Химический состав грибов Название гриба | Вода (%) | Углеводы (%) | Белки (%) | Жиры (%) | Мин. соли (%) | Энергетическая ценность в ккал // Подберёзовик | 88,0 | 2,5 | 5,3 | 0,6 | 0,9 | 36 // Маслёнок | 92,0 | 3,5 | 2,0 | 0,3 | 0,6 | 25 // Белый | 87,0 | 3,1 | 5,5 | 0,5 | 0,9 | 40 // Лиси",Нет,Да
vpr_sd_945373,biology,5,При сборе грибов важно уметь отличать съедобные грибы от ядовитых. Многие ядовитые грибы похожи на съедобные. Под каждым из приведённых ниже изображений ядовитых грибов подпишите их названия. A | Б | В // | |,Нет,Да
vpr_sd_946172,biology,5,"Прочитайте текст и выполните задание. (1)Крот европейский имеет крохотные глаза, с булавочную головку. (2)Наружного уха нет. (3)Мех бархатистый, растёт по направлению вверх, а не вперёд или назад, что помогает кроту продвигаться по подземному тоннелю в любую сторону. (4)Окрас меха матово-чёрный, нижняя часть тела несколько светлее. (5)Волосы хвоста выполняют осязательную функцию, благодаря им крот",Нет,Да
vpr_sd_945249,biology,5,"Задание НИКО №12A4F6. Заполни пропуски в таблице «Природные зоны», используя названия и описания из приведённого ниже списка. Запиши на место каждого пропуска номер выбранного названия или описания. Природные зоны Зона | Животное | Растение | Природные условия // | | | Жаркое лето и холодная малоснежная зима Список названий и описаний природных условий: 1) тундра 2) полынь 3) белая куропатка 4) ст",Нет,Нет
vpr_sd_945910,biology,5,"Рассмотрите изображения. Покажите стрелками и подпишите на рисунке 1 стебель, лист, соцветие, плод чёрной смородины.",Нет,Да
vpr_sd_945975,biology,5,"В приведённом ниже списке названы органы растения. Все они, за исключением одного, выполняют функцию полового размножения. Выпишите часть растения, которая «выпадает» из общего ряда и выполняет другую функцию. Объясните свой выбор. Побег, плод, семя, цветок.",Нет,Нет
vpr_sd_945865,biology,5,"У собаки тело покрыто шерстью, которая зимой становится более густой и тёплой, чем летом. Выберите из перечисленных процессов тот, благодаря которому это происходит. Размножение, дыхание, рост, питание, линька.",Нет,Нет
vpr_sd_945866,biology,5,"Опишите собаку породы немецкий пинчер по следующему плану: окрас собаки, положение шеи, форма хвоста. А. Окрас Б. Положение шеи (пунктирная линия, образующая угол с горизонтальной плоскостью, параллельна задней поверхности шеи и проходит через глаз) В. Форма хвоста Запишите в ответ цифры, расположив их в порядке, соответствующем буквам: A | Б | В // | |",Нет,Да
vpr_sd_945299,biology,5,Ученик на уроке рассматривал рисунки с изображением растущей растительной клетки. Какая часть клетки не увеличивается по мере её роста?,Нет,Да
vpr_sd_945272,biology,5,"Во время игры дома твой младший братишка разбил нос. Установите последовательность действий при оказании первой помощи при носовом кровотечении. 1) После остановки кровотечения пострадавшему нужно спокойно посидеть, чтобы кровотечение не возобновилось. 2) Положите на нос холодную примочку, попросите дышать ртом 3) Запрокидывать голову назад нельзя, так как иначе кровь может попасть в дыхательные п",Нет,Нет
vpr_sd_945723,biology,5,"Используя таблицу «Размеры и плодовитость животных», ответьте на вопросы. Размеры и плодовитость животных Животное | Среднее количество детёнышей в одном помёте, шт | Средний рост в холке, см | Средний вес, кг // Корова | 1 | 140 | 750 // Норка | 15 | 12 | 0,6 // Волк | 6 | 90 | 80 // Овца | 1 | 70 | 80 Какое из перечисленных животных имеет наибольший рост в холке? Какое из перечисленных животных ",Нет,Нет
vpr_sd_946011,biology,5,"Ниже приведены изображения животных, указанных в таблице. Подпишите под каждым из них название соответствующего животного. Размеры и плодовитость животных Животное | Среднее количество икринок в одном помёте, тыс. шт | Средний рост в холке, см | Средний вес, кг // Корова | 1 | 140 | 750 // Норка | 15 | 12 | 0,6 // Волк | 6 | 90 | 80 // Овца | 1 | 70 | 80 A | Б | В | Г // | | |",Нет,Да
vpr_sd_946004,biology,5,"Из этих животных производят различные продукты питания и изделия. Под каждым из приведённых ниже изображений подпишите соответствующее животное, которое используют для их изготовления. Размеры и плодовитость животных Животное | Среднее количество икринок в одном помёте, тыс. шт | Средний рост в холке, см | Средний вес, кг // Корова | 1 | 140 | 750 // Норка | 15 | 12 | 0,6 // Волк | 6 | 90 | 80 // ",Нет,Да
vpr_sd_945716,biology,5,"Прочитайте текст и выполните задание. (1)Покров речного рака твёрдый, хитиновый, служит наружным скелетом. (2)Дышит речной рак жабрами. (3)Спереди на головном отделе на подвижных стебельках сидят выпуклые сложные глаза. (4)Клешни речной рак использует для защиты и нападения. (5) Брюшко рака состоит из семи члеников, имеет пять пар двуветвистых конечностей, которые служат для плавания. (6) Шестая п",Нет,Да
vpr_sd_945252,biology,5,"Задание НИКО №0807C7. Заполни пропуски в таблице «Природные зоны», используя названия и описания из приведённого ниже списка. Запиши на место каждого пропуска номер выбранного названия или описания. Природные зоны Зона | Животное | Растение | Природные условия // | | Лиственница | Список названий и описаний природных условий: 1) саксаул 2) жаркий климат, небольшое количество осадков 3) бобр 4) уст",Нет,Нет
vpr_sd_945958,biology,5,"Рассмотрите изображение. Покажите стрелками и подпишите на рисунке стебель, лист, цветок и плод клёна.",Нет,Да
vpr_sd_945965,biology,5,Какой орган клёна обеспечивает рост и развитие побега весной?,Нет,Нет
vpr_sd_945959,biology,5,"В приведённом ниже списке названы органы растения. Все они, за исключением одного, имеются у голосеменных растений. Выпишите тот орган растения, который «выпадает» из общего ряда и имеется только у покрытосеменных растений. Объясните свой выбор. Корень, стебель, лист, плод, семя.",Нет,Нет
vpr_sd_945668,biology,5,"Прочитайте текст и выполните задание. (1)Форма тела пингвинов обтекаемая, что идеально для их способа передвижения. (2)В отличие от других нелетающих птиц, пингвины имеют грудину с чётко выраженным килем, к которому крепится мощная мускулатура. (3)Грудная мускулатура развита и составляет иногда до 30% массы тела, что в несколько раз превышает мускулатуру самых мощных летающих птиц. (4)Большие ступ",Нет,Да
vpr_sd_945948,biology,5,"Опишите лист липы по следующему плану: тип листа; жилкование листа; форма листа по соотношению длины, ширины и по расположению наиболее широкой части. Используйте при выполнении задания линейку и карандаш. А. Тип листа 1) черешковый 2) сидячий Б. Жилкование листа В. Тип листа по соотношению длины, ширины и по расположению наиболее широкой части. Запишите в ответ цифры, расположив их в порядке, соо",Нет,Да
vpr_sd_946152,biology,5,Школьники рассматривали под микроскопом срез листа подорожника и сделали рисунок клетки. Какой клеточный органоид они обозначили буквой А?,Нет,Да
vpr_sd_945263,biology,5,"Расположите в правильном порядке пункты инструкции проведения черенкования комнатных растений. В ответе запишите соответствующую последовательность цифр 1) после образования 4–5 придаточных корней высадите черенок во влажную почву 2) выясните, какое из имеющихся у вас комнатных растений размножается черенками 3) накройте растение банкой 4) осторожно срежьте лезвием или острым ножом с выбранного ра",Нет,Нет
vpr_sd_945831,biology,5,"Используя рисунок «Расселение живых организмов в Биосфере», ответьте на вопросы. Равномерно или неравномерно распределены организмы по планете? Как называют признаки организма соответствующие среде обитания, позволяющие выжить и дать потомство? Какую экологическую систему образуют живые организмы природного сообщества и неживая природа?",Нет,Да
vpr_sd_946034,biology,5,"Орнитолог проводил зимнюю подкормку птиц. В состав корма для птиц входили семена проса, подсолнечника, луговых злаковых трав, рапса, кукурузы, пшеницы. Результаты учёный заносил в полевой дневник. В лаборатории он их внимательно изучил и оформил в виде таблицы. Дни недели | Понедельник | Вторник | Среда | Четверг | Пятница | Суббота | Воскресенье // Число птиц | 5 | 10 | 7 | 8 | 8 | 6 | 10 // Вид ",Нет,Нет
vpr_sd_946035,biology,5,Каких учёных называют орнитологами?,Нет,Нет
vpr_sd_945824,biology,5,"Прочитайте текст и выполните задание. (1) В Юго-Восточной Азии растёт удивительное растение — рис, которое ещё называют «сыном воды и солнца». (2) Для этого растения устраивают особые поля, которые как бассейн заполняются водой. (3) Рассаду высаживают прямо в воду. (4) Пропалывают это растение и собирают урожай часто с небольших лодок. (5) Выращивать его стали около 7 тыс. лет назад. (6) Из семян ",Нет,Да
vpr_sd_945307,biology,5,"Покажите стрелками и подпишите на рисунке ядерное вещество, цитоплазму, жгутик и оболочку бактериальной клетки.",Нет,Да
vpr_sd_945314,biology,5,Какой органоид обеспечивает передвижение бактерии в пространстве?,Нет,Да
vpr_sd_945300,biology,5,"В приведённом ниже списке названы структуры, образующие бактериальную клетку. Все они, за исключением одной, постоянны. Выпишите название структуры, которая «выпадает» из общего ряда и образуется только при определённых условиях. Объясните свой выбор. Цитоплазма, спора, клеточная стенка, жгутик.",Нет,Нет
vpr_sd_945728,biology,5,Ученик рассматривал под микроскопом лист груши и сделал следующий рисунок. Что на рисунке клетки он обозначил буквой А?,Нет,Да
vpr_sd_945699,biology,5,"Используя таблицу «Размеры и плодовитость животных», ответьте на вопросы. Размеры и плодовитость животных Животное | Среднее количество детёнышей в одном помёте, шт. | Средний рост в холке, см | Средний вес, кг // Коза | 2 | 80 | 60 // Нутрия | 4 | 10 | 9 // Верблюд | 1 | 210 | 650 // Слон | 1 | 350 | 5000 Какое из перечисленных животных имеет наименьший рост в холке? Какое (какие) из перечисленны",Нет,Нет
vpr_sd_945996,biology,5,"Ниже приведены изображения животных, указанных в таблице. Подпишите под каждым из них название соответствующего животного. Размеры и плодовитость животных Животное | Среднее количество детёнышей в одном помёте, шт. | Средний рост в холке, см | Средний вес, кг // Коза | 2 | 80 | 60 // Нутрия | 4 | 10 | 9 // Верблюд | 1 | 210 | 650 // Слон | 1 | 350 | 5000 A | Б | В | Г // | | |",Нет,Да
vpr_sd_945997,biology,5,"Из этих животных производят различные продукты питания и изделия. Под каждым из приведённых ниже изображений подпишите соответствующее животное, которое используют для их изготовления. Размеры и плодовитость животных Животное | Среднее количество детёнышей в одном помёте, шт. | Средний рост в холке, см | Средний вес, кг // Коза | 2 | 80 | 60 // Нутрия | 4 | 10 | 9 // Верблюд | 1 | 210 | 650 // Сло",Нет,Да
vpr_sd_945684,biology,5,"Прочитайте текст и выполните задание. (1) Белка обыкновенная — это мелкий зверёк типично беличьего облика, с вытянутым стройным телом и пушистым хвостом с «расчёсом». (2)Голова округлая, с большими чёрными глазами; уши длинные, с кисточками. (3)Волосы по бокам хвоста достигают длины в 3—6 см, отчего хвост имеет уплощённую форму. (4)Окраска белки меняется сезонно. (5)Летом в ней преобладают рыжие, ",Нет,Да
vpr_sd_945241,biology,5,"Задание НИКО №3B05BE. Заполни пропуски в таблице «Природные зоны», используя названия и описания из приведённого ниже списка. Запиши на место каждого пропуска номер выбранного названия или описания. Природные зоны Зона | Животное | Растение | Природные условия // | Хомяк | | Список названий и описаний природных условий: 1) тундра 2) тюльпан 3) жаркое лето и холодная малоснежная зима 4) степь 5) хо",Нет,Нет
vpr_sd_945928,biology,5,"Рассмотрите изображение. Покажите стрелками и подпишите на рисунке ножку, шляпку, грибницу (мицелий, гифы) и споры гриба.",Нет,Да
vpr_sd_945943,biology,5,"Рассмотрите рисунок. Из чего состоит плодовое тело гриба, изображённого на рисунке?",Нет,Да
vpr_sd_945397,biology,5,"Покажите стрелками и подпишите на рисунке корень, стебель, лист, цветок.",Нет,Да
vpr_sd_945276,biology,5,"Установите последовательность действий в эксперименте по доказательству образования крахмала в листьях на свету в зелёных частях растения хлорофитума. В ответе запишите соответствующую последовательность цифр. 1) на обе стороны листа хлорофитума наложите полоски чёрной бумаги так, чтобы они плотно облегали весь лист, включая белую каёмку по краю 2) опустите лист хлорофитума в раствор йода 3) проки",Нет,Нет
vpr_sd_945283,biology,5,Расположите пункты инструкции по приготовлению препарата кожицы лука в правильном порядке. В ответе запишите соответствующую последовательность цифр. 1) Пипеткой капните каплю слабого раствора йода на предметное стекло и положите кусочек плёнки в каплю раствора йода на предметном стекле. 2) С мясистой чешуи оторвите кусочек поверхностной плёнки пинцетом. 3) Накройте покровным стеклом. 4) Очистите ,Нет,Нет
vpr_sd_945855,biology,5,"Используя таблицы «Количество влаги для прорастания семян» и «Минимальная температура прорастания семян», ответьте на вопросы. Количество влаги для прорастания семян | | Минимальная температура прорастания семян // Просо 38% Кукуруза 49% Пшеница 69% Рожь 85% Лён 100% Горох 114% Клевер 145% | Просо | 38% | Кукуруза | 49% | Пшеница | 69% | Рожь | 85% | Лён | 100% | Горох | 114% | Клевер | 145% | | Д",Нет,Нет
vpr_sd_946042,biology,5,"Ниже приведены изображения растений, указанных в таблице. Подпишите под каждым изображением название соответствующего растения. Количество влаги для прорастания семян | | Минимальная температура прорастания семян // Просо 38% Кукуруза 49% Пшеница 69% Рожь 85% Лён 100% Горох 114% Клевер 145% | Просо | 38% | Кукуруза | 49% | Пшеница | 69% | Рожь | 85% | Лён | 100% | Горох | 114% | Клевер | 145% | | ",Нет,Да
vpr_sd_946043,biology,5,"Из этих растений производят текстиль и продукты питания. Под каждой из приведённых ниже фотографий подпишите соответствующее растение, которое используют для их изготовления. Количество влаги для прорастания семян | | Минимальная температура прорастания семян // Просо 38% Кукуруза 49% Пшеница 69% Рожь 85% Лён 100% Горох 114% Клевер 145% | Просо | 38% | Кукуруза | 49% | Пшеница | 69% | Рожь | 85% |",Нет,Да
vpr_sd_945904,biology,5,"Прочитайте текст и выполните задание. (1)Лисица обыкновенная — хищное животное, массой до 10 кг, широко распространённое на территории Европы, Азии, Северной Америки. (2)Внешне лисица представляет собой зверя среднего размера с изящным туловищем на невысоких тонких лапах, с вытянутой мордой, острыми ушами и длинным пушистым хвостом. (3)Самки лисицы рождают живых детёнышей и выкармливают их молоком",Нет,Да
vpr_sd_945247,biology,5,"Задание НИКО №365EB9. Заполни пропуски в таблице «Природные зоны», используя названия и описания из приведённого ниже списка. Запиши на место каждого пропуска номер выбранного названия или описания. Природные зоны Зона | Животное | Растение | Природные условия // Пустыня | | | Список названий и описаний природных условий: 1) Территория с постоянно или сезонно жарким климатом и малым количеством ос",Нет,Нет
vpr_sd_945238,biology,5,"Задание НИКО №53E272. Заполни пропуски в таблице «Природные зоны», используя названия и описания из приведённого ниже списка. Запиши на место каждого пропуска номер выбранного названия или описания. Природные зоны Зона | Животное | Растение | Природные условия // | | Верблюжья колючка | Список названий и описаний природных условий: 1) сосна 2) жаркий климат, небольшое количество выпадающих осадков",Нет,Нет
vpr_sd_945838,biology,5,"Рассмотрите изображение. Покажите стрелками и подпишите на рисунке голову, туловище, верхние конечности, нижние конечности, хвост.",Нет,Да
vpr_sd_946096,biology,5,"На какой из частей тела: голова, туловище, верхние конечности, нижние конечности, хвост располагаются органы, отвечающие за передвижение птиц в воздушном пространстве?",Нет,Нет
vpr_sd_945849,biology,5,"Огурцы — овощное высокорослое растение, с которого через 40 дней с момента появления всходов можно сорвать первые плоды. Найдите в приведённом списке и запишите название этого процесса. Дыхание, питание, рост, плодоношение, движение.",Нет,Нет
vpr_sd_945895,biology,5,"Используя таблицу «Содержание питательных веществ в семенах растений», ответьте на вопросы. Содержание питательных веществ в семенах растений Название растений | Содержание питательных веществ в 100 г семян (г) // Белки | Углеводы (крахмал) | Жиры // Ячмень | 9,5 | 64 | 2,1 // Горох | 20,5 | 43,5 | 2 // Гречиха | 10 | 53 | 3,2 // Подсолнечник | 26 | 5 | 53 В семенах какого растения содержится наим",Нет,Нет
vpr_sd_946056,biology,5,"Ниже приведены фотографии растений, указанных в таблице. Подпишите под каждой фотографией название растений. Содержание питательных веществ в семенах растений Название растений | Содержание питательных веществ в 100 г семян (г) // Белки | Углеводы (крахмал) | Жиры // Ячмень | 9,5 | 64 | 2,1 // Горох | 20,5 | 43,5 | 2 // Гречиха | 10 | 53 | 3,2 // Подсолнечник | 26 | 5 | 53 A | Б | В | Г // | | |",Нет,Да
vpr_sd_946057,biology,5,"Эти растения человек использует при приготовлении пищи. Под каждой из приведённых ниже изображений подпишите указанное(-ые) в таблице растение(-ия), из которого(-ых) сделано то, что изображено. Содержание питательных веществ в семенах растений Название растений | Содержание питательных веществ в 100 г семян (г) // Белки | Углеводы (крахмал) | Жиры // Ячмень | 9,5 | 64 | 2,1 // Горох | 20,5 | 43,5 ",Нет,Да
vpr_sd_945864,biology,5,"Прочитайте текст и выполните задание. (1) Коза — одно из первых животных, которых приручил человек. (2) Коза мельче овцы и во взрослом состоянии весит около 35 кг. (3) Тело покрыто прямой и густой шерстью, у ангорских коз шерсть длинная и шелковистая. (4) Цвет шерсти бывает от чисто белой до тёмно-бурой, чёрной и пёстрой. (5) На протяжении многих веков из козьей шерсти изготавливают ткани. (6) Коз",Нет,Нет
vpr_sd_945730,biology,5,"Рассмотрите изображения. Покажите стрелками и подпишите на изображениях стебель, лист, цветок, плод груши.",Нет,Да
vpr_sd_946082,biology,5,"В каком из органов груши: стебель, лист, цветок, плод в течение всего лета происходит фотоcинтез?",Нет,Да
vpr_sd_946081,biology,5,"В приведённом ниже списке названы органы растения. Клетки всех из них, за исключением одного, способны к клеточному дыханию. Выпишите часть растения, которая «выпадает» из общего ряда и выполняет другую функцию. Объясните свой выбор. Ствол, плод, лист, цветок.",Нет,Нет
vpr_sd_945707,biology,5,"Используя таблицу «Параметры тела насекомых», ответьте на вопросы. Параметры тела насекомых Насекомое | Длина тела, мм | Вес, мг | Количество пар крыльев // Пчела | 45 | 130 | 2 // Оса | 50 | 150 | 2 // Личинка тутового шелкопряда | 65 | 5000 | 0 // Божья коровка | 7 | 95 | 2 Какое из перечисленных насекомых имеет самый маленький размер? Какое насекомое весит больше 1 грамма? Какое из перечисленны",Нет,Нет
vpr_sd_946001,biology,5,"Ниже приведены изображения животных, указанных в таблице. Подпишите под каждым из них название соответствующего животного. Параметры тела насекомых Насекомое | Длина тела, мм | Вес, мг | Количество пар крыльев // Пчела | 45 | 130 | 2 // Оса | 50 | 150 | 2 // Личинка тутового шелкопряда | 65 | 5000 | 0 // Божья коровка | 7 | 95 | 2 A | Б | В // | |",Нет,Да
vpr_sd_946002,biology,5,"Из продуктов жизнедеятельности этих животных производят текстиль и продукты питания. Под каждым из приведённых ниже изображений подпишите соответствующее животное, продукты жизнедеятельности которого используют для их изготовления. Параметры тела насекомых Насекомое | Длина тела, мм | Вес, мг | Количество пар крыльев // Пчела | 45 | 130 | 2 // Оса | 50 | 150 | 2 // Личинка тутового шелкопряда | 65",Нет,Да
vpr_sd_945888,biology,5,"Прочитайте текст и сравните описание моркови и редиса. В ответе укажите два сходства этих растений. Морковь — один из древнейших двулетников, который возделывают 4000 лет‚ сначала как лекарственное, а затем как пищевое и кормовое растение. В диком виде растение встречается в Европе, Азии, Северной Африки. Для получения раннего урожая морковь сеют с середины апреля до начала мая. Мясистые, ярко окр",Нет,Да
vpr_sd_946063,biology,5,"Прочитайте текст и сравните описание моркови и редиса. В ответе укажите два различия этих растений. Морковь — один из древнейших двулетников, который возделывают 4000 лет‚ сначала как лекарственное, а затем как пищевое и кормовое растение. В диком виде растение встречается в Европе, Азии, Северной Африки. Для получения раннего урожая морковь сеют с середины апреля до начала мая. Мясистые, ярко окр",Нет,Да
vpr_sd_945228,biology,5,"Задание НИКО №A750A2. Заполни пропуски в таблице «Природные зоны», используя названия и описания из приведённого ниже списка. Запиши на место каждого пропуска номер выбранного названия или описания. Природные зоны Зона | Животное | Растение | Природные условия // | | | Устойчивый снежный покров, холодные продолжительные зимы Список названий и описаний природных условий: 1) ель 2) белка 3) верблюд ",Нет,Нет
vpr_sd_945925,biology,5,"В каком из органов земляники лесной: лист, цветок, плод и корень происходит образование органических веществ из углекислого газа и воды?",Нет,Нет
vpr_sd_945950,biology,5,Школьник рассматривал под микроскопом срез листа липы и сделал рисунок клеток. Какой клеточный органоид он обозначил буквой А?,Нет,Да
vpr_sd_945281,biology,5,"Расположите в правильном порядке пункты инструкции по проращиванию семян. В ответе запишите соответствующую последовательность цифр. 1) на бумагу положите 10 предварительно замоченных (в течение 8–10 ч) семян огурцов 2) закройте тарелку полиэтиленовой плёнкой 3) смочите фильтровальную бумагу водой и следите, чтобы во время опыта она была постоянно влажной 4) через сутки обследуйте семена, результа",Нет,Нет
vpr_sd_945691,biology,5,"Используя таблицу «Пищевая ценность продуктов», ответьте на вопросы. Пищевая ценность продуктов Продукты | Содержание веществ, г на 100 г продукта | Энергетическая ценность, ккал // Белки | Жиры | Углеводы // Рисовая крупа | 7,0 | 1,0 | 71,4 | 330 // Макаронные изделия | 10,4 | 1,1 | 69,7 | 337 // Грейпфрут | 0,9 | 0,2 | 6,5 | 35 // Изюм | 1,8 | 0 | 66,0 | 262 В каком из пищевых продуктов содержит",Нет,Нет
vpr_sd_945990,biology,5,"Ниже приведены изображения растений, продукты из которых указаны в таблице. Подпишите под каждым из них название соответствующего растения. Пищевая ценность продуктов Продукты | Содержание веществ, г на 100 г продукта | Энергетическая ценность, ккал // Белки | Жиры | Углеводы // Рисовая крупа | 7,0 | 1,0 | 71,4 | 330 // Макаронные изделия | 10,4 | 1,1 | 69,7 | 337 // Грейпфрут | 0,9 | 0,2 | 6,5 | ",Нет,Да
vpr_sd_945991,biology,5,"Из этих растений производят косметику и продукты питания. Под каждым из приведённых ниже изображений подпишите соответствующее растение, которое используют для их изготовления. Пищевая ценность продуктов Продукты | Содержание веществ, г на 100 г продукта | Энергетическая ценность, ккал // Белки | Жиры | Углеводы // Рисовая крупа | 7,0 | 1,0 | 71,4 | 330 // Макаронные изделия | 10,4 | 1,1 | 69,7 | ",Нет,Да
vpr_sd_945234,biology,5,"Задание НИКО №E87B67. Заполни пропуски в таблице «Природные зоны», используя названия и описания из приведённого ниже списка. Запиши на место каждого пропуска номер выбранного названия или описания. Природные зоны Зона | Животное | Растение | Природные условия // Лес | | | Список названий и описаний природных условий: 1) лиственница 2) жаркий климат, небольшое количество выпадающих осадков 3) тушк",Нет,Нет
vpr_sd_945830,biology,5,"Рассмотрите изображение. Покажите стрелками и подпишите на рисунке клетки водоросли, гифы грибницы, слоевище.",Нет,Да
vpr_sd_946098,biology,5,"В какой из частей клетки лишайника: водоросли, гифы грибницы, слоевище образуются споры?",Нет,Нет
vpr_sd_946097,biology,5,"В приведённом списке названы части тела лишайника. Все они, за исключением одного, выполняют функцию размножения. Выпишите часть растения, которая «выпадает» из общего ряда и выполняет другую функцию. Объясните свой выбор. Спора, одноклеточная водоросль, грибница, слоевище.",Нет,Нет
vpr_sd_945955,biology,5,"В процессе жизни живые организмы увеличивают свои размеры и массу. Найдите в приведённом списке и запишите название этого процесса. Рост, дыхание, питание, раздражимость.",Нет,Нет
vpr_sd_945850,biology,5,Опишите растение элодею (см. рис.) по следующему плану: группа растений; жизненная форма растения (одно слово); среда обитания. А. Группа растений Б. Жизненная форма растений — внешний облик В. Среды жизни A | Б | В // | |,Нет,Да
vpr_sd_945720,biology,5,Ученик рассматривал под микроскопом лист винограда и сделал следующий рисунок. Что на рисунке клетки он обозначил буквой А?,Нет,Да
vpr_sd_945240,biology,5,"Задание НИКО №365EB9. Заполни пропуски в таблице «Природные зоны», используя названия и описания из приведённого ниже списка. Запиши на место каждого пропуска номер выбранного названия или описания. Природные зоны Зона | Животное | Растение | Природные условия // | | Карликовая берёза | Список названий и описаний природных условий: 1) тундра 2) полынь 3) лемминг 4) территория с постоянно или сезон",Нет,Нет
vpr_sd_945722,biology,5,"Рассмотрите изображения. Покажите стрелками и подпишите на рисунках стебель, лист, соцветие, плод винограда.",Нет,Да
vpr_sd_946076,biology,5,"В каком из органов винограда: стебель, лист, соцветие, плод в течение всего лета вода проводится снизу вверх?",Нет,Нет
vpr_sd_945308,biology,5,"Рассмотрите изображение и опишите лист ивы по следующему плану: тип листа, жилкование листа, форма листа по соотношению длины и ширины листовой пластинки (без черешка) и по расположению наиболее широкой части. Используйте при выполнении задания линейку и карандаш. А. Тип листа 1) черешковый 2) сидячий Б. Жилкование листа В. Форма листа по соотношению длины и ширины листовой пластинки (без черешка)",Нет,Да
vpr_sd_945876,biology,5,Ученик рассмотрел на уроке гербарный экземпляр петрушки и выполнил следующий рисунок. Какой вид корня он обозначил на рисунке буквой А?,Нет,Да
vpr_sd_945832,biology,5,"Прочитайте текст и выполните задание. (1) У Северного полюса льды не тают круглый год, но такие животные, как моржи, тюлени и белые медведи приспособились к жизни в этих суровых условиях. (2) Моржей и тюленей защищает толстый слой жира. (3) У белого медведя есть ещё и густой бесцветный мех, который покрывает его чёрную кожу. (4) Лапы белого медведя широкие и длинные, пальцы соединяются толстой пла",Нет,Нет
vpr_sd_945226,biology,5,"Задание НИКО №47661F. Внимательно рассмотри знак, который можно встретить, например, в книжном магазине. Как ты думаешь, какое правило установлено этим знаком? Напиши это правило.",Нет,Да
vpr_sd_944858,biology,6,Рассмотрите изображение клетки и выполните задания.,Нет,Нет
vpr_sd_945760,biology,6,Какую функцию выполняют придаточные корни?,Нет,Нет
vpr_sd_946128,biology,6,Какую функцию выполняют спорангии?,Нет,Нет
vpr_sd_945490,biology,6,Рассмотрите изображение бактериальной клетки и выполните задания.,Нет,Нет
vpr_sd_944834,biology,6,Рассмотрите изображение цветка и выполните задания.,Нет,Нет
vpr_sd_945784,biology,6,Какую функцию в цветке выполняет стебель?,Нет,Нет
vpr_sd_945184,biology,6,"Как называется плод, развившийся из цветка с одним пестиком?",Нет,Нет
vpr_sd_945664,biology,6,Какую функцию выполняют почечные чешуи?,Нет,Нет
vpr_sd_945880,biology,6,Какую функцию выполняет цветоножка?,Нет,Нет
vpr_sd_945856,biology,6,Какую функцию в цветке выполняет цветоложе?,Нет,Нет
vpr_sd_945586,biology,6,Рассмотрите изображение корня и выполните задания.,Нет,Нет
vpr_sd_946032,biology,6,Отметьте на рисунке корня корневой чехлик.,Нет,Нет
vpr_sd_945677,biology,6,"Рассмотрите фотографии с изображением представителей различных объектов природы. Подпишите их названия, используя слова из предложенного списка: бактерии, грибы, растения, животные. Занесите ответы в поля для ввода. А. Б. В. Г.",Нет,Да
vpr_sd_945999,biology,6,Арсений зарисовал схему строения растительной клетки. Что на рисунке он обозначил под цифрой 2? Ответ запишите одним словом в именительном падеже.,Нет,Да
vpr_sd_945992,biology,6,Какие структуры внутри ядра отвечают за передачу наследственных признаков? Ответ запишите одним словом в именительном падеже.,Нет,Да
vpr_sd_945993,biology,6,Саша рассмотрел прорастающее семя под микроскопом. Ему нужно было обозначить стрелкой покровную структуру семени. Как называется эта структура? Ответ запишите одним словом в именительном падеже.,Нет,Да
vpr_sd_945994,biology,6,"На объективе микроскопа стёрлась надпись, обозначающая увеличение. Найдите увеличение объектива, если увеличение окуляров 30, а общее 300?",Нет,Нет
vpr_sd_945243,biology,6,"Выберите из предложенного списка и вставьте в текст пропущенные слова, используя для этого их цифровые обозначения. Впишите номера выбранных слов на места пропусков в тексте. Бактерии Бактерии играют важную роль в природе и жизни человека. Например, в корнях _______(А) растений поселяются _______(Б) или клубеньковые бактерии. Они обеспечивают растения соединениями азота, а растения в свою очередь ",Нет,Нет
vpr_sd_945764,biology,6,"В изображенном на рисунке опыте экспериментатор проводил наблюдение за растениями от прорастания семени (1) до увядания (4). Что увидел экспериментатор на стадии, обозначенной цифрой 3?",Нет,Да
vpr_sd_945765,biology,6,В изображенном на рисунке опыте экспериментатор проводил наблюдение за растениями от прорастания семени (1) до увядания (4).,Нет,Да
vpr_sd_945508,biology,6,"Светлана и Пётр собрали разных животных для морского аквариума. Для каждого животного им необходимо составить «паспорт», соответствующий положению этого животного в общей классификации организмов. Помогите ребятам записать в таблицу слова из предложенного списка (или их цифровые обозначения) в такой последовательности, чтобы получился «паспорт» животного, изображённого на фотографии. Список слов: ",Нет,Да
vpr_sd_944781,biology,6,На диаграмме показано содержание неорганических и органических веществ в клетке.,Нет,Да
vpr_sd_944807,biology,6,"Известно, что для прорастания семян необходимы определённые условия. Алёна решила выяснить роль одного из таких условий, проведя следующий опыт. Она взяла два одинаковых стакана, положила в каждый из них по влажной тряпочке и насыпала одинаковое количество семян гороха. Один из стаканов она оставила на столе в углу класса, а другой поставила на освещённый подоконник в этом же классе. Вскоре она об",Нет,Да
vpr_sd_944826,biology,6,"Растения по-разному относятся к свету, теплу и влаге, и это учитывается цветоводами при разведении различных растений. Опишите особенности растений сансивиерии и традесканции, которые необходимо учитывать при их разведении в домашних условиях, используя для этого таблицу условных обозначений Условные обозначения",Нет,Да
vpr_sd_944827,biology,6,"По каким позициям, приведённым в описании, эти растения имеют одинаковые характеристики? Условные обозначения",Нет,Да
vpr_sd_946098,biology,6,"Рассмотрите изображения животных: медведь, дождевой червь, щука. Подпишите их названия под изображениями. Под каждым названием подпишите название среды обитания взрослой формы животного: наземно-воздушная, водная, почвенная. Название | | | // Среда обитания | | |",Нет,Да
vpr_sd_946099,biology,6,"Рассмотрите схему, отражающую развитие животного мира Земли. 1) Простейшие; 2) Кишечнополостные; 3) Плоские черви; 4) Кольчатые черви; 5) Моллюски; 6) Ракообразные; 7) Насекомые; 8) Иглокожие; 9) Рыбы; 10) Земноводные; 11) Пресмыкающиеся; 12) Птицы; 13) Млекопитающие. Какими цифрами на схеме обозначены группы организмов, к которым относят изображённых на фотографиях животных? Запишите в таблицу но",Нет,Да
vpr_sd_946092,biology,6,"Какое из этих животных (медведь, щука, дождевой червь) относят к беспозвоночным?",Нет,Нет
vpr_sd_945431,biology,6,"Рассмотрите фотографии с изображением различных объектов живой природы. Подпишите их названия, используя слова из предложенного списка: губки, черви, членистоногие, земноводные. А Б В Г A | Б | В | Г // | | |",Нет,Да
vpr_sd_945424,biology,6,"Рассмотрите фотографии с изображением различных объектов живой природы. Подпишите их названия, используя слова из предложенного списка: губки, черви, членистоногие, земноводные. А Б В Г",Нет,Да
vpr_sd_945425,biology,6,Алексей на уроке изучал устройство микроскопа и делал соответствующие подписи к рисунку. Какую деталь микроскопа на рисунке он обозначил буквой А?,Нет,Да
vpr_sd_945426,biology,6,Какую функцию выполняет эта часть микроскопа при работе с ним?,Нет,Да
vpr_sd_945427,biology,6,Артур рассматривал под микроскопом лишайник и сделал рисунок. Что он обозначил на рисунке цифрой 2?,Нет,Да
vpr_sd_945420,biology,6,"Рисунок был выполнен при работе с микроскопом, на котором указано: — увеличение окуляра — 10; — увеличение объектива — 15. Какое общее увеличение даёт данный микроскоп?",Нет,Да
vpr_sd_945469,biology,6,"Выберите из предложенного списка и вставьте в текст пропущенные слова, используя для этого их цифровые обозначения. Впишите номера выбранных слов на места пропусков в тексте. Фотосинтез В настоящее время установлено, что фотосинтез протекает в два этапа. На первом этапе молекулы _______(А) улавливают солнечный свет, а на втором происходит усвоение _______(Б) из воздуха. В результате синтезируется ",Нет,Да
vpr_sd_945212,biology,6,Процесс размножения растений зачастую связан с переносом пыльцы с одного растения на другое. Данный процесс изображен на рисунке. Назовите этот процесс.,Нет,Да
vpr_sd_945213,biology,6,Что способствует привлечению насекомых для опыления? Ответ запишите одним словом в именительном падеже.,Нет,Нет
vpr_sd_945214,biology,6,"В отличие от насекомоопыляемых растений, _______ растения обладают невзрачными цветками и не имеют запаха. Ответ запишите одним словом в именительном падеже.",Нет,Нет
vpr_sd_945412,biology,6,"Светлана и Пётр собрали разных животных для аквариума в живом уголке. Для каждого животного им необходимо составить «паспорт», соответствующий положению этого животного в общей классификации организмов. Помогите ребятам записать в таблицу слова из предложенного списка (или их цифровые обозначения) в такой последовательности, чтобы получился «паспорт» животного, изображённого на фотографии. Список ",Нет,Да
vpr_sd_945859,biology,6,"Изучите график зависимости количества проросших семян определённой массы (3—4 мг) от продолжительности нахождения семян в почве (по оси х отложено время (в днях), а по оси у — количество проросших семян от общего их числа (в %)). Определите, какой процент от общего количества семян прорастёт в 11-ый день.",Нет,Да
vpr_sd_945852,biology,6,Какие условия необходимы для прорастания семян?,Нет,Нет
vpr_sd_945957,biology,6,"Если куриное яйцо поместить в уксус, то через некоторое время начнут образовываться пузырьки газа. Так взаимодействуют скорлупа яйца и уксус. Причём чем кислее уксус, тем активнее будут выделяться пузырьки газа. Андрей решил исследовать клюквенный морс. Он взял два стакана, налил в них одинаковое количество морса и уксуса, а затем поместил в каждый стакан по яйцу (рис. 1). Через некоторое время он",Нет,Да
vpr_sd_945958,biology,6,Поясните результат эксперимента.,Нет,Нет
vpr_sd_945959,biology,6,Какой газ выделяется при помещении яйца в морс или уксус?,Нет,Нет
vpr_sd_945458,biology,6,"Растения по-разному относятся к свету, теплу и влаге, и это учитывается цветоводами при разведении различных растений. Опишите особенности растений сенполии и эхеверии, которые необходимо учитывать при их разведении в домашних условиях, используя для этого таблицу условных обозначений. Условные обозначения",Нет,Да
vpr_sd_945452,biology,6,"Рассмотрите изображения животных: муха, крот, коралл . Подпишите их названия под соответствующими изображениями. Под каждым названием животного подпишите название среды обитания взрослой формы организма: наземно-воздушная, водная, почвенная. Название | | | // Среда обитания | | |",Нет,Да
vpr_sd_945453,biology,6,"ассмотрите схему, отражающую развитие животного мира Земли. 1) Простейшие; 2) Кишечнополостные; 3) Плоские черви; 4) Кольчатые черви; 5) Моллюски; 6) Ракообразные; 7) Насекомые; 8) Иглокожие; 9) Рыбы; 10) Земноводные; 11) Пресмыкающиеся; 12) Птицы; 13) Млекопитающие. Какими цифрами на схеме обозначены группы организмов, к которым относят изображённых на фотографиях животных? Запишите в таблицу ном",Нет,Да
vpr_sd_945454,biology,6,"Какое из этих животных (муха, крот, коралл) относят к позвоночным? Ответ запишите одним словом в именительном падеже.",Нет,Нет
vpr_sd_945773,biology,6,"Рассмотрите фотографии с изображением представителей различных объектов природы. Подпишите их названия, используя слова из предложенного списка: грибы, лишайники, растения, животные. Занесите ответы в поля для ввода. А. Б. В. Г.",Нет,Да
vpr_sd_945751,biology,6,Рассмотрите изображение лупы. Что обозначено на рисунке буквой А?,Нет,Да
vpr_sd_945744,biology,6,"За какой процесс отвечает часть лупы, обозначенная на рисунке буквой А? Ответ запишите одним словом в именительном падеже.",Нет,Да
vpr_sd_945745,biology,6,Елизавета рассмотрела плод грейпфрута с помощью лупы (рис. 2). Что она обозначила цифрой 1? Ответ запишите одним словом в именительном падеже.,Нет,Да
vpr_sd_945746,biology,6,"При работе с микроскопом нужно уметь узнавать, какое увеличение он даёт. Посчитайте увеличение микроскопа, на котором указано: – увеличение окуляра — 15; – увеличение объектива — 10. Какое общее увеличение даёт данный микроскоп?",Нет,Нет
vpr_sd_945541,biology,6,"Выберите из предложенного списка и вставьте в текст пропущенные слова, используя для этого их цифровые обозначения. Впишите номера выбранных слов на места пропусков в тексте. Амёба обыкновенная Амёбу обыкновенную относят к подцарству _______(А), её тело состоит из полужидкой среды — _______(Б). Обитает амёба на дне пресных водоёмов со стоячей водой. От окружающей среды организм отделён тончайшей _",Нет,Нет
vpr_sd_945311,biology,6,"Как называется соцветие, изображенное на рисунке? К какому типу оно относится?",Нет,Да
vpr_sd_945460,biology,6,"Василий и Евгений собрали и подготовили для гербария образцы растений. Для каждого растения им необходимо составить «паспорт», соответствующий положению этого растения в общей классификации организмов. Помогите ребятам записать в таблицу слова из предложенного списка (или их цифровые обозначения) в такой последовательности, чтобы получился «паспорт» растения, изображённого на фотографии. Список сл",Нет,Да
vpr_sd_945509,biology,6,На диаграмме показано содержание органических веществ в клетке.,Нет,Да
vpr_sd_944831,biology,6,"Известно, что для развития проростков необходимы определённые условия. Софья решила выяснить роль одного из таких условий, проведя опыт с заделкой семян в почву. На дно ящика она насыпала слой почвы толщиной 4 см и положила предварительно замоченное семя фасоли. Затем поверх него насыпала ещё один слой почвы толщиной в 4 см и положила два семени фасоли. Так она проделала ещё три раза, а последнее ",Нет,Да
vpr_sd_945530,biology,6,"Растения по-разному относятся к свету, теплу и влаге, и это учитывается цветоводами при разведении различных растений. Опишите особенности растений традесканции и фуксии, которые необходимо учитывать при их разведении в домашних условиях, используя для этого таблицу условных обозначений. Условные обозначения",Нет,Да
vpr_sd_945524,biology,6,"Рассмотрите изображения животных: саранча, дождевой червь, коралловый полип. Подпишите их названия под соответствующими изображениями. Под каждым названием животного подпишите название среды обитания взрослой формы организма: наземно-воздушная, водная, почвенная. Название | | | // Среда обитания | | |",Нет,Да
vpr_sd_945526,biology,6,"Кто из перечисленных животных (саранча, дождевой червь, коралловый полип) относят к членистоногим? Ответ запишите одним словом в именительном падеже.",Нет,Нет
vpr_sd_945472,biology,6,"Рассмотрите фотографии с изображением различных объектов живой природы. Подпишите их названия, используя слова из предложенного списка: кишечнополостные, черви, насекомые, птицы. А Б В Г",Нет,Да
vpr_sd_946135,biology,6,"Отметьте на рисунке папоротника вайю, спорангии, корневище.",Нет,Да
vpr_sd_944802,biology,6,"Растения по-разному относятся к свету, теплу и влаге, и это учитывается цветоводами при разведении различных растений. Опишите особенности растений кливии и монстеры, которые необходимо учитывать при их разведении в домашних условиях, используя для этого таблицу условных обозначений. Условные обозначения",Нет,Да
vpr_sd_945178,biology,6,Соотнесите организмы с их типом питания. Организм | | Тип питания // А) свинья Б) лягушка В) снегирь | | 1) травоядные 2) всеядные 3) хищные,Нет,Нет
vpr_sd_945497,biology,6,Рассмотрите рисунок с изображением последовательности приготовления препарата кожицы чешуи лука. Что обозначено на рисунке буквой А?,Нет,Да
vpr_sd_945498,biology,6,С какой целью используют оборудование (А) в исследовании?,Нет,Да
vpr_sd_945499,biology,6,Сергей рассматривал под микроскопом участок корня и сделал рисунок. Какую зону корня он обозначил на рисунке цифрой 1?,Нет,Да
vpr_sd_945492,biology,6,"Рисунок был выполнен при работе с микроскопом, на котором указано: — увеличение окуляра — 10; — увеличение объектива — 40. Какое общее увеличение даёт данный микроскоп?",Нет,Да
vpr_sd_945661,biology,6,"Выберите из предложенного списка и вставьте в текст пропущенные слова, используя для этого их цифровые обозначения. Впишите номера выбранных слов на места пропусков в тексте. Дыхание растений Процесс дыхания растений протекает постоянно. В ходе этого процесса организм растения потребляет _______(А), а выделяет _______(Б). Ненужные газообразные вещества удаляются из растения. Для этого в листе имею",Нет,Да
vpr_sd_945494,biology,6,На представленных ниже рисунках исследователь зафиксировал состояние тюльпана в разное время суток. Рассмотрите рисунки и ответьте на вопросы.,Нет,Да
vpr_sd_946130,biology,6,"Анна и Владимир собрали и подготовили для гербария образцы растений. Для каждого растения им необходимо составить «паспорт», соответствующий положению этого растения в общей классификации организмов. Помогите ребятам записать в таблицу цифры из предложенного списка в такой последовательности, чтобы получился «паспорт» растения, изображённого на фотографии. Список слов: 1) Ель голубая 2) Голосеменн",Нет,Да
vpr_sd_945904,biology,6,На графике показан рост древесного растения умеренного климата в течение нескольких лет.,Нет,Да
vpr_sd_946053,biology,6,"Ученик решил провести следующий опыт: он поместил семена гороха в стакан с влажной землёй и поставил его на свет. После того, как семена проросли, он накрыл стакан с растением коробкой с отверстием. Через некоторое время можно было наблюдать росток гороха, проросший через отверстие в коробке. Какой вывод мог сделать ученик по результатам своего опыта? 1) Для прорастания семян необходим свет. 2) Дл",Нет,Да
vpr_sd_946054,biology,6,Как называется данное явление?,Нет,Нет
vpr_sd_946055,biology,6,Что является основным источником энергии для растений? И для какого процесса эта энергия необходима?,Нет,Нет
vpr_sd_945272,biology,6,"Растения по-разному относятся к свету, теплу и влаге, и это учитывается цветоводами при разведении различных растений. Опишите особенности растений монстеры и антуриума, которые необходимо учитывать при их разведении в домашних условиях, используя для этого таблицу условных обозначений. Условные обозначения Монстера Антуриум",Нет,Да
vpr_sd_945273,biology,6,По каким из приведённых в описании позиций эти растения различаются? Условные обозначения Драцена Антуриум,Нет,Да
vpr_sd_946146,biology,6,"Составьте пары из животных, которых в природных условиях связывают конкурентные отношения: 1) волк; 2) горностай; 3) орел; 4) ласка; 5) гиена; 6) лиса; 7) стервятник.",Нет,Нет
vpr_sd_946147,biology,6,"Какое из перечисленных животных (волк, горностай, ласка, гиена, лиса, стервятник) не относится к млекопитающим?",Нет,Нет
vpr_sd_946140,biology,6,"К какой среде обитания относятся перечисленные животные (волк, горностай, орел, ласка, гиена, лиса, стервятник)?",Нет,Нет
vpr_sd_945389,biology,6,"Рассмотрите фотографии с изображением представителей различных классов животных. Подпишите их названия, используя слова из предложенного списка: кольчатые черви, птицы, земноводные, пресмыкающиеся. Занесите ответы в поля для ввода. А. Б. В. Г.",Нет,Да
vpr_sd_944817,biology,6,Рассмотрите изображение микроскопа. Что обозначено на рисунке буквой А?,Нет,Да
vpr_sd_945699,biology,6,"Вставьте в текст «Хвощи» пропущенные термины из предложенного перечня, используя для этого цифровые обозначения. Впишите номера выбранных слов на места пропусков в тексте, а затем выпишите их в таблицу. Хвощи Хвощи — это ___________ (А) растения, размножающиеся при участии ___________ (Б). В наших лесах встречается два вида побегов хвоща: ___________ (В), на котором развиваются споры, и летний, по",Нет,Да
vpr_sd_945954,biology,6,Соотнесите организмы с их типом питания. Организм | | Тип питания // А) волк Б) хомяк В) ёж | | 1) всеядные 2) хищники 3) травоядные,Нет,Нет
vpr_sd_945955,biology,6,"Расположите в правильном иерархическом порядке следующие систематические категории, начиная с самой маленькой: Животные, Хомяк, Грызуны, Млекопитающие.",Нет,Нет
vpr_sd_945948,biology,6,Какие зубы отличают хищных животных от травоядных? Ответ запишите одним словом в именительном падеже.,Нет,Нет
vpr_sd_946104,biology,6,Какая функция у семян?,Нет,Нет
vpr_sd_945832,biology,6,Какую функцию в цветке выполняет лепестки?,Нет,Нет
vpr_sd_945328,biology,6,Как называет генеративный орган голосеменных растений?,Нет,Нет
vpr_sd_945936,biology,6,Для чего служит побег клубня картофеля?,Нет,Нет
vpr_sd_945209,biology,6,"Насекомоопыляемые растения имеют _________ венчик, а ветроопыляемые растения имеют невзрачный венчик. Ответ запишите одним словом в именительном падеже.",Нет,Нет
vpr_sd_946057,biology,6,Какой процесс в корне обеспечивает подъём воды к листьям в растении? Ответ запишите одним словом в именительном падеже.,Нет,Нет
vpr_sd_945937,biology,6,В связи с появлением какого вещества в клетках клубни картофеля могут позеленеть на свету? Ответ запишите одним словом в именительном падеже.,Нет,Нет
vpr_sd_945961,biology,6,Какое видоизменение корня имеет морковь? Ответ запишите одним словом в именительном падеже.,Нет,Нет
vpr_sd_946081,biology,6,Какой тканью представлены жилки?,Нет,Нет
vpr_sd_945689,biology,6,"Назовите орган, который образуется из зародышевого корешка у двудольных растений.",Нет,Нет
vpr_sd_945785,biology,6,"Назовите ткань, которая обеспечивает прочность стебля.",Нет,Нет
vpr_sd_945713,biology,6,"Назовите клетку, из которой образовался зародыш семени.",Нет,Нет
vpr_sd_945185,biology,6,Какой плод имеет растение «Горох посевной»? Ответ запишите одним словом в именительном падеже.,Нет,Нет
vpr_sd_946153,biology,6,Какой класс растений имеет стержневую корневую систему?,Нет,Нет
vpr_sd_945833,biology,6,"Назовите вещество, которое окрашивает лепестки.",Нет,Нет
vpr_sd_945761,biology,6,"Назовите орган, от которого отрастают придаточные корни.",Нет,Нет
vpr_sd_945523,biology,6,Савелий рассматривал под микроскопом грибы и сделал рисунок. Какой микроскопический гриб он изобразил на рисунке?,Нет,Да
vpr_sd_945516,biology,6,"Рисунок был выполнен при работе с микроскопом, на котором указано: — увеличение окуляра — 15; — увеличение объектива — 20. Какое общее увеличение даёт данный микроскоп?",Нет,Да
vpr_sd_945267,biology,6,"Выберите из предложенного списка и вставьте в текст пропущенные слова, используя для этого их цифровые обозначения. Впишите номера выбранных слов на места пропусков в тексте. Растения Самые древние растения на земле — это _______(А). Преимущественно они обитают в _______(Б). Эти организмы, несмотря на свои возможные огромные размеры, не имеют ни стеблей, ни корней, ни листьев. Поэтому они относятс",Нет,Нет
vpr_sd_946084,biology,6,В изображенном на рисунке опыте исследователь добавил в колбу с теплой подслащенной водой дрожжи и надел на горлышко колбы воздушный шарик. Через некоторое время шарик надулся? Какие процессы происходят с дрожжами в колбе? Ответ запишите одним словом.,Нет,Да
vpr_sd_946085,biology,6,В изображенном на рисунке опыте исследователь добавил в колбу с теплой подслащенной водой дрожжи и надел на горлышко колбы воздушный шарик. Через некоторое время шарик надулся.,Нет,Да
vpr_sd_945628,biology,6,"Анна и Владислав собрали и подготовили для гербария образцы растений. Для каждого растения им необходимо составить «паспорт», соответствующий положению этого растения в общей классификации организмов. Помогите ребятам записать в таблицу слова из предложенного списка (или их цифровые обозначения) в такой последовательности, чтобы получился «паспорт» растения, изображённого на фотографии. Список сло",Нет,Да
vpr_sd_945403,biology,6,"На рисунке изображён график зависимости температуры воздуха (отложено по оси y, в °С) от времени (отложено по оси х, в часах). Какая температура была в 10 часов?",Нет,Да
vpr_sd_945396,biology,6,"На рисунке изображён график зависимости температуры воздуха (отложено по оси y, в °С) от времени (отложено по оси х, в часах).",Нет,Да
vpr_sd_945905,biology,6,"Известно, что для прорастания семян необходимы определённые условия. Сергей решил выяснить роль одного из таких условий, проведя следующий опыт. Он взял два одинаковых стакана, в которых было немного воды, положил в каждый по 15 семян гороха, причём в один он насыпал немного земли (рис. 1). Оба стакана он поставил на столе в комнате. Через несколько дней Сергей наблюдал следующую картину (рис. 2).",Нет,Да
vpr_sd_946072,biology,6,"Растения по-разному относятся к свету, теплу и влаге, и это учитывается цветоводами при разведении различных растений. Опишите особенности растений алоэ и азалии, которые необходимо учитывать при их разведении в домашних условиях, используя для этого таблицу условных обозначений. Условные обозначения",Нет,Да
vpr_sd_946073,biology,6,По каким из приведённых в описании позиций алоэ и азалия имеют разные характеристики? Условные обозначения,Нет,Да
vpr_sd_945428,biology,6,"Рассмотрите изображения животных: перепел, медведка, дельфин . Подпишите их названия под соответствующими изображениями. Под каждым названием животного подпишите название среды обитания взрослой формы организма: наземно-воздушная, водная, почвенная. Название | | | // Среда обитания | | |",Нет,Да
vpr_sd_945430,biology,6,"Какое из этих животных (перепел, медведка, дельфин) имеет перьевой покров тела? Ответ запишите одним словом в именительном падеже.",Нет,Нет
vpr_sd_945159,biology,6,"Рассмотрите фотографии с изображением различных объектов живой природы. Подпишите их названия, используя слова из предложенного списка: губки, моллюски, насекомые, пресмыкающиеся. А Б В Г A | Б | В | Г // | | |",Нет,Да
vpr_sd_945775,biology,6,Рассмотрите изображение микроскопа (рис. 1). Что обозначено на рисунке буквой Е?,Нет,Да
vpr_sd_945768,biology,6,"Какая функция выполняется частью микроскопа, обозначенной на рисунке буквой Е? Ответ запишите одним словом в именительном падеже.",Нет,Да
vpr_sd_945769,biology,6,Алексей рассмотрел препарат плесневого гриба мукора под микроскопом и сделал фотографию (рис. 2). Что отмечено на фотографии под цифрой 1?,Нет,Да
vpr_sd_945770,biology,6,"Фотография (рис. 2) была выполнена при работе с микроскопом, на котором указано: – увеличение окуляра — 20; – увеличение объектива — 20. Какое общее увеличение даёт данный микроскоп?",Нет,Да
vpr_sd_945387,biology,6,"Выберите из предложенного списка и вставьте в текст пропущенные слова, используя для этого их цифровые обозначения. Впишите номера выбранных слов на места пропусков в тексте. Строение клетки Образование ________А на местах лугов и лесов может быть объяснено зарастанием _________Б. Он полностью покрывает почву и затрудняет поступление воздуха, что приводит к заболачиванию местности. После отмирания",Нет,Нет
vpr_sd_946132,biology,6,Ученик изучал строение листа. Элементы какой системы увидел ученик?,Нет,Да
vpr_sd_946133,biology,6,Ученик изучал строение листа.,Нет,Да
vpr_sd_944805,biology,6,"На графике показана зависимость относительной скорости фотосинтеза у растений от концентрации углекислого газа в атмосфере (по оси х отложена концентрация углекислого газа (в %), а по оси у — относительная скорость фотосинтеза (в усл. ед.)).",Нет,Да
vpr_sd_945277,biology,6,"Известно, что для того, чтобы семена проросли, необходимы определённые условия. Ольге поручили провести опыт, проверяющий необходимость наличия воды и воздуха для прорастания семян гороха. Она взяла три одинаковых стакана и в каждый из них высыпала по 15 семян гороха. Во второй стакан под семена Ольга положила влажную тряпочку, а в третьем — залила семена водой (рис. 1). Все стаканы девочка постав",Нет,Да
vpr_sd_945279,biology,6,Необходим ли свет для прорастания семян? Поясните свой ответ.,Нет,Нет
vpr_sd_945506,biology,6,"Растения по-разному относятся к свету, теплу и влаге, и это учитывается цветоводами при разведении различных растений. Опишите особенности растений амариллиса и маранты, которые необходимо учитывать при их разведении в домашних условиях, используя для этого таблицу условных обозначений. Условные обозначения",Нет,Да
vpr_sd_945226,biology,6,Распределите следующих животных по группам: а) амёба; б) собака; в) улитка; г) гидра.,Нет,Да
vpr_sd_945220,biology,6,"Какая адаптация, служащая для защиты, есть у улитки? Ответ запишите одним словом в именительном падеже.",Нет,Нет
vpr_sd_944895,biology,6,"Рассмотрите фотографии с изображением различных объектов живой природы. Подпишите их названия, используя слова из предложенного списка: водоросли, рыбы, плауны, покрытосеменные. А Б В Г A | Б | В | Г // | | |",Нет,Да
vpr_sd_944888,biology,6,"Рассмотрите фотографии с изображением различных объектов живой природы. Подпишите их названия, используя слова из предложенного списка: водоросли, рыбы, плауны, покрытосеменные. А Б В Г",Нет,Да
vpr_sd_944865,biology,6,Рассмотрите изображение штативной лупы. Что обозначено на рисунке буквой А?,Нет,Да
vpr_sd_944866,biology,6,Какую функцию выполняет эта часть лупы при работе с ней?,Нет,Да
vpr_sd_944867,biology,6,Пётр рассматривал с помощью штативной лупы пойманное им животное и сделал рисунок. К какой систематической группе относят изображённое на рисунке животное?,Нет,Да
vpr_sd_944860,biology,6,"Рисунок был выполнен при работе со штативной лупой, на которой указано: увеличение окуляра — 15. Какое увеличение даёт данная штативная лупа?",Нет,Да
vpr_sd_944861,biology,6,"Выберите из предложенного списка и вставьте в текст пропущенные слова, используя для этого их цифровые обозначения. Впишите номера выбранных слов на места пропусков в тексте. Простейшие К простейшим относят микроскопические подвижные организмы, питающиеся готовыми _______(А) веществами. Клетка простейших состоит из клеточной жидкой среды — _______(Б). От окружающей среды организм отделён тончайшей",Нет,Нет
vpr_sd_946156,biology,6,В засушливых условиях листья растения могут превращаться в колючки. Как называется данное явление?,Нет,Да
vpr_sd_946157,biology,6,В засушливых условиях листья растения могут превращаться в колючки.,Нет,Да
vpr_sd_945938,biology,6,"Распределите следующие растения между отделами классами. Ответ запишите в виде последовательности чисел, соответствующих буквам в порядке А, Б, В, Г. Список растений: | | Классы растений: // 1. Пихта 2. Яблоня 3. Щитовник 4. Кукушкин лён | | А. Покрытосеменные Б. Голосеменные В. Мхи Г. Папоротники",Нет,Нет
vpr_sd_945533,biology,6,"На графике показана зависимость скорости размножения одного из организмов от времени (по оси х отложено время (в часах), а по оси у — число образовавшихся особей).",Нет,Да
vpr_sd_945320,biology,6,"Расставьте растения по порядку в соответствии с отношением к свету, начиная от тенелюбивых и заканчивая светолюбивыми.",Нет,Да
vpr_sd_945321,biology,6,Для чего свет нужен растениям?,Нет,Нет
vpr_sd_944820,biology,6,"Рассмотрите изображения растений: хлорелла, сосна, шиповник . Подпишите их названия под соответствующими изображениями. Под каждым названием растения укажите среду его обитания: наземно-воздушная, водная. Название | | | // Среда обитания | | |",Нет,Да
vpr_sd_944821,biology,6,"Рассмотрите схему, отражающую развитие животного мира Земли. 1) Зелёные водоросли; 2) Красные водоросли; 3) Бурые водоросли; 4) Мхи; 5) Плауны; 6) Папоротники; 7) Хвощи; 8) Голосеменные; 9) Однодольные; 10) Двудольные; Какими цифрами на схеме обозначены группы организмов, к которым относят изображённые на рисунках растения? Запишите в таблицу номера соответствующих групп. Хлорелла | Сосна | Шиповн",Нет,Да
vpr_sd_944822,biology,6,"Какое из этих растений (хлорелла, сосна, шиповник) относят к группе цветковых? Ответ запишите одним словом в именительном падеже.",Нет,Нет
vpr_sd_945987,biology,6,На рисунке представлен график зависимости температуры тела от температуры среды. При какой температуре среды температура тела равна 10 °C? Ответ запишите числом.,Нет,Да
vpr_sd_945739,biology,6,"Проанализируйте график скорости размножения молочнокислых бактерий. Определите, на каком интервале температур наблюдается максимальная скорость размножения. В ответ запишите интервал, указав два часла без пробелов и запятых.",Нет,Да
vpr_sd_946011,biology,6,На рисунке изображен график зависимости влажности воздуха от температуры. Какова влажность воздуха при температуре окружающей среды 5 градусов? Ответ запишите числом.,Нет,Да
vpr_sd_946035,biology,6,"На рисунке изображён график зависимости урожая от количества вносимых удобрений. Определите наименьшее количество килограммов удобрений, которое нужно внести, чтобы получить 10 тонн урожая. В ответе запишите число.",Нет,Да
vpr_sd_945691,biology,6,"Рассмотрите таблицу Влияние распыления углекислого газа на урожай растений Название растения | Без опрыскивателя | С опрыскивателем | Увеличение урожая в процентах // Резеда | 27 | 41 | 155 // Герань | 45 | 118 | 262 // Бегония | 90 | 135 | 138 // Табак | 30 | 54 | 180 // Бальзамин | 36 | 66 | 180 Пользуясь таблицей «Влияние распыления углекислого газа на урожай растений», определите, какие растен",Нет,Нет
vpr_sd_945883,biology,6,"Изучите график зависимости количества проросших семян определённой массы (3—4 мг) от продолжительности нахождения семян в почве (по оси х отложено время (в днях), а по оси у — количество проросших семян от общего их числа (в процентах)). Определите, какой процент от общего количества семян прорастёт в 9-й день.",Нет,Да
vpr_sd_945355,biology,6,На рисунке изображён график зависимости температуры воздуха (в °С) от времени (в часах). Начиная с какой температуры началось понижение температуры?,Нет,Да
vpr_sd_945653,biology,6,"На графике показана зависимость относительной скорости фотосинтеза у растения от концентрации углекислого газа в атмосфере (по оси х отложена концентрация углекислого газа (в %), а по оси у – относительная скорость фотосинтеза (в усл. ед.)). Определите концентрацию углекислого газа, при которой относительная скорость фотосинтеза составляет 20 усл. ед. Ответ запишите числом.",Нет,Да
vpr_sd_946083,biology,6,"На рисунке изображён график зависимости урожая (отложено по оси y, в тоннах) от количества вносимых удобрений (отложено по оси x, в кг). Сколько килограммов удобрений нужно внести, чтобы получить 6 тонн урожая?",Нет,Да
vpr_sd_945307,biology,6,"На графике изображена зависимость количества особей в популяции от времени (по оси x отложены дни, по оси y количество особей). На сколько изменилось количество особей с 20-го по 30-й день?",Нет,Да
vpr_sd_945557,biology,6,"На графике показана зависимость относительной скорости фотосинтеза у растений от силы света (по оси х отложена сила света (в канделах), а по оси у — относительная скорость фотосинтеза (в усл. ед.)).",Нет,Да
vpr_sd_945643,biology,6,Сергей рассматривал с помощью штативной лупы пойманное им животное и сделал рисунок. К какой систематической группе относят изображённое на рисунке животное?,Нет,Да
vpr_sd_945589,biology,6,"Выберите из предложенного списка и вставьте в текст пропущенные слова, используя для этого их цифровые обозначения. Впишите номера выбранных слов на места пропусков в тексте. Покрытосеменные растения Покрытосеменные растения — самая многочисленная группа царства Растения. Покрытосеменные имеют корень, стебель, листья и особый опыляемый орган семенного размножения — _______(А). У Покрытосеменных ра",Нет,Нет
vpr_sd_945518,biology,6,"В изображённом на рисунках опыте экспериментатор добавил в аквариум, в котором находились одноклеточные простейшие — инфузории, небольшое количество воды с зелёными водорослями. Рассмотрите рисунки и ответьте на вопросы.",Нет,Да
vpr_sd_945652,biology,6,"Людмила и Александр собрали и подготовили для коллекции образцы растений. Для каждого растения им необходимо составить «паспорт», соответствующий положению этого растения в общей классификации организмов. Помогите ребятам записать в таблицу слова из предложенного списка (или их цифровые обозначения) в такой последовательности, чтобы получился «паспорт» растения, изображённого на фотографии. Список",Нет,Да
vpr_sd_945787,biology,6,"Известно, что момент распускания почек на деревьях зависит от двух факторов: длины светового дня и средней суточной температуры. На графике представлено количество деревьев, на которых распустилось большинство (больше 50%) почек, по числам апреля. По оси X отложены дни (числа апреля), по оси Y — процент деревьев с распустившимися почками. Определите, в каких числах резко потеплело. В ответ запишит",Нет,Да
vpr_sd_945780,biology,6,"Как вы определили числа, в которые резко потеплело?",Нет,Нет
vpr_sd_946077,biology,6,Какое сезонное явление из жизни растений изображено на рисунке?,Нет,Да
vpr_sd_946078,biology,6,За счёт чего листья окрашиваются в жёлто-красные цвета?,Нет,Нет
vpr_sd_946079,biology,6,Зачем растения скидывают листву? Дайте обоснование этого процесса.,Нет,Нет
vpr_sd_945578,biology,6,"Растения по-разному относятся к свету, теплу и влаге, и это учитывается цветоводами при разведении различных растений. Опишите особенности растений герани и маранты, которые необходимо учитывать при их разведении в домашних условиях, используя для этого таблицу условных обозначений. Условные обозначения",Нет,Да
vpr_sd_944794,biology,6,С какой целью используют это оборудование в исследовании?,Нет,Да
vpr_sd_944795,biology,6,Мария рассматривала под микроскопом обыкновенную амёбу и сделала рисунок. К какому подцарству Царства Животные относят этот организм?,Нет,Да
vpr_sd_944788,biology,6,"Рисунок был выполнен при работе с микроскопом, на котором указано: — увеличение окуляра — 10; — увеличение объектива — 20. Какое общее увеличение даёт данный микроскоп?",Нет,Да
vpr_sd_946115,biology,6,"Выберите из предложенного списка и вставьте в текст пропущенные слова, используя для этого их цифровые обозначения. Впишите номера выбранных слов на места пропусков в тексте. Бактерии Бактерии — это ________А организмы. При этом форма их может быть очень разнообразной. Различают шарообразные кокки, палочковидные __________Б и изогнутые вибрионы и спириллы. Есть подвижные формы бактерий, они могут ",Нет,Нет
vpr_sd_945236,biology,6,На рисунке изображена амёба. Какой процесс жизнедеятельности амёбы отражен? Ответ запишите одним словом в именительном падеже.,Нет,Да
vpr_sd_945237,biology,6,На рисунке изображена амёба.,Нет,Да
vpr_sd_945407,biology,6,Отметьте на рисунке узел и междоузлие .,Нет,Да
vpr_sd_945629,biology,6,"На графике показана зависимость относительной скорости фотосинтеза у растений от силы света (по оси х отложена сила света (в канделах), а по оси у — относительная скорость фотосинтеза (в усл. ед.)). Определите относительную скорость фотосинтеза, при которой сила света составляет 2000 кандел. Ответ запишите числом.",Нет,Да
vpr_sd_945583,biology,6,"Известно, что в прорастающих семенах происходит активный обмен веществ. Антон решил выяснить роль одного из таких условий, проведя следующий опыт. Он взял две прозрачные стеклянные банки. Одну банку он наполнил на 1/3 уже набухшими семенами гороха, а другую — сухими. Обе банки он закрыл стеклянными крышками. Через сутки Антон убрал стеклянные крышки и внёс в банку с сухими семенами горящую свечу. ",Нет,Да
vpr_sd_945248,biology,6,"Растения по-разному относятся к свету, теплу и влаге, и это учитывается цветоводами при разведении различных растений. Расставьте растения по порядку в соответствии с режимом влажности почвы, необходимым для каждого из них, начиная от наименее влаголюбивых до наиболее.",Нет,Да
vpr_sd_945249,biology,6,Какое из этих растений является суккулентом?,Нет,Да
vpr_sd_945572,biology,6,"Рассмотрите изображения животных: голубь, крот, севрюга. Подпишите их названия под соответствующими изображениями. Под каждым названием животного подпишите название среды обитания взрослой формы организма: наземно-воздушная, водная, почвенная. Название | | | // Среда обитания | | |",Нет,Да
vpr_sd_945574,biology,6,"Кто из перечисленных животных (голубь, крот, cеврюга) относят к холоднокровным? Ответ запишите одним словом в именительном падеже.",Нет,Нет
vpr_sd_945379,biology,6,На рисунке изображён график зависимости влажности воздуха (отложено по оси у) от температуры (отложено по оси х). Какова влажность воздуха при температуре окружающей среды 30 градусов?,Нет,Да
vpr_sd_945211,biology,6,На рисунке изображен график зависимости температуры тела от температуры окружающей среды. Какая температура тела соответствует температуре окружающей среды 10 °C? Ответ запишите числом.,Нет,Да
vpr_sd_945283,biology,6,"На графике изображена зависимость интенсивности фотосинтеза и дыхания от температуры. В каком интервале температур проходит только дыхание? В ответ запишите интервал, указав две цифры без пробелов и запятых.",Нет,Да
vpr_sd_945269,biology,6,"Рассмотрите фотографии с изображениями представителей различных объектов природы. Подпишите их названия, используя слова из предложенного списка: грибы, растения, животные, бактерии. Занесите ответы в поля для ввода. А. Б. В. Г.",Нет,Да
vpr_sd_945343,biology,6,За счёт чего происходит увеличение количества клеток? Ответ запишите одним словом в родительном падеже.,Нет,Нет
vpr_sd_945336,biology,6,Какая структура в клетке делится в первую очередь?,Нет,Нет
vpr_sd_945337,biology,6,Антон рассмотрел препарат поперечного среза листа под микроскопом и сделал рисунок. Какая ткань отмечена стрелкой?,Нет,Да
vpr_sd_945338,biology,6,"На окуляре микроскопа стёрлась надпись, обозначающая увеличение. Найдите увеличение окуляров, если увеличение объектива 10, а общее 90?",Нет,Нет
vpr_sd_945947,biology,6,"Выберите из предложенного списка и вставьте в текст пропущенные слова, используя для этого их цифровые обозначения. Классификация живых организмов Наука, занимающаяся классификацией живых организмов, называется _______(А). Согласно современной классификации живого есть несколько крупных _______(Б): Животные, Растения, Грибы, Бактерии. Наименьшей единицей систематики является _______(В). 1) Ботаник",Нет,Нет
vpr_sd_946111,biology,6,Отметьте на рисунке околоплодник и семя?,Нет,Да
vpr_sd_946105,biology,6,"Назовите структуру, из которой образуется семя.",Нет,Нет
vpr_sd_945176,biology,6,"Растения по-разному относятся к свету, теплу и влаге, и это учитывается цветоводами при разведении различных растений. Опишите особенности растений гибискус и сансевиерия, которые необходимо учитывать при их разведении в домашних условиях, используя для этого таблицу условных обозначений. Условные обозначения Гибискус Сансевиерия",Нет,Да
vpr_sd_945177,biology,6,По каким из приведённых в описании позиций гибискус и сансевиерия имеют сходные характеристики? Условные обозначения Гибискус Сансевиерия,Нет,Да
vpr_sd_944892,biology,6,"Рассмотрите изображения растений: баранец обыкновенный, ламинария, капуста . Подпишите их названия под соответствующими изображениями. Под каждым названием растения укажите среду его обитания: наземно-воздушная, водная. Название | | | // Среда обитания | | |",Нет,Да
vpr_sd_944893,biology,6,"Рассмотрите схему, отражающую развитие растительного мира Земли. 1) Зелёные водоросли; 2) Красные водоросли; 3) Бурые водоросли; 4) Мхи; 5) Плауны; 6) Папоротники; 7) Хвощи; 8) Голосеменные; 9) Однодольные; 10) Двудольные; Какими цифрами на схеме обозначены группы организмов, к которым относят изображённые на рисунках растения? Запишите в таблицу номера соответствующих групп. Баранец обыкновенный ",Нет,Да
vpr_sd_944894,biology,6,"Какое из этих растений (баранец обыкновенный, ламинария, капуста) относят к низшим растениям? Ответ запишите одним словом в именительном падеже.",Нет,Нет
vpr_sd_945445,biology,6,"Выберите из предложенного списка и вставьте в текст пропущенные слова, используя для этого их цифровые обозначения. Впишите номера выбранных слов на места пропусков в тексте. Грибы Грибы питаются готовыми органическими веществами. Эта особенность жизнедеятельности сближает их с _______(А). Клеточная стенка гриба содержит _______(Б), что позволяет ей выполнять функцию опоры. С _______(В) их сближае",Нет,Нет
vpr_sd_945716,biology,6,"В изображенном на рисунке опыте экспериментатор срезал у герани побег, оставив небольшой пенёк от стебля. На оставшуюся часть стебля надел резиновую трубку, в которую вставил стеклянную изогнутую трубочку. Почву в горшке он обильно полил тёплой водой. Что произошло с уровнем воды? Ответ запишите одним словом.",Нет,Нет
vpr_sd_945717,biology,6,"В изображенном на рисунке опыте экспериментатор срезал у герани побег, оставив небольшой пенёк от стебля. На оставшуюся часть стебля надел резиновую трубку, в которую вставил стеклянную изогнутую трубочку. Почву в горшке он обильно полил тёплой водой.",Нет,Нет
vpr_sd_945383,biology,6,Отметьте на рисунке верхушечную и пазушные почки .,Нет,Нет
vpr_sd_944850,biology,6,"Растения по-разному относятся к свету, теплу и влаге, и это учитывается цветоводами при разведении различных растений. Опишите особенности растений фуксии и сенполии, которые необходимо учитывать при их разведении в домашних условиях, используя для этого таблицу условных обозначений. Условные обозначения",Нет,Да
vpr_sd_945930,biology,6,"Соотнесите животное с его значением в природе и жизни человека. Животное | | Значение в природе и жизни человека // А) шиншилла Б) курица В) энцефалитный клещ Г) собака | | 1) переносчик заболеваний 2) яйца, мясо 3) защита 4) мех",Нет,Нет
vpr_sd_945924,biology,6,"Кто из перечисленных животных (шиншилла, энцефалитный клещ, собака, курица) относится к беспозвоночным? Ответ запишите одним словом в именительном падеже.",Нет,Нет
vpr_sd_945317,biology,6,"К какому отделу относятся изображенные на рисунках растения? Подпишите рисунки, используя слова из списка: водоросли, хвощи, покрытосеменные, голосеменные. Занесите ответы в поля для ввода. А. Б. В. Г.",Нет,Да
vpr_sd_944837,biology,6,"Выберите из предложенного списка и вставьте в текст пропущенные слова, используя для этого их цифровые обозначения. Впишите номера выбранных слов на места пропусков в тексте. Строение грибов Грибы — это _______(А) живой природы. Клеточная стенка гриба содержит _______(Б), что позволяет ей выполнять функцию опоры. Тело гриба состоит из тонких белых нитей, образующих _______(В). Список слов: 1) хити",Нет,Нет
vpr_sd_945614,biology,6,"В изображённом на рисунках опыте экспериментатор осветил часть капли воды, в которой находились амёбы. Рассмотрите рисунки и ответьте на вопросы.",Нет,Да
vpr_sd_945967,biology,6,Как называется изображённое на рисунке видоизменение органа растения?,Нет,Да
vpr_sd_945960,biology,6,Чем отличается корневище от корня?,Нет,Нет
vpr_sd_945655,biology,6,"Известно, что для развития плесени (микроскопических грибов) необходимы определённые условия. Алексей решил выяснить роль одного из таких условий, проведя следующий опыт. Он взял два одинаковых блюдца и положил на каждое по два десятка свежих ягод крыжовника. Одно блюдце он поместил в шкаф, а другое убрал в холодильник и стал наблюдать. Через несколько дней Алексей обнаружил, что сначала плесень п",Нет,Да
vpr_sd_945626,biology,6,"Растения по-разному относятся к свету, теплу и влаге, и это учитывается цветоводами при разведении различных растений. Опишите особенности растений примулы и фуксии, которые необходимо учитывать при их разведении в домашних условиях, используя для этого таблицу условных обозначений. Условные обозначения",Нет,Да
vpr_sd_946143,biology,6,Рассмотрите изображение микроскопа. Что обозначено на рисунке буквой Б?,Нет,Да
vpr_sd_945315,biology,6,"Выберите из предложенного списка и вставьте в текст пропущенные слова, используя для этого их цифровые обозначения. Впишите номера выбранных слов на места пропусков в тексте. Плесневые грибы В природе довольно распространены плесневые грибы. Например, на залежавшихся продуктах питания может появляется белый пушистый налёт. Это гриб-сапрофит _________А. Его грибница представляет собой одну сильно р",Нет,Нет
vpr_sd_945187,biology,6,На рисунке изображен график зависимости активности метаболизма от массы тела. Чему равна активность метаболизма (в усл. ед.) при массе тела 60 кг? Ответ запишите числом.,Нет,Да
vpr_sd_945180,biology,6,На рисунке изображен график зависимости активности метаболизма от массы тела.,Нет,Да
vpr_sd_945749,biology,6,"Рассмотрите фотографии с изображением представителей различных объектов природы. Подпишите их названия, используя слова из предложенного списка: бациллы, спириллы, вибрионы, кокки . Занесите ответы в поля для ввода. А. Б. В. Г.",Нет,Да
vpr_sd_945823,biology,6,Рассмотрите изображение микроскопа. Что обозначено на рисунке буквой Д?,Нет,Да
vpr_sd_945816,biology,6,"Какой процесс обеспечивает часть микроскопа, обозначенная буквой Д? Ответ запишите одним словом в именительном падеже.",Нет,Да
vpr_sd_945817,biology,6,Иван рассмотрел препарат корня проростка фасоли под микроскопом и сделал фотографию . Что отмечено на фотографии под цифрой 1?,Нет,Да
vpr_sd_945818,biology,6,"Рисунок был выполнен при работе с микроскопом, на котором указано: – увеличение окуляра — 15; – увеличение объектива — 40. Какое общее увеличение даёт данный микроскоп?",Нет,Нет
vpr_sd_946163,biology,6,"Выберите из предложенного списка и вставьте в текст пропущенные слова, используя для этого их цифровые обозначения. Впишите номера выбранных слов на места пропусков в тексте. Строение клетки В систематике растений отдел __________(А) делится на два класса. Растения, которые имеют две семядоли в зародыше, относятся к классу __________(Б). Имеющие одну семядолю, называются __________(В). Список слов",Нет,Нет
vpr_sd_945356,biology,6,Ученик изучал условия произрастания мхов. В каких условиях распространены мхи? Ответ запишите одним словом.,Нет,Нет
vpr_sd_945357,biology,6,Наличие каких органов отличает мхи от водорослей? Ответ запишите двумя словами в именительных падежах.,Нет,Нет
vpr_sd_945358,biology,6,Что критически необходимо для оплодотворения мхов?,Нет,Нет
vpr_sd_945892,biology,6,"Рассмотрите изображения животных: майский жук, крот, гребешок. Подпишите их названия под изображениями. Под каждым названием подпишите название среды обитания взрослой формы животного: наземно-воздушная, водная, почвенная. Название | | | // Среда обитания | | |",Нет,Да
vpr_sd_945907,biology,6,"Какое из этих животных (майский жук, крот, гребешок) относят к позвоночным?",Нет,Нет
vpr_sd_946165,biology,6,"Соотнесите название организма и царство, к которому он относится, используя слова из предложенного списка: А) бактерии Б) грибы В) растения Г) животные Занесите ответы в поля для ввода 1. Дуб | 2. Бацилла // | // 3. Мухомор | 4. Тигр // |",Нет,Нет
vpr_sd_946045,biology,6,Рассмотрите фотографии с изображением различных объектов живой природы. Какие из изображенных организмов изучает ботаника? В ответе укажите букву. А. Б. В. Г.,Нет,Да
vpr_sd_944823,biology,6,"Рассмотрите фотографии с изображением различных объектов живой природы. Подпишите их названия, используя слова из предложенного списка: птицы, моллюски, земноводные, пресмыкающиеся. А Б В Г A | Б | В | Г // | | |",Нет,Да
vpr_sd_946069,biology,6,С помощью какого инструмента можно изучать клеточный уровень организации живых организмов? А) Телескоп Б) Очки В) Бинокль Г) Микроскоп В ответе укажите букву Телескоп Очки Бинокль Микроскоп,Нет,Да
vpr_sd_945221,biology,6,"Представители каких отделов изображены на рисунках? Подпишите названия отделов, используя слова из предложенного списка: мхи, голосеменные, покрытосеменные, папоротники. Занесите ответы в поля для ввода. А. Б. В. Г.",Нет,Да
vpr_sd_945725,biology,6,"Рассмотрите фотографии с изображением представителей различных объектов природы. Подпишите их названия, используя слова из предложенного списка: вибрионы, кокки, спириллы, бациллы . Занесите ответы в поля для ввода. А. Б. В. Г.",Нет,Да
vpr_sd_946141,biology,6,"Рассмотрите фотографии с изображением представителей различных объектов природы. Подпишите их названия, используя слова из предложенного списка: грибы, вирусы, растения, животные. Ответ запишите через запятую. А. Б. В. Г.",Нет,Да
vpr_sd_945647,biology,6,"Рассмотрите фотографии с изображением различных объектов живой природы. Подпишите их названия, используя слова из предложенного списка: водоросли, мхи, папоротники, голосеменные. А Б В Г A | Б | В | Г // | | |",Нет,Да
vpr_sd_944799,biology,6,"Рассмотрите фотографии с изображением различных объектов живой природы. Подпишите их названия, используя слова из предложенного списка: плауны, мхи, папоротники, покрытосеменные. А Б В Г A | Б | В | Г // | | |",Нет,Да
vpr_sd_946117,biology,6,Соотнесите методы научного познания с изображениями: 1) Измерение 2) Сравнение 3) Наблюдение 4) Эксперимент Занесите ответы в поля для ввода. А. Б. В. Г.,Нет,Да
vpr_sd_945973,biology,6,"Рассмотрите фотографии с изображением представителей различных объектов природы. Соотнесите свойство живых организмов с изображениями, используя слова из предложенного списка: приспособленность, размножение, движение, рост. Ответ запишите через запятую. А. Б. В. Г.",Нет,Да
vpr_sd_945527,biology,6,"Рассмотрите фотографии с изображением различных объектов живой природы. Подпишите их названия, используя слова из предложенного списка: птицы, паукообразные, земноводные, млекопитающие. А Б В Г A | Б | В | Г // | | |",Нет,Да
vpr_sd_945869,biology,6,"Рассмотрите фотографии с изображением представителей различных объектов природы. Подпишите их названия, используя слова из предложенного списка: грибы, бактерии, растения, животные. Занесите ответы в поля для ввода. А. Б. В. Г.",Нет,Да
vpr_sd_946093,biology,6,Соотнесите методы научного познания с изображениями: 1) Измерение 2) Сравнение 3) Анализ 4) Наблюдение Занесите ответы в поля для ввода. А. Б. В. Г.,Нет,Да
vpr_sd_945245,biology,6,"Рассмотрите фотографии с изображением представителей различных объектов природы. Подпишите их названия, используя слова из предложенного списка: хвощи, мхи, водоросли, папоротники. Занесите ответы в поля для ввода. А. Б. В. Г.",Нет,Да
vpr_sd_944847,biology,6,"Рассмотрите фотографии с изображением различных объектов живой природы. Подпишите их названия, используя слова из предложенного списка: покрытосеменные, голосеменные, папоротники, грибы. А Б В Г A | Б | В | Г // | | |",Нет,Да
vpr_sd_945997,biology,6,"Рассмотрите фотографии с изображением представителей различных объектов природы. Как называются организмы, изображенные на рисунках? Подпишите их названия, используя слова из предложенного списка: плауны, мхи, лишайники, водоросли. Занесите ответы в поля для ввода. А. Б. В. Г.",Нет,Да
vpr_sd_945197,biology,6,"Соотнесите названия организмов и классы, к которым они относятся. В ответ запишите цифры без пробелов и запятых. Название организма: | | Класс: // А. Игуана Б. Жаба В. Осьминог Г. Шимпанзе | | 1. Земноводные 2. Моллюски 3. Пресмыкающиеся 4. Млекопитающие",Нет,Нет
vpr_sd_945455,biology,6,"Рассмотрите фотографии с изображением различных объектов живой природы. Подпишите их названия, используя слова из предложенного списка: хвощи, мхи, папоротники, лишайники. А Б В Г A | Б | В | Г // | | |",Нет,Да
vpr_sd_944871,biology,6,"Рассмотрите фотографии с изображением различных объектов живой природы. Подпишите их названия, используя слова из предложенного списка: хвощи, водоросли, плауны, покрытосеменные. А Б В Г A | Б | В | Г // | | |",Нет,Да
vpr_sd_945365,biology,6,На каком из рисунков представлена неклеточная форма жизни? А. Б. В. Г.,Нет,Да
vpr_sd_945949,biology,6,"Рассмотрите фотографии с изображением представителей различных царств живой природы. Подпишите названия царств, используя слова из предложенного списка: Бактерии, Растения, Грибы, Животные. Занесите ответы в поля для ввода. А. Б. В. Г.",Нет,Да
vpr_sd_945341,biology,6,"Соотнесите название организма и царство, к которому он относится В ответе запишите цифры без пробелов и запятых. А. Пеницилл | 1) Грибы // Б. Сенная палочка | 2) Животные // В. Карп | 3) Бактерии // В. Ясень | 4) Растения",Нет,Нет
vpr_sd_945479,biology,6,"Рассмотрите фотографии с изображением различных объектов живой природы. Подпишите их названия, используя слова из предложенного списка: кишечнополостные, черви, насекомые, птицы. А Б В Г A | Б | В | Г // | | |",Нет,Да
vpr_sd_945701,biology,6,"Рассмотрите фотографии с изображением представителей различных объектов природы. Подпишите их названия, используя слова из предложенного списка: бурые водоросли, цианобактерии, красные водоросли, зеленые водоросли . Занесите ответы в поля для ввода. Если вариант ответа содержит слово «водоросли», в поле для ответа напишите только цвет. Например: «бурые». А. Б. В. Г.",Нет,Да
vpr_sd_945925,biology,6,"Соотнесите названия организма и царства, к которым они относятся. В ответе запишите цифры без пробелов и запятых. А. Кокки | 1) Грибы // Б. Табачная мозаика | 2) Животные // В. Мукор | 3) Бактерии // Г. Зебра | 4) Вирусы",Нет,Нет
vpr_sd_945551,biology,6,"Рассмотрите фотографии с изображением различных объектов живой природы. Подпишите их названия, используя слова из предложенного списка: хвощи, мхи, папоротники, грибы. А Б В Г A | Б | В | Г // | | |",Нет,Да
vpr_sd_945917,biology,6,"Рассмотрите фотографии с изображением представителей различных объектов природы. Подпишите их названия, используя слова из предложенного списка: бактерии, вирусы, растения, животные. Занесите ответы в поля для ввода. А. Б. В. Г.",Нет,Да
vpr_sd_945623,biology,6,"Рассмотрите фотографии с изображением различных объектов живой природы. Подпишите их названия, используя слова из предложенного списка: хвощи, водоросли, лишайники, покрытосеменные. А Б В Г A | Б | В | Г // | | |",Нет,Да
vpr_sd_945575,biology,6,"Рассмотрите фотографии с изображением представителей различных объектов живой природы. Подпишите их названия, используя слова из предложенного списка: губки, черви, членистоногие, простейшие. А Б В Г A | Б | В | Г // | | |",Нет,Да
vpr_sd_945599,biology,6,"Рассмотрите фотографии с изображением различных объектов живой природы. Подпишите их названия, используя слова из предложенного списка: бактерии, растения, животные, грибы. А Б В Г A | Б | В | Г // | | |",Нет,Да
vpr_sd_946021,biology,6,"Рассмотрите фотографии с изображением представителей различных объектов природы. Соотнесите свойство живых организмов с изображениями, используя слова из предложенного списка: приспособленность, наследственность, движение, рост Занесите ответы в поля для ввода. А. Б. В. Г.",Нет,Да
vpr_sd_945293,biology,6,"Рассмотрите фотографии с изображением представителей растений. К какому отделу они относятся? Подпишите их отделы, используя слова из предложенного списка: Папоротники, Водоросли, Покрытосеменные, Плауны. Занесите ответы в поля для ввода. А. Б. В. Г.",Нет,Да
vpr_sd_946065,biology,6,Ольга рассмотрела препарат кожицы лука под микроскопом и сделала фотографию. Что отмечено на фотографии под цифрой 1?,Нет,Да
vpr_sd_945385,biology,6,Ирина рассматривала строение растительной клетки и сделала рисунок одного из органоидов. Что изображено на рисунке?,Нет,Да
vpr_sd_945291,biology,6,"Выберите из предложенного списка и вставьте в текст пропущенные слова, используя для этого их цифровые обозначения. Впишите номера выбранных слов на места пропусков в тексте. Плесневые грибы Один из самых известных плесневых грибов — это _______(А). Грибница этого гриба состоит из ветвящихся нитей, образованных отдельными клетками. _______(Б), в отличие от мукора, собраны в мелких кисточках на кон",Нет,Нет
vpr_sd_945813,biology,6,В изображенном на рисунке опыте экспериментатор поместил в колбу семена гороха и добавил воды. Затем оставил семена на два дня. Затем открыл колбу с проросшими семенами и опустил горящую лучину до самого дна. Лучина погасла.,Нет,Да
vpr_sd_945333,biology,6,Какие органы будущего растения формируются в семени? В ответ запишите все три органа в именительном падеже.,Нет,Нет
vpr_sd_945334,biology,6,Какой орган появляется первым у семени при его прорастании?,Нет,Нет
vpr_sd_944846,biology,6,"Какое из этих животных (кальмар, крот, снегирь) относят к беспозвоночным? Ответ запишите одним словом в именительном падеже.",Нет,Нет
vpr_sd_946116,biology,6,Какой тип отношений связывает землеройку и аиста?,Нет,Нет
vpr_sd_944819,biology,6,Сергей рассматривал под микроскопом участок корня и сделал рисунок. Какую зону корня он обозначил на рисунке цифрой 2?,Нет,Да
vpr_sd_944812,biology,6,"Рисунок 2 был выполнен при работе с микроскопом, на котором указано: — увеличение окуляра — 10; — увеличение объектива — 40. Какое общее увеличение даёт данный микроскоп?",Нет,Да
vpr_sd_946019,biology,6,"Выберите из предложенного списка и вставьте в текст пропущенные слова, используя для этого их цифровые обозначения. Строение грибов Большинство грибов — многоклеточные организмы, но есть и одноклеточные. Клеточная оболочка грибов содержит _______(А). Тело многоклеточного гриба состоит из тонких белых нитей, формирующих грибницу. Она также называется ______(Б), который может представлять собой одну",Нет,Нет
vpr_sd_945484,biology,6,"Марина и Светлана собрали разных животных для живого уголка. Для каждого животного им необходимо составить «паспорт», соответствующий положению этого животного в общей классификации организмов. Помогите ребятам записать в таблицу слова из предложенного списка (или их цифровые обозначения) в такой последовательности, чтобы получился «паспорт» животного, изображённого на фотографии. Список слов: 1) ",Нет,Да
vpr_sd_945763,biology,6,"Рассмотрите таблицу. Влияние распыления углекислого газа на урожай растений Название растения | Без опрыскивателя | С опрыскивателем | Увеличение урожая в процентах // Резеда | 27 | 41 | 155 // Герань | 45 | 118 | 262 // Бегония | 90 | 135 | 138 // Табак | 30 | 54 | 180 // Бальзамин | 36 | 66 | 180 Пользуясь таблицей «Влияние распыления углекислого газа на урожай растений», определите, какое расте",Нет,Нет
vpr_sd_945756,biology,6,Рассмотрите таблицу. Влияние распыления углекислого газа на урожай растений Название растения | Без опрыскивателя | С опрыскивателем | Увеличение урожая в процентах // Резеда | 27 | 41 | 155 // Герань | 45 | 118 | 262 // Бегония | 90 | 135 | 138 // Табак | 30 | 54 | 180 // Бальзамин | 36 | 66 | 180,Нет,Нет
vpr_sd_946149,biology,6,"Наблюдая за растениями в огороде, можно увидеть, например, землянику в таком виде. Какой процесс изображен на рисунке? Ответ запишите в виде словосочетания .",Нет,Да
vpr_sd_946150,biology,6,Какой частью размножается изображенное растение?,Нет,Да
vpr_sd_946151,biology,6,Какое потомство получатся при таком типе размножения. Обоснуйте свой ответ.,Нет,Нет
vpr_sd_944778,biology,6,"Растения по-разному относятся к свету, теплу и влаге, и это учитывается цветоводами при разведении различных растений. Опишите особенности растений фуксии и монстеры, которые необходимо учитывать при их разведении в домашних условиях, используя для этого таблицу условных обозначений. Условные обозначения",Нет,Да
vpr_sd_945346,biology,6,"Определите, какой тип отношений связывает перечисленных животных: Спорынья — пшеница, актиния — рак-отшельник, волк—заяц. Заполните таблицу.",Нет,Да
vpr_sd_945347,biology,6,Для каких из перечисленных животных характерны миграции? 1) утка; 2) тигр; 3) лосось; 4) крот. В ответ запишите животных.,Нет,Нет
vpr_sd_945340,biology,6,"Кто из перечисленных в задании 10.2 животных (утка, тигр, лосось, крот) обитает в водной среде?",Нет,Нет
vpr_sd_946047,biology,6,Что на рисунке бактериальной клетки изображено под буквой А? Ответ запишите в виде словосочетания из прилагательного и существительного.,Нет,Да
vpr_sd_946040,biology,6,Какое вещество входит в состав данной структуры и отличает бактериальную клетку от животной и растительной? Ответ запишите одним словом.,Нет,Нет
vpr_sd_946041,biology,6,"Школьникам на экскурсии в биологическую лабораторию показали изображение налёта с языка, сделанное на электронном сканирующем микроскопе. Какие организмы присутствуют на этом изображении? Ответ запишите одним словом в именительном падеже множественном числе.",Нет,Да
vpr_sd_946042,biology,6,"На объективе микроскопа стёрлась надпись, обозначающая увеличение. Найдите увеличение объектива, если увеличение окуляров 40, а общее 200?",Нет,Нет
vpr_sd_945404,biology,6,"Растение поместили в колбу с водой, а на поверхности воды налили масло. Через некоторое время растение завяло. Какой процесс ограничили таким образом?",Нет,Нет
vpr_sd_945405,biology,6,"Растение поместили в колбу с водой, а на поверхности воды налили масло. Через некоторое время растение завяло.",Нет,Нет
vpr_sd_945229,biology,6,"На рисунке изображено дерево, выращенное в технике бонсай. Для того чтобы вырастить такое растение, его постоянно подрезают и отрезают лишние ветки. Какой процесс ограничивают таким образом? Ответ запишите одним словом в именительном падеже.",Нет,Да
vpr_sd_945230,biology,6,"Что может случиться, если места удаления крупных веток не обрабатывать каким-нибудь защитным веществом?",Нет,Нет
vpr_sd_945231,biology,6,Какая ось ограничивается для выращивания дерева бонсай?,Нет,Нет
vpr_sd_945928,biology,6,"Растения подвержены разным заболеваниям как бактериальной, так и вирусной природы. Распределите изображённые на рисунках растения в соответствии с инфекцией, которой они подвержены. Бактериальное заболевание | Вирусное заболевание // |",Нет,Да
vpr_sd_945929,biology,6,Заболевание растений из какого семейства вызывает спорынья?,Нет,Нет
vpr_sd_945871,biology,6,Рассмотрите изображение микроскопа. Что обозначено на рисунке буквой В?,Нет,Да
vpr_sd_945864,biology,6,"Какой процесс обеспечивает часть микроскопа, обозначенная буквой В?",Нет,Да
vpr_sd_945865,biology,6,Екатерина рассмотрела препарат кожицы лука под микроскопом и сделала фотографию. Что отмечено на фотографии под цифрой 1?,Нет,Да
vpr_sd_945866,biology,6,"Рисунок был выполнен при работе с микроскопом, на котором указано: – увеличение окуляра — 10; – увеличение объектива — 20. Какое общее увеличение даёт данный микроскоп?",Нет,Нет
vpr_sd_945186,biology,6,"Соотнесите растения изображенные на рисунке с семействами, к которым они относятся: 1) паслёновые 2) бобовые 3) злаковые 4) сложноцветные Номера правильных ответов занесите в поля таблицы . А. Б. В. Г.",Нет,Да
vpr_sd_945876,biology,6,Что необходимо учитывать при посадке семян?,Нет,Нет
vpr_sd_945482,biology,6,"Растения по-разному относятся к свету, теплу и влаге, и это учитывается цветоводами при разведении различных растений. Опишите особенности растений аспидистры и циперуса, которые необходимо учитывать при их разведении в домашних условиях, используя для этого таблицу условных обозначений. Условные обозначения",Нет,Да
vpr_sd_945520,biology,6,"Рассмотрите фотографии с изображением различных объектов живой природы. Подпишите их названия, используя слова из предложенного списка: птицы, паукообразные, земноводные, млекопитающие. А Б В Г",Нет,Да
vpr_sd_945951,biology,6,Что находится между оболочками соседних клеток? Ответ запишите словосочетанием из прилагательного и существительного в именительном падеже.,Нет,Нет
vpr_sd_945944,biology,6,"Что образуется на месте вещества, находящегося между оболочками соседних клеток при его разрушении? Ответ запишите одним словом в именительном падеже во множественном числе.",Нет,Нет
vpr_sd_945945,biology,6,Кристина рассмотрела под лупой прорастающий зародыш фасоли. Что обведено на рисунке синим овалом? Ответ запишите одним словом в именительном падеже.,Нет,Да
vpr_sd_945946,biology,6,"На объективе микроскопа стёрлась надпись, обозначающая увеличение. Найдите увеличение объектива, если увеличение окуляров 50, а общее 400?",Нет,Нет
vpr_sd_944814,biology,6,В изображённом на рисунках опыте школьник опустил ногу в таз с холодной водой. Рассмотрите рисунки и ответьте на вопросы.,Нет,Да
vpr_sd_946033,biology,6,Для продвижения корня в почве без повреждений необходимо снизить трение. Что секретируют клетки корневого чехлика для лучшего скольжения корня? Ответ запишите одним словом в именительном падеже единственном числе.,Нет,Нет
vpr_sd_945378,biology,6,"Соотнесите название растения с семейством, к которому оно относится. Растение: | | Семейство: // А. Овёс Б. Картофель В. Астра Г. Редька | | 1. Паслёновые 2. Астровые 3. Злаковые 4. Крестоцветные В ответ запишите соответствующие цифры без пробелов и запятых.",Нет,Нет
vpr_sd_945349,biology,6,"Ученик решил провести эксперимент и оставил хлеб на несколько дней во влажном месте. Когда он пришёл проверить, что произошло, он увидел следующую картину. Какой организм развился на хлебе?",Нет,Да
vpr_sd_945350,biology,6,Что представляет собой тёмный налёт на поверхности продукта?,Нет,Нет
vpr_sd_945351,biology,6,Может ли плесень образовываться в герметичных условиях? Ответ обоснуйте.,Нет,Нет
vpr_sd_945620,biology,6,"Рассмотрите изображения животных: черепаха, слепыш, краб . Подпишите их названия под соответствующими изображениями. Под каждым названием животного подпишите название среды обитания взрослой формы организма: наземно-воздушная, водная, почвенная. Название | | | // Среда обитания | | |",Нет,Да
vpr_sd_945622,biology,6,"Кто из перечисленных животных (черепаха, слепыш, краб) относят к членистоногим? Ответ запишите одним словом в именительном падеже.",Нет,Нет
vpr_sd_945891,biology,6,"Выберите из предложенного списка и вставьте в текст пропущенные слова, используя для этого их цифровые обозначения. Впишите номера выбранных слов на места пропусков в тексте. Строение клетки грибов Клетка грибов, как и другие клетки, состоит из обязательных частей. На поверхности грибной клетки находится клеточная стенка из _________________ (А), под ней расположена плазматическая мембрана, котора",Нет,Нет
vpr_sd_944862,biology,6,"В изображённом на рисунках опыте, экспериментатор подносит ещё слепому щенку кусочек шерсти с незнакомым для него запахом. Рассмотрите рисунки и ответьте на вопросы.",Нет,Да
vpr_sd_945580,biology,6,"Андрей и Ирина собрали для коллекции разных животных. Для каждого животного им необходимо составить «паспорт», соответствующий положению этого животного в общей классификации организмов. Помогите ребятам записать в таблицу слова из предложенного списка (или их цифровые обозначения) в такой последовательности, чтобы получился «паспорт» животного, изображённого на фотографии. Список слов: 1) Насеком",Нет,Да
vpr_sd_945511,biology,6,"Александр, будучи членом биологического кружка, поставил опыт с растением традесканция. Для этого он взял два срезанных побега растения и поместил их в стеклянные прозрачные банки с водой. При этом в одну из банок он налил немного растительного масла. Примерно через неделю в банке без масла на той части побега, которая находилась в воде, стали образовываться придаточные корни.",Нет,Да
vpr_sd_945297,biology,6,"Заболевания растений из какого семейства вызывает спорынья? Что может вызывать употребление в пищу зерна, поражённого спорыньёй?",Нет,Нет
vpr_sd_945703,biology,6,Рассмотрите изображение лупы (рис. 1). Что обозначено на рисунке буквой В?,Нет,Да
vpr_sd_945696,biology,6,"За какой процесс отвечает часть лупы, обозначенная на рисунке буквой В? Ответ запишите одним словом в именительном падеже.",Нет,Да
vpr_sd_945697,biology,6,Никита рассмотрел разрез листа фикуса с помощью лупы (рис. 2). Что он обозначил цифрой 1? Ответ запишите одним словом в именительном падеже.,Нет,Да
vpr_sd_945698,biology,6,"Такую же фотографию (рис. 2) можно получить при работе с микроскопом, на котором указано: – увеличение окуляра — 7; – увеличение объектива — 10. Какое общее увеличение даёт данный микроскоп?",Нет,Да
vpr_sd_944886,biology,6,На представленных ниже рисунках исследователь зафиксировал поведение растения венерина мухоловка. Рассмотрите рисунки и ответьте на вопросы.,Нет,Да
vpr_sd_946129,biology,6,"Как называются структуры, в которые могут группироваться спорангии?",Нет,Нет
vpr_sd_945604,biology,6,"Наталья и Дмитрий собрали разных животных для живого уголка. Для каждого животного им необходимо составить «паспорт», соответствующий положению этого животного в общей классификации организмов. Помогите ребятам записать в таблицу слова из предложенного списка в такой последовательности, чтобы получился «паспорт» животного, изображённого на фотографии. Список слов: 1) Ахатина 2) Ахатина гигантская ",Нет,Да
vpr_sd_945828,biology,6,Зачем проверяют всхожесть семян?,Нет,Нет
vpr_sd_945981,biology,6,"Прочитав про разные условия, необходимые для произрастания семян, Алёна решила выяснить роль одного из таких условий, проведя следующий эксперимент. Она поместила в два одинаковых стакана влажную тряпочку и по 15 семян гороха. Один стакан она оставила на столе, а другой убрала в тёмный шкаф. Вскоре она обнаружила, что в обоих стаканах семена проросли. Какой из выводов могла сделать Алёна по резуль",Нет,Да
vpr_sd_945982,biology,6,Поясните результаты эксперимента.,Нет,Нет
vpr_sd_945983,biology,6,Какие условия необходимо для прорастания зародыша?,Нет,Нет
vpr_sd_945172,biology,6,"Кто из перечисленных животных (лягушка, свинья, снегирь) может обитать в водной среде? Ответ запишите одним словом в именительном падеже.",Нет,Нет
vpr_sd_944673,biology,7,"Известно, что водоросли относят к группе низших растений. Используя эти сведения, выберите из приведённого ниже списка два утверждения, относящиеся к описанию данных признаков водорослей. Запишите в ответе цифры, соответствующие выбранным ответам. 1) Водоросли — одни из древнейших растений на нашей планете. 2) К водорослям относятся очень разные организмы, которые обитают и в воде, и на суше во вл",Нет,Нет
vpr_sd_943307,biology,7,"Установите последовательность событий, происходящих при опылении у ржи. В ответе запишите соответствующую последовательность цифр . 1) рост тычиночных нитей 2) раскрытие цветковых чешуй 3) высыпание пыльцы 4) вскрытие пыльников 5) вынос пыльников наружу",Нет,Нет
vpr_sd_944065,biology,7,"Установите последовательность этапов развития картофеля, начиная с момента внесения материнского клубня в почву. В ответе запишите соответствующую последовательность цифр . 1) плодоношение и созревание семян 2) прорастание верхушечной почки глазка 3) развитие листьев 4) образование бутонов 5) цветение",Нет,Нет
vpr_sd_943986,biology,7,"К какому классу, вероятнее всего, относят растение, жизненная форма которого показана на рисунке 1? 1) Папоротниковые 2) Сфагновые мхи 3) Однодольные 4) Хвойные",Нет,Да
vpr_sd_944692,biology,7,"Анна и Владимир собрали и подготовили для гербария образцы растений. Для каждого растения им необходимо составить «паспорт», соответствующий положению этого растения в общей классификации организмов. Помогите ребятам записать в таблицу слова из предложенного списка в такой последовательности, чтобы получился «паспорт» растения. Список слов: 1) Рогоз узколистный 2) Растения 3) Рогоз 4) Однодольные ",Нет,Нет
vpr_sd_943278,biology,7,"Татьяна и Игорь собрали и подготовили для гербария образцы растений. Для каждого растения им необходимо составить «паспорт», соответствующий положению этого растения в общей классификации организмов. Помогите ребятам записать в таблицу слова из предложенного списка в такой последовательности, чтобы получился «паспорт» растения. Список слов: 1) Сфагновые мхи 2) Моховидные 3) Сфагнум береговой 4) Ра",Нет,Нет
vpr_sd_944701,biology,7,"Анна и Владимир собрали и подготовили для гербария образцы растений. Для каждого растения им необходимо составить «паспорт», соответствующий положению этого растения в общей классификации организмов. Помогите ребятам записать в таблицу цифры из предложенного списка в такой последовательности, чтобы получился «паспорт» растения. Список слов: 1) Двудольные 2) Покрытосеменные (цветковые) 3) Шиповник ",Нет,Нет
vpr_sd_944036,biology,7,"Кристина и Денис собрали и подготовили для гербария образцы растений. Для каждого растения им необходимо составить «паспорт», соответствующий положению этого растения в общей классификации организмов. Помогите ребятам записать в таблицу слова из предложенного списка в такой последовательности, чтобы получился «паспорт» растения. Список слов: 1) Покрытосеменные 2) Двудольные 3) Гранат обыкновенный ",Нет,Нет
vpr_sd_944004,biology,7,"Ольга и Максим собрали и подготовили для гербария образцы растений. Для каждого растения им необходимо составить «паспорт», соответствующий положению этого растения в общей классификации организмов. Помогите ребятам записать в таблицу слова из предложенного списка в такой последовательности, чтобы получился «паспорт» растения. Список слов: 1) Листостебельные мхи 2) Растения 3) Кукушкин лён обыкнов",Нет,Нет
vpr_sd_943769,biology,7,"К какому классу относят растение, диаграмма цветка которого показана на рисунке? 1) Двудольные 2) Голосеменные 3) Однодольные 4) Папоротниковые",Нет,Да
vpr_sd_944080,biology,7,"Установите соответствие между характеристиками и группами растений: к каждой позиции, данной в первом столбце, подберите соответствующую позицию из второго столбца. ХАРАКТЕРИСТИКИ А) семязачатки развиваются в завязи пестика Б) не способны к вегетативному размножению В) пыльца развивается на тычинках Г) семязачатки лежат на чешуях шишек Д) среди жизненных форм отсутствуют травы Е) семена защищены о",Нет,Нет
vpr_sd_943338,biology,7,"Установите соответствие между характеристиками и группами растений: к каждой позиции, данной в первом столбце, подберите соответствующую позицию из второго столбца. ХАРАКТЕРИСТИКИ А) отсутствуют корни Б) имеется корневище В) способствуют заболачиванию местности Г) содержат водоносные клетки Д) в цикле развития имеется заросток Е) споры формируются на поверхности листьев или побегов ОТДЕЛЫ РАСТЕНИЙ",Нет,Нет
vpr_sd_943290,biology,7,"Установите соответствие между характеристиками и группами организмов: к каждой позиции, данной в первом столбце, подберите соответствующую позицию из второго столбца. ХАРАКТЕРИСТИКИ А) не способны к фотосинтезу Б) содержат клетки водорослей В) тело представлено мицелием Г) тело представлено слоевищем Д) бывают шляпочные и пластинчатые Е) есть паразитические виды ГРУППЫ ОРГАНИЗМОВ 1) Лишайники 2) Г",Нет,Да
vpr_sd_943961,biology,7,"Рассмотрите фотографии с изображением различных объектов живой природы. Подпишите их названия, используя слова из предложенного списка: хвощовые, хвойные, плауновые, листостебельные мхи. A | Б | В | Г // | | |",Нет,Да
vpr_sd_943955,biology,7,"Какое жилкование листьев, вероятнее всего, будет у растения, семя которого изображено на рисунке (см. задание 9)? Почему?",Нет,Да
vpr_sd_943885,biology,7,Каково значение донных водорослей в природе? Назовите одно из них.,Нет,Нет
vpr_sd_943320,biology,7,"Выберите из предложенного списка и вставьте в текст пропущенные слова, используя для этого их цифровые обозначения. Впишите номера выбранных слов на места пропусков в тексте. Грибы Мир грибов интересен и очень разнообразен. Грибы питаются готовыми _______(А) веществами. Это сближает их с _______(Б). Клеточные стенки, содержащие _______(В), выполняют опорную функцию. От растений их отличает отсутст",Нет,Нет
vpr_sd_943730,biology,7,"Приведите по три примера растений, относящихся к указанным группам. Запишите их названия в таблицу. Шляпочные грибы | Водоросли // | // | // |",Нет,Нет
vpr_sd_944016,biology,7,"Установите соответствие между характеристиками и группами организмов: к каждой позиции, данной в первом столбце, подберите соответствующую позицию из второго столбца. ХАРАКТЕРИСТИКИ А) некоторые виды являются автотрофами Б) имеют верхушечный рост В) при неблагоприятных условиях образуют споры Г) клеточная стенка состоит из хитина Д) тело организма представлено мицелием Е) могут образовывать микори",Нет,Нет
vpr_sd_945142,biology,7,"Расположите в правильном порядке пункты инструкции по проращиванию семян. В ответе запишите соответствующую последовательность цифр. 1) на бумагу положите 10 предварительно замоченных (в течение 8–10 ч) семян огурцов 2) закройте тарелку полиэтиленовой плёнкой 3) смочите фильтровальную бумагу водой и следите, чтобы во время опыта она была постоянно влажной 4) через сутки обследуйте семена, результа",Нет,Нет
vpr_sd_943891,biology,7,"Рассмотрите фотографии с изображением различных объектов живой природы. Подпишите их названия, используя слова из предложенного списка: зелёные водоросли, папоротники, голосеменные, плауновидные. A | Б | В | Г // | | |",Нет,Да
vpr_sd_945080,biology,7,Верны ли следующие суждения о бактериях? А. Бактерии способны питаться лишь готовыми органическими веществами. Б. Бактерии играют важную роль в круговороте веществ в природе. 1) верно только А 2) верно только Б 3) оба суждения верны 4) оба суждения неверны,Нет,Нет
vpr_sd_945075,biology,7,"Рассмотрите изображения шести представителей мира грибов. Предложите основание, согласно которому эти грибы можно разделить на две группы по три представителя в каждой. Мухомор Спорынья Сыроежка Белый гриб Трутовик Головня Заполните таблицу: запишите в неё основание, по которому были разделены грибы, общее название для каждой группы грибов и перечислите грибы, которые вы отнесли к этой группе. Ном",Нет,Да
vpr_sd_943907,biology,7,"Рассмотрите фотографии с изображением различных объектов живой природы. Подпишите их названия, используя слова из предложенного списка: однодольные, листостебельные мхи, папоротниковые, бурые водоросли. A | Б | В | Г // | | |",Нет,Да
vpr_sd_943900,biology,7,"Три из изображённых на фотографиях объектов объединены общим признаком. Выпишите название объекта, «выпадающего» из общего ряда. Объясните свой выбор.",Нет,Да
vpr_sd_943277,biology,7,Каково значение бурых водорослей в жизни человека? Назовите одно из них.,Нет,Нет
vpr_sd_943754,biology,7,"Известно, что Дуб черешчатый — широколиственное дерево , плоды которого называются жёлуди . Используя эти сведения, выберите из приведённого ниже списка два утверждения, относящиеся к описанию данных признаков этого растения. Запишите в ответе цифры, соответствующие выбранным ответам. 1) Плоды дуба черешчатого едят многие животные (сойки, кабаны, мыши, полёвки и др.). 2) В коре дуба черешчатого им",Нет,Да
vpr_sd_944931,biology,7,"Выберите из предложенного списка и вставьте в текст пропущенные слова, используя для этого их цифровые обозначения. Впишите номера выбранных слов на места пропусков в тексте. Питание грибов Грибы питаются готовым органическим веществом. Однако пищу они всасывают, что сближает их с _______(А). Грибы могут быть сапрофитами, которые питаются _______(Б) органическими веществами, и паразитами, поселяющ",Нет,Нет
vpr_sd_943273,biology,7,"Приведите по три примера организмов, относящихся к указанным группам. Запишите их названия в таблицу. Лишайники | Споровые растения // | // | // |",Нет,Нет
vpr_sd_943882,biology,7,"Установите соответствие между характеристиками и группами организмов: к каждой позиции, данной в первом столбце, подберите соответствующую позицию из второго столбца. ХАРАКТЕРИСТИКИ А) бывают кустистые и накипные Б) споры формируются в коробочках на ножках В) имеют органы и примитивные ткани Г) способствуют заболачиванию Д) размножаются кусочками слоевища Е) в состав тела входят гифы ГРУППЫ ОРГАНИ",Нет,Нет
vpr_sd_945143,biology,7,"Расположите пункты инструкции по приготовлению препарата кожицы лука в правильном порядке, начиная с подготовки предметного стекла. В ответе запишите соответствующую последовательность цифр. 1) положите кусочек плёнки в каплю воды на предметном стекле 2) с мясистой чешуи оторвите иголкой кусочек поверхностной плёнки пинцетом 3) пипеткой капните каплю слабого раствора йода на предметное стекло 4) о",Нет,Нет
vpr_sd_943977,biology,7,"Рассмотрите фотографии с изображением различных объектов живой природы. Подпишите их названия, используя слова из предложенного списка: однодольные, двудольные, хвойные, листостебельные мхи. A | Б | В | Г // | | |",Нет,Да
vpr_sd_943980,biology,7,"Верны ли следующие суждения о жизнедеятельности растений? А. В кожице листа находится множество крохотных отверстий — устьиц. Б. В жаркий солнечный день устьица закрыты, чтобы избежать излишней потери влаги. 1) верно только А 2) верно только Б 3) оба суждения верны 4) оба суждения неверны",Нет,Нет
vpr_sd_945071,biology,7,"Рассмотрите изображения шести представителей мира растений. Предложите основание, согласно которому эти растения можно разделить на две группы по три представителя в каждой. Орляк Кукушкин Лен Капуста Кактус Лиственница Паук Заполните таблицу: запишите в неё основание, по которому были разделены растения, общее название для каждой группы растений и перечислите растения, которые вы отнесли к этой г",Нет,Да
vpr_sd_943950,biology,7,"Рассмотрите изображения растений: клевер луговой, ульва, алоэ древовидное . Подпишите их названия под соответствующими изображениями. Под каждым названием растения укажите среду его обитания: наземно-воздушная, водная. Название | | | // Среда обитания | | |",Нет,Да
vpr_sd_943951,biology,7,"Рассмотрите схему, отражающую развитие растительного мира Земли. 1 — Зелёные водоросли 2 — Красные водоросли 3 — Бурые водоросли 4 — Мхи 5 — Плауны 6 — Папоротники 7 — Хвощи 8 — Голосеменные 9 — Однодольные 10 — Двудольные Какими цифрами на схеме обозначены группы организмов, к которым относят изображённые на рисунках растения? Запишите в таблицу номера соответствующих групп. Алоэ древовидное | Ул",Нет,Да
vpr_sd_943944,biology,7,Какое из этих растений относят к группе комнатных растений?,Нет,Нет
vpr_sd_946031,biology,7,"Вставьте в текст «Осьминог» пропущенные термины из предложенного пере¬чня, используя для этого цифровые обозначения. Запишите в текст цифры вы¬бранных ответов, а затем получившуюся последовательность цифр (по тексту) впишите в приведённую ниже таблицу. Осьминог У осьминога мешкообразное тело и ______________(А) рук-щупалец. Руки у осьминога не одинаковой длины, на них есть______________(Б), распол",Нет,Нет
vpr_sd_945459,biology,7,"Вставьте в текст пропущенные термины из предложенного перечня, используя для этого их цифровые обозначения. Запишите в текст номера выбранных ответов, а затем получившуюся последовательность цифр (по тексту) впишите в приведённую ниже таблицу. Рыбы Рыбы — постоянные обитатели водной среды. У них, как правило, обтекаемая форма тела, кожа обычно покрыта ______(А). Большинство рыб активно плавает в т",Нет,Нет
vpr_sd_945695,biology,7,"Вставьте в текст «Дождевой червь» пропущенные термины из предложенного перечня, используя дня этого цифровые обозначения. Запишите в текст цифры выбранных ответов, а затем получившуюся последовательность цифр (по тексту) впишите в приведённую ниже таблицу. Дождевой червь Дождевые черви — подотряд малощетинковых червей из типа ________(А) черви. Число сегментов изменчиво: от 80 до 300. Кровеносная ",Нет,Нет
vpr_sd_945783,biology,7,"Вставьте в текст «Характерные признаки насекомых» пропущенные термины из предложенного перечня, используя для этого цифровые обозначения. Запишите в текст цифры выбранных ответов, а затем получившуюся последовательность цифр (по тексту) впишите в приведённую ниже таблицу. ХАРАКТЕРНЫЕ ПРИЗНАКИ НАСЕКОМЫХ Тело большинства насекомых состоит из ___________ (А) отделов. На голове у насекомых находится _",Нет,Нет
vpr_sd_944833,biology,7,"Вставьте в текст пропущенные термины из предложенного перечня, используя для этого их цифровые обозначения. Запишите в текст номера выбранных ответов, а затем получившуюся последовательность цифр (по тексту) впишите в приведённую ниже таблицу. Млекопитающие Млекопитающие — самые высокоорганизованные позвоночные животные. Тело у большинства этих животных покрыто ________(А). Развитие у млекопитающи",Нет,Нет
vpr_sd_944777,biology,7,"Известно, что щука обыкновенная – пресноводная рыба, ведущая хищный образ жизни. Используя эти сведения, выберите из приведённого ниже списка три утверждения, относящихся к описанию данных признаков этого животного. Запишите в ответе цифры, соответствующие выбранным ответам. 1) Живёт щука обычно в прибрежной зоне, в водных зарослях, в непроточных или слабопроточных водах. 2) Из щуки можно приготов",Нет,Нет
vpr_sd_945615,biology,7,"Установите соответствие между характеристиками и классами членистоногих: к каждой позиции, данной в первом столбце, подберите соответствующую позицию из второго столбца. ХАРАКТЕРИСТИКИ | КЛАССЫ ХОРДОВЫХ // А) непостоянная температура тела Б) теплокровность В) тело, покрытое роговыми чешуйками или костными щитками Г) сердце четырёхкамерное Д) в желудочке сердца неполная перегородка Е) наличие возду",Нет,Нет
vpr_sd_946000,biology,7,"Верны ли следующие утверждения? А. Представители отряда китообразные звери — дельфины и киты — дышат жабрами. Б. У сумчатых млекопитающих (кенгуру, опоссум) детеныши рождаются недоразвитыми, и дальнейшее их развитие происходит в сумке матери. 1) верно только А 2) верно только Б 3) оба суждения верны 4) оба суждения неверны",Нет,Нет
vpr_sd_945445,biology,7,"Установите последовательность расположения систематических групп изображённого животного, начиная с самой крупной. Используйте слова и словосочетания из предложенного перечня. Запишите в таблицу цифры, под которыми они указаны. ПЕРЕЧЕНЬ СЛОВ И СЛОВОСОЧЕТАНИЙ: 1) Лучепёрые рыбы 2) Животные 3) Хордовые 4) Осетрообразные 5) Белуга Ответ: Царство | Тип | Класс | Отряд | Вид // | | | |",Нет,Да
vpr_sd_945778,biology,7,Верны ли следующие суждения о значении птиц в природе? А. Насекомоядные птицы распространяют плоды и семена растений в природе. Б. Хищные птицы в природе регулируют численность мелких птиц. 1) верно только А 2) верно только Б 3) верны оба суждения 4) оба суждения неверны,Нет,Нет
vpr_sd_945162,biology,7,"Верны ли следующие суждения о кольчатых червях? А. Пищеварительная система состоит из рта, глотки, пищевода, зоба, желудка, кишечника и анального отверстия. Б. Кровеносная система незамкнутая, кровь изливается в полость тела. 1) верно только А 2) верно только Б 3) оба суждения верны 4) оба суждения неверны",Нет,Нет
vpr_sd_945771,biology,7,"Известно, что утконос — млекопитающее из отряда однопроходных, отлично приспособленное к полуводному образу жизни. Используя эти сведения, выберите из приведенного ниже списка три утверждения, относящиеся к описанию данных признаков этого организма. Запишите в таблицу цифры, соответствующие выбранным ответам. 1) Масса утконоса составляет 2 кг, а длина его тела около 40 см. 2) Самцы примерно на тре",Нет,Да
vpr_sd_945860,biology,7,"Установите последовательность расположения систематических групп изображённого животного, начиная с самой крупной. Используйте слова и словосочетания из предложенного списка. Запишите в таблицу цифры, под которыми они указаны. СПИСОК СЛОВ И СЛОВОСОЧЕТАНИЙ: 1) Высшие малощетинковые 2) Кольчатые черви 3) Животные 4) Малощетинковые (Олигохеты) 5) Дождевой червь наземный Ответ: Царство | Тип | Класс |",Нет,Да
vpr_sd_946117,biology,7,Установите соответствие между видом животного и особенностью строения его сердца. ВИД ЖИВОТНОГО | | СТРОЕНИЕ СЕРДЦА // А) квакша обыкновенная Б) обыкновенный тритон В) озёрная лягушка Г) синий кит Д) серая крыса Е) сокол сапсан | | 1) трёхкамерное без перегородки в желудочке 2) четырёхкамерное Запишите в таблицу выбранные цифры под соответствующими буквами. Ответ: А | Б | В | Г | Д | Е // | | | | ,Нет,Нет
vpr_sd_945165,biology,7,"Установите соответствие между характеристиками и классами Членистоногих: к каждой позиции, данной в первом столбце, подберите соответствующую позицию из второго столбца. ХАРАКТЕРИСТИКИ | КЛАССЫ ЧЛЕНИСТОНОГИХ // А) тело, состоящее из головы, груди и брюшка Б) дыхание жаберное В) тело, состоящее из головогруди и брюшка Г) различное количество конечностей у разных представителей класса Д) оплодотворе",Нет,Нет
vpr_sd_944840,biology,7,"Определите тип питания организмов, приведённых в перечне. ПЕРЕЧЕНЬ ОРГАНИЗМОВ: 1) ель 2) аист 3) шиповник 4) осьминог 5) ёж 6) хвощ болотный Запишите цифры, под которыми организмы указаны в перечне, в соответствующую ячейку таблицы. Ответ: Автотрофный тип питания | Гетеротрофный тип питания // |",Нет,Нет
vpr_sd_946079,biology,7,Какую функцию может выполнять печень у виноградной улитки?,Нет,Нет
