ID,Предмет,Класс,Задание,ЕстьАудио,ЕстьКартинки
vpr_sd_946148,russian,2,"Запиши только те слова, которые можно разделить для переноса . Обозначь место переноса чёрточкой (например, не-бо). Юлия, опасен, медок, уровень.",Нет,Нет
vpr_sd_946138,russian,2,"Раздели слова на слоги . При делении слов на слоги используй вертикальную линию. Время, глобус, умение, орёл.",Нет,Нет
vpr_sd_945899,russian,2,"Расставь по алфавиту и запиши в алфавитном порядке данные слова. Весна, яблоко, побежали, арбуз, уточка",Нет,Нет
vpr_sd_945779,russian,2,"Подчеркни слова, в которых первая буква обозначает глухой согласный звук. Бочка, птичка, чубчик, рысь, добро",Нет,Нет
vpr_sd_945734,russian,2,"Подчеркни слова, в которых первая буква обозначает твёрдый согласный звук. Сентябрь, ноябрь, вид, дуб, сердце",Нет,Нет
vpr_sd_945699,russian,2,"Раздели слова на слоги . При делении слов на слоги используй вертикальную линию. Закат, ива, здание, музей.",Нет,Нет
vpr_sd_945868,russian,2,"Запиши только те слова, которые можно разделить для переноса . Обозначь место переноса чёрточкой (например, не-бо). Осёл, ватный, короб, кукла",Нет,Нет
vpr_sd_945766,russian,2,"Составь предложение из данных слов. Запиши его правильно. Жадно, пчёлы, пьют, с, нектар, цветка",Нет,Нет
vpr_sd_945668,russian,2,"Расставь по алфавиту и запиши в алфавитном порядке данные слова. сирень, дуб, клён, вяз, ольха",Нет,Нет
vpr_sd_945920,russian,2,"Подчеркни слова, в которых первая буква обозначает мягкий согласный звук. Мама, пить, дрель, кость, сила.",Нет,Нет
vpr_sd_945682,russian,2,"Запиши только те слова, которые можно разделить для переноса . Обозначь место переноса чёрточкой (например, не-бо). Фокус, афиша, чтение, указ.",Нет,Нет
vpr_sd_945665,russian,2,"Составь предложение из данных слов. Запиши его правильно. за, красивой, погнался, бабочкой, щенок",Нет,Нет
vpr_sd_945854,russian,2,"Подчеркни слова, в которых первая буква обозначает звонкий согласный звук. Гроза, стенка, крот, звезда, колючка",Нет,Нет
vpr_sd_945783,russian,2,"Запиши только те слова, которые можно разделить для переноса . Обозначь место переноса чёрточкой (например, не-бо). Пряник, шея, мячик, воробей",Нет,Нет
vpr_sd_945869,russian,2,"Составь предложение из данных слов. Запиши его правильно. Ира, на, играла, площадке",Нет,Нет
vpr_sd_945827,russian,2,"Подчеркни слова, в которых первая буква обозначает мягкий согласный звук. Волейбол, прыгать, площадка, бег, финиш",Нет,Нет
vpr_sd_945784,russian,2,"Запиши только те слова, которые можно разделить для переноса . Обозначь место переноса чёрточкой (например, не-бо). Удав, лодка, полка, дымок",Нет,Нет
vpr_sd_945684,russian,2,"Составь предложение из данных слов. Запиши его правильно. на, ромашки, лугу, белели, зелёном",Нет,Нет
vpr_sd_945731,russian,2,"Расставь по алфавиту и запиши в алфавитном порядке данные слова. Ясно, влияние, поздравление, городок, лев",Нет,Нет
vpr_sd_945695,russian,2,"Расставь по алфавиту и запиши в алфавитном порядке данные слова. таракан, бабочка, стрекоза, овод, муха",Нет,Нет
vpr_sd_945843,russian,2,"Расставь по алфавиту и запиши в алфавитном порядке данные слова. Лев, охотник, прибежала, верёвка, юность",Нет,Нет
vpr_sd_945787,russian,2,"Расставь по алфавиту и запиши в алфавитном порядке данные слова. Январь, глаз, белочка, хвост, труд",Нет,Нет
vpr_sd_946152,russian,2,"Расставь по алфавиту и запиши в алфавитном порядке данные слова. слива, вишня, дыня, черешня, инжир",Нет,Нет
vpr_sd_946143,russian,2,"Расставь по алфавиту и запиши в алфавитном порядке данные слова. зима, лето, весна, декабрь, осень",Нет,Нет
vpr_sd_945900,russian,2,"Расставь по алфавиту и запиши в алфавитном порядке данные слова. Деревья, почки, бутоны, ёжик, цапля",Нет,Нет
vpr_sd_945844,russian,2,"Расставь по алфавиту и запиши в алфавитном порядке данные слова. Дом, привет, астра, радость, искра",Нет,Нет
vpr_sd_945871,russian,2,"Расставь по алфавиту и запиши в алфавитном порядке данные слова. Пень, ком, земля, лес, удача",Нет,Нет
vpr_sd_945788,russian,2,"Расставь по алфавиту и запиши в алфавитном порядке данные слова. Платье, дочь, оладьи, ворона, коза",Нет,Нет
vpr_sd_945732,russian,2,"Расставь по алфавиту и запиши в алфавитном порядке данные слова. Солдат, арбуз, шипеть, полено, ужас",Нет,Нет
vpr_sd_945722,russian,2,"Расставь по алфавиту и запиши в алфавитном порядке данные слова. Почка, занавес, хлопья, спорт, улитка",Нет,Нет
vpr_sd_945677,russian,2,"Расставь по алфавиту и запиши в алфавитном порядке данные слова. лань, стриж, аист, волк, голубь",Нет,Нет
vpr_sd_945713,russian,2,"Расставь по алфавиту и запиши в алфавитном порядке данные слова. Аленький, пятнышко, ягода, фрукт, творог",Нет,Нет
vpr_sd_945815,russian,2,"Расставь по алфавиту и запиши в алфавитном порядке данные слова. Поиск, работа, экзамен, урок, гусь",Нет,Нет
vpr_sd_946170,russian,2,"Расставь по алфавиту и запиши в алфавитном порядке данные слова. медведь, волк, заяц, лиса, крот",Нет,Нет
vpr_sd_946144,russian,2,"Расставь по алфавиту и запиши в алфавитном порядке данные слова. ель, сосна, берёза, дуб, клён",Нет,Нет
vpr_sd_945760,russian,2,"Расставь по алфавиту и запиши в алфавитном порядке данные слова. Голубь, кресло, исповедь, окно, улыбка",Нет,Нет
vpr_sd_945816,russian,2,"Расставь по алфавиту и запиши в алфавитном порядке данные слова. Света, экскаватор, гора, улитка, бабушка",Нет,Нет
vpr_sd_945853,russian,2,"Расставь по алфавиту и запиши в алфавитном порядке данные слова. Март, подснежник, дорожка, солнышко, верба",Нет,Нет
vpr_sd_945909,russian,2,"Расставь по алфавиту и запиши в алфавитном порядке данные слова. Лето, добро, гриб, свет, вьюга",Нет,Нет
vpr_sd_945825,russian,2,"Расставь по алфавиту и запиши в алфавитном порядке данные слова. Зима, снежок, метель, холодно, вьюга",Нет,Нет
vpr_sd_945806,russian,2,"Расставь по алфавиту и запиши в алфавитном порядке данные слова. Юбочка, лось, сани, абрикос, трубка",Нет,Нет
vpr_sd_945741,russian,2,"Расставь по алфавиту и запиши в алфавитном порядке данные слова. Утро, деревня, местность, сентябрь, отлёт",Нет,Нет
vpr_sd_945750,russian,2,"Расставь по алфавиту и запиши в алфавитном порядке данные слова. Алмаз, человек, масло, совёнок, Ваня",Нет,Нет
vpr_sd_945704,russian,2,"Расставь по алфавиту и запиши в алфавитном порядке данные слова. Семена, зерно, циркуль, танк, грусть",Нет,Нет
vpr_sd_945759,russian,2,"Расставь по алфавиту и запиши в алфавитном порядке данные слова. Дед, убежать, чудный, апрель, родинка",Нет,Нет
vpr_sd_945872,russian,2,"Расставь по алфавиту и запиши в алфавитном порядке данные слова. Ваза, яблоко, молоко, графин, стекло",Нет,Нет
vpr_sd_945881,russian,2,"Расставь по алфавиту и запиши в алфавитном порядке данные слова. Искать, дорога, гром, молния, чащоба",Нет,Нет
vpr_sd_945778,russian,2,"Расставь по алфавиту и запиши в алфавитном порядке данные слова. Щучка, ворчун, лиса, медведь, ямка",Нет,Нет
vpr_sd_945780,russian,2,"Подчеркни слова, в которых первая буква обозначает звонкий согласный звук. Каша, голос, соль, бездельник, певица",Нет,Нет
vpr_sd_946171,russian,2,"Подчеркни слова, в которых первая буква обозначает звонкий согласный звук. Гроза, ливень, слякоть, холод, туман.",Нет,Нет
vpr_sd_945752,russian,2,"Подчеркни слова, в которых первая буква обозначает глухой согласный звук. Погода, дождь, белоснежный, картина, рваный",Нет,Нет
vpr_sd_945678,russian,2,"Подчеркни слова, в которых первая буква обозначает звонкий согласный звук. Баян, труба, флейта, гитара, скрипка.",Нет,Нет
vpr_sd_945891,russian,2,"Подчеркни слова, в которых первая буква обозначает звонкий согласный звук. Куст, звёздочка, стол, волчок, тигр",Нет,Нет
vpr_sd_946172,russian,2,"Подчеркни слова, в которых первая буква обозначает звонкий согласный звук. Выставка, картины, зал, портреты, художник.",Нет,Нет
vpr_sd_945835,russian,2,"Подчеркни слова, в которых первая буква обозначает звонкий согласный звук. Трава, мама, лесочек, цветы, чашка",Нет,Нет
vpr_sd_945687,russian,2,"Подчеркни слова, в которых первая буква обозначает звонкий согласный звук. Путь, дорога, тропа, шоссе, мост.",Нет,Нет
vpr_sd_945826,russian,2,"Подчеркни слова, в которых первая буква обозначает звонкий согласный звук. Ласточка, бумага, форточка, шкаф, песня",Нет,Нет
vpr_sd_946145,russian,2,"Подчеркни слова, в которых первая буква обозначает звонкий согласный звук. Теплоход, матрос, палуба, рубка, капитан.",Нет,Нет
vpr_sd_945855,russian,2,"Подчеркни слова, в которых первая буква обозначает мягкий согласный звук. Ручеёк, камень, речка, мох, зеркало",Нет,Нет
vpr_sd_946147,russian,2,"Раздели слова на слоги . При делении слов на слоги используй вертикальную линию. Ветер, мнение, имя, орешек.",Нет,Нет
vpr_sd_945906,russian,2,"Составь предложение из данных слов. Запиши его правильно. в, пошли, ребята, лес, утром",Нет,Нет
vpr_sd_945708,russian,2,"Раздели слова на слоги . При делении слов на слоги используй вертикальную линию. Енот, клубника, лимон, поляна",Нет,Нет
vpr_sd_945709,russian,2,"Запиши только те слова, которые можно разделить для переноса . Обозначь место переноса чёрточкой (например, не-бо). Енот, клубника, лимон, поляна",Нет,Нет
vpr_sd_945888,russian,2,"Составь предложение из данных слов. Запиши его правильно. капли, деревьев, с, падали, дождя",Нет,Нет
vpr_sd_945723,russian,2,"Подчеркни слова, в которых первая буква обозначает глухой согласный звук. Рысак, посев, лампа, тетрадь, брошь",Нет,Нет
vpr_sd_945707,russian,2,"Раздели слова на слоги . При делении слов на слоги используй вертикальную линию. Урок, школьный, место, погода",Нет,Нет
vpr_sd_946175,russian,2,"Запиши только те слова, которые можно разделить для переноса . Обозначь место переноса чёрточкой (например, не-бо). Мешок, учение, окунь, Алёна.",Нет,Нет
vpr_sd_945897,russian,2,"Составь предложение из данных слов. Запиши его правильно. сестра, к, приехала, ребятам",Нет,Нет
vpr_sd_945848,russian,2,"Раздели слова на слоги . При делении слов на слоги используй вертикальную линию. Серый, камень, яма, парус",Нет,Нет
vpr_sd_945770,russian,2,"Подчеркни слова, в которых первая буква обозначает глухой согласный звук. Замок, кроватка, лёгкий, сказка, галстук",Нет,Нет
vpr_sd_945753,russian,2,"Подчеркни слова, в которых первая буква обозначает твёрдый согласный звук. Труд, дело, волшебство, бить, вихрь",Нет,Нет
vpr_sd_946174,russian,2,"Раздели слова на слоги . При делении слов на слоги используй вертикальную линию. Мешок, учение, окунь, Алёна.",Нет,Нет
vpr_sd_945867,russian,2,"Запиши только те слова, которые можно разделить для переноса . Обозначь место переноса чёрточкой (например, не-бо). Юля, топот, ворота, ковёр",Нет,Нет
vpr_sd_945921,russian,2,"Раздели слова на слоги . При делении слов на слоги используй вертикальную линию. Душа, пение, укол, спина.",Нет,Нет
vpr_sd_946139,russian,2,"Запиши только те слова, которые можно разделить для переноса . Обозначь место переноса чёрточкой (например, не-бо). Время, глобус, умение, орёл.",Нет,Нет
vpr_sd_945864,russian,2,"Подчеркни слова, в которых первая буква обозначает звонкий согласный звук. Друг, призыв, портфель, школа, берег",Нет,Нет
vpr_sd_945762,russian,2,"Подчеркни слова, в которых первая буква обозначает твёрдый согласный звук. Рябой, пушка, компот, берёза, диск",Нет,Нет
vpr_sd_945401,russian,2,"Запиши только те слова, которые можно разделить для переноса . Обозначь место переноса чёрточкой (например, не-бо). Гора, знания, огонь, трава.",Нет,Нет
vpr_sd_945818,russian,2,"Подчеркни слова, в которых первая буква обозначает мягкий согласный звук. Клей, цифра, шнурок, день, рекорд",Нет,Нет
vpr_sd_945903,russian,2,"Раздели слова на слоги . При делении слов на слоги используй вертикальную линию. Даша, Аня, паровоз, парта",Нет,Нет
vpr_sd_945679,russian,2,"Подчеркни слова, в которых первая буква обозначает мягкий согласный звук. Карандаш, линейка, ручка, пенал, ластик.",Нет,Нет
vpr_sd_945793,russian,2,"Запиши только те слова, которые можно разделить для переноса . Обозначь место переноса чёрточкой (например, не-бо). Пою, парад, вызов, добрый",Нет,Нет
vpr_sd_946158,russian,2,"Составь предложение из данных слов. Запиши его правильно. на, синички, крошки, слетелись, шустрые",Нет,Нет
vpr_sd_945790,russian,2,"Подчеркни слова, в которых первая буква обозначает мягкий согласный звук. Здоровье, лес, волк, печь, сын",Нет,Нет
vpr_sd_945894,russian,2,"Раздели слова на слоги . При делении слов на слоги используй вертикальную линию. Сильный, домик, Зоя, утро",Нет,Нет
vpr_sd_946168,russian,2,"Составь предложение из данных слов. Запиши его правильно. на, пряники, тарелке, лежали, сладкие",Нет,Нет
vpr_sd_945715,russian,2,"Подчеркни слова, в которых первая буква обозначает твёрдый согласный звук. Слон, полянка, небо, миксер, любовь",Нет,Нет
vpr_sd_945671,russian,2,"Раздели слова на слоги . При делении слов на слоги используй вертикальную линию. Фокус, уха, линия, воробей.",Нет,Нет
vpr_sd_945802,russian,2,"Запиши только те слова, которые можно разделить для переноса . Обозначь место переноса чёрточкой (например, не-бо). Стульчик, бычок, дедушка, орёл",Нет,Нет
vpr_sd_945701,russian,2,"Составь предложение из данных слов. Запиши его правильно. рыб, спрятались, на, стайки, дно",Нет,Нет
vpr_sd_944782,russian,4,"Произнеси данные ниже слова, поставь в них знак ударения над ударными гласными. Алфавит, весела, банты, поняла.",Нет,Нет
vpr_sd_945244,russian,4,"В данном ниже предложении найди слово, в котором все согласные звуки звонкие. Выпиши это слово. После дождика раскинулась по небосклону радуга.",Нет,Нет
vpr_sd_945245,russian,4,"(1)Наконец-то выдался настоящий весенний денёк! (2)В лесу тепло, светло, капель весело перезванивает, звери да птицы радуются. (3)Благодать! (4)Лежит на опушке старый камень-валун и хвалится: (5)— Мне кланяйтесь, меня благодарите, это я весну делаю! (6)Вон какие у меня бока жаркие. (7)Вокруг меня снег тает, рядом со мной уже травка показалась, ко мне первые бабочки греться летят! (8)Если бы не я, ",Нет,Нет
vpr_sd_945350,russian,4,"Представь, что твой класс побывал на экскурсии. Один из твоих одноклассников брал с собой фотоаппарат и смог сделать интересные фотографии. Обратись к нему с просьбой прислать тебе эти фотографии. Запиши свою просьбу.",Нет,Нет
vpr_sd_945689,russian,4,"Произнеси данные ниже слова, поставь в них знак ударения над ударными гласными. Алфавит, километр, крапива, магазин, процент.",Нет,Нет
vpr_sd_945261,russian,4,"В данном ниже предложении найди слово, в котором все согласные звуки звонкие. Выпиши это слово. От леса к нашей деревне тянется тропка.",Нет,Нет
vpr_sd_945700,russian,4,"(1)В весну эту я особенно привязался к близнецам Помплёвым, Володе и Вене. (2)Прослышали мы про цирк Дурова, самим захотелось попробовать зверьё научить чему-нибудь. (3)Подходящей скотины в хозяйстве не было. (4)Мы придумали хором: поймать воронёнка, нелетающего, обучить его. (5)В прибрежных кустах найти будущего артиста легко, весна была ранняя, воронята уже оставили гнёзда и жили на земле. (6)По",Нет,Нет
vpr_sd_945710,russian,4,"Представь, что одноклассники пригласили тебя на каток вместо уроков в школе, чтобы посмотреть тренировку хоккейной команды. Но на уроке математики будут объяснять новую тему. Запиши свой отказ.",Нет,Нет
vpr_sd_945523,russian,4,"Произнеси данные ниже слова, поставь в них знак ударения над ударными гласными. Портфель, красивее, положу, звала.",Нет,Нет
vpr_sd_945913,russian,4,"В данном ниже предложении найди слово, в котором все согласные звуки звонкие. Выпиши это слово. По скатам оврага журчат звонкие ручьи.",Нет,Нет
vpr_sd_945340,russian,4,"(1)Космонавты говорят, что Земля, если посмотреть на неё из космоса, не такая уж и большая. (2)И вот на этой небольшой Земле теплится жизнь природы. (3)И нигде её, может быть, больше нет. (4)Эта жизнь драгоценна! (5)А мы её часто не бережём. (6)Весной мы ломаем целые веники вербы с барашками, огромные охапки черёмухи. (7)И вот уже вокруг городов не осталось больше черёмухи, вербы. (8)Их место заня",Нет,Нет
vpr_sd_945264,russian,4,"Подумай и напиши, в какой жизненной ситуации уместно будет употребить выражение Что посеешь, то и пожнёшь .",Нет,Нет
vpr_sd_945592,russian,4,"Произнеси данные ниже слова, поставь в них знак ударения над ударными гласными. Шарфы, ждала, брала, магазин.",Нет,Нет
vpr_sd_945962,russian,4,"В данном ниже предложении найди слово, в котором все согласные звуки звонкие. Выпиши это слово. Плот медленно плыл по течению реки",Нет,Нет
vpr_sd_945760,russian,4,"(1)Как-то раз пастухи принесли нам лисёнка. (2)Мы посадили лесного зверька в пустой сарай. (3)Лисёнок был серый, мордочка тёмная, а хвост на конце беленький. (4)Зверёк спрятался в дальний угол сарая, испуганно смотрел по сторонам, прижимал уши и весь дрожал. (5)Когда мама налила лисёнку молока, он от страха даже не прикоснулся к нему. (6)Папа сказал, что лисёнка надо оставить в покое: пусть привык",Нет,Нет
vpr_sd_945890,russian,4,"Представь, что одноклассники пригласили тебя на каток, а ты по уважительной причине не можешь прийти. Постарайся отказаться от приглашения так, чтобы не обидеть ребят. Запиши свой отказ.",Нет,Нет
vpr_sd_945506,russian,4,"Произнеси данные ниже слова, поставь в них знак ударения над ударными гласными. Хвоя, повторит, свекла, взяла.",Нет,Нет
vpr_sd_945330,russian,4,"В данном ниже предложении найди слово, в котором все согласные звуки звонкие. Выпиши это слово. В поле у деревни растут васильки.",Нет,Нет
vpr_sd_945734,russian,4,"(1)Шумел листопад. (2)Леса покорно и печально, почти не стихая, порошили багряной листвой. (3)Горестный, всё заглушающий шорох властно заполнял лесную глухомань. (4)Опавшими листьями осень щедро выстилала все дороги и поляны. (5)Когда налетал ветер, тучи мёртвой листвы поднимало от лесов, легко кружило в просторной вышине и несло на восток, — и тогда казалось, что над унылой осенней землёй бушует ",Нет,Нет
vpr_sd_945647,russian,4,"Подумай и напиши, в какой жизненной ситуации уместно будет употребить выражение В гостях хорошо, а дома лучше.",Нет,Нет
vpr_sd_945912,russian,4,"Произнеси данные ниже слова, поставь в них знак ударения над ударными гласными. Алфавит, брала, занята, километр.",Нет,Нет
vpr_sd_945767,russian,4,"В данном ниже предложении найди слово, в котором все согласные звуки звонкие. Выпиши это слово. Каждый вечер клумбу с лилиями поливали.",Нет,Нет
vpr_sd_944690,russian,4,"(1)Есть такое растение — высокое, с красными цветками, собранными в большие стоячие кисти. (2)Называется оно кипрей. (3)Ещё недавно его считали сорной травой. (4)Лесники безжалостно вырывали кипрей рядом с молодыми сосенками, потому что считали, будто кипрей заглушает слабые побеги сосен, отнимает у них свет и влагу. (5)Но вскоре заметили, что сосенки в тех местах, где уничтожен кипрей, не могут б",Нет,Нет
vpr_sd_946119,russian,4,"Представь, что завтра день рождения твоей учительницы. Напиши текст для поздравительной открытки.",Нет,Нет
vpr_sd_945674,russian,4,"(1)Слово «вулкан» означает «огонь», а кроме того, вулкан — это раскалённые камни, кипящая вода, горячий воздух. (2)Все четыре стихии заключены в одном создании природы. (3)Наверное, поэтому людям очень трудно найти общий язык с непростым и удивительным творением Земли. (4)Каждый год извергаются 50−60 вулканов. (5)Одни вулканы «срабатывают» очень редко. (6)Фудзияма в Японии просыпается один раз в с",Нет,Нет
vpr_sd_945914,russian,4,"Прочитай текст и выполни задания 6—14. (1)В мире существует много необычных, удивительных памятников. (2)Есть они и в России, вот, например, памятник букве «ё» в Ульяновске. (3)Раньше этот город назывался Симбирском, в нём родился известный русский писатель Николай Михайлович Карамзин, который придумал букву «ё». (4)Он предложил поставить над буквой «е» две точки. (5)До изобретения буквы «ё» писал",Нет,Нет
vpr_sd_945907,russian,4,"Подумай и напиши, в какой жизненной ситуации уместно будет употребить выражение Любишь кататься — люби и саночки возить.",Нет,Нет
vpr_sd_946108,russian,4,"В данном ниже предложении найди слово, в котором все согласные звуки мягкие. Выпиши это слово. Перья защищают птиц от внешних угроз.",Нет,Нет
vpr_sd_944842,russian,4,"Произнеси данные ниже слова, поставь в них знак ударения над ударными гласными. Договор, звонят, щавель, звала.",Нет,Нет
vpr_sd_945810,russian,4,"В данном ниже предложении найди слово, в котором все согласные звуки звонкие. Выпиши это слово. Стая лебедей летела в тёплые края.",Нет,Нет
vpr_sd_945963,russian,4,"(1)Сотни лет люди спорили о происхождении Луны. (2)Однако сейчас основной версией считается теория гигантского столкновения. (3)По этой теории Луна сформировалась четыре с половиной миллиарда лет назад в результате столкновения колоссального, размером с Марс, метеорита с молодой Землёй. (4)Осколки метеорита и земной мантии были выброшены на околоземную орбиту, из них собралась Луна.(5) Формировани",Нет,Нет
vpr_sd_945157,russian,4,"Произнеси данные ниже слова, поставь в них знак ударения над ударными гласными. Досуг, сантиметр, ждала, позвонит.",Нет,Нет
vpr_sd_945593,russian,4,"В данном ниже предложении найди слово, в котором все согласные звуки звонкие. Выпиши это слово. Щедрые лучи яркого солнца озарили луг.",Нет,Нет
vpr_sd_945972,russian,4,"(1)Каждые три секунды на нашей планете съедают одну порцию мороженого! (2)Сейчас это самый любимый десерт детей и взрослых всего мира, поэтому в каждой стране есть занимательные истории о мороженом. (3)Родиной мороженого считают Китай: там мороженое было лакомством императоров. (4)Тогда оно больше напоминало фруктовый лёд. (5)В Европу секрет рецепта мороженого привёз итальянский путешественник Мар",Нет,Нет
vpr_sd_945727,russian,4,"Представь, что у тебя день рождения. Напиши пригласительное письмо своему другу.",Нет,Нет
vpr_sd_945766,russian,4,"Произнеси данные ниже слова, поставь в них знак ударения над ударными гласными. Щавель, положит, звоним, задаст.",Нет,Нет
vpr_sd_945158,russian,4,"В данном ниже предложении найди слово, в котором все согласные звуки глухие. Выпиши это слово. Хомячок прячет за толстые щёчки семечки.",Нет,Нет
vpr_sd_945159,russian,4,"(1)Молчаливых птиц нет: гуси гогочут, вороны каркают, голуби воркуют, соловьи свистят… (2)Но понимают ли птицы друг друга? (3)Оказывается, понимают! (4)Хотя, конечно, не так, как мы: у птиц нет привычных нам слов, а есть всего лишь звуковые сигналы: сигналы призыва, сигналы тревоги… (5)Другие птицы слышат их и ведут себя соответственно. (6)Сто́ит с тревожным криком взлететь вороне, как взлетят и г",Нет,Нет
vpr_sd_946145,russian,4,"Представь, что тебе предложили прочитать стихотворение на школьном вечере, но ты плохо себя чувствуешь. Запиши свой отказ.",Нет,Нет
vpr_sd_945440,russian,4,"Произнеси данные ниже слова, поставь в них знак ударения над ударными гласными. Жаворонок, брала, инструменты, ждали.",Нет,Нет
vpr_sd_945415,russian,4,"В данном ниже предложении найди слово, в котором все согласные звуки звонкие. Выпиши это слово. Чуть слышно шелестели листвой берёзы.",Нет,Нет
vpr_sd_946162,russian,4,"Представь, что твой одноклассник (одноклассница) стал победителем школьной олимпиады (спортивного турнира). Напиши небольшую заметку об этом событии для школьной стенгазеты.",Нет,Нет
vpr_sd_945299,russian,4,"Произнеси данные ниже слова, поставь в них знак ударения над ударными гласными. Издавна, занята, повторит, хозяева.",Нет,Нет
vpr_sd_945979,russian,4,"В данном ниже предложении найди слово, в котором все согласные звуки глухие. Выпиши это слово. Соседский кот очень озорной, поэтому каждый вечер мы с ним играем.",Нет,Нет
vpr_sd_945961,russian,4,"Произнеси данные ниже слова, поставь в них знак ударения над ударными гласными. Начался, глубоко, кладовая, инструмент.",Нет,Нет
vpr_sd_945550,russian,4,"В данном ниже предложении найди слово, в котором все согласные звуки звонкие. Выпиши это слово. Бойцам перед строем вручили медали.",Нет,Нет
vpr_sd_945310,russian,4,"(1)В Африке водятся муравьи, которые устраивают себе удобную общую квартиру на листьях деревьев и кустов. (2)Чтобы жителям в таком гнезде было сухо и тепло, муравьи сшивают его из листьев. (3)Сшивание гнезда – удивительное искусство муравьёв-портных. (4)Прежде всего, эти маленькие юркие швеи своими ловкими щупальцами расправляют листья, годные для сшивания. (5)Затем другие муравьи приносят своих л",Нет,Нет
vpr_sd_946059,russian,4,"Представь, что друг (подруга) подарил (подарила) тебе на день рожденья ту книгу, о которой ты давно мечтал (мечтала). Поблагодари друга (подругу). Запиши свою благодарность.",Нет,Нет
vpr_sd_946064,russian,4,"Произнеси данные ниже слова, поставь в них знак ударения над ударными гласными. Километр, ворота, цемент, поняла.",Нет,Нет
vpr_sd_944646,russian,4,"В данном ниже предложении найди слово, в котором все согласные звуки звонкие. Выпиши это слово. Весной этот скворечник заселили дрозды.",Нет,Нет
vpr_sd_946032,russian,4,"(1)Ни для кого не секрет, что зрение человека несовершенно. (2)Что делать тем людям, чьи глаза по разным причинам утратили привычную зоркость? (3)Тогда на помощь глазам приходят оптические приборы. (4)Например, очки или контактные линзы. (5)Первые очки появились в 1280 году, их изготовил итальянский физик Сальвино дель Армати. (6)Они состояли из двух выпуклых стеклянных линз, увеличивающих предмет",Нет,Нет
vpr_sd_946025,russian,4,"Представь, что одноклассник (одноклассница) взял (взяла) у тебя почитать книгу и долго не возвращает. Вежливо попроси вернуть книгу. Запиши свою просьбу.",Нет,Нет
vpr_sd_944740,russian,4,"(1)Любознательному человеку даже самая обычная пуговица может рассказать много интересного. (2)Пуговицы появились очень давно — уже в Древнем Египте. (3)Долгое время они были достоянием знати, потому что их изготавливали из золота, серебра, драгоценных камней. (4)Простолюдины же ещё много веков подвязывали одежду поясом или ремнём. (5)В Средневековье возник обычай располагать пуговицы на мужской о",Нет,Нет
vpr_sd_944894,russian,4,"(1)У марта — первого весеннего месяца — есть свои приметы. (2)Каждый год в марте к нам приходит день весеннего равноденствия. (3)Он носит такое название, потому что в этот период день и ночь разделяют сутки ровно надвое — на двенадцать часов. (4)И только в этот день Солнце встаёт утром точно на востоке, а вечером садится точно на западе. (5)В Древней Руси с середины марта начинался календарный год",Нет,Нет
vpr_sd_945123,russian,4,"(1)Кошка в осмотрительности полагается не только на свои зоркие глаза. (2)Для исследования мира у неё есть специальные «радары». (3)Это еле заметные шерстинки. (4)Они растут на её лапах, на лбу, на ушах. (5)Особенно важные «радары» — длинные тонкие усы, которые торчат у кошек над верхней губой. (6)Вот кошка хочет что-нибудь получше рассмотреть или кого-нибудь подкараулить. (7)Она замирает в позе о",Нет,Нет
vpr_sd_945601,russian,4,"(1)В отлив море ушло, и на берегу осталось много лужиц. (2)Сел я около большой лужи караулить: некоторые рыбы не успевают в море уплыть, притаятся на дне и ждут прилива. (3)В луже было темно и ничего не видно. (4)Я уже хотел уходить, и тут тёмную воду прорезал солнечный луч. (5)И затолклись, заплясали в этом луче не то мошки, не то пылинки. (6)Это была стайка совсем маленьких рыбок — мальков. (7)М",Нет,Нет
vpr_sd_945321,russian,4,"(1)Никишин дедушка в свободное время любил на охоту ходить. (2)Он был хорошим охотником, знал все тайны леса. (3)Как-то он показывал своему внуку следы в лесу и сказал: «Собачьи следы всегда к жилью выводят. Собака по лесу бегает-бегает, но обязательно домой прибежит». (4)Пришлось как-то Никише с ребятами возвращаться со станции в село прямой дорогой через зимний лес. (5)Хорошо бежится по первому ",Нет,Нет
vpr_sd_944791,russian,4,"(1)Технический прогресс уже давно вошёл во все сферы нашей жизни, но по-прежнему рядом с человеком его верный друг и помощник — собака. (2)В 1954 году в горах Австрии лавина застигла в пути 11 школьников и двоих учителей. (3)Овчарка Аякс работала 96 часов подряд. (4)Аякс скрёб когтями и разрывал плотно спрессованный снег, пока не свалился от изнеможения. (5)У собаки лапы были стёрты до кости и обм",Нет,Нет
vpr_sd_946116,russian,4,"(1)Дети возвращались из леса, где они провели целый день. (2)Путь домой лежал через небольшой хуторок, что расположился в широкой долине, за несколько километров от села. (3)Уставшие дети едва дошли до хуторка. (4)Они заглянули в крайнюю хату попросить воды. (5)Из хаты вышла женщина, а с ней маленький мальчик. (6)Женщина достала из колодца воду, поставила ведро на стол посреди двора, а сама пошла ",Нет,Нет
vpr_sd_945431,russian,4,"Произнеси данные ниже слова, поставь в них знак ударения над ударными гласными. Включит, ожил, щавель, поняла.",Нет,Нет
vpr_sd_945707,russian,4,"В данном ниже предложении найди слово, в котором все согласные звуки звонкие непарные. Выпиши это слово. Теплолюбивое растение майоран не переносит даже небольших заморозков.",Нет,Нет
vpr_sd_945965,russian,4,"Представь, что одноклассник (одноклассница) очень хорошо поёт, а тебе нужна помощь в подготовке к празднику. Вежливо попроси одноклассника (одноклассницу) выступить с песней. Запиши свою просьбу.",Нет,Нет
vpr_sd_945792,russian,4,"Произнеси данные ниже слова, поставь в них знак ударения над ударными гласными. Ожил, досуг, звонишь, километр.",Нет,Нет
vpr_sd_945945,russian,4,"В данном ниже предложении найди слово, в котором все согласные звуки глухие. Выпиши это слово. Лучи солнца осветили опушку леса.",Нет,Нет
vpr_sd_944647,russian,4,(1)Белый аист любит жить по соседству с людьми. (2)Эта крупная птица доверчиво расхаживает по лугу у самой деревни и устраивает своё большое гнездо из прутьев и веток на верхушке старого дерева или прямо на крыше деревенского дома. (3)Потом в гнезде появляются длинноногие аистята. (4)Малыши тоже доверчиво поглядывают на людей и ждут своих родителей с охоты. (5)А они по очереди приносят им еду: ляг,Нет,Нет
vpr_sd_945982,russian,4,"Представь, что одноклассник (одноклассница) очень хорошо рисует, а тебе нужна помощь в подготовке газеты к празднику. Вежливо попроси одноклассника (одноклассницу) помочь тебе. Запиши свою просьбу.",Нет,Нет
vpr_sd_945852,russian,4,"Произнеси данные ниже слова, поставь в них знак ударения над ударными гласными. Жаворонок, занята, квартал, сантиметр.",Нет,Нет
vpr_sd_945357,russian,4,"(1)Какими только не бывают дома! (2)Есть малюсенькие дома, они напоминают телефонную будку. (3)Такой домик построил садовник из Мордовии. (4)Но всё в этом домике, как в настоящем доме: отопление, окна, телевизор, даже есть где посидеть. (5)Скоро его владелец научит дом «ложиться на бок», тогда в нём и спать можно будет. (6)А может, дом должен быть огромным, как у одного индийского бизнесмена? (7)В",Нет,Нет
vpr_sd_945830,russian,4,"Представь, что в твой день рождения одноклассники приготовили для тебя красочную стенгазету, главным героем которой являешься ты — твои увлечения, достижения. Поблагодари ребят за необычный подарок. Запиши слова благодарности.",Нет,Нет
vpr_sd_946081,russian,4,"Произнеси данные ниже слова, поставь в них знак ударения над ударными гласными. Средства, километр, звала, звонит.",Нет,Нет
vpr_sd_945886,russian,4,"Произнеси данные ниже слова, поставь в них знак ударения над ударными гласными. Взяла, алфавит, документ, издавна.",Нет,Нет
vpr_sd_946004,russian,4,"Произнеси данные ниже слова, поставь в них знак ударения над ударными гласными. Звонит, магазин, повторит, шофер.",Нет,Нет
vpr_sd_945896,russian,4,"В данном ниже предложении найди слово, в котором все согласные звуки звонкие. Выпиши это слово. Молодой скворец быстро научился летать.",Нет,Нет
vpr_sd_945935,russian,4,"Произнеси данные ниже слова, поставь в них знак ударения над ударными гласными. Звонишь, столяр, щавель, проспала.",Нет,Нет
vpr_sd_945583,russian,4,"Произнеси данные ниже слова, поставь в них знак ударения над ударными гласными. Алфавит, досуг, повторим, шофер.",Нет,Нет
vpr_sd_945716,russian,4,"В данном ниже предложении найди слово, в котором есть звонкий мягкий непарный согласный звук, не обозначенный буквой. Выпиши это слово. Вьюги да метели под февраль полетели.",Нет,Нет
vpr_sd_946083,russian,4,"(1)Великий русский учёный Михаил Васильевич Ломоносов с детства был очень любознательным. (2)Всё волновало пытливый ум: откуда появляются тучи? (3)Почему луна меняет свой облик, превращается в месяц, а потом становится круглой? (4)Что за таинственное сияние загорается в зимние ночи на небе? (5)А что в самом центре Земли находится? (6)Грамотные люди подсказали мальчику, что надо прочитать много кни",Нет,Нет
vpr_sd_945656,russian,4,"Подумай и напиши, в какой жизненной ситуации уместно будет употребить выражение Острый язык — дарованье, длинный язык — наказанье.",Нет,Нет
vpr_sd_945869,russian,4,"Произнеси данные ниже слова, поставь в них знак ударения над ударными гласными. Поняла, досуг, изредка, ворота.",Нет,Нет
vpr_sd_945347,russian,4,"В данном ниже предложении найди слово, в котором все согласные звуки глухие. Выпиши это слово. Нашей давней мечтой был горный поход.",Нет,Нет
vpr_sd_946152,russian,4,"(1)С детских лет Ваня Кулибин любил придумывать разные затейливые штучки. (2)Всё село Подновье под Нижним Новгородом ходило смотреть на его выдумки. (3)Отец разрешил Ване устроить в комнате слесарную мастерскую. (4)С ярмарок привозил сыну книги по химии, физике, естественным наукам... (5)Ваня читал одну зa другой. (6)Вскоре в Иванову мастерскую стали тащить со всей округи механизмы. (7)Ho был у Ив",Нет,Нет
vpr_sd_945587,russian,4,"Подумай и напиши, в какой жизненной ситуации уместно будет употребить выражение Кто вчера солгал — тому завтра не поверят.",Нет,Нет
vpr_sd_945690,russian,4,"В данном ниже предложении найди слово, в котором все согласные звуки глухие. Выпиши это слово. На всей земле нет птиц красивее наших лебедей.",Нет,Нет
vpr_sd_946101,russian,5,Выпишите предложение с прямой речью. (Знаки препинания не расставлены.) Расставьте необходимые знаки препинания. Составьте схему предложения. 1) Всем хорошим во мне я обязан книгам говорил М. Горький 2) Он говорил о своей любви к книгам 3) Она подумала и рассказала нам необычайную историю 4) Она просила рассказать ей эту историю,Нет,Нет
vpr_sd_946016,russian,5,"Выпишите предложение, в котором необходимо поставить запятую/запятые. (Знаки препинания внутри предложений не расставлены.) Напишите, на каком основании Вы сделали свой выбор. 1) Подружки любят исполнять народные танцы. 2) Спляши-ка ты нам лучше какой-нибудь народный танец! 3) Пусть девочки разучат цыганочку или лезгинку. 4) Давайте девочки разучим цыганский танец!",Нет,Нет
vpr_sd_945704,russian,5,"Прочитайте текст 2 и выполните задания 8—12. Текст 2 (1)Среди большого поля стоит маленькая хатка. (2)Не поленились добрые люди срубить деревья в лесу и напилить из них брёвен. (3)Не поленились хатку сложить и покрыть крышей. (4)Построили её для того, чтобы в ненастье путники могли спрятаться и пересидеть в сухости и тепле дождь или снег. (5)Однажды среди летнего дня небо обложили тучи, пошёл силь",Нет,Нет
vpr_sd_945320,russian,5,"Текст 2 (1)Много ребят увлекается рыбалкой, а вот поймать крупную рыбу удаётся только тем, кто внимательно наблюдает за жизнью водоёма, кто знает повадки рыб. (2)В верхних слоях прозрачной воды можно часто видеть небольших рыбок. (3)Дружными стайками плавают они у берега. (4)Если рыболов ведёт себя спокойно, рыбки иногда подплывают к его поплавку и любопытства ради толкают его головой. (5)Но вот р",Нет,Нет
vpr_sd_945351,russian,5,"Текст 2 (1)Случилось это весной на Таймыре. (2)Взяв ружьё, я отправился в горы. (3)До моей излюбленной скалы можно было уже рукой подать, как вдруг на чистом белом снегу я увидел свежий заячий след. (4)Вскоре я увидел и зайца. (5)Я бежал за ним как одержимый, а шустрый беляк успел уже перебраться через горный ручей и быстро удалялся в сторону большой белой поляны. (6)Когда же до неё добрался и я, ",Нет,Нет
vpr_sd_946168,russian,5,"Прочитайте текст 2 и выполните задания 8—12. Текст 2 (1)Ребята возвращались из леса. (2)Путь домой лежал через небольшой хуторок, что расположился за несколько километров от села. (3)Уставшие дети едва дошли до хуторка. (4)Они заглянули в крайнюю хату попросить воды. (5)Из хаты вышла женщина. (6)Женщина достала из колодца воду, поставила ведро на стол посреди двора, а сама пошла в хату. (7)Дети на",Нет,Нет
vpr_sd_945297,russian,5,"Текст 2 (1)В морозное утро слышу: кто-то стучит настойчиво, нетерпеливо. (2)Выхожу на крыльцо — никого нет. (3)И снова тот же стук. (4)Наверное, кто-то балуется, сейчас подкараулю. (5)Выглядываю из окна: снова никого нет, только нахохлившиеся воро́ны на деревьях сидят. (6)И опять: «Стук, стук, стук». (7)Наконец из окна вижу: на крылечке топчется серая ворона и толстым клювом барабанит по ступенька",Нет,Нет
vpr_sd_945896,russian,5,"Прочитайте текст 2 и выполните задания 8—12. Текст 2 (1)— Дети, идите медведя смотреть! — кричала няня. (2)Выбежали дети на крыльцо, а там уже много народу собралось. (3)Всем охота на представление поглазеть. (4)Нижегородский мужик, с большим колом в руках, держит на цепи медведя. (5)— А ну-ка, Миша, встань, подымись, честным господам, как артист, поклонись! — говорит нижегородец и дёргает медведя",Нет,Нет
vpr_sd_946051,russian,5,"Текст 2 (1)Способность птиц летать всегда привлекала человека. (2)Птицы машут крыльями и летят: одни тише, другие быстрей. (3)Есть птицы, которые могут летать, не двигая крыльями, − они паря́т. (4)Орлы и грифы на восходящих потоках воздуха способны подняться под облака, не взмахнув ни разу крылом. (5)Альбатросы, буревестники и чайки часами паря́т над океаном. (6)У парящих птиц большие крылья — либ",Нет,Нет
vpr_sd_945308,russian,5,"Текст 2 (1)Дело это давнее, а из памяти не уходит. (2)Было так: штурмом взяли рейхстаг, стихла пальба, и по траншее, вырытой на берегу речки Шпрее, ходили как неприкаянные опалённые боями люди. (3)На лицах усталость, страшная усталость… (4)Четыре года тяжёлого ратного труда: кровь, грохот, сердце в кулак сжато, спишь — не спишь — война! (5)И вдруг в полной тишине раздались новые звуки. (6)Глядим —",Нет,Нет
vpr_sd_945934,russian,5,"Текст 2 (1)Спор с тётей окончен. (2)Больше не нужно ничего никому доказывать, не на кого смотреть исподлобья злыми колючими глазами. (3)Уйти тоже нельзя. (4)Если Динка уйдёт, тётя скажет маме, что она надерзила, не послушалась и ушла. (5)Девочка стоит посреди комнаты и не знает, на что решиться. (6)Сестрёнка осторожно просовывает в дверь голову, смотрит на Динку с любовью и жалостью, качает голово",Нет,Нет
vpr_sd_945717,russian,5,"Выпишите предложение, в котором необходимо поставить запятую/запятые. (Знаки препинания внутри предложений не расставлены.) Напишите, на каком основании Вы сделали свой выбор. 1) Папа приехал из леса с большой корзиной грибов. 2) А нужно ли друзья нам пилить эту берёзу? 3) Ваня вернулся на участок и привёз тележку на четырёх колёсах. 4) Сегодня Оленька будет готовить нам обед и ужин.",Нет,Нет
vpr_sd_946011,russian,5,"Прочитайте текст 2 и выполните задания 8—12. Текст 2 (1)Серёжа устроил за окном своей комнаты кормушку для птичек. (2)Кормил он своих птиц всегда утром в одно и то же время. (3)Как прозвонит будильник, он вставал и насыпал в кормушку еду. (4)Птицы это время уже ждали, но особенно ждала одна синичка. (5)Она появлялась неизвестно откуда и смело опускалась на столик. (6)К тому же синичка оказалась оч",Нет,Нет
vpr_sd_945379,russian,5,"Прочитайте текст 2 и выполните задания 8—12. Текст 2 (1)У Нины большая семья: мать, отец, два брата, две сестры, бабушка. (2)Нина самая маленькая: ей девять лет. (3)Бабушка самая старшая; ей восемьдесят два года. (4)Когда семья обедает, у бабушки дрожит рука. (5)Все к этому привыкли и стараются не замечать. (6)Если же кто-нибудь посмотрит на бабушкину руку и подумает: почему она дрожит? — рука её ",Нет,Нет
vpr_sd_945952,russian,5,"Текст 2 (1)Мама задержалась в городе. (2)Увидев Алину и Динку с заплаканными глазами, она тревожно спросила, что у них стряслось. (3)«Ничего, это мы подумали, что с тобой что- нибудь случилось», — ответила Алина. (4)Мама успокоилась и напомнила дочкам, что те вообще любят плакать по всякому поводу. (5)Обиделись — заплакали, поссорились — заплакали. (6)Просто неиссякаемые колодцы какие-то! (7)Мама ",Нет,Нет
vpr_sd_945912,russian,5,"Текст 1 В тундр.. — в..сна. Со..нце дружески подмигива..т, посылая луч.. света из-под ни..ких обл..ков. Звенят большие (3) и малые руч..и со стоном взламывают..ся р..чушки в г..рах. Вода всюду (1) . Ступ..ш.. ногой в мох — и мох сочит..ся. Трон..ш.. мшист..ю коч..ку — и сверху появит..ся вода. Стан..ш.. ногой на л..док — и из-под л..дка брызн..т вода. Сейчас вся тундра это разр..стающееся б..лото.",Нет,Нет
vpr_sd_945329,russian,5,"Поставьте знак ударения в следующих словах: Алфавит, звонит, фарфор, упростит.",Нет,Нет
vpr_sd_945771,russian,5,"Над каждым словом напишите, какой частью речи оно является. Запишите, какие из известных Вам частей речи отсутствуют в предложении. Бабушка Егора жила в доме на краю посёлка.",Нет,Нет
vpr_sd_945367,russian,5,"Прочитайте текст 2 и выполните задания 8—12. Текст 2 (1)У Кати было два зелёных карандаша. (2)А у Лены ни одного. (3)Вот и просит Лена Катю: — (4)Дай мне зелёный карандаш. (5)А Катя и говорит: — (6)Спрошу у мамы. (7)Встречаются обе девочки на другой день. (8)Спрашивает Лена: — (9)Позволила мама? (10)А Катя вздохнула и говорит: — (11)Мама-то позволила, а брата я не спросила. — (12)Ну что ж, спроси ",Нет,Нет
vpr_sd_945681,russian,5,"Выпишите предложение, в котором необходимо поставить запятую/запятые. (Знаки препинания внутри предложений не расставлены.) Напишите, на каком основании Вы сделали свой выбор. 1) Всё найденное продовольствие Женя порезал на плоские кусочки и сложил в миску. 2) Первый снежок слегка припорошил дорожки парка. 3) Ванечка достань из подпола картошки и моркови! 4) Сашка любил украсить разговор какой-ниб",Нет,Нет
vpr_sd_946044,russian,5,"Выпишите предложение, в котором необходимо поставить запятую/запятые. (Знаки препинания внутри предложений не расставлены.) Напишите, на каком основании Вы сделали свой выбор. 1) Вы тоже коллекционируете открытки с видами городов? 2) Возьми-ка всю серию открыток с видами Суздаля! 3) Оля покажи свою самую любимую открытку. 4) Подруги подарили Оле специальный альбом для коллекции.",Нет,Нет
vpr_sd_945849,russian,5,"Выпишите предложение, в котором необходимо поставить запятую/запятые. (Знаки препинания внутри предложений не расставлены.) Напишите, на каком основании Вы сделали свой выбор. 1) Собаки разом поднялись и с лаем ринулись прочь. 2) Павел бросил горсть сухих сучьев на огонь. 3) Мальчики засмеялись и приумолкли на мгновенье. 4) А где же ты Федя лешего видал?",Нет,Нет
vpr_sd_945396,russian,5,"Выпишите предложение, в котором необходимо поставить запятую/запятые. (Знаки препинания внутри предложений не расставлены.) Напишите, на каком основании Вы сделали свой выбор. 1) Юра с большим интересом клеит модели кораблей. 2) В кружке судомоделирования мы делаем макеты и модели кораблей. 3) Принеси мне из комнаты ножницы для резки бумаги и клей! 4) Для создания макета Юра сначала внимательно из",Нет,Нет
vpr_sd_946097,russian,5,"Выпишите предложение, в котором необходимо поставить запятую/запятые. (Знаки препинания внутри предложений не расставлены.) Напишите, на каком основании Вы сделали свой выбор. 1) Передайте мне эту тарелку. 2) Приходите ко мне на день рождения. 3) Кто сделает сообщение на уроке? 4) Дорогая мама поздравляю тебя с праздником.",Нет,Нет
vpr_sd_945956,russian,5,"Выпишите предложение, в котором необходимо поставить запятую/запятые. (Знаки препинания внутри предложений не расставлены.) Напишите, на каком основании Вы сделали свой выбор. 1) Мальчики любят собирать различные модели ле́го. 2) Прочитай-ка ты сначала инструкцию по сборке моделей. 3) Сначала мальчики изучают инструкцию по сборке ле́го. 4) Сначала ребята прочтите инструкцию по сборке модели.",Нет,Нет
vpr_sd_945897,russian,5,"Выпишите предложение, в котором необходимо поставить запятую/запятые. (Знаки препинания внутри предложений не расставлены.) Напишите, на каком основании Вы сделали свой выбор. 1) Свежий снег лежит у самой кромки воды. 2) Вскоре я бросил писать стихи и стал сочинять роман. 3) Ворона сидела на ветке и смотрела с высоты на прохожих. 4) Сколько же Антипыч тебе лет стукнуло?",Нет,Нет
vpr_sd_946145,russian,5,"Выпишите предложение, в котором необходимо поставить запятую/запятые. (Знаки препинания внутри предложений не расставлены.) Напишите, на каком основании Вы сделали свой выбор. 1) Артём вынул из сумки географический атлас в картонном переплёте. 2) Тюльпаны и нарциссы расцвели в нашем саду. 3) Чем мне гости вас порадовать? 4) Больше всего Лёша любит играть в шахматы и настольный теннис.",Нет,Нет
vpr_sd_945840,russian,5,"Текст 1 Птиц.. улетят и цв..ты (1) з..вянут. Зверьки спряч..т..ся (в)норы. Жуки бабоч..ки змеи укроют..ся (подо)мхом, в з..мле‚ под валежником. Осенни.. встречи (с)ними это встречи перед ра..ст..ванием. Но ждут нас и новые св..дания. Прил..тят (в)лес зимние птиц..: сн..гири свиристели. Встрет..ш.. рябеньк..ю кедровку или даже полярную (3) сову. (Не)узнать стало старых зн..комых. Рыж..е белки стали",Нет,Нет
vpr_sd_945734,russian,5,"Поставьте знак ударения в следующих словах: упростит, создала, магазин, выздоровею",Нет,Нет
vpr_sd_945711,russian,5,"Над каждым словом напишите, какой частью речи оно является. Запишите, какие из известных Вам частей речи отсутствуют в предложении. Из глубины сада тянется к порогу лучик месяца.",Нет,Нет
vpr_sd_945383,russian,5,Текст 1 На топол.. с..дит пара вороб..ев. Они ра(з/с)пуска..т (2) крыл..я (1) и отч..янно уп..раются друг в друга. Они спор..т о домик.. для гн..зда. Более р..шительный и ло(в/ф)кий прог..ня..т другого. П..бедитель радос..но чирика..т и скрыва..т..ся в сквореч..нике. (4) Потом он выб..рает..ся из него ул..та..т куда-то. Через м..нуту воробей возвр..щает..ся с пёрышком в клюв.. . Я смотрю на скворе,Нет,Нет
vpr_sd_945686,russian,5,"Поставьте знак ударения в следующих словах: выздоровеешь, звонишь, начал, углубить",Нет,Нет
vpr_sd_945330,russian,5,"Над каждым словом напишите, какой частью речи оно является. Запишите, какие из известных Вам частей речи отсутствуют в предложении. Туман стелется над полями и над синей лентой реки.",Нет,Нет
vpr_sd_946113,russian,5,Текст 1 Я приш..л на рыбалку. (За)кинул удочки у ивы. Со..нце сп..койно плыло над лесом. Вдруг (из)за бугра выкат..лась туча. Небо пот..мнело началась гроза (1) . Тут ле(с/з)ка натянулась и медный я(c/з)ь зас..ял в глубине. Я подвёл рыбу к берегу и выбр..сил в траву. З..рница пронеслась по небу грохнуло над головой а я(c/з)ь по(д/т)прыгнул (2) в траве. Дож..ь с силой ударил по воде. Река зак..пела,Нет,Нет
vpr_sd_945914,russian,5,"Поставьте знак ударения в следующих словах: Торты, облегчить, цемент, квартал.",Нет,Нет
vpr_sd_945879,russian,5,"Над каждым словом напишите, какой частью речи оно является. Запишите, какие из известных Вам частей речи отсутствуют в предложении. Я добрался до края соснового леса.",Нет,Нет
vpr_sd_946124,russian,5,"Текст 1 Северное (2) сияние это зрелище необыч..йной кр..соты. Смотр..ш.. на него — и (не)вер..ш.. своим гл..зам. Я никогда (не)упускаю (3) случ..я полюбоват..ся северным сиянием но вп..рвые мне п..счас..ливилось его увидеть (на)бер..гу Онежского оз..ра. В полноч.. я вышел на улицу (4) . (Над)оз..ром ст..яла тиш.., которую изре(д/т)ка нарушали лай с..баки и голос какой-то ноч..ной птиц... А в звёз",Нет,Нет
vpr_sd_945854,russian,5,"Поставьте знак ударения в следующих словах: магазин, повторит, километр, квартал",Нет,Нет
vpr_sd_945795,russian,5,"Над каждым словом напишите, какой частью речи оно является. Запишите, какие из известных Вам частей речи отсутствуют в предложении. Над головой у нас свистел ледяной ветер.",Нет,Нет
vpr_sd_945752,russian,5,"Текст 2 (1)Считается, что защищают Отечество обычно мужчины. (2)Однако в русской истории были и защитницы-женщины, которые сражались за Россию с не меньшей храбростью. (3)В 1806 году молодая девушка Надежда Дурова сбежала из дома, чтобы служить Родине на военном поприще. (4)Переодевшись в мужскую одежду и представившись дворянином Александром Дуровым, она смогла поступить в уланский полк. (5)Девуш",Нет,Нет
vpr_sd_946055,russian,5,"Текст 1 Ч..дес..ны лунные мартовские ночи! Сказоч..ным каж..т..ся н..чной (1) лес. Иные, н..чные, слыш..т..ся звуки и г..л..са. Гугукнула сова и от..звались ей где-то д..леко другие нев..димки-совы. Пискнув тихонько, л..сная мыш.. проб..жала по снегу скрылась под пнём в сугроб.. . Опушкой леса проб..жала ост..рожная л..сица. В светл.. ночи выход..т к..рмит..ся на п..ля зайц.. . Ещё спят в св..их т",Нет,Нет
vpr_sd_945902,russian,5,"Поставьте знак ударения в следующих словах: ворота, алфавит, выздоровею, создал",Нет,Нет
vpr_sd_945891,russian,5,"Над каждым словом напишите, какой частью речи оно является. Запишите, какие из известных Вам частей речи отсутствуют в предложении. В сухом воздухе стоит запах полыни и мёда.",Нет,Нет
vpr_sd_945992,russian,5,"Выпишите предложение, в котором необходимо поставить запятую/запятые. (Знаки препинания внутри предложений не расставлены.) Напишите, на каком основании Вы сделали свой выбор. 1) Пусть Маша споёт нам старинный романс. 2) Спой нам Маша старинный романс! 3) Ты так проникновенно исполняешь романсы! 4) Давай-ка разучим с тобой новую песню.",Нет,Нет
vpr_sd_945312,russian,5,"Выпишите предложение, в котором необходимо поставить запятую/запятые. (Знаки препинания внутри предложений не расставлены.) Напишите, на каком основании Вы сделали свой выбор. 1) Стёпа решил заглянуть в сборник математических игр и ребусов. 2) Помоги-ка мне разобраться с этим уравнением! 3) Для подготовки к олимпиаде мы решали сложные задачи и примеры. 4) Сегодня дорогие ребята мы награждаем побед",Нет,Нет
vpr_sd_945705,russian,5,"Выпишите предложение, в котором необходимо поставить запятую/запятые. (Знаки препинания внутри предложений не расставлены.) Напишите, на каком основании Вы сделали свой выбор. 1) Надо закладывать в печь газеты и тонкие лучины. 2) Неужели ты хочешь накормить тремя картошинами двух голодных пацанов? 3) Чай завариваем с брусникой и варенье в него кладём. 4) Направим Олесенька нашу беседу в полезное р",Нет,Нет
vpr_sd_945360,russian,5,"Выпишите предложение, в котором необходимо поставить запятую/запятые. (Знаки препинания внутри предложений не расставлены.) Напишите, на каком основании Вы сделали свой выбор. 1) Для нового выпуска школьной газеты мы берём интервью у учителей и старшеклассников. 2) Таня помогает редактировать заметку о победителях конкурса. 3) Этот выпуск газеты дорогие ребята посвящается юбилею нашей школы. 4) По",Нет,Нет
vpr_sd_946133,russian,5,"Выпишите предложение, в котором необходимо поставить запятую/запятые. (Знаки препинания внутри предложений не расставлены.) Напишите, на каком основании Вы сделали свой выбор. 1) По вечерам мы нередко проводили время дома. 2) Куда ты молодец путь держишь? 3) На полках стояли фотографии в рамках и книги. 4) Саше особенно нравятся детективы и фантастика.",Нет,Нет
vpr_sd_945920,russian,5,"Выпишите предложение, в котором необходимо поставить запятую/запятые. (Знаки препинания внутри предложений не расставлены.) Напишите, на каком основании Вы сделали свой выбор. 1) Мальчики любили играть в футбол после уроков. 2) Пусть мальчики сыграют в футбол с девочками. 3) Давай ты не будешь сегодня гонять мяч после уроков. 4) Давайте мальчики сыграем в футбол после уроков.",Нет,Нет
vpr_sd_945949,russian,5,"Поставьте знак ударения в следующих словах: (Будьте) добры, диалог, звонишь, начали.",Нет,Нет
vpr_sd_945342,russian,5,"Над каждым словом напишите, какой частью речи оно является. Запишите, какие из известных Вам частей речи отсутствуют в предложении. В зеркале воды отражаются звёзды и тонкий серп месяца.",Нет,Нет
vpr_sd_945900,russian,5,"Текст 1 Осенн..я ноч.. тян..т..ся медленно (4) . Каж..тся‚ ей (не)будет к..нца. Сон в такую ноч.. в п..латк.. крепкий но недолгий. Ты пр..сыпаеш..ся чере(с/з) каждые два часа и выход..ш.. взглянуть (на)небо. Смотр..ш.., не взош..л ли Сириус, не видно ли на в..стоке п..лосы ра..света. (С)каждым ч..сом ноч.. х..лодеет. (К)утру воздух обж..гает лицо лё(х/г)ким морозом. Полы п..латки ч..ть-ч..ть прови",Нет,Нет
vpr_sd_945830,russian,5,"Поставьте знак ударения в следующих словах: звонишь, сантиметр, начался, выздоровеешь",Нет,Нет
vpr_sd_946050,russian,5,"Над каждым словом напишите, какой частью речи оно является. Запишите, какие из известных Вам частей речи отсутствуют в предложении. В саду ветви яблонь гнулись до земли под тяжестью плодов.",Нет,Нет
vpr_sd_945819,russian,5,"Над каждым словом напишите, какой частью речи оно является. Запишите, какие из известных Вам частей речи отсутствуют в предложении. Бордовые розы расцвели в саду пышным цветом.",Нет,Нет
vpr_sd_946105,russian,5,"Над каждым словом напишите, какой частью речи оно является. Запишите, какие из известных Вам частей речи отсутствуют в предложении. Вылезайте муравьи после зимней стужи.",Нет,Нет
vpr_sd_945354,russian,5,"Над каждым словом напишите, какой частью речи оно является. Запишите, какие из известных Вам частей речи отсутствуют в предложении. На берег песчаной косы ложится розоватый отблеск лучей солнца.",Нет,Нет
vpr_sd_945926,russian,5,"Над каждым словом напишите, какой частью речи оно является. Запишите, какие из известных Вам частей речи отсутствуют в предложении. Часть луговых растений перед сном закрывает лепестки цветков.",Нет,Нет
vpr_sd_946127,russian,5,"Над каждым словом напишите, какой частью речи оно является. Запишите, какие из известных Вам частей речи отсутствуют в предложении. В шкатулке лежали украшения из камней, дерева, металлов.",Нет,Нет
vpr_sd_946062,russian,5,"Над каждым словом напишите, какой частью речи оно является. Запишите, какие из известных Вам частей речи отсутствуют в предложении. С давних времён Русь славилась хвойными и лиственными лесами.",Нет,Нет
vpr_sd_945747,russian,5,"Над каждым словом напишите, какой частью речи оно является. Запишите, какие из известных Вам частей речи отсутствуют в предложении. К вечеру на траве в саду заблестела роса.",Нет,Нет
vpr_sd_945974,russian,5,"Над каждым словом напишите, какой частью речи оно является. Запишите, какие из известных Вам частей речи отсутствуют в предложении. На белом снегу они увидели заячьи и лисьи следы.",Нет,Нет
vpr_sd_945735,russian,5,"Над каждым словом напишите, какой частью речи оно является. Запишите, какие из известных Вам частей речи отсутствуют в предложении. В пятницу к Ирине приехали родственники из Минска.",Нет,Нет
vpr_sd_945756,russian,5,Текст 1 Рябина это неб..льшое в..твистое дер..вце‚ р..стущее в наших л..сах. Есть (в)ней что-то в..сёлое и радос..ное‚ как будто рябина всегда (1) и всем улыба..т..ся. Но ягоды рябины ж..сткие и невкус..ные. Летом их (не)клюют даже птиц... Только поз..ней осен..ю‚ когда нач..нут..ся первые заморо(з/с)ки (2) ‚ ягоды рябины станов..т..ся сла(д/т)кими. Поз..н..й осен..ю крест..яне в русских дер..внях,Нет,Нет
vpr_sd_945967,russian,5,"Текст 1 На д..рог.. л..жит мя(г/х)кая и тёплая (3) пыль. Так чудес..но шлёпать по ней б..сыми н..гами. Ещё х..р..шо бегать по густой и ни(з/с)кой тр..ве. Она ра(з/с)ст..лает..ся по з..мле, как пуш..стое одеяло. А на просеках (не)ра(з/с)бежиш..ся. (З/с)десь одни ч..рные пни но можно увид..ть з..лёных ящериц. Ящериц.. обитатели к..рней (1) . Они очень инт..рес..ные но мы (не)стан..м их л..вить. Ящер",Нет,Нет
vpr_sd_945696,russian,5,"Текст 1 Вечер прекрас..ная пора. День догорает (2) . Закат з..лотит дерев..я старинной (3) поз..лотой. У п..дножия сосен уже стало т..мно. Бе..шумно л..тают, как будто з..глядывают (в)лицо л..тучие мыш... Какой-то звон слыш..тся в лесах. Это звучание веч..ра. П..верхность оз..ра светит..ся, как ч..рное, косо поставленное зерк..ло. Ноч.. уже стоит (над)ним и смотр..т в его тёмную воду. (На)зап..де ",Нет,Нет
vpr_sd_946027,russian,5,Текст 1 Ос..нь п..ра л..стопада. Ра(з/с)л..телся х..лодный вет..р. Старая липа в(з/с)д..хнула и как будто выд..хнула из себя миллион з..л..тых лист..ков (2) . Прил..тевший с сев..ра вет..р рванул со всей силой. (Не)уд..ржались озя(б/п)шие лист..я и остались на ч..рных ветвях ре(д/т)кие монетки. Так поиграл вет..р с липой. Куда теперь помчит..ся вет..р Под..брался он к небольш..й туч..к.. дунул. (4,Нет,Нет
vpr_sd_946067,russian,5,"Текст 1 Я отправился за горо(д/т) в лес погл..деть, заметно ли там прибл..жение в..сны. День был яс..ный, солнеч..ный. Х..р..шо в л..су в эту предв..сенн.. пору. В..сна чу..ствует..ся только в воздух.. . Со..нце сл..пит глаза. Небо по-в..сеннему голубе..т плывут лё..кие белые обл..ка. З..мля ещё покрыта льдом и снегом д..рев..я тоже укрыва..т сне(г/к). Я шёл по л..сной тр..пинк.. и гл..дел по ст..",Нет,Нет
vpr_sd_945311,russian,5,"Текст 1 Резн..ми, ажурн..ми, игольчат..ми появляют..ся в..сной на свет первые тр..винки. Сразу и (не)различиш.., какое р..стение проклюнулось пок..залось из влажной земли. Скоро ра(з/с)пуст..т..ся ра(з/с)прав..т..ся нежные листоч..ки. (4) И уже можно будет узнать по ним тысячелис..ник одуван..ч..к р..машку и к..локольчик. Но самое настоящее ч..до прои(з/с)ход..т тогда, когда р..стения зацв..тают (",Нет,Нет
vpr_sd_946148,russian,5,"Текст 1 Любимое занятие Пети (на)мор.. это ныряние с открытыми гл..зами. На глубине (перед)мальчиком каждый ра(з/с) зан..во открыва..т..ся ч..рующий мир п..дводного (2) царства. Скво(з/с)ь (1) толщ.. в..ды я..ственно видны д..сятки тысяч разноцветных камешков. Они покрывают дно, как булыжная м..стовая. П..дводные р..стения сост..вляют сказоч..ный лес (4) . Он пронизан мутно-з..лёными луч..ми бе..ц",Нет,Нет
vpr_sd_946172,russian,5,"Текст 1 Зимний лес это уд..вительный мир. Куда ни глян..шь — всё кругом п..крыто пуш..стым (3) снег..м. А если присмотр..ш..ся к заснеженным ве(д/т)кам д..рев..ев, увид..ш.. сказоч..ные узоры: прич..дливые фигурки зв..рей птиц р..стений. Интерес..но их разб..рать и ра..сматривать. А ещё (на)свеж..м сн..гу можно увидеть множество сл..дов. (В)л..су тихо, только сне(г/к) (под)н..гами поскрипыва..т. Т",Нет,Нет
vpr_sd_946138,russian,5,"Поставьте знак ударения в следующих словах: началась, портфель, кварталы, километр",Нет,Нет
vpr_sd_945366,russian,5,"Над каждым словом напишите, какой частью речи оно является. Запишите, какие из известных Вам частей речи отсутствуют в предложении. При порыве ветра море вздрагивало и покрывалось мелкой рябью.",Нет,Нет
vpr_sd_945332,russian,5,"Текст 2 (1)О чём говорят названия растений? (2)Мать-и-мачеха и иван-да-марья, кукушкины слёзки и раковые шейки — так образно мог назвать их лишь человек, тонко чувствующий природу. (3)Представим, что издан такой ботанический словарь, где наряду с широко известными названиями растений приведены все их синонимы — названия народные, поэтические, лекарственные. (4)Листовяк, суника, позобника, полевица",Нет,Нет
vpr_sd_945758,russian,5,"Поставьте знак ударения в следующих словах: квартал, начаться, углубит, цемент",Нет,Нет
vpr_sd_945305,russian,5,"Поставьте знак ударения в следующих словах: Облегчить, создала, фарфор, щавель.",Нет,Нет
vpr_sd_945937,russian,5,"Поставьте знак ударения в следующих словах: Ждала, инженеров, позвонят, щавель.",Нет,Нет
vpr_sd_945377,russian,5,"Поставьте знак ударения в следующих словах: Дефис, звонит, инструмент, каучук.",Нет,Нет
vpr_sd_946022,russian,5,"Над каждым словом напишите, какой частью речи оно является. Запишите, какие из известных Вам частей речи отсутствуют в предложении. На тонких травинках и цветах блестит серебряными каплями роса.",Нет,Нет
vpr_sd_946010,russian,5,"Над каждым словом напишите, какой частью речи оно является. Запишите, какие из известных Вам частей речи отсутствуют в предложении. В январе обильный снегопад накрыл Москву белым покрывалом.",Нет,Нет
vpr_sd_945402,russian,5,"Над каждым словом напишите, какой частью речи оно является. Запишите, какие из известных Вам частей речи отсутствуют в предложении. В лугах развернулся пёстрый ковёр из трав и листьев.",Нет,Нет
vpr_sd_946106,russian,5,"Над каждым словом напишите, какой частью речи оно является. Запишите, какие из известных Вам частей речи отсутствуют в предложении. Дружба крепка не лестью, а правдой и честью.",Нет,Нет
vpr_sd_945938,russian,5,"Над каждым словом напишите, какой частью речи оно является. Запишите, какие из известных Вам частей речи отсутствуют в предложении. Робкие лучи солнца осветили зелёный холм и синюю речку.",Нет,Нет
vpr_sd_946100,russian,5,"Над каждым словом напишите, какой частью речи оно является. Запишите, какие из известных Вам частей речи отсутствуют в предложении. Кусты дикой маслины дрожали над пропастью.",Нет,Нет
vpr_sd_946151,russian,5,"Над каждым словом напишите, какой частью речи оно является. Запишите, какие из известных Вам частей речи отсутствуют в предложении. Свиристели облепили ветки рябины и клюют ягоды.",Нет,Нет
vpr_sd_946029,russian,5,"Над каждым словом напишите, какой частью речи оно является. Запишите, какие из известных Вам частей речи отсутствуют в предложении. От лесного пожара овраги и опушка берёзовой рощи почернели.",Нет,Нет
vpr_sd_945804,russian,5,Текст 1 (В)конце марта на лес..ной д..роге начина..т по(т/д)таивать ж..сткий снег. Днём на неё соб..рают..ся все в..сенние птиц... Ноч..ю по той же д.. роге проб..гают (2) и звери. Они (не)хотят вязнуть до ушей (в)з..рнистом сн..гу. Всё реже езд..т на с..нях (по)д..роге люди. Со..нце пригр..вает и д..рога (ф/в)скоре делает..ся пл..тиной для в..сенн..х руч..ёв (1) . (Из)них на одной ст..роне д..рог,Нет,Нет
vpr_sd_945925,russian,5,"Поставьте знак ударения в следующих словах: Магазин, поняла, инструмент, алфавитный.",Нет,Нет
vpr_sd_946096,russian,5,"Прочитайте текст 2 и выполните задания 8—12. Текст 2 (1)Собрался Емеля на охоту, а внука Гришутку дома оставил. (2)Никак Гришутка с зимы поправиться не мог. (3)— Добудешь телёнка, дедко? — просит Гришутка. (4)— Добуду... — обещает старик. (5)Три дня бродил Емеля по лесу с собакой своей, Лыском, и всё напрасно: оленя с телёнком не попадалось. (6)И разве в просьбе дело! (7)Ослаб больно Гришутка‚ ему",Нет,Нет
vpr_sd_945359,russian,5,"Текст 1 Моторный баркас, ра(з/с)секая лё(г/х)кие (3) волны (К,к)аспийского моря, мчит к бер..гу. Вокру(г/к) (1) простира..т..ся г..лубая даль моря. Вп..р..ди начинают..ся высокие густые к..мыши. Выс..ко в неб.. кружат орланы и коршуны. (4) На волнах п..качивают..ся белые пеликаны. На их спины спокойно взб..рают..ся бакланы. Этих птиц (з/с)дружила совмес..ная ловля рыбы. Пеликаны на мощ..ных крыл..",Нет,Нет
vpr_sd_946111,russian,5,"Поставьте знак ударения в следующих словах: Допуск, блюдце, скосить, учреждение.",Нет,Нет
vpr_sd_946107,russian,5,"Над каждым словом напишите, какой частью речи оно является. Запишите, какие из известных Вам частей речи отсутствуют в предложении. В шкафу кротко блестели золотыми буквами корешки книг.",Нет,Нет
vpr_sd_945728,russian,5,"Прочитайте текст 2 и выполните задания 8—12. Текст 2 (1)Весной под карнизом Лениного дома воробьи свили гнездо и вывели птенцов. (2)Целыми днями заботливые родители носили малышам мошек и гусениц, выкармливали, а Лена за ними наблюдала. (3)Но вот настала пора птенцам вылетать из гнезда. (4)Все птенцы благополучно вылетели, лишь последний продолжал сидеть на самом краю карниза, видно, никак не мог ",Нет,Нет
vpr_sd_945903,russian,5,"Над каждым словом напишите, какой частью речи оно является. Запишите, какие из известных Вам частей речи отсутствуют в предложении. К вечеру высокие облака исчезают с неба.",Нет,Нет
vpr_sd_945392,russian,5,"Текст 2 (1)Пушкин начал писать очень рано. (2)Сестра его рассказывала, что ещё девятилетним мальчиком до поступления в Лицей он пробовал сочинять. (3)Он разыгрывал перед сестрой маленькие комедии. (4)Когда одну из них Ольга Сергеевна осмеяла, Пушкин не обиделся, а сам на себя сочинил по-французски эпиграмму. (5)Многих древних и современных писателей Пушкин тоже полюбил в раннем детстве. (6)Едва на",Нет,Нет
vpr_sd_945720,russian,5,Текст 1 Около полудня появляет..ся множество круглых обл..ков. Они с..роватые‚ а края у них белые. Они наскво(з/с)ь пр..никнуты светом и т..плотой. Обл..ка поч..ти (не)движ..тся между ними вид..шь большие (3) пр..светы неба. Цвет небосклона (не)меняется весь день. Нигде не т..мне..т не густе..т гроза. Только изре(д/т)ка протян..тся сверху вниз (1) г..лубоватая пол..са. Это струйки дождя. (К)вечеру,Нет,Нет
vpr_sd_945766,russian,5,"Текст 2 (1)Человеческий глаз приспособлен для видения на свету. (2)Чем меньше света, тем труднее глазу видеть. (3)Но человеческий разум создал электрическое освещение, изобрёл приборы, позволяющие видеть в темноте. (4)А как же видят те животные, жизнь которых проходит в норах или на дне океана, куда не проникают солнечные лучи? (5)Многие животные приспособились к жизни в темноте: зрение им заменил",Нет,Нет
vpr_sd_945792,russian,5,"Текст 1 Март самое начало в..сны. Сне(к/г) ещё (1) глубокий но очень рыхлый. Птиц.. перелетают (2) к..рмит..ся (из)леса на бе..крайние весенние (3) поля. Они ищ..т те места, где в..дны ч..рные проталины з..мли. За..ц с трудом скач..т (по)снегу (4) . Он пр..валивает..ся до земли и св..им брюхом п..дламывает наст. (С)неба вместо снега уже капает дождь. Л..тят вни(с/з) капли св..ркают и гас..нут (на)",Нет,Нет
vpr_sd_945407,russian,5,Текст 1 Сне(г/к) та..т на глазах. Выс..хла булыжная м..стовая и по ней загр..мели к..лёса теле(г/к). На небольш..м сухом буг..рке игра..т р..бята. Ре(д/т)кий крест..янин приед..т в..сной из дальн..й деревн.. в горо(д/т) ед..т обочиной по руч..ям еле тащ..т..ся. Мне (не)сидит..ся дома. Утром я од..ваюсь и уб..гаю на улицу. (4) Весь (1) наш мален..кий (3) горо(д/т) залит в..сенн..м со..нцем. Бл..стя,Нет,Нет
vpr_sd_946119,russian,5,Текст 1 B лесу всегда смотриш.. (под)ноги. Вот б..жит по тропинке ж..вой руче..к. Оглянулся я наза.. и увид..л большой муравейник. День и ночь (1) к..пит в нём работа. Ш..рокой полосой т..ропятся по делам мурав..и. (В)перёд они идут (на)ле(г/х)ке (4) . Обратно несут на себе гус..ниц мух жучков. А рядом с мурав..иной доро(ж/ш)кой с..дит птичка. Хв..тает муравьёв (3) одного за другим. Но не ест их. ,Нет,Нет
vpr_sd_945708,russian,5,Текст 1 Блудово болото это уд..вительное место. Оно н..чинает..ся зар..слями ивы ольхи (1) и других кустарников. Первый человек прошёл эти приболотные (2) места с т..пором (в)руке и пр..рубил прохо(т/д) для других. (Под)ногами человеческими ут..птались ж..сткие коч..ки и тр..па стала кана(ф/в)кой. Её каждый ле(х/г)ко замет..т. Мы без труда движ..мся (по)ней в предра..светной (3) т..мноте. И при пе,Нет,Нет
vpr_sd_946136,russian,5,"Текст 1 В г..рах в..сна наступа..т стр..мительно (4) . Утром начинает..ся сн..гопад. Днём проглян..т со..нце поплывут и исп..рят..ся сн..га даже ра..цв..тут (2) ж..лтые цв..ты, которые р..стут на склонах. А (к)веч..ру з..мля уже по(д/т)сохн..т останут..ся лишь неб..льш..е лужиц... За ноч.. в них и (в)руч..ях намёрзн..т лёд (1) . А на другое утро глян..шь с в..ршины и залюбу..ш..ся. Небо яс..ное го",Нет,Нет
vpr_sd_945931,russian,5,"Текст 1 (1)Меня пригл..сили снимат..ся в ист..рическом фил..м..! (2)По ас(в/ф)альтовой (3) д..ро(ж/ш)к.. я радос..но подх..жу к под..езду киностудии. (3)Пройдя длинный к..ридор, поп..даю в небол..ш..е пом..щение. (4)В нём ра(с/з)пол..гает..ся низ..нький диван..чик с выгнут..ми, как у таксы, но(ж/ш)ками. (5)На ст..не — п..ртрет девоч..ки в тулупе и пл..точк.. . (6)Какое зн..комое л..цо. (7)Я где-то",Нет,Нет
vpr_sd_945335,russian,5,"Текст 1 У дач..ного (3) крыльца р..стёт м..л..денькая б..рё(з/с)ка. Ствол у неё белый-белый, очень пр..мой, словно его о(б/п)тачивали на токарн..м станке. Сле(г/х)ка ш..вел..т..ся и колыш..т..ся на в..тру з..лёные листоч..ки. (4) Стройный ствол б..рё(з/с)ки ещё вчера был гла(д/т)кий а сегодня на нём в..сят, как космы, белые ч..шуйки коры. Б..рё(з/с)ка м..няет одежду и м..нять буд..т всё лето. Подр",Нет,Нет
vpr_sd_946109,russian,5,"Поставьте знак ударения в следующих словах: Павильон, жюри, поняла, гадание.",Нет,Нет
vpr_sd_945805,russian,6,"Текст 1 Слово «з..ря» одно из пр..красных слов ру(с/сс)кого языка. Это слово никогда (не)говорят громко. Н..льзя даже пре..ставить себе чтобы его можно было прокр..чать. Оно сродни той уст..явшейся т..шине ночи когда над зар..слями д..ревенского сада зан..ма..тся чистая и слабая с..нева. З..ря бывает не только утре(н/нн)яя но и в..черняя. В..черняя з..ря нач..на..тся(3), когда со..нце уже зайдёт з",Нет,Нет
vpr_sd_945790,russian,6,"Поставьте знак ударения в следующих словах. Кружева, комбайнер, намерение, торты.",Нет,Нет
vpr_sd_945707,russian,6,"Над каждым словом напишите, какой частью речи оно является. Из него бьет подземный ключ.",Нет,Нет
vpr_sd_945718,russian,6,Найдите и исправьте ошибку (ошибки) в образовании формы слова. Запишите правильный вариант формы слова (слов). 1) яркая тюль 2) менее значительный 3) в двух тысячи пятом году 4) их успехи,Нет,Нет
vpr_sd_945397,russian,6,"Прочитайте текст 2 и выполните задания 9—13. Текст 2 Прекрасное мгновенье. (1)Летний день погас. (2)На баскетбольной площадке в парке вспыхнули яркие лампы. (3)Десятки людей стекаются к ней со всех сторон. (4)Может быть, особо интересный матч и здесь собираются болельщики? (5)Где же тогда игроки? (6)Между тем люди заняли всю площадку. (7)Они плотно окружили подставку с высоким, более двух метров, ",Нет,Нет
vpr_sd_945711,russian,6,"Текст 1 На опушке м..лодого леса (не)большой прудок. Из него(3) б..ет по..земный ключ... Этот прудок к..лыбель великой ру(с/сс)кой реки(4). В б..лотах и тр..синах р..дится Волга и отсюда отправля..тся в д..лекий путь. Волга кр..савица. Кр..сота её пр..славлена народом поэтами и художник..ми. Она пр..ходит через м..ста, уд..вительно кр..сивые и разн..образные по клим..ту, р..стительному покрову и ж",Нет,Нет
vpr_sd_946060,russian,6,"Поставьте знак ударения в следующих словах. Заговор, начать, оптовый, поднят.",Нет,Нет
vpr_sd_946079,russian,6,"Над каждым словом напишите, какой частью речи оно является. Вовка — полная ему противоположность.",Нет,Нет
vpr_sd_945690,russian,6,Найдите и исправьте ошибку (ошибки) в образовании формы слова. Запишите правильный вариант формы слова (слов). 1) менее веселее 2) пятидесятью килограммами 3) нет торта 4) написав письмо,Нет,Нет
vpr_sd_946175,russian,6,"Прочитайте текст 2 и выполните задания 9—13. Текст 2 (1)Часами он бродил после бури по берегу и спасал, кого ещё можно спасти. (2) Он радовался, видя, как рыба, брошенная в воду, уплывала, весело махнув хвостом. (3)Он радовался каждый раз, когда полууснувшие рыбы, плававшие в воде боком или брюшком, в конце концов оживали. (4)Подбирая на берегу большую рыбу, Ихтиандр нёс её к воде. (5)Рыба трепета",Нет,Нет
vpr_sd_945333,russian,6,"Текст 1 С..яет снег, сл..пит глаза. Дерев..я застыли в оц..пенени.. и (не)дыш..т. Идёш.. по тропк.. и в ушах слыш..т..ся нар..стающий звон безмолвия. Вдруг лё(г/х)кий ш..рох застав..л меня обернут..ся. П..ляну большими скач..ками перес..кала белка. (4) Пуш..стый, красивый зв..рёк ост..новился на кочк.. и зам..р, словно предл..гая полюбоват..ся собой. Я стоял неп..движно боялся и(с/з)пугать рыж..ю ",Нет,Нет
vpr_sd_945966,russian,6,"Поставьте знак ударения в следующих словах. Позвоним, случай, туфля, шкафы.",Нет,Нет
vpr_sd_945977,russian,6,"Над каждым словом напишите, какой частью речи оно является. С восьмого века здесь добывали соль и отправляли её по шёлковому пути.",Нет,Нет
vpr_sd_945840,russian,6,Найдите и исправьте ошибку (ошибки) в образовании формы слова. Запишите правильный вариант формы слова (слов). 1) к две тысячи пятому году 2) жгёт костер 3) пачка макарон 4) фильм наиболее интереснее,Нет,Нет
vpr_sd_945729,russian,6,"Прочитайте текст 2 и выполните задания 9—13. Текст 2 Умная собака 1)У меня была большая собака по имени Джим. (2)Летом я жил на даче, и воры у меня ее украли. (3)Я ее искал, искал и нигде не мог найти. (4)Осенью я вернулся в свою городскую квартиру. (5)Сижу там, горюю, что у меня пропала такая дивная собака. (6)Вдруг слышу звонок. (7)Я открываю дверь и вижу, что на площадке сидит моя собака. (8)А ",Нет,Нет
vpr_sd_945889,russian,6,"Текст 1 Щипихино б..лото ок..залось почти круглым. (По)самому краю его обойдёшь за каких-нибудь(2) двадцать м..нут. (В)нем нет ни одной ямы, ни одного по-настоящему тря..кого места. Высокие(3) пышные кочки напом..нают груду только что в(с/з)битых пуховых подуш..к которые заботл..вая х..зяйка вынесла пр(о/а)сушить на вет..рке. Новичок долго топч..тся в (не)доумении потому что его подводят глаза, на",Нет,Нет
vpr_sd_945874,russian,6,"Поставьте знак ударения в следующих словах. Ракушник, верба, позвонишь, медовый.",Нет,Нет
vpr_sd_945689,russian,6,"Над каждым словом напишите, какой частью речи оно является. Пережива..ш.. тревожное настр..ение которое буд..т вообр..жение.",Нет,Нет
vpr_sd_945728,russian,6,Найдите и исправьте ошибку (ошибки) в образовании формы слова. Запишите правильный вариант формы слова (слов). 1) поклади на стол 2) килограмм яблок 3) пара полотенцев 4) сильнейший,Нет,Нет
vpr_sd_945915,russian,6,"Прочитайте текст 2 и выполните задания 9—13. Текст 2 Жаворонок (1)Ещё холодно, почти повсюду лежит снег. (2)Мартовское солнце светит ярко, но греет ещё слабо. (3)Однако весна уже наступила. (4)И доказательство этому — звонкая птичья песня, которая льётся откуда-то сверху. (5)Певца разглядеть трудно: солнце слепит глаза. (6)Но можно сразу сказать, что это жаворонок. (7)Вот он опустился пониже, тепе",Нет,Нет
vpr_sd_946065,russian,6,"Текст 1 Над (с/з)данием ц..нтральной телефо(н/нн)ой станции засв..тилось голубовато(серое) небо(4). Наступил тума(н/нн)ый день поз..ней парижской осени. На круглой, чистенькой площади в..лос..педист ради отдыха от езды по сколь..ким мостовым сле(с/з) с в..лос..педа и пош..л пешком. В круглой(3) крышечке(2) в..лос..педного звонка бл..снуло серебря(нн/н)ой звездой со..нце над Парижем. В..лос..педист",Нет,Нет
vpr_sd_945942,russian,6,"Поставьте знак ударения в следующих словах. Банты, включит, понял, создала.",Нет,Нет
vpr_sd_946135,russian,6,"Над каждым словом напишите, какой частью речи оно является. Он произр..стает в иле и мутной воде но (не)загрязня..тся ими.",Нет,Нет
vpr_sd_946016,russian,6,Найдите и исправьте ошибку (ошибки) в образовании формы слова. Запишите правильный вариант формы слова (слов). 1) иностранные паспорта 2) трёхстам жителям 3) насквозь промок 4) езжайте на юг,Нет,Нет
vpr_sd_945359,russian,6,"Прочитайте текст 2 и выполните задания 9—13. Текст 2 Цветок спящей красавицы (1)У многих народов есть сказка о спящей красавице. (2)Этот поэтический образ возник из наблюдений за шиповником. (3)Шиповник — это дикая роза. (4)Сказка о спящей красавице у некоторых народов так и называется: «Дикая розочка». (5)Побеги шиповника поникают верхушкой, образуют дуги. (6)Из почек появляются новые побеги и то",Нет,Нет
vpr_sd_946172,russian,6,"Поставьте знак ударения в следующих словах. Бетон, маляр, штукатур, столяр.",Нет,Нет
vpr_sd_945403,russian,6,"Над каждым словом напишите, какой частью речи оно является. Ребята не оставили беспомощных птенцов, а на второй день вернули их наседке.",Нет,Нет
vpr_sd_945302,russian,6,Найдите и исправьте ошибку (ошибки) в образовании формы слова (слов). Запишите правильный вариант формы слова (слов). 1) забавное шимпанзе 2) пятистами деревьями 3) книга более содержательная 4) трое друзей,Нет,Нет
vpr_sd_945369,russian,6,"Прочитайте текст 2 и выполните задания 9—13. Текст 2 Заботливая канарейка (1)Однажды мы с братом нашли в саду под деревом щеглёнка, выпавшего из гнезда. (2)Брат поднял птичку, отнёс домой и положил в клетку, где у нас жили канарейка и щегол. (3)Как ни странно, щегол не обратил никакого внимания на юного сородича. (4)Канарейка же, наоборот, сразу стала о нём заботиться. (5)Чуть только малыш начинал",Нет,Нет
vpr_sd_945913,russian,6,"Над каждым словом напишите, какой частью речи оно является. Не всякое гусиное перо годилось для письма, из десяти выбиралось одно-два.",Нет,Нет
vpr_sd_945917,russian,6,"Текст 1 Дач..ный п..сёлок ра(з/с)пол..жился на песча(н, нн)ой(2) горе у самого моря. За деревя(н, нн)ыми дом..ками ра(з/с)кинулся с..сновый бор. Внизу, под г..рой, серая лента ш..ссе. По одну её стор..ну зар..сли м..лины ч..рёмухи. По другую – песок (зелёно)г..лубая осока, и(з/с)точенные водой камни и море… Море (не)спокойное но пр..красное. Оно в..лну..т..ся в(з/с)дыха..т. Это ветер трепл..т его ",Нет,Нет
vpr_sd_945678,russian,6,"Поставьте знак ударения в следующих словах. Банты, каталог, ломоть, тотчас.",Нет,Нет
vpr_sd_945375,russian,6,"Над каждым словом напишите, какой частью речи оно является. В этой легенде говорится не о двух лебедях, а о настоящей верности.",Нет,Нет
vpr_sd_945830,russian,6,Найдите и исправьте ошибку (ошибки) в образовании формы слова. Запишите правильный вариант формы слова (слов). 1) опытные тренера 2) менее значительный 3) в две тысячи пятом году 4) ехай домой,Нет,Нет
vpr_sd_945691,russian,6,"Прочитайте текст 2 и выполните задания 9—13. Текст 2 1)Грэй выбрался на открытое место, заросшее пёстрой травой, и увидел спящую девушку. (2)Он тихо отвёл рукой ветку и остановился. (3)В пяти шагах от капитана, свернувшись, лежала утомившаяся Ассоль. (4)Её волосы сдвинулись в беспорядке. (5)У шеи расстегнулась пуговица, открыв белую ямку. (6)Ресницы спали на щеке, в тени нежного, выпуклого виска, ",Нет,Нет
vpr_sd_946083,russian,6,"Текст 1 Замысел художника Однажды утр..м я встал чуть раньше. Смотрю — у завешенного окна они с..дят вдвоем за столом — внешне суровый рыбак и старающийся ему во всём подр..жать мальчишка. М..лчат погружены в свои мысли. Настолько сердеч..ными, теплыми были их отн..шения что это не могло (не)запасть в душу. Мя..кий, (не)вид..мый свет окут..вал их фигуры(4). На лицах теплый любящий взгля(т/д). В че",Нет,Нет
vpr_sd_945374,russian,6,"Поставьте знак ударения в следующих словах. Документы, ждала, красивее, клала.",Нет,Нет
vpr_sd_946033,russian,6,"Над каждым словом напишите, какой частью речи оно является. Дымов и Кирюша быстро ра..делись и с громким криком попадали в воду.",Нет,Нет
vpr_sd_945868,russian,6,Найдите и исправьте ошибку (ошибки) в образовании формы слова. Запишите правильный вариант формы слова (слов). 1) мокла под дождём 2) косвенных падежов 3) ложи на парту 4) здоровые дёсны,Нет,Нет
vpr_sd_946129,russian,6,"Прочитайте текст 2 и выполните задания 9–13. Текст 2 (1)На Руси солонка всегда была предметом очень почитаемым. (2)Ведь наряду с хлебом соль являлась символом благополучия, вот почему дорогих гостей издревле встречали хлебом-солью. (3)Без деревянных расписных солонок, которые назывались солоницы, не обходилось ни одно праздничное торжество. (4)Говорят, что наиболее почётными местами за столом счит",Нет,Нет
vpr_sd_946088,russian,6,"Поставьте знак ударения в следующих словах. Кашлянуть, мусоропровод, недуг, обеспечение.",Нет,Нет
vpr_sd_946006,russian,6,Найдите и исправьте ошибку (ошибки) в образовании формы слова. Запишите правильный вариант формы слова (слов). 1) одеть пальто 2) ихние дети 3) положи в портфель 4) самый умный,Нет,Нет
vpr_sd_945879,russian,6,"Текст 1 Последнюю ночь перед уходом в подземелье Володя н..чевал в доме дяди Гриценко. Заскв..зили первые проблески ра(с/сс)вета, и дядя Гриценко, затопав босыми н..гами (по)хате, поднял штору, пуская в комнату холодную муть начавшегося утра. Затем он ра(з/с)толкал крепко спавших р..бят. Мальчики, з..вая, од..вались. Они умылись студеной в..дой, согнавшей с них зевоту. Сосредоточе..о ж..вали они х",Нет,Нет
vpr_sd_946144,russian,6,"Поставьте знак ударения в следующих словах. Дефис, диалог, занятой, искра.",Нет,Нет
vpr_sd_945819,russian,6,"Над каждым словом напишите, какой частью речи оно является. Их(3) головы прятались за ворохами сухого бурьяна, который они собрали для будущего костра.",Нет,Нет
vpr_sd_946009,russian,6,"Текст 1 В отсветах вечерн..й з..ри видне..тся зубчатый(2) част..кол елей. Сгущаются сумерки, и все и(с/з)чезает во мраке ночи. Но вот выгляд..ва..т(3) месяц и мя..ким светом загоняет потемки в лесную чащу, серебря(н/нн)ым сиянием зал..вая (не)большую поляну. Ничто (не)нарушает тишины. Вдруг хрус..нул снег(4). Это вышагивает дымчато(серый) лось. Преспокойно проб..рается к осинке и белогубой пастью ",Нет,Нет
vpr_sd_945762,russian,6,"Поставьте знак ударения в следующих словах. Взяла, гражданство, о деньгах, искра.",Нет,Нет
vpr_sd_945885,russian,6,"Над каждым словом напишите, какой частью речи оно является. По самому краю его обойдёшь за каких-нибудь двадцать минут.",Нет,Нет
vpr_sd_946146,russian,6,Найдите и исправьте ошибку (ошибки) в образовании формы слова. Запишите правильный вариант формы слова (слов). 1) прикладите карту 2) в боку 3) знаменитые профессора 4) ихний успех,Нет,Нет
vpr_sd_946084,russian,6,"Прочитайте текст 2 и выполните задания 9—13. Текст 2 Ночное приключение (1)В начале летних каникул мы с товарищем задумали совершить небольшое путешествие в резиновой лодке. (2)Никому ничего не сказав, мы быстро собрались в путь и к ночи были на берегу реки. (3)Ночная тишина, прерываемая каким-то резким птичьим криком, влажный пронизывающий воздух — всё это нехорошо воздействовало на нас. (4)В теч",Нет,Нет
vpr_sd_945379,russian,6,"Текст 1 Дом ждёт, когда к..мпозитор сяд..т за рояль. Слышно, как проп..ёт п..ловица вспомн..т дн..вную музыку выхват..т какую(нибудь) ноту. Так музыканты настра..вают инструменты скрипку контрабас арфу. Ноч..ю (Ч,ч)айковский пр..слушива..т..ся к (не)громк..м но скр..пуч..м звукам и спраш..вает себя (К,к)ак передать (не)земной в..сторг от зрелища радуги Полусо(н,нн)ый к..мпозитор вспомн..л, как укр",Нет,Нет
vpr_sd_945924,russian,6,"Поставьте знак ударения в следующих словах. Взяла, занялась, изредка, кухонная.",Нет,Нет
vpr_sd_945331,russian,6,Прочитайте текст 2 и выполните задания 9—13. Текст 2 Царь и сокол (1)Льгов — большое степное село с очень древней каменной одноглавой церковью. (2)На болотистой речке Росоте стоят две мельницы. (3)Верст за пять от Льгова Росота превращается в широкий пруд. (4)По краям и кое-где посередине пруд зарос густым тростником. (5)Местные жители называют такой тростник майером. (6)Бесчисленное множество уто,Нет,Нет
vpr_sd_945844,russian,6,Текст 1 Поз..ним вечером мы останавлива..мся на ночле(г/к) в горах. У сочащегося из земли роднич..ка р..стут старые пихты тяну(тс/тьс)я корявые берё..ки. Яркая звезда заг..релась над г..рами. Летом (под)высокими пихтами жили пастухи. Раньше (с/з)десь стоял(3) сделанный из пихтовых дранок балаган. Ветер и (не)погода давно ра(с/з)метали лё..кое пастушеское жилище. Мы взялись за во(с/сс)тановление ра,Нет,Нет
vpr_sd_945900,russian,6,"Текст 1 Солнышко еще только выгл..нуло(3) из(за) дальнего леса а пчелы уже (на) работе. Воздух над пасекой весь наполнен пч..ли..ым гулом. Вслед за пчелами подн..мается Саня. Он спит в деревя..ой беседке, поставленной прямо в с..р..дине пасеки. Мальчик пот..нулся сла..ко умылся и п..шел к своему р..бочему месту(4). Теперь до самого завтр..ка буд..т постукивать т..пориком стр..гать побл..скивающие ",Нет,Нет
vpr_sd_945722,russian,6,"Текст 1 Незабываемое неизгладимое впеч..тление оставила гроза в деревне. Нач..лась она вечером. Светлая з..ря осв..щала розовым светом нашу(3) спальню. Через окна комната наполнилась уд..вительно свежим чуть влажным воздух..м. Вдру(к/г) страшный(2) гр..мовой удар потряс весь дом и полил дождь, не пр..кращавшийся около часа. Раскаты грома не смолкали ни на минуту сковали нас и д..ржали в состоянии ",Нет,Нет
vpr_sd_946160,russian,6,"Текст 1 Каждый год в весе(н/нн)ем лесу происход..т чудо. Зацвета..т ландыш. Уд..вительных цветов много но этот самый изящ..ный самый душистый самый таинств..(н/нн)ый. Накл..нились вни(з/с) на дли(н/нн)ом стеб..льке бел..снежные(2) ф..рфоровые кольца с резными краями. Кажется, что (не)извес..ный мастер пр..дал такую (не)обычную форму реч..ному жемчугу. К концу лета они превратят..ся в оранжево(крас",Нет,Нет
vpr_sd_946150,russian,6,"Текст 1 Однажды из св..их вещей дед и..влёк большую шк..тулку. Она ок..залась заполненной всевозможными пр..дметами. Дед поставил на пол свою большую шк..тулку(4). Откинул крышку вынул из шк..тулки один пр..дмет и нач..л свой долгий и интересный ра(с/сс)ка(з/с). С ним была связана часть его жизни, проведенной в пут..шествиях. В первый(3) вечер дед достал маленькую коробочку с засушенным насекомым ",Нет,Нет
vpr_sd_945862,russian,6,"Текст 1 Во все времена года хорош ру(с/сс)кий лес з..мой летом осенью и в..сной. В тихий зимний день выйдеш.. в лес на лыжах дыш..ш.. и не надыш..ш..ся. Под деревьями ра(с/сс)тилают..ся белые сугробы, а над л..сными тр..пинками кружевными(2) арками с..гнулись под тяжестью инея молодые бере..ки. Хорош лес ра(н/нн)ей и поз..ней весной когда пробуждается в нем(3) бурная жизнь, затаивш..яся на зиму и ",Нет,Нет
vpr_sd_945834,russian,6,"Текст 1 Дальние(3) горы, овеянные син..ватой мглой, реяли и распл..влялись у г..ризонта. Лё..кий ветер ш..велил густые травы, п..стревшие разн..цветными г..ловками. Кое-где открывались вдруг небольшие озерки, будто упавшие на землю и оправленные в изумрудную зел..нь. Мы миновали (не)большую кучку юрт, распол..жившихся на холме над озером. З..лёный луг опять принял нас в свои молчаливые об(ь/ъ)ят(ь",Нет,Нет
vpr_sd_945400,russian,6,"Текст 1 Модест Мусоргский один из в..личайших русских к..мпозиторов. Где наход..т..ся его музей спрос..ш.. ты. Отправ..мся в путь по ш..ссе Москва−Рига. Доедем до с..ла (К,к)арево. (З/с)десь распол..гает..ся (не)большая уса(д/т)ьба в ней р..дился к..мпозитор. Всё тут, как прежде. Р..стёт старая ива у пруд..ка кусты (бледно)розовой с..рен.. у д..ревя(н,нн)ого дома. Извилистые тр..пинки и д..ро(ж/ш)",Нет,Нет
vpr_sd_945306,russian,6,"Текст 1 Лес г..товит..ся(3) к зиме: опустел пр..уныл. А зима сп..шит и с кажд..м днём продвига..т..ся всё дальше на юг. На (К,к)авказе ещё осень. И в л..су можно увидеть много инт..рес..ного. Каштан одно из самых кр..сивых д..рев..ев в л..сах (К,к)авказа. Д..рев..я эти (не)обыч..ны. Три раза меня..т..ся у них цвет лист..ев. В..сной, когда ра(з,с)пускают..ся, они (к..ричнево)красные, летом (светло)",Нет,Нет
vpr_sd_945940,russian,6,"Текст 1 Фёдор Шаляпин извес..ный всему миру оперный бас. Он был высок и (широко)плеч.. . (Не)обычн..м фактам биографии п..вца удивля..ш..ся до сих пор. Шаляпин всегда брал с с..бой на гастроли кожа(н,нн)ый(2) п..ртфель (ярко)ж..лтого цвета. В п..ртфел.. л..жал (не)больш..й но пр..метный ящич..к. Что там хр..нит..ся инт..рес..вались друз..я. Но (н..)кто (не)знал о содержимом ящичка: ни р..дные п..в",Нет,Нет
vpr_sd_945676,russian,6,"Текст 1 Л..са в Мещере разбойнич..и глухие. Хорошо идти весь день по этим лесам. Проб..рат..ся скво(с/з)ь зар..сли кустов по д..рогам к дальн..му озеру. Путь в лесах это к..л..метры т..шины, бе(с/з)ветрия. Я люблю(3) л..сные сумерки, когда из мхов тян..т сыростью в траве г..рят св..тляч..ки. Закат тяжело пыла..т на кронах деревьев з..лотит их стари..ой(2) поз..лотой. Последний луч.. со..нца ещё к.",Нет,Нет
vpr_sd_945816,russian,6,"Текст 1 Петька и Мишка устало пл..лись по пусты..ому берегу моря(4). От едва колышущегося моря на мальчиков веяло стра(н/нн)ым п..коем и тиш..ной. Лучи не зашедшего еще за г..ризонт со..нца ск..льзили по ле..ким волнам, наб..гавшим на берег. Пропитанная полы..ым зап..хом дли..ая степная дорога к морю осталась позади, а впереди во всю даль и ширь ра(с/сс)т..лалось открытое море. И ребятам к..залось",Нет,Нет
vpr_sd_945750,russian,6,Текст 1 Глубокой осенью заметно пустеют леса и п..ля на б..регах рек дольше задерж..ваются перелётные птицы. Иногда разд..ётся из(под) пр..брежного куста голос земл..ройки(4). Крохотные зверьки держались (с/з)десь и летом в густых тр..вяных дебрях хорошо скрывались от посторо(н/нн)его взгляда. А сейчас среди пор..девших трав заметить их стало ле..че. Чаще других попада..тся обыкновенная бурозубка.,Нет,Нет
vpr_sd_945778,russian,6,"Текст 1 Р..стения и(с/з)м..няются под вл..янием руки человека(4). Человек перенос..т не только культурные р..стения но и дикие в другие м..ста, д..леко от их родины. И встреченный в поле или на д..роге с..рняк вдруг оказыва..тся пам..тником(2) древнего события. Как во(з/с)пом..нание о взятии Парижа ру(с/сс)кими войсками в тысяч.. восем..сот четырна..цатом году осталось сорное р..стение свербига се",Нет,Нет
vpr_sd_946104,russian,6,"Текст 1 Мы играли в саду за домом когда вернулись охотники. С те(р/рр)асы закр..чали Бегите скорей, посмотрите, кого привезли! По двору, опис..вая кру(к/г) перед крыльцом, прое..жали одна за другой нагруженные телеги. На них были звери(н/нн)ые шкуры р..га диких козлов и кабан..и туши. Отец ш..гал у последней телеги а на ней с..дел т..грёнок. Пока отец отпр..гал уставших лошадей разб..рал вещи и ум",Нет,Нет
vpr_sd_945362,russian,6,"Текст 1 Константин Эдуардович Циолковский бл..стательный уч..ный изобр..татель ракеты. В (К,к)алуге над (О,о)кой во(з/с)выша..т..ся д..ревя(н,нн)ый дом-музей. У(з/с)кая лес..ница в нём поскрип..ва..т и в..дёт в к..бинет уч..ного. (З/с)десь он с..дел в (не)широк..м но уютн..м кресл.. у ра(з/с)крытого окна зя(б/п)ко кутался в ш..рстя(н,нн)ой пле(д/т). Просторная(2) комната служила изобр..тателю к..б",Нет,Нет
vpr_sd_945760,russian,6,Текст 1 Сначала в воздухе закружились отдельные снежинки потом всё сильнее и сильнее зар..било в пустом оси(н/нн)ике. Скоро удары снежной кру(б/п)ки о стволы и ветки сл..лись в таинстве..ый ш..пот. Наутро среди пёстрых бугристых пашен и сизого жнивья п..тляли и уходили вдаль белые д..роги. Выпавший снег так и (не)ра(сс/с)таял а потом по(д/т)сыпало ещё больше. Тетерева неторопливо бр..дили по мелко,Нет,Нет
vpr_sd_946122,russian,6,Текст 1 Человечество всегда пр(е/и)след..вали стихийные бе(т/д)ствия(4). Сегодня мы напомним об отдельных стихийных бе(т/д)ствиях. В тысяча четырест(а/о) пят..десят пятом году в Неаполе при земл..трясении(2) погибло шест..десят тысяч.. человек. Через сто(3) лет в Китае ч..сло жертв достигло вос..мисот тридцати тысяч... В тысяч(у/а) сем..сот пят..десят пятом году подземная буря ра(с/з)рушила Лиссаб,Нет,Нет
vpr_sd_946020,russian,6,"Текст 1 Пош..л дождь. Сначала капли были крупные, редкие, потом загустело кругом, пол..лось, пол..лось... Васютка пр..метил(2) пихту, широко ра(з/с)росшуюся среди мелкого оси(н/нн)ика, и залёг под неё. Есть зах..телось ещё сильнее. Васютка выхв..тил остатки горбушки из мешка вц..пился зубами и, плохо ра(з/с)жёвывая, съел всю. Дождь (не)ун..мался. От сильных(3) порывов ветра к..чалась пихта, стряхи",Нет,Нет
vpr_sd_945316,russian,6,"Текст 1 С рю..заком за пл..чами и удоч..ками я медленно брёл по бер..гу извилист..й р..ч..нки(2) в поисках хорош..го рыбного(3) места но мне всё (не)в..зло. Соб..рат..ся домой ещё рановато. Я (не)т..рял надежды и всё шагал вни(з/с) по т..чению. Умаялся и пр..сел на в(з/с)горок у светлой заводи. Глянул сверху на песча(н,нн)ое дно: вот прон..слась стайка (красно)пёрых окуньков. Юркнула плотва св..рк",Нет,Нет
vpr_sd_945390,russian,6,"Текст 1 В (не)больш..й комнат.. отца ст..ят стол и д..ван.(4) Слева от окна — мольберт. Поджав ноги калач..ком, я с..жу на д..ван.. и спраш..ваю (К,к)ак созд..ёт..ся ист..рическая к..ртина Мой отец художн..к Аполлинарий Васнецов. Я наблюдаю, как он изуча..т стари(н,нн)ые книги ра(з/с)ворач..вает что(то) вроде берестя(н,нн)ого свитка. На столе л..жат все нужные для работы материалы карты планы ч..р",Нет,Нет
vpr_sd_945930,russian,6,"Текст 1 Однажды я заблудился в л..сных оврагах. Борм..тали под к..рнями руч..и в овраг.., бл..стели (ярко)син.. озёра. (Не)подвижный воздух был г..ряч.. и кр..сноват. Я увид..л, что пр..бл..жает..ся туч..ка. Она р..сла на вечерн..м(2) неб.. и к..залась (средне)веков..м гор..дом. (Не)сильные но ра(з/с)катистые звуки грома дол..тали изд..лека. Пр..шумел ветер донёс с..ребря(н,нн)ые брызги дождя.(4) ",Нет,Нет
vpr_sd_945964,russian,6,"Текст 1 (Не)высокий дом ст..ял в с..снов..м(2) лесу. От сос..н всё лето т..нуло жар..м и дом ра(з/с)сохся. Этот д..ревя(н,нн)ый дом (Ч,ч)айковский любил. Но скр..пучие п..ловицы пр..дмет (не)довольства к..мпозитора. К роялю ле(г/х)ко (не)подойдёш..: надо чере(з/с) них переступить. Со стороны это выгл..д..ло забавно. К..мпозитор проб..рался к роялю пр..щур..вал гл..за и ра(з/с)сматр..вал п..ловицы.",Нет,Нет
vpr_sd_945982,russian,6,"Текст 1 Четырёхлетний малыш.. ра(з/с)пол..жился на д..ревя(н,нн)ом полу среди л..стов бумаг.. . На них кр..вые строч..ки(2) нот см..шались с (ярко)син..ми кляксами.(4) Что ты пиш..ш.. поинтер..с..вался отец. В ответ он услыш..л, что это буд..т к..нцерт для клави́ра. Клави́ром называют..ся все клавишные инструменты рояль пианино и клавеси́н. Отец соб..рался ра(з/с)см..ят..ся но пр..гл..делся к нота",Нет,Нет
vpr_sd_945666,russian,6,"Текст 1 Этой осен..ю папа в первый раз взял меня (с)собой на н..чную рыбалку. Н..ч..вали мы в палатк(и/е). Я пр..снулся рано надел р..зиновые с..поги выбрался из палатки на л..сную п..ляну. Сколько со..нца! Оно было в..зде на небе в воздухе в тр..ве. Между двумя ёлками в..села п..утина. На её ниточ..ках перел..ваясь с..яло что-то разн..цветное и бл..стящее. Зам..рев от восторга, я см..трел на эту ",Нет,Нет
vpr_sd_945732,russian,6,"Текст 1 Отлет гусей С дерев..ев осыпались листья и сад..воды(2) стали зарывать в землю виноградные лозы. Тогда над станицей пол..тели дикие гуси(4). Им предст..яло совершить далекий, трудный путь. Утр..м и днем в х..лодноватой чистой с..неве неба мы видели тёмные точки ул..тающих на юг гуси(нн/н)ых стай и слышали звонкое гоготанье. Иногда порыв встречного ветра (з/с)бивал м..лодых гусей. Они л..ма",Нет,Нет
vpr_sd_946048,russian,6,"Текст 1 В лесу. Св..стящим ш..потом перекликнулись между собой ст..летние сосны и сухой иней с мя..ким шелестом полился с потр..воженных ветвей. Последние звезды тихо погасли в небе(4). Лес, окончательно стряхнувший с себя остатки н..ч..ного(2) мрака, вст..вал во всем своем зеленом в..личии. Из пр..пудренной утре(н/нн)им ин..ем хвои высунулась дли(н/нн)ая бурая морда. Испуганные глаза осм..трели о",Нет,Нет
vpr_sd_946038,russian,6,"Текст 1 Обо(с/з) распол..жился в стороне от деревн.. около реки. Солнце жгло по-вчерашнему воздух был (не)подвижен и уныл. От жары было некуда дет..ся. На берегу стояло несколько вер(б/п). Но тень от них бе(с/з)полезно падала в воду(4). Вода в реке, голубеющая от отр.жающ..гося в ней неба, страс..но м..нила к себе. Дымов и Кирюша быстро ра..делись и с громким криком попадали в воду. Тихо журчавшая",Нет,Нет
vpr_sd_946132,russian,6,"Текст 1 Лотос Лотос символ ч..стоты и благ..родства(4). Он произр..стает в иле и мутной воде но (не)загрязня..тся ими. С лотосом можно ср..внить людей которые себя (не)запятнали, (не)пок..рились злу и т..жёлой судьбе. Зацв..та..т(3) лотос в июле в августе в тихих прудах. Толпы уд..влё(н/нн)ых, восх..щающихся людей с утра до вечера (не)покидают б..рега вод..ёмов. Изящ..ными оч..ртаниями белых или н",Нет,Нет
vpr_sd_945344,russian,6,"Текст 1 Ра(з/с)свет медленно ра(з/с)правля..т густоту ноч.. и над об..ятым тишиной оз..ром поднима..тся утре(н,нн)ий(2) туман. Дедушка и внук с..дят возле палатк.. . Они пр..ехали сюда вечером из гор..да, чтобы встретить з..рю на пр..род.. . Вода л..ниво плещ..т рядом. Её (не)разгл..деть за стеной (молоч..но)белого пара. Вдруг оба т..хонько в(з/с)крикнули. Они увид..ли(3) лося. Над густым паром пр",Нет,Нет
vpr_sd_946094,russian,6,"Текст 1 Сердитые чайники П..ляна была похожа на круглый стол. Ч..рные чайники, пыхтевшие и булькавшие от (не)терпения, были ра(с/сс)тавлены посредине. Тут зат..валось грандиозное ча..питие!(4) Чайники булькали и клок..тали. Из ч..рных носиков с ш..пением вырывался пар. Их так изнутри расп..рало что они даже по(д/т)скакивали! И дребе..жали... До чего же и в самом деле косачи на току похожи на ш..пя",Нет,Нет
vpr_sd_945694,russian,6,"Текст 1 В охотничью пору на (У/у)рале мы ух..дили в горы и бр..дили там, как настоящ..е д..кари. Бр..дить с руж..ем по целым дням в этой зеленой пустыне насл..ждение которое извес..но одним лиш.. охотникам. Встан..шь(3) на з..ре и к вечеру так уход..ш..ся что едва доб..реш..ся до знакомой избушки. Нашим любимым местом была г..ра Размет которая явля..тся св..зующим центром и горным вод..разделом. В",Нет,Нет
vpr_sd_945788,russian,6,"Текст 1 Дом ст..ял (не)сколько в ст..роне. Окна его были покрашены масля..ой краской а (не)большое(3) крылечко сбоку еще пахло с..сной. Двери были раскрыты настежь но хозяев в доме (не)оказалось. Направо от двери ст..ял (не)краше..ый стол, слева виднелась ма(с/сс)ивная печь. Вскоре с улицы пр..бежала Наташа. Она радушно предл..жила мне чаю и ра(н/нн)ей малины но я попр..сил ее сначала показать мне",Нет,Нет
vpr_sd_945357,russian,6,"Над каждым словом напишите, какой частью речи оно является. Завершение работы над книгой и её второе издание оказалось делом непростым.",Нет,Нет
vpr_sd_946118,russian,6,Найдите и исправьте ошибку (ошибки) в образовании формы слова. Запишите правильный вариант формы слова (слов). 1) более выше 2) стал добрее 3) пара ботинок 4) в пятом веку,Нет,Нет
vpr_sd_945880,russian,6,"Прочитайте текст 2 и выполните задания 9—13. Текст 2 Луковица с радостью (1)Осенью папа привёз с юга большую луковицу и сказал: «В середине этой луковицы спрятана радость, дочка». (2)Я удивилась. (3)В такой некрасивой серой луковице — и вдруг радость. (4)Мама посадила мою луковицу в горшочек и поставила в темное место. (5)Прошло много дней. (6)И вот раздвинулись лепестки, и из середины выглянул то",Нет,Нет
vpr_sd_946173,russian,6,"Над каждым словом напишите, какой частью речи оно является. Я пр..снулся рано надел р..зиновые с..поги выбрался из палатки на л..сную п..ляну.",Нет,Нет
vpr_sd_945340,russian,6,Найдите и исправьте ошибку (ошибки) в образовании формы слова (слов). Запишите правильный вариант формы слова (слов). 1) чистейший воздух 2) к трёхстам зрителям 3) красивая тюль 4) двое волчат,Нет,Нет
vpr_sd_945772,russian,6,"Поставьте знак ударения в следующих словах. Договор, цемент, поняла, красивее.",Нет,Нет
vpr_sd_945756,russian,6,Найдите и исправьте ошибку (ошибки) в образовании формы слова. Запишите правильный вариант формы слова (слов). 1) триста жителям 2) насквозь промок 3) поезжайте на юг 4) надень ребёнка.,Нет,Нет
vpr_sd_945356,russian,6,"Поставьте знак ударения в следующих словах. Сливовый, краны, начал, хвоя.",Нет,Нет
vpr_sd_946051,russian,6,"Над каждым словом напишите, какой частью речи оно является. Зверь распустил напряженные мускулы, вышел на поляну, лизнул наст.",Нет,Нет
vpr_sd_945912,russian,6,"Поставьте знак ударения в следующих словах. Жалюзи, языковой (факт), позвонишь, кухонный.",Нет,Нет
vpr_sd_945847,russian,6,"Над каждым словом напишите, какой частью речи оно является. Ветер и (не)погода давно ра(с/з)метали лё..кое пастушеское жилище.",Нет,Нет
vpr_sd_946034,russian,6,Найдите и исправьте ошибку (ошибки) в образовании формы слова. Запишите правильный вариант формы слова (слов). 1) хорошая шампунь 2) двое друзей 3) самый хороший 4) более четырёхста,Нет,Нет
vpr_sd_945813,russian,6,"Прочитайте текст 2 и выполните задания 9—13. Текст 2 Царь и сокол (1)Один царь на охоте пустил за зайцем любимого сокола. (2)Сокол поймал зайца. (3)Царь отнял зайца и стал искать, где бы напиться. (4)На склоне холма он нашел родник. (5)Только вода из него по капле текла. (6)Царь достал чашу с седла и подставил под воду. (7)Когда чаша наполнилась, царь поднял ее ко рту и собрался пить. (8)Вдруг сок",Нет,Нет
vpr_sd_945976,russian,6,"Поставьте знак ударения в следующих словах. Арбуз, красивее, положила, шарфы.",Нет,Нет
vpr_sd_946145,russian,6,"Над каждым словом напишите, какой частью речи оно является. Долгими зимними вечерами по ра(с/сс)казам деда я позн..комился с мног..образной пр..родой нашей родины.",Нет,Нет
vpr_sd_946073,russian,6,"Прочитайте текст 2 и выполните задания 9—13. Текст 2 (1)Мы шли по бульвару, затем свернули на улицу и начали по ней подниматься. (2)И тут моя спутница схватила меня за руку: — (3)Крыса! Да смотри же, на рельсы смотри! (4)По ложбинке трамвайного рельса в гору деловито спешила омерзительная серая крыса. (5)Я поискал подходящий камень, чтобы шарахнуть им по зверюге. (6)Но попутчица продолжала крепко ",Нет,Нет
vpr_sd_945300,russian,6,"Поставьте знак ударения в следующих словах. Звонят, начал, прибыла, средство.",Нет,Нет
vpr_sd_945313,russian,6,"Прочитайте текст 2 и выполните задания 9—13. Текст 2 (1)Один из видов гимнастики, который требует от спортсмена ловкости, смелости, умения в совершенстве владеть своим телом и быстро ориентироваться, — акробатика. (2)А что означает само слово «акробат»? (3)Если спросить об этом у языковеда, то он ответит, что слово «акробат» пришло к нам из греческого языка. (4)На русском языке оно буквально обозн",Нет,Нет
vpr_sd_945328,russian,6,"Поставьте знак ударения в следующих словах. Досуг, сливовый, позвала, цепочка.",Нет,Нет
vpr_sd_946072,russian,6,Найдите и исправьте ошибку (ошибки) в образовании формы слова. Запишите правильный вариант формы слова (слов). 1) с пятьюдесятью копейками 2) ихние коллеги 3) клади на место 4) более пятиста метров,Нет,Нет
vpr_sd_945324,russian,6,"Прочитайте текст 2 и выполните задания 9—13. Текст 2 (1)Я лежу в окопе на разостланной шинели и долго гляжу вверх, в синюю бездну летнего неба. (2)В эту минуту не слышно ни взрывов, ни выстрелов, все спит. (3)Солнце скрылось за бруствером и уже клонится к закату. (4)Медленно спадает жара, утихает ветер. (5)Одинокая былинка на краю бруствера бессильно свисает в окоп. (6)Высоко в небе летают аисты. ",Нет,Нет
vpr_sd_946106,russian,6,"Поставьте знак ударения в следующих словах. Давнишний, звонит, злоба, балуясь.",Нет,Нет
vpr_sd_945858,russian,6,Найдите и исправьте ошибку (ошибки) в образовании формы слова. Запишите правильный вариант формы слова (слов). 1) ихние письма 2) в обоих руках 3) до тысяча девятьсот пятого года 4) уважаемые директора,Нет,Нет
vpr_sd_946157,russian,6,"Прочитайте текст 2 и выполните задания 9—13. Текст 2 (1)Однажды наш корабль шёл в Анадырском заливе. (2)Была ночь. (3)Я стоял на корме. (4)Льдины за бортами шуршали и ломались. (5)Дул сильный ветер со снегом, но море было спокойно, тяжёлые льды не давали ему разбушеваться. (6)Корабль с большим трудом пробирался между льдинами малым ходом. (7)Все хорошо знали, что скоро начнутся ледяные поля. (8)На",Нет,Нет
vpr_sd_945706,russian,6,"Поставьте знак ударения в следующих словах. Закупорить, включить, добыча, километр.",Нет,Нет
vpr_sd_945763,russian,6,"Над каждым словом напишите, какой частью речи оно является. Сначала в воздухе закружились отдельные снежинки потом всё сильнее и сильнее зар..било в пустом оси(н/нн)ике.",Нет,Нет
vpr_sd_946100,russian,6,Найдите и исправьте ошибку (ошибки) в образовании формы слова. Запишите правильный вариант формы слова (слов). 1) попробоваем 2) килограмм яблоков 3) пара полотенец 4) наисложнейший,Нет,Нет
vpr_sd_946050,russian,6,"Поставьте знак ударения в следующих словах. Сливовый, статуя, тортов, удобнее.",Нет,Нет
vpr_sd_945784,russian,6,Найдите и исправьте ошибку (ошибки) в образовании формы слова. Запишите правильный вариант формы слова (слов). 1) семьюдесятью процентами 2) более резкое движение 3) длиньше 4) спелых абрикос,Нет,Нет
vpr_sd_945758,russian,6,"Прочитайте текст 2 и выполните задания 9—13. Текст 2 (1)Крестьянский сын Иван Поддубный работал грузчиком в Феодосии. (2)С юношеских лет он начал заниматься гимнастикой с гантелями. (3)Со временем Поддубный стал одним из самых сильных грузчиков всего Черноморского побережья, а потом увлёкся классической борьбой. (4)Ещё её называют греко-римской, потому что она напоминает борьбу у древних греков и ",Нет,Нет
vpr_sd_945358,russian,6,Найдите и исправьте ошибку (ошибки) в образовании формы слова (слов). Запишите правильный вариант формы слова (слов). 1) самый красивейший вид 2) широкая авеню 3) с семистами эскизами 4) у семерых офицеров,Нет,Нет
vpr_sd_945744,russian,6,"Поставьте знак ударения в следующих словах. Языковой, эксперт, центнер, шарфы.",Нет,Нет
vpr_sd_945967,russian,6,"Над каждым словом напишите, какой частью речи оно является. Многочисленные ручьи впадают в это озеро и приносят сто тонн солей.",Нет,Нет
vpr_sd_945719,russian,6,"Прочитайте текст 2 и выполните задания 9—13. Текст 2 (1)Вблизи недотаявшего сугроба, у большого трухлявого пня, на высоких стебельках, покрытых мягкими волосками, красовалось сразу несколько розовых ярких цветов. (2)«Какие яркие!» — обрадовалась Вера и хотела сорвать. (3)Но Наташа сказала: «Рвать не надо. (4)Пусть растёт, пусть прилетают к нему пчёлы». (5)Чтобы приметить место, девочки воткнули в ",Нет,Нет
vpr_sd_946008,russian,6,"Объясните значение фразеологизма «влипнуть в историю», запишите. Используя не менее двух предложений, опишите ситуацию, в которой будет уместно употребление этого фразеологизма. Включите фразеологизм в одно из предложений. Влипнуть в историю — ...",Нет,Нет
vpr_sd_945818,russian,6,"Поставьте знак ударения в следующих словах. Бурьяна, цемент, удобнее, свёкла.",Нет,Нет
vpr_sd_945857,russian,6,"Над каждым словом напишите, какой частью речи оно является. В тихий зимний день выйдеш.. в лес на лыжах дыш..ш.. и не надыш..ш..ся.",Нет,Нет
vpr_sd_945926,russian,6,Найдите и исправьте ошибку (ошибки) в образовании формы слова (слов). Запишите правильный вариант формы слова (слов). 1) более высокое здание 2) с шестьюдесятью вагонами 3) красивое Сочи 4) для четверых женщин,Нет,Нет
vpr_sd_945786,russian,6,"Прочитайте текст 2 и выполните задания 9—13. Текст 2 (1)Это произошло в дни Великой Отечественной войны. (2)Сержант Виктор Данилин шёл осенней ночью на боевое задание по фронтовому шоссе. (3)Впереди у дома с высокой железной оградой он увидел каких-то людей. (4)«Свои», — решил сержант и продолжил путь, но он ошибся: это были фашисты. (5)Три дюжих солдата, которые первыми заметили, что за гость к н",Нет,Нет
vpr_sd_945776,russian,6,"Объясните значение фразеологизма «язык проглотить», запишите. Используя не менее двух предложений, опишите ситуацию, в которой будет уместно употребление этого фразеологизма. Включите фразеологизм в одно из предложений. Язык проглотить — ...",Нет,Нет
vpr_sd_945889,russian,7,"Текст 1 (На)утро* поднявш..еся яркое со..нце быстро с(ь/ъ)ело тонкий ледок подёрнувший воды и весь тёплый воздух задр..жал от наполнивших (3) его исп..рений отживш..й земли. Зазеленела старая и вылеза..щая (2) иглами молодая трава надулись почки к..лины см..родины и ли(б/п)кой спиртовой берёзы, и на о..сыпа(н/нн)ой золотым цветом лозине загудела выставле(н/нн)ая облетавш..яся пчела. Залились (не)в",Нет,Нет
vpr_sd_945779,russian,7,"Текст 2 (1)Лувр отапливается калориферами. (2)Из врезанных в пол красивых медных решёток дует горячий ветер. (3)Если прийти в Лувр пораньше, тотчас после открытия, то вы увидите, как на этих решётках неподвижно стоят люди, главным образом старики и старухи. (4)Это греются нищие. (5)Величавые и строгие луврские сторожа их не трогают. (6)Посетители тоже как будто ничего не замечают. (7)Они только ст",Нет,Нет
vpr_sd_946033,russian,7,"Поставьте знак ударения в следующих словах. Значимый, хлопковый, столяр, затемно.",Нет,Нет
vpr_sd_945886,russian,7,"Найдите и исправьте грамматическую(-ие) ошибку(-и) в предложении(-ях). Запишите исправленный(-ые) вариант(-ы) предложения(-й). 1) Услышав длинный гудок, набирается номер абонента. 2) Заморосил дождик, и горизонт обложило тучами. 3) По приезду в Москву мы заселились в гостиницу. 4) Ввиду сложившихся обстоятельств отъезд был отложен на неопределённый срок.",Нет,Нет
vpr_sd_945255,russian,7,"Найдите и исправьте грамматическую(-ие) ошибку(-и) в предложении(-ях). Запишите исправленный(-ые) вариант(-ы) предложения(-й). 1) Услышав сигнал, машина моментально была подготовлена к выезду. 2) Наперекор желания родителей сестра перестала заниматься музыкой. 3) Отец увидел напряжённое лицо сына, прислушивавшегося к разговору родителей. 4) Ветерок тронул занавеску на окне, приоткрыв синий краешек",Нет,Нет
vpr_sd_945718,russian,7,"Найдите и исправьте грамматическую(-ие) ошибку(-и) в предложении(-ях). Запишите исправленный(-ые) вариант(-ы) предложения(-й). 1) Наблюдая за успехами учеников, его охватывала гордость. 2) Благодаря терпения Максим справился с задачей. 3) Он всегда поступал наперекор советам. 4) Мама попросила узнать насчёт графика приёма в поликлинике.",Нет,Нет
vpr_sd_946156,russian,7,"Найдите и исправьте грамматическую(-ие) ошибку(-и) в предложении(-ях). Запишите исправленный(-ые) вариант(-ы) предложения(-й). 1) На концерт пришли ребята с соседнего поселка. 2) Перейдя в 9 класс, у нас появился новый предмет. 3) Согласно распоряжению начальника смены рабочий день сокращён на час. 4) Он мечтал подобно Буратино о несуществующей стране, где из одной монеты может вырасти денежное де",Нет,Нет
vpr_sd_945265,russian,7,"Найдите и исправьте грамматическую(-ие) ошибку(-и) в предложении(-ях). Запишите исправленный(-ые) вариант(-ы) предложения(-й). 1) Не заметив неприятеля, они вышли к береговой охране. 2) Благодаря усиленных тренировок футбольная команда вышла в финал. 3) Узкая дорога была покрыта снегом, проваливающимся под ногами. 4) Открывая всё новые и новые законы природы, растёт могущество человека.",Нет,Нет
vpr_sd_945774,russian,7,"Найдите и исправьте грамматическую(-ие) ошибку(-и) в предложении(-ях). Запишите исправленный(-ые) вариант(-ы) предложения(-й). 1) Вернувшись со школы, он сделал домашнее задание. 2) Согласно распоряжению нужно было завершить строительство к осени. 3) Описывая героя, уделяется внимание деталям. 4) Впоследствии все в полном составе перешли в зал заседаний.",Нет,Нет
vpr_sd_946016,russian,7,"Найдите и исправьте грамматическую(-ие) ошибку(-и) в предложении(-ях). Запишите исправленный(-ые) вариант(-ы) предложения(-й). 1) По приезду на вокзал нам дали время для переоформления билета. 2) Согласно квоте места были распределены. 3) Собираясь в поход, нам выдали сухпаёк. 4) Несмотря на то, что с нами никто не ругался, мы чувствовали себя неуверенно.",Нет,Нет
vpr_sd_945963,russian,7,"Найдите и исправьте грамматическую(-ие) ошибку(-и) в предложении(-ях). Запишите исправленный(-ые) вариант(-ы) предложения(-й). 1) Наполненная фруктами корзина стояла на столе. 2) По окончанию уроков мы пошли домой. 3) Спортсмены, надев лыжи, вышли на дистанцию. 4) Вернувшись с прогулки, у меня заболел зуб.",Нет,Нет
vpr_sd_945339,russian,7,"Найдите и исправьте грамматическую(-ие) ошибку(-и) в предложении(-ях). Запишите исправленный(-ые) вариант(-ы) предложения(-й). 1) Возвратившись в родное село, он начал работать механиком. 2) Скорые поезда отправлялись всегда согласно расписания. 3) Собранные утром травы и цветы мы сушили на чердаке. 4) Собираясь в дорогу, день был солнечным.",Нет,Нет
vpr_sd_945349,russian,7,"Найдите и исправьте грамматическую(-ие) ошибку(-и) в предложении(-ях). Запишите исправленный(-ые) вариант(-ы) предложения(-й). 1) Отваривая картофель, клубни опускаются в уже кипящую воду. 2) Мы гуляли по парку, наслаждаясь пением птиц, и говорили о литературе. 3) В колышущемся пламени свечи всё в комнате казалось таинственным. 4) По окончанию смены мы уехали из лагеря.",Нет,Нет
vpr_sd_945858,russian,7,"Найдите и исправьте грамматическую(-ие) ошибку(-и) в предложении(-ях). Запишите исправленный(-ые) вариант(-ы) предложения(-й). 1) Согласно расписания в седьмом классе сейчас урок математики. 2) Выбрав пьесу, началось распределение ролей. 3) По окончании института я пойду работать в школу. 4) В силу сложившихся неблагоприятных погодных условий рейс отменён.",Нет,Нет
vpr_sd_945831,russian,7,"Выпишите предложение, в котором нужно поставить одну запятую. (Знаки препинания внутри предложений не расставлены.) Напишите, на каком основании Вы сделали свой выбор. 1) С вершин окружающих Байкал открывается бескрайняя голубая ширь в тёмной оправе гор и лесов. 2) Проглядывают первые лучи солнца ярко отражаясь в лужах. 3) Она вспорхнула на почтовый ящик заглянула одним глазком в дыру пробитую дят",Нет,Нет
vpr_sd_945841,russian,7,"Выпишите предложение, в котором нужно поставить одну запятую. (Знаки препинания внутри предложений не расставлены.) Напишите, на каком основании Вы сделали свой выбор. 1) Я увидел в воде у берега стаю плотиц и бросил в них маленький камень. 2) В станице занятой десантом бой не возобновлялся. 3) Сегодня вдруг вскрылись непредвиденные обстоятельства мешающие закончить работу в срок. 4) И очень умные",Нет,Нет
vpr_sd_945388,russian,7,"Выпишите предложение, в котором нужно поставить одну запятую. (Знаки препинания внутри предложений не расставлены.) Напишите, на каком основании Вы сделали свой выбор. 1) Наполненную мороженым кадку Андрей обычно выносит на улицу. 2) Андрей складывает полотенце прикрывающее кадку сверху и снимает крышку. 3) Андрей ловко орудуя большой ложкой скатывает нам шарики мороженого. 4) В кадке находятся вы",Нет,Нет
vpr_sd_945928,russian,7,"Выпишите предложение, в котором нужно поставить одну запятую. (Знаки препинания внутри предложений не расставлены.) Напишите, на каком основании Вы сделали свой выбор. 1) Приехав в Михайловское Пушкин должен был как-то обустроить свой быт. 2) Вид на реку Сороть открывающийся с балкона старого дома был изумителен. 3) Выходящая окнами на юг комната стала кабинетом опального поэта. 4) Старый дом напо",Нет,Нет
vpr_sd_945304,russian,7,"Выпишите предложение, в котором нужно поставить одну запятую. (Знаки препинания внутри предложений не расставлены.) Напишите, на каком основании Вы сделали свой выбор. 1) Ветер дующий из степей гнал по лужам сухие листья. 2) Кое-где на берёзках висели уже слегка пожелтевшие листочки. 3) Внезапно показавшуюся тень он принял за силуэт своего друга. 4) Друзья смотрели на окна закрытые резными ставням",Нет,Нет
vpr_sd_945398,russian,7,"Текст 1 П..ляна была обыкнове(н,нн)ая п..крытая (не)высок..й травой. Но если (чуть)чуть пр..щурить глаза, то можно было в..обр..зить, что она п..хожа на красн.. оз..ро. Это от з..мл..ники словно высыпа(н,нн)ой (3) на п..ляну из огромной к..рзинк.. . Серёжа сразу понял, что ягоды хват..т всем. И сам наест..ся (до)сыта (2) и пр(и/е)несёт домой. Ребята ра(з/с)сред..точились и стали соб..рать з..мл..н",Нет,Нет
vpr_sd_945204,russian,7,"Текст 2 (1)Острое желание непременно увидеть дневные звёзды и показать их друзьям возникло в тот же вечер, когда из Заручевья возвращалась я на недалёкий хутор, где вот уже третье лето мы снимали небольшую, но очень уютную комнату. (2)Дорога сладко пахла недавно прошедшим стадом, парны́м молоком, остывающей пылью. (3)Маленькие мягкие фонтанчики пыли с приятной прохладой били меж пальцев босых ног.",Нет,Нет
vpr_sd_945953,russian,7,"Текст 2 (1)Осень в этом году стояла сухая и тёплая. (2)Берёзовые рощи долго не желтели. (3)Долго не увядала трава. (4)Только голубеющая дымка затягивала плёсы на Оке и отдалённые леса. (5)Я плыл на лодке вниз по реке и вдруг услышал, как в небе кто-то начал осторожно переливать воду из звонкого стеклянного сосуда в другой такой же сосуд. (6)Вода булькала, позванивала, журчала. (7)Звуки эти заполня",Нет,Нет
vpr_sd_945932,russian,7,"Выпишите, раскрывая скобки, вставляя пропущенные буквы, предложения, в которых выделенные слова являются предлогами. 1) (В)виду нехватки времени я не закончил упражнение. 2) (В)продолжени.. занятий мы не заинтересованы. 3) (На)встречу нам из двора вышла компания мальчишек. 4) Давно пришло время вмешаться (в)следстви.. .",Нет,Нет
vpr_sd_945364,russian,7,"Выпишите, раскрывая скобки, вставляя пропущенные буквы, предложения, в которых выделенные слова являются предлогами. 1) (В)продолжени.. утра мы собирались на озеро. 2) Он говорил об отъезде, (не)смотря мне в глаза. 3) Мы долго говорили (на)счёт поездки на дачу. 4) (В)последстви.. я ни разу не пожалел о своём решении.",Нет,Нет
vpr_sd_946004,russian,7,"Выпишите, раскрывая скобки, предложения, в которых выделенные слова являются союзами. 1) Он ушёл, что(бы) никогда больше сюда не возвращаться. 2) (При)том заводе есть лаборатория. 3) Мы так(же) не хотели возвращаться. 4) Мы думали (и)так и сяк, но ничего не могли придумать?",Нет,Нет
vpr_sd_945299,russian,7,"Выпишите, раскрывая скобки, предложения, в которых выделенные слова являются союзами. 1) В работе отстаёт, за(то) в еде обгоняет. 2) Клевета для слуха то(же) , что полынь для языка. 3) Я хочу, что(бы) ты дал мне совет. 4) Осенью берёзка смотрелась так(же) красиво, как и весной.",Нет,Нет
vpr_sd_945225,russian,7,"Выпишите, раскрывая скобки, предложения, в которых выделенные слова являются союзами. 1) Я люблю, что(бы) солнце светило и птицы пели. 2) Отдыхать Катя поехала в то(же) место, что и в прошлом году. 3) Так(же) , как и взрослые, ребята собрали рюкзаки и продолжили путь. 4) Щенок был ещё глуп, за(то) очень мил.",Нет,Нет
vpr_sd_945856,russian,7,"Выпишите, раскрывая скобки, предложения, в которых выделенные слова являются союзами. 1) В школьном саду не было фруктовых деревьев, (за)то было много цветов и сирени. 2) Скворцы и жаворонки то(же) прилетели. 3) Он запнулся (за)то брёвнышко, которое вчера сам же поленился убрать. 4) Селифан потянул поводья назад, чужой кучер сделал то(же).",Нет,Нет
vpr_sd_945327,russian,7,"Выпишите, раскрывая скобки, предложения, в которых выделенные слова являются союзами. 1) Брат учится в институте, я то(же) хочу там учиться. 2) Чего не знаешь, за(то) не берись. 3) Что(бы) мне почитать о космосе? 4) Борис — пианист, его сестра так(же) человек творческий.",Нет,Нет
vpr_sd_946050,russian,7,"Выпишите, раскрывая скобки, предложения, в которых выделенные слова являются союзами. 1) У нас с вами замечательный начальник штаба, только, пожалуй, слишком часто думает о том, что(бы) такое особенное придумать. 2) Вы то(же) придёте? 3) Бранил Гомера, Феокрита, за(то) читал Адама Смита и был глубокий эконом. 4) Так(же) , как и в отборочном туре, его выступление произвело впечатление на жюри.",Нет,Нет
vpr_sd_945790,russian,7,"Выпишите, раскрывая скобки, предложения, в которых выделенные слова являются союзами. 1) Надо писать так, что(бы) читатель видел изображённое словами. 2) Странный старичок говорил очень протяжно, звук его голоса так(же) изумил меня. 3) Тёплая небесная вода для растений то(же) самое, что для нас любовь. 4) (При)том же доме находился сад.",Нет,Нет
vpr_sd_945902,russian,7,"Выпишите, раскрывая скобки, предложения, в которых выделенные слова являются союзами. 1) (За)тем лесом большая проезжая дорога. 2) Давно не было дождей, (за)то всё созрело раньше срока. 3) Так(же) , как и в прошлый раз, всё было подготовлено. 4) Он то(же) был весел.",Нет,Нет
vpr_sd_945961,russian,7,"Выпишите, раскрывая скобки, предложения, в которых выделенные слова являются союзами. 1) Он волновался так(же) , как и я. 2) Ты то(же) выучил это правило? 3) Я долго работал, за(то) всё сделал. 4) Что(бы) сказать тебе в утешение?",Нет,Нет
vpr_sd_945383,russian,7,"Выпишите, раскрывая скобки, предложения, в которых выделенные слова являются союзами. 1) Он получил грамоту за(то) выступление. 2) Мы играли, так(же) пели и танцевали. 3) Пётр то(же) попросил меня о помощи. 4) Что(бы) почитать сегодня вечером?",Нет,Нет
vpr_sd_946172,russian,7,"Выпишите, раскрывая скобки, предложения, в которых выделенные слова являются союзами. 1) Что(бы) встретить весну, и журчанье лесов, и земли обновленье, я уехал подальше в деревню, в глухие леса. 2) В ячейке сети запуталось около сотни скумбрий, но попалась так(же) одна очень странная, не виданная мною рыбка. 3) Я люблю Мещерский край за(то) , что он прекрасен. 4) (При)том положении дел это будет с",Нет,Нет
vpr_sd_945678,russian,7,"Выпишите, раскрывая скобки, предложения, в которых выделенные слова являются союзами. 1) Я так(же) был в недоумении, как и все остальные. 2) Хаджи Мурат надел оружие и бурку. Элдар сделал то(же) . 3) (И)так , сделаем выводы. 4) Вековые ели и кедры утратили свой белый наряд, (за)то на земле во многих местах намело большие сугробы.",Нет,Нет
vpr_sd_946060,russian,7,"Выпишите, раскрывая скобки, предложения, в которых выделенные слова являются союзами. 1) Хочется говорить так(же) медленно и точно, как он. 2) Вам не случалось быть (при)том , когда в ваш дом родной входил, гремя своим ружьем, солдат страны иной? 3) (И)так , все работы на объекте завершены. 4) Игра далась нам нелегко, за(то) мы выиграли.",Нет,Нет
vpr_sd_945979,russian,7,"Выпишите, раскрывая скобки, предложения, в которых выделенные слова являются союзами. 1) Мальчик поблагодарил друга за(то) , что друг не оставил его в беде. 2) Что(бы) нам прочесть об открытиях в области астрономии? 3) Все ребята работали быстро, я то(же) не отставал в этот раз. 4) Наши друзья поехали на море, мы с родителями так(же) отправились на юг.",Нет,Нет
vpr_sd_945253,russian,7,"Выпишите, раскрывая скобки, предложения, в которых выделенные слова являются союзами. 1) Ребята отправились в лес за(то) село, которое известно своей славной историей. 2) У канатоходцев опасные трюки, но и дрессировщики то(же) рискуют. 3) Что(бы) победить в конкурсе, мы ежедневно репетировали свой номер. 4) Одноклассники встречались на каникулах так(же) часто, как и в учебное время года.",Нет,Нет
vpr_sd_946078,russian,7,"Выпишите, раскрывая скобки, предложения, в которых выделенные слова являются союзами. 1) Покупатель долго торговался с продавцом, что(бы) получить существенную скидку. 2) Что(бы) ни решила мама, я приму её решение. 3) Твоих усилий было недостаточно, да и терпения то(же) . 4) (От)того опоздания, как оказалось, зависело многое.",Нет,Нет
vpr_sd_945716,russian,7,"Выпишите, раскрывая скобки, предложения, в которых выделенные слова являются союзами. 1) (И)так , сделаем вывод. 2) Лес стоит молча, неподвижно, буд(то) всматривается куда-то своими верхушками... 3) За что купил, (за)то и продаю. 4) (И)так происходило изо дня в день.",Нет,Нет
vpr_sd_946149,russian,7,"Текст 1 Хата. Сброше(н,нн)ы(3) на пол подушки перины. (З,с)десь фашисты спали. Стол. На столе тарелки ложки опр..кинутая крынка молока. (З,с)десь они ели. Настеж.. открытый сундук скомка(н,нн)ое белье. Ярко вышитое полотенце. Дет..кий валенок сброше(н,нн )ый на пол. (З,с)десь они грабили. Над сундуком в (пол)стены ж..рным углем начерч..н паучий фашис..ский знак . Стены мирной хаты др..жат от взрыв",Нет,Нет
vpr_sd_946133,russian,7,"Текст 2 (1) Еще первобытные люди приковывали свои взгляды к ночному небу, пытаясь выяснить, что за светящиеся точки на нем находятся. (2)Некоторые думали, что на небе живут боги, другие считали, что в небесах обитают неизвестные человеку существа, да и до нынешнего времени в человеке не сложилось полное понимание того, что такое космос на самом деле. (3) Космос — самая обсуждаемая и, вместе с этим",Нет,Нет
vpr_sd_945689,russian,7,"Поставьте знак ударения в следующих словах. Смолоду, сослепу, красивее, торты.",Нет,Нет
vpr_sd_945746,russian,7,"Найдите и исправьте грамматическую(-ие) ошибку(-и) в предложении(-ях). Запишите исправленный(-ые) вариант(-ы) предложения(-й). 1) Настоящий успех может быть достигнут только благодаря настойчивости, целеустремленности и глубоких знаний. 2) Заваривая чай, у него упала чашка. 3) Согласно правилу деепричастия выделяются запятыми. 4) По окончании встречи собеседники пожали друг другу руки.",Нет,Нет
vpr_sd_946077,russian,7,"Выпишите, раскрывая скобки, вставляя пропущенные буквы, предложения, в которых выделенные слова являются предлогами. 1) (В)течени.. всей зимы снег в южных регионах может не выпасть ни разу. 2) (В)продолжени.. вечера ребята мастерили поделки для завтрашней выставки. 3) (В)последстви.. все решили, что так будет лучше. 4) При заключении договора надо иметь (в)вид.. обстоятельства непреодолимой силы.",Нет,Нет
vpr_sd_945835,russian,7,"Выпишите, раскрывая скобки, вставляя пропущенные буквы, предложения, в которых выделенные слова являются предлогами. 1) (По)мимо общеобразовательной школы, он учился в музыкальной. 2) (В)вид.. опоздания поезда стоянка будет сокращена. 3) Он верил (в)силу искусства. 4) Уставные документы приведены (в)соответстви..",Нет,Нет
vpr_sd_946032,russian,7,"Выпишите, раскрывая скобки, предложения, в которых выделенные слова являются союзами. 1) За(чем) пойдешь, то и найдешь 2) Один рассказывал разные небылицы, другой повторял то(же) . 3) Я то(же) иду в кино. 4) Надо немало потрудиться, что(бы) чего-то добиться.",Нет,Нет
vpr_sd_946158,russian,7,"Выпишите предложение, в котором необходимо поставить две запятые. (Знаки препинания внутри предложений не расставлены.) Напишите, на каком основании Вы сделали свой выбор. 1) Если акула разгрызая что-то твердое поломает себе зуб вместо сломанного у нее вырастает новый. 2) Элли нашла в домике кусок хлеба и съела его на берегу ручья запивая прозрачной холодной водой. 3) Юные туристы отправляясь в пу",Нет,Нет
vpr_sd_945929,russian,7,"Выпишите предложение, в котором необходимо поставить две запятые. (Знаки препинания внутри предложений не расставлены.) Напишите, на каком основании Вы сделали свой выбор. 1) Отдавая распоряжение о переносе бильярда в зал поэт готовился к приёму гостей. 2) Мой друг приглашаю Вас сыграть бильярдную партию давно нами запланированную. 3) Собравшись в гостиной гости занимали себя игрой в бильярд. 4) У",Нет,Нет
vpr_sd_945994,russian,7,"Текст 1 Серёжа ш..л по заброше(н,нн)ой дорог.. . (В)доль неё р..сли гр..мадные б..рёзы, и было им лет по двести. (Не)которые б..рёзы были такие ра(з/с)кидистые, что под тен..ю иного дер..ва могло укрыт..ся стадо коро(в/ф). Ближе к з..мле к..ра на дерев..ях была совсем ч..рной, (з/с)пёкш..йся от врем..ни. Многие дерев..я от старост.. были дуплист..ми. Заветные дупла Серёжа знал (на)перечёт.(4) (За)",Нет,Нет
vpr_sd_946049,russian,7,"Текст 2 (1) Жил на краю деревни старый Бобыль. (2)Была у Бобыля своя хата и собака. (3)Никогда Бобыль не расставался с своей собакой, и была у нее ласковая кличка Дружок. (4)Скажут Бобылю люди: «Ты бы бросил, Бобыль, свою собаку, самому ведь кормиться нечем...» (5)Взглянет Бобыль своими грустными глазами, взглянет — ничего не скажет. (6)Кликнет своего Дружка... (7)Угрюмый был Бобыль, редко с кем р",Нет,Нет
vpr_sd_945857,russian,7,"Поставьте знак ударения в следующих словах. Искоса, мышление, ракушка, одолжить.",Нет,Нет
vpr_sd_946118,russian,7,"Найдите и исправьте грамматическую(-ие) ошибку(-и) в предложении(-ях). Запишите исправленный(-ые) вариант(-ы) предложения(-й). 1) Строительство завершится согласно срока. 2) Благодаря вовремя сделанной прививке, заражения вирусом удалось избежать. 3) Не окончив школу, Сергею пришлось работать. 4) В продолжение всей встречи он не проронил ни слова.",Нет,Нет
vpr_sd_945695,russian,7,"Выпишите, раскрывая скобки, вставляя пропущенные буквы, предложения, в которых выделенные слова являются предлогами. 1) (На)счет меня не беспокойся. 2) (В)следстви.. болезни возникли осложнения. 3) (В)заключени.. по делу было много неясного. 4) (Не)смотря по сторонам, он бежал что есть мочи.",Нет,Нет
vpr_sd_945789,russian,7,"Выпишите, раскрывая скобки, вставляя пропущенные буквы, предложения, в которых выделенные слова являются предлогами. 1) (В)вид.. скорого окончания плавания настроение команды сделалось весёлым и приподнятым. 2) После постройки плотины заметны некоторые изменения (в)течени.. реки. 3) (В)продолжени.. этой истории никто не заинтересован. 4) Это мгновение, (в)течени.. которого Валя рассмотрела пареньк",Нет,Нет
vpr_sd_945705,russian,7,"Выпишите, раскрывая скобки, вставляя пропущенные буквы, предложения, в которых выделенные слова являются предлогами. 1) (По)верх платка была надета шляпа. 2) Давайте договоримся (на)счёт работы! 3) (В)отличи.. их друг от друга заключается загадка природы. 4) (В)отношени.. к учёбе кроется успех успеваемости.",Нет,Нет
vpr_sd_945392,russian,7,"Выпишите, раскрывая скобки, вставляя пропущенные буквы, предложения, в которых выделенные слова являются предлогами. 1) (В)заключени.. экспертизы не были записаны выводы. 2) Для ловли бабочек нужно что-то (на)подоби.. сачка. 3) Я всё-таки надеюсь (на)встречу с ней. 4) (Не)смотря на общее одобрение, он не был доволен докладом.",Нет,Нет
vpr_sd_945807,russian,7,"Выпишите, раскрывая скобки, вставляя пропущенные буквы, предложения, в которых выделенные слова являются предлогами. 1) (По)окончани.. спектакля зрители долго рукоплескали артистам. 2) Никто не позволит вам вмешиваться (в)следстви.. 3) (В)отличи.. от Артёма Николай совсем не волновался. 4) Всё познаётся (в)сравнени..",Нет,Нет
vpr_sd_945734,russian,7,"Выпишите, раскрывая скобки, предложения, в которых выделенные слова являются союзами. 1) (При)чём здесь ребята?. 2) Мы встали рано, что(бы) отправиться в поход на рассвете. 3) Вы так(же) будете доказывать свою невиновность, как и прежде? 4) Нам было нелегко, (за)то весело.",Нет,Нет
vpr_sd_945337,russian,7,"Выпишите, раскрывая скобки, предложения, в которых выделенные слова являются союзами. 1) Вы так(же) , как и я, здесь бывали? 2) Он обещал сделать то(же) самое. 3) Малы ягоды земляники, за(то) вкусны. 4) Я хочу, что(бы) ты дал мне почитать эту книгу.",Нет,Нет
vpr_sd_945912,russian,7,"Выпишите, раскрывая скобки, предложения, в которых выделенные слова являются союзами. 1) Мал, за(то) удал. 2) Что(бы) нам придумать? 3) Ты то(же) готовишься к конкурсу? 4) Всё осталось так(же) , как прежде.",Нет,Нет
vpr_sd_945324,russian,7,"Текст 1 Бабушкин са(д/т) исти(н,нн)ый рай. В..сной ожива..т р..стущие (3) (з/с)десь д..р..вца́ и кустарники яблон..ки груш.. вишни крыж..вник. Они покрыва..т..ся нежн..ми (бело)розов..ми цв..тами. А пр(и/е)ход..т время и в саду по..вляют..ся фрукты и яг..ды. Куст (остро)листн..го крыж..вника сплош.. усыпа(н,нн) кисл..ми пл..дами. (Не)сла(д/т)кое а кислое душу раду..т внуч..́к мудро (2) зам..ча..т ",Нет,Нет
vpr_sd_945280,russian,7,"Текст 2 (1)Однажды у меня была встреча с семьёй медведей. (2)Как-то летом среди дня я плыл на небольшой лодочке вниз по течению реки. (3)За одним из крутых поворотов я неожиданно увидел на песчаном берегу медведицу с тремя совсем маленькими медвежатами. (4)Лодка двигалась бесшумно, поэтому удалось застать зверей врасплох. (5)Медведица, держа одного из медвежат лапой за голову и погружая в воду, ку",Нет,Нет
vpr_sd_945338,russian,7,"Поставьте знак ударения в следующих словах. Балуясь, добела, собрала, углублена.",Нет,Нет
vpr_sd_945377,russian,7,"Найдите и исправьте грамматическую(-ие) ошибку(-и) в предложении(-ях). Запишите исправленный(-ые) вариант(-ы) предложения(-й). 1) Поначалу Галилей увидел множество сливающихся звёзд в сплошное сияние. 2) Подойдя поближе, я увидел уличного фокусника в цилиндре. 3) На разбитых садовником клумбах пестрели самые разные цветы. 4) По возвращению в Россию граф создал частный оркестр и крепостной театр.",Нет,Нет
vpr_sd_945382,russian,7,"Выпишите, раскрывая скобки, вставляя пропущенные буквы, предложения, в которых выделенные слова являются предлогами. 1) (В)следстви.. недомогания она осталась дома. 2) (В)заключени.. книги мы узнаём о главной тайне героя. 3) (В)течени.. болезни наступил перелом. 4) Вы что-то говорили на(счёт) занятий в кружке?",Нет,Нет
vpr_sd_945950,russian,7,"Выпишите, раскрывая скобки, вставляя пропущенные буквы, предложения, в которых выделенные слова являются предлогами. 1) (Не)смотря на обледенение дороги, он поехал в гости на машине. 2) (В)следстви.. по делу о хищении товара появились новые улики. 3) Я решил узнать всё (на)счёт предстоящей экскурсии. 4) Антон читал стихи выразительно, (не)смотря в текст.",Нет,Нет
vpr_sd_945962,russian,7,"Поставьте знак ударения в следующих словах: Создан, смолоду, избалованный, красивее.",Нет,Нет
vpr_sd_946163,russian,7,"Поставьте знак ударения в следующих словах. Августовский, искра, сантиметр, оптовый.",Нет,Нет
vpr_sd_945376,russian,7,"Поставьте знак ударения в следующих словах: Балуясь, добела, столяр, премировать.",Нет,Нет
vpr_sd_945320,russian,7,"Поставьте знак ударения в следующих словах. Досуха, начата, приняв, созвала.",Нет,Нет
vpr_sd_946089,russian,7,"Поставьте знак ударения в следующих словах. Навзничь, втридорога, начавший, переведена.",Нет,Нет
vpr_sd_945348,russian,7,"Поставьте знак ударения в следующих словах. Балуясь, создан, путепровод, намерение.",Нет,Нет
vpr_sd_946061,russian,7,"Поставьте знак ударения в следующих словах. Ненависти, туфля, дочерна, поняла.",Нет,Нет
vpr_sd_945819,russian,7,"Поставьте знак ударения в следующих словах. Заперший (дверь), языковый, поняв, балованный.",Нет,Нет
vpr_sd_945944,russian,7,"Поставьте знак ударения в следующих словах: Добыча, начатый, прибыл, красивее.",Нет,Нет
vpr_sd_946005,russian,7,"Поставьте знак ударения в следующих словах. Красивее, крапива, донельзя, отняла.",Нет,Нет
vpr_sd_945817,russian,7,"Выпишите, раскрывая скобки, вставляя пропущенные буквы, предложения, в которых выделенные слова являются предлогами. 1) (По)истечени.. срока действия лицензия была отозвана. 2) Это надо иметь (в)вид.. . 3) Дожди шли (в)продолжени.. всего лета. 4) (В)последстви.. Фёдор хорошо научился разбираться в марках автомобилей.",Нет,Нет
vpr_sd_946161,russian,7,"Выпишите, раскрывая скобки, вставляя пропущенные буквы, предложения, в которых выделенные слова являются предлогами. 1) (В)вид.. этом много ярких красок. 2) (В)род.. бояр Старицких были выходцы и из других фамилий. 3) С грустью он посмотрел (в)след поезду. 4) Иногда на базаре какая-нибудь барыня давала Ванюше свою корзину и платила ему пятак за то, что он (в)продолжени.. часа таскал за ней по база",Нет,Нет
vpr_sd_946022,russian,7,"Выпишите, раскрывая скобки, предложения, в которых выделенные слова являются союзами. 1) Что(бы) встретить приезжающих, мы приехали на вокзал заблаговременно. 2) Девушка прекрасно учится, (по)тому что усердно занимается. 3) Разные цветы точно по времени раскрываются в разные часы утра и точно так(же) закрываются к вечеру. 4) Что(бы) мне вам рассказать?",Нет,Нет
vpr_sd_945874,russian,7,"Выпишите, раскрывая скобки, предложения, в которых выделенные слова являются союзами. 1) Что(бы) рыбку съесть, надо в воду лезть. 2) Ему нездоровилось, по(тому) что он отказался от пищи. 3) Так(же) , как и в прошлый раз, им не пришлось увидеться. 4) (За)то здание повернула машина.",Нет,Нет
vpr_sd_946117,russian,7,"Поставьте знак ударения в следующих словах. Водопровод, портфель, удобнее, донельзя.",Нет,Нет
vpr_sd_945254,russian,7,"Поставьте знак ударения в следующих словах. Нанесена, поняла, красивейший, расположив.",Нет,Нет
vpr_sd_945236,russian,7,"Поставьте знак ударения в следующих словах. Добела, прибыл, понятый, привезена.",Нет,Нет
vpr_sd_945875,russian,7,"Поставьте знак ударения в следующих словах. Поняла, гнала, арбуз, исподволь.",Нет,Нет
vpr_sd_945829,russian,7,"Поставьте знак ударения в следующих словах. Разлила, сковорода, запросто, нанять.",Нет,Нет
vpr_sd_945801,russian,7,"Поставьте знак ударения в следующих словах. Досуха, километр, переведена, начатый.",Нет,Нет
vpr_sd_945745,russian,7,"Поставьте знак ударения в следующих словах. Мельком, намерение, избранный, создан.",Нет,Нет
vpr_sd_945847,russian,7,"Поставьте знак ударения в следующих словах. Каталог, замертво, жалюзи, кухонный.",Нет,Нет
vpr_sd_945922,russian,7,"Выпишите, раскрывая скобки, вставляя пропущенные буквы, предложения, в которых выделенные слова являются предлогами. 1) (В)продолжени.. всего утра шёл снег. 2) Он перевёл деньги (на)счёт другого банка. 3) Он спешил (на)встречу приключениям. 4) Он переходил дорогу, (не)смотря по сторонам.",Нет,Нет
vpr_sd_945989,russian,7,"Выпишите, раскрывая скобки, предложения, в которых выделенные слова являются союзами. 1) Он зашёл ко мне, что(бы) обсудить новую книгу. 2) Солнце зашло за(то) облако. 3) Я так(же) , как и вы, играю в теннис. 4) Мне эта книга то(же) понравилась.",Нет,Нет
vpr_sd_946144,russian,7,"Выпишите, раскрывая скобки, предложения, в которых выделенные слова являются союзами. 1) От земли исходила утренняя прохлада, воздух был то(же) по-осеннему свеж. 2) Тренер вернулся через полчаса, (так)как нужно было продолжать тренировку. 3) (За)то отношение я до сих пор тебе благодарен. 4) Что(бы) ты съел?",Нет,Нет
vpr_sd_946051,russian,7,"Поставьте знак ударения в следующих словах. Пуловер, застегнутый, каталог, завидно.",Нет,Нет
vpr_sd_945676,russian,7,"Текст 1 (Не)забываемое, (не)изгладимое впечатление оставила гроза в деревне. Нач..лась она вечером. Светлая з..ря еще (не)затянутая черной приближающ..йся тучей оз..ряла розовым светом нашу спальню. Через окна еще (не)закрытые на ночь комната наполнилась уд..вительно свежим, чуть влажным воздух..м. Вдру(к/г) страшный гр..мовой удар потряс весь дом, и полил дождь не прекращавш..йся около часа. (Не)",Нет,Нет
vpr_sd_945778,russian,7,"Текст 1 Мотив давно уже изменился…(4) Тут были голоса природы шум ветра ш..пот леса плеск реки и смутный говор см..лкающий в бе(с/з)вес..ной дали. По врем..нам звуки усиливались выр..стали крепли. Лицо музыканта делалось стра(н/нн)о суровым. Он как (будто) сам уд..влялся новой и для него силе этих (не)ожида(н/нн)ых мелодий и ждал ещё чего(то). Слепой см..лкал на минуту, и опять в гости(нн/н)ой сто",Нет,Нет
vpr_sd_945978,russian,7,"Выпишите, раскрывая скобки, вставляя пропущенные буквы, предложения, в которых выделенные слова являются предлогами. 1) (Не)смотря на полный мрак, я нащупал ручку двери. 2) (В)следстви.. вмешались общественные организации. 3) (На)счёт в банке была переведена крупная сумма денег. 4) (В)продолжени.. всего дня мы вспоминали утренние события.",Нет,Нет
vpr_sd_945214,russian,7,"Выпишите, раскрывая скобки, вставляя пропущенные буквы, предложения, в которых выделенные слова являются предлогами. 1) О дальнейшей судьбе героев автор собирается рассказать (в)продолжени.. повести. 2) (В)следстви.. недостатка дров договорились о новых заготовках. 3) Охотники всматривались (в)след этого удивительного зверя. 4) (В)течени.. ближайших суток погода не изменится.",Нет,Нет
vpr_sd_945366,russian,7,"Поставьте знак ударения в следующих словах. Движимый, звонит, сослепу, черпая.",Нет,Нет
vpr_sd_945763,russian,7,"Поставьте знак ударения в следующих словах. Поднятый, балуясь, движимый, красивее.",Нет,Нет
vpr_sd_945679,russian,7,"Поставьте знак ударения в следующих словах. Неподалеку, привезен, черпая, по трое.",Нет,Нет
vpr_sd_945934,russian,7,"Поставьте знак ударения в следующих словах: Добела, начатый, звонит, бензопровод.",Нет,Нет
vpr_sd_946107,russian,7,"Поставьте знак ударения в следующих словах. Ненадолго, наверх, одновременно, поднявшись.",Нет,Нет
vpr_sd_945314,russian,7,"Текст 1 Черешни в запущ..(н,нн)ом с..ду тёт.. Мари.. вид..мо(невид..мо)! У крыл..ца у к..литк.. у забора и во дв..ре всюду ра(з/с)р..слись эти д..рев..я. Я пр(и/е)к..саюсь к в..сящ..м (3) на ветк.. ягодам но (не)рву их. (Не)крупные черешенки де́рж..т..ся кре(б/п)ко оп..дают лиш.. изре(д/т)к.. (2) , только если какая(нибудь) яг..(д/т)ка перезре..т став (ч..рно)син..й, как слива. (Кругло)щ..кая чере",Нет,Нет
vpr_sd_945751,russian,7,"Текст 2 (1)На окраине Керчи, в микрорайоне Аджимушкай расположены каменоломни, в которых вплоть до начала XX века добывали камень-ракушечник. (2)Но, уже более 70 лет словосочетание «керченские каменоломни» не ассоциируется с геологией. (3)Сегодня оно вызывает совершенно другие мысли, другие эмоции: боль, сострадание, мужество, бессмертие, память. (4)Не только керченская земля, но и керченское подз",Нет,Нет
vpr_sd_945227,russian,7,"Найдите и исправьте грамматическую(-ие) ошибку(-и) в предложении(-ях). Запишите исправленный(-ые) вариант(-ы) предложения(-й). 1) Сняв шляпу, он весело поздоровался. 2) По возвращению из похода мы сделали фотоальбом. 3) Постепенно радость, светившаяся в глазах детей, сменилась грустью. 4) Используя синонимы, наша речь становится богаче.",Нет,Нет
vpr_sd_945923,russian,7,"Текст 2 (1)Извилистая тропинка обогнула густой куст орешника, и лес сразу раздался во все стороны. (2)Посреди круглой поляны в белых сверкающих одеждах, огромный и величественный, стоял дуб. (3)Казалось, деревья почтительно расступились перед ним, чтобы дать старшему собрату ся во всей силе. (4)Его нижние ветви огромным шатром раскинулись над лесной поляной. (5)Снег набился в глубокие морщины коры",Нет,Нет
vpr_sd_945873,russian,7,"Выпишите, раскрывая скобки, вставляя пропущенные буквы, предложения, в которых выделенные слова являются предлогами. 1) (На)встречу нам выбежал пёс. 2) (В)дали голубой занимался рассвет. 3) (В)продолжени.. дня все были заняты делом. 4) Все были заинтересованы (в)продолжени.. рассказа танкиста.",Нет,Нет
vpr_sd_946105,russian,7,"Выпишите, раскрывая скобки, вставляя пропущенные буквы, предложения, в которых выделенные слова являются предлогами. 1) (На)счет билетов нужно было договариваться заранее. 2) (В)близи деревни должна пройти железная дорога 3) (В)продолжени.. сотрудничества были заинтересованы обе стороны. 4) (В)отношени.. двух друзей после ссоры образовалась трещинка.",Нет,Нет
vpr_sd_945677,russian,7,"Выпишите, раскрывая скобки, вставляя пропущенные буквы, предложения, в которых выделенные слова являются предлогами. 1) (В)виду длительной засухи мы часто поливали огород водой из соседнего озерка. 2) (Не)смотря на поздний час, спать никто не ложился. 3) Соперники встали (на)против . 4) (На)счёт школы поступили благотворительные средства.",Нет,Нет
vpr_sd_945733,russian,7,"Выпишите, раскрывая скобки, вставляя пропущенные буквы, предложения, в которых выделенные слова являются предлогами. 1) (На)против меня сел Миша. 2) (В)течени.. дня рабочие старались выложить эту стену кирпичом. 3) (В)продолжени.. книги появились новые герои. 4) Провели собрание, обсудили и (в)последстви.. выработали свои требования к работе управляющей компании.",Нет,Нет
vpr_sd_946088,russian,7,"Выпишите, раскрывая скобки, предложения, в которых выделенные слова являются союзами. 1) (За)тем перевалом нас ждут настоящие альпийские луга. 2) Спектакль был то(же) премьерный. 3) Что(бы) всё успеть, нужно чётко спланировать свой день. 4) Я так(же) , как и моя мама, очень люблю музыку Бетховена.",Нет,Нет
vpr_sd_945828,russian,7,"Выпишите, раскрывая скобки, предложения, в которых выделенные слова являются союзами. 1) Курсы находятся (при)том институте, где я работаю. 2) Я встретился с ним, что(бы) согласовать дальнейшие действия. 3) Что(бы) вы мне посоветовали? 4) Павел Васильевич то(же) будет в зале.",Нет,Нет
vpr_sd_945784,russian,7,"Найдите и исправьте грамматическую(-ие) ошибку(-и) в предложении(-ях). Запишите исправленный(-ые) вариант(-ы) предложения(-й). 1) Я уйду с дома ненадолго. 2) Согласно распоряжению нужно было завершить строительство к осени. 3) Описывая героя, уделяется внимание деталям. 4) Впоследствии все в полном составе перешли в зал заседаний.",Нет,Нет
vpr_sd_946090,russian,7,"Найдите и исправьте грамматическую(-ие) ошибку(-и) в предложении(-ях). Запишите исправленный(-ые) вариант(-ы) предложения(-й). 1) По окончанию курсов информатики я получил удостоверение. 2) Проснувшись, ему сказали, что завтрак подан. 3) По завершении контрольной учитель собрал тетради. 4) Согласно этикетке это платье нельзя стирать в горячей воде.",Нет,Нет
vpr_sd_945700,russian,7,"Найдите и исправьте грамматическую(-ие) ошибку(-и) в предложении(-ях). Запишите исправленный(-ые) вариант(-ы) предложения(-й). 1) Выступая перед публикой, его мучила стеснительность. 2) Вопреки старания Рита допустила ошибку. 3) Руководитель действовал согласно инструкции. 4) В течении реки плескалось много рыбы.",Нет,Нет
vpr_sd_945665,russian,7,"Текст 1 Любовь к лесу р.дилась у меня в детстве(4). Когда я был г..мназистом четвертого или пятого кла(с/сс)а наша семья пр..водила лето в зн..менитых Брянских лесах. В Брянском лесу я (в)первые(3) в(з/с)третился со старым л..сничим и узнал от него много вещей пок..завшихся мне (не)вероятными. Я узнал, например, что лучшие сем..на сосны лес..воды добывают из белич..их складов потому что белка соб.",Нет,Нет
vpr_sd_945863,russian,7,"Выпишите, раскрывая скобки, вставляя пропущенные буквы, предложения, в которых выделенные слова являются предлогами. 1) Трудно было понять, какое удобство имел (в)вид.. столяр, загибая так немилосердно спинки стульев. 2) (В)заключени.. праздника в небо выпустили воздушные шары. 3) (В)следстви.. наступившей старости острота чутья у Ласки уже не та. 4) Он живёт (на)против.",Нет,Нет
vpr_sd_945891,russian,7,"Выпишите, раскрывая скобки, вставляя пропущенные буквы, предложения, в которых выделенные слова являются предлогами. 1) (В)течени.. этого года строительство будет завершено. 2) (В)продолжени.. лета юннаты занимались сбором лекарственных трав. 3) (В)последстви.. недоразумение было забыто. 4) Надо иметь (в) вид.. то, что является главным.",Нет,Нет
vpr_sd_946039,russian,7,"Выпишите, раскрывая скобки, вставляя пропущенные буквы, предложения, в которых выделенные слова являются предлогами. 1) (В) течени.. двадцати лет сряду изъездил я Россию по всем направлениям. 2) (В)следстви.. по уголовному делу использованы данные медицинской экспертизы. 3) (В)течени.. болезни наступило улучшение. 4) (По)среди обширных зеленых лугов паслись тучные стада.",Нет,Нет
vpr_sd_945281,russian,7,"Выпишите, раскрывая скобки, предложения, в которых выделенные слова являются союзами. 1) Прибывшие то(же) расположились у костра. 2) Что(бы) он ни делал, всё выходило плохо. 3) Незнакомец был невысокого роста, за(то) плечист. 4) Через минуту он исчез в снежной пурге так(же) внезапно, как и появился.",Нет,Нет
vpr_sd_945208,russian,7,"Поставьте знак ударения в следующих словах. Жила (по соседству), красивее, позвонив, снята.",Нет,Нет
vpr_sd_946079,russian,7,"Поставьте знак ударения в следующих словах. Удобнее, создан, сантиметр, подолгу.",Нет,Нет
vpr_sd_945885,russian,7,"Поставьте знак ударения в следующих словах. Эксперт, щавелевый, сковорода, засветло.",Нет,Нет
vpr_sd_945845,russian,7,"Выпишите, раскрывая скобки, вставляя пропущенные буквы, предложения, в которых выделенные слова являются предлогами. 1) (В)течени.. реки образуются воронки. 2) (По)окончани.. существительного можно определить его падеж. 3) (В)отличи.. от сестры она была серьёзной. 4) На манекене была шляпка (на)подоби.. той, что они видели вчера на незнакомке.",Нет,Нет
vpr_sd_945215,russian,7,"Выпишите, раскрывая скобки, предложения, в которых выделенные слова являются союзами. 1) Братья быстро бежали к дому, сестра так(же) не отставала от них. 2) Туристы увидели перед собой то(же) озеро, что и вчера. 3) Семиклассники готовились к диктанту, что(бы) улучшить свои результаты. 4) Всегда приходится отвечать за(то) , что делаешь.",Нет,Нет
vpr_sd_945757,russian,7,"Выпишите предложение, в котором нужно поставить одну запятую. (Знаки препинания внутри предложений не расставлены). Напишите, на каком основании Вы сделали свой выбор. 1) Привлечённые светом бабочки прилетели и кружились возле фонарей. 2) Поляны освещенные солнцем притягивали взгляд. 3) Над нами было небо покрытое тучами. 4) Привыкнув с утра до вечера вращаться в большом обществе он любил чтобы и ",Нет,Нет
vpr_sd_946175,russian,7,"Выпишите предложение, в котором нужно поставить одну запятую. (Знаки препинания внутри предложений не расставлены.) Напишите, на каком основании Вы сделали свой выбор. 1) Перед нами расстилалось море убаюкивающее плеском своих волн. 2) На белом снегу краснеют расклёванные птицами ягоды. 3) Пошумев река успокоилась вновь легла в берега. 4) Я пошёл тихо и часто оглядывался ожидая что Валёк меня дого",Нет,Нет
vpr_sd_945389,russian,7,"Выпишите предложение, в котором необходимо поставить две запятые. (Знаки препинания внутри предложений не расставлены.) Напишите, на каком основании Вы сделали свой выбор. 1) Ворона двигалась прямо на нас неестественно подскакивая. 2) Низко припадая к земле за вороной кралась полосатая кошка. 3) Охотящаяся за вороной кошка следит за всеми передвижениями птицы. 4) Девочки поможете спасти птицу отпу",Нет,Нет
vpr_sd_945230,russian,7,"Текст 1 Неужели вас (ни)когда (не)м..нило раннее летнее утро Во(з/с)ход..т со..нце. Оно т..ржестве(н,нн)о по..вляет..ся на огромн..м неб.., словно государь в бл..ста..щей золотом карет.. запряж..(н,нн)ой огне(н,нн)ыми лош..дьми. А разве можно ус..деть дома днём, когда со..нце уже (во)всю печ..т ра(з/с)к..ляя землю Хочет..ся погрузит..ся в прогрет..ю (3) воду реч..нки, прохладн..ю только (в)низу (2",Нет,Нет
vpr_sd_945243,russian,7,"Текст 2 (1)Когда речь идёт о чём-нибудь очень простом, понятном, мы часто говорим: «Дело ясно, как дважды два — четыре!» (2)А ведь прежде чем додуматься до того, что дважды два — четыре, людям пришлось учиться много-много тысяч лет. (3)Конечно, это учение шло не за партой. (4)Человек постепенно учился строить жилища, находить дорогу в дальних походах, обрабатывать землю. (5)И одновременно он училс",Нет,Нет
vpr_sd_945707,russian,7,"Поставьте знак ударения в следующих словах. Кладовая, нанять, плодоносить, танцовщица.",Нет,Нет
vpr_sd_946146,russian,7,"Найдите и исправьте грамматическую(-ие) ошибку(-и) в предложении(-ях). Запишите исправленный(-ые) вариант(-ы) предложения(-й). 1) Отмыв окна, мы принялись за двери и пол. 2) Читая поэму, чувствуется сила каждого слова. 3) По приезде в Венецию я сразу отправился знакомиться с достопримечательностями. 4) Благодаря принятого решения при строительстве дороги удалось сохранить большую часть леса.",Нет,Нет
vpr_sd_945252,russian,7,"Текст 2 (1)Эту историю рассказал мне орловский учитель истории Серафим Петрович. — (2)В начале оккупации гитлеровцы пытались внушить населению, что они уважительно относятся к русской культуре. (3)Так как в доме И. С. Тургенева они открыли трактир, то разрешили в краеведческом музее небольшую экспозицию, посвящённую Ивану Сергеевичу. (4)Повесили портрет писателя, несколько иллюстраций к его творен",Нет,Нет
vpr_sd_946135,russian,7,"Поставьте знак ударения в следующих словах. Мышление, начать, простыня, цепочка.",Нет,Нет
vpr_sd_945690,russian,7,"Найдите и исправьте грамматическую(-ие) ошибку(-и) в предложении(-ях). Запишите исправленный(-ые) вариант(-ы) предложения(-й). 1) Благодаря заботе мамы он быстро пошёл на поправку. 2) Матвей поступил наперекор желания друзей. 3) Заметив возгорание, немедленно вызывайте пожарных. 4) Посмотрев фильм, писатель стал мне еще ближе и дороже.",Нет,Нет
vpr_sd_946062,russian,7,"Найдите и исправьте грамматическую(-ие) ошибку(-и) в предложении(-ях). Запишите исправленный(-ые) вариант(-ы) предложения(-й). 1) Согласно расписанию автобусы начнут ходить по этому маршруту уже завтра. 2) Дойдя до реки, усталость овладела нами. 3) Утром я иду до школы, чтобы учиться новому. 4) Вследствие ранения Ибрагим носил повязку.",Нет,Нет
vpr_sd_945792,russian,7,"Текст 2 (1)Это было летом, а может весной, это могло случиться в любое время года. (2)Однажды рано утром ласковый лучик солнышка заглянул в окошко к маленькому мальчику и нежно дотронулся до его личика. (3)«Просыпайся, малыш, — прошептал лучик, — посмотри в окошко». (4)Легко вскочив с кроватки, мальчик подбежал к окошку. (5)Яркое солнце ослепило мальчика. (6)Он зажмурился. (7)Немного подождав, он ",Нет,Нет
vpr_sd_946055,russian,7,"Текст 1 Сотни остр..верхих ш..тров розовеющих(3) на з..ре, сотни зол..тых куп..лов отр..жающих в себе тихое с..яние неба. Говорят, Москва, если см..треть (из)дали(2) на утре(н/нн)ей морозной з..ре или в зол..тистых летних сум..рках, вся была как этот сказоч..ный злат..главый и остр..верхий град. В Москве около (четырех)сот пятид..сяти церквей и ч..совен. С Кремля открыва..тся вид на целое море кра",Нет,Нет
vpr_sd_945868,russian,7,"Найдите и исправьте грамматическую(-ие) ошибку(-и) в предложении(-ях). Запишите исправленный(-ые) вариант(-ы) предложения(-й). 1) Ветер с каждой минутой становился яростнее, свирепее. 2) Они вернулись с леса. 3) Строя новые корабли, повышается мощь флота. 4) Ввиду сложившихся обстоятельств отъезд был отложен на неопределённый срок.",Нет,Нет
vpr_sd_945394,russian,7,"Поставьте знак ударения в следующих словах: Звонит, нанесена, балуясь, торты.",Нет,Нет
vpr_sd_945802,russian,7,"Найдите и исправьте грамматическую(-ие) ошибку(-и) в предложении(-ях). Запишите исправленный(-ые) вариант(-ы) предложения(-й). 1) Объятия навстречу солнцу распахни. 2) Согласно режима работы контора закроется в семнадцать часов. 3) Работая над докладом, вас ничто не должно отвлекать. 4) В заключение хотелось бы поблагодарить слушателей.",Нет,Нет
vpr_sd_946056,russian,7,"Текст 2 (1)В первые дни ссылки деревня показалась Пушкину тюрьмой. (2)Бешенству его не было предела. (3)Всё его раздражало. (4)Он хандрил, скандалил, бывал во хмелю. (5)С утра приказывал седлать и уезжал в никуда. (6)Стремительно несущегося всадника можно было встретить очень далеко от Михайловского. (7)Потом всё переменилось, и он стал чувствовать себя в деревне как у бога за пазухой. (8)Что же п",Нет,Нет
vpr_sd_945761,russian,7,"Текст 2 (1)Девочка в красном пальтишке, в меховых башмаках, в пуховой шапочке кормила голубей из кулька. (2)И они кружились вокруг девочки хороводом, раздув зобы, хлопаясь, долбя друг дружку, оттирая боком. (3)Девочка смеялась, сыпала крупу с крошками и все повторяла: «У, какие! У, какие!..» (4)А на скамейке сидел ее отец, курил, жмурился от несильного, но уже пригревающего солнца и поощрял девочк",Нет,Нет
vpr_sd_945721,russian,7,Текст 1 Мой дом стоит в густом саду но почему(то) отгорож..н(3) от него высоким част..колом. Этот част..кол западня для деревенских котов люб..щих рыбу. Они постоя(н/нн)о шныряют (во)круг беспреста(н/нн)о подвывают друг на друга и ждут вечера. Осенью весь дом сплош.. засыпан листьями(4). Но в нём я ночую лишь изредк... Чащ.. я сплю в старой беседке в глубине сада. Особе(н/нн)о хорошо там в тихие о,Нет,Нет
vpr_sd_945717,russian,7,"Поставьте знак ударения в следующих словах. Гусеница, закупорить, статуя, разлила.",Нет,Нет
vpr_sd_945903,russian,7,"Поставьте знак ударения в следующих словах. Предложить, починенный, туника, баловать.",Нет,Нет
vpr_sd_945292,russian,7,"Поставьте знак ударения в следующих словах. Начала (петь), избалованный, принята, сослепу.",Нет,Нет
vpr_sd_946156,russian,8,"Текст 2 (1)Гжель — это название традиционного русского промысла по производству фарфоровых и керамических изделий — посуды, изразцов, декоративных элементов декора. (2)Гжель, если быть более точным, — это название местности, охватывающей около 27 населенных пунктов: деревень и поселков, образующих так называемый «Гжельский куст». (3)Возникновение гончарных промыслов, а впоследствии и промыслов по ",Нет,Нет
vpr_sd_944235,russian,8,"Текст 2 (1)Что такое палимпсест? (2)Это древняя рукопись на пергаменте, написанная по счищенному, ещё более древнему письму. (3)Раньше, когда бумагу ещё не изобрели, писали на специально обработанной коже животных – пергаменте. (4)Пергамент был очень дорогим материалом, использовался крайне экономно. (5)То, что было написано ранее, если оно становилось ненужным, аккуратно соскабливали или смывали ",Нет,Нет
vpr_sd_945764,russian,8,"Текст 2 (1) Забота скрепляет отношения между людьми. (2)Скрепляет семью, скрепляет дружбу, скрепляет односельчан, жителей одного города, одной страны. (3)Проследите жизнь человека. (4)Человек рождается, и первая забота о нем — матери; постепенно (уже через несколько дней) вступает в непосредственную связь с ребенком забота о нем отца (до рождения ребенка забота о нем уже была, но была до известной",Нет,Нет
vpr_sd_945989,russian,8,"Текст 2 (1)В жизни приходится очень много спорить, возражать, опровергать мнение других, не соглашаться. (2)Лучше всего проявляет свою воспитанность человек, когда он ведет дискуссию, спорит, отстаивая свои убеждения. (3)В споре сразу же обнаруживается интеллигентность, логичность мышления, вежливость, умение уважать людей и… самоуважение. (4)Если в споре человек заботится не столько об истине, ск",Нет,Нет
vpr_sd_945887,russian,8,"Текст 1 Меня ра(з/с)будил (2) яркий солнечный луч. Прон(е/и)кая в маленькое окошко вмаза(н/нн)ое в стену за печкой на которой мы спали он золотым меч..м пронзал (полу)мрак под белё(н/нн)ым потолком чистенькой хатки и уп..рался прямо мне в лицо. Как это часто бывает на вое(н/нн)ых ночлегах проснувшись (3) не сразу поймёш.., где ты и как сюда попал. Потом вспомнился (не)удачный вчерашний полёт в лип",Нет,Нет
vpr_sd_945715,russian,8,"Выпишите, раскрывая скобки, ряд, в котором все слова с НЕ пишутся раздельно. В выписанном ряду для каждого случая укажите условия выбора раздельного написания. 1) (Не)навидевший ложь; (не)выкопан; (не)стройно идут 2) (Не)исследованная учёными проблема, зал (не)освещён, уже (не)знобит 3) Сборы (не)долгие; (не)дорытый котлован; (не)написанная, а напечатанная работа 4) (Не)ряшливо одет; (не)глупый, а",Нет,Нет
vpr_sd_946137,russian,8,"Выпишите, раскрывая скобки, ряд, во всех словах которого пишется одна буква Н. В выписанном ряду для каждого случая укажите условия выбора написания Н. 1) Земля(н/нн)ой орех, плетё(н/нн)ая корзина, наив(н/нн)о полагая 2) Змеи(н/нн)ый укус, лицензио(н/нн)ый отдел, подоко(н/нн)ик 3) Ваго(н/нн)ый номер, Вселе(н/нн)ая, запатентова(н/нн)ый метод 4) Листве(н/нн)ый лес, пого(н/нн)ый метр, взъероше(н/нн)ы",Нет,Нет
vpr_sd_946153,russian,8,"Поставьте знак ударения в следующих словах. Пуловер, застегнутый, каталог, завидно.",Нет,Нет
vpr_sd_945672,russian,8,"Найдите и исправьте грамматическую(-ие) ошибку(-и) в предложении(-ях). Запишите исправленный(-ые) вариант(-ы) предложения(-й). 1) Неожиданно он бросился наперерез понесшегося вскачь коня. 2) Возвращаясь домой, мне стало грустно. 3) Туристы расположились возле старого дуба. 4) В газете «Известия» вышла статья о нашем земляке.",Нет,Нет
vpr_sd_946127,russian,8,Текст 1 Всё и день и природа великолепно (4) . Солнце не печет а только гре..т и окрашива..т в бе(з/с)конечно разнообразные цвета желте..щую (3) и красне..щую зелень леса. Деревья (с)верху (до)низу унизаны разноцветными листьями: желтыми оранжевыми красноватыми и (ярко)красными. Тихо кругом в глубине леса на поляне. Слышно лиш.. как ж..лтый лист отделившись от ветки уже не питающей его своими сока,Нет,Нет
vpr_sd_945896,russian,8,"Выпишите, раскрывая скобки, ряд, в котором все слова с НЕ пишутся слитно. В выписанном ряду для каждого случая укажите условия выбора слитного написания. 1) Далеко (не)весёлая история, (не)добрый, а злой человек, (не)видел ничего 2) (Не)разгаданная тайна, (не)чаянная радость, (не)дописанная глава 3) Дорога (не)освещена, отнюдь (не)большой отрезок, (не)дотрога 4) (Не)поднимающийся высоко, (не)разбо",Нет,Нет
vpr_sd_945814,russian,8,"Выпишите, раскрывая скобки, ряд, во всех словах которого пишется две Н. В выписанном ряду для каждого случая укажите условия выбора написания НН. 1) Дли(н/нн)ый путь, выходим организова(н/нн)о, выстрога(н/нн)ая полка 2) Завяза(н/нн)ый узлом, сгущё(н/нн)ое молоко, лоси(н/нн)ая тропа 3) Да(н/нн)ые паспорта, передержа(н/нн)ая в печи каша, рубле(н/нн)ые котлеты 4) Пога(н/нн)ый недруг, задача реше(н/нн",Нет,Нет
vpr_sd_946123,russian,8,"Поставьте знак ударения в следующих словах. Разлила, сковорода, запросто, нанять.",Нет,Нет
vpr_sd_944196,russian,8,"Найдите грамматическую(-ие) ошибку(-и) в предложении(-ях). Запишите исправленный(-ые) вариант(-ы) предложения(-ий). 1) Я вернулся со школы после обеда. 2) Читая книгу, Маша часто пропускала самое главное. 3) Книги не только лежали на столе, но и на диване. 4) По приезде в деревню мы побежали на речку.",Нет,Нет
vpr_sd_944246,russian,8,"Выпишите, раскрывая скобки, ряд, во всех словах которого пишется НН . В выписанном ряду для каждого случая укажите условия выбора написания НН . 1) замороже(н,нн)ые ягоды, копчё(н,нн)ая на костре рыба, концерты организова(н,нн)ы дирекцией 2) лекцио(н,нн)ый зал, конопля(н,нн)ое семечко, созда(н,нн)ое мастером 3) поступал мужестве(н,нн)о, пута(н,нн)ая история, выжже(н,нн)ая солнцем 4) взвеше(н,нн)о ",Нет,Нет
vpr_sd_946175,russian,8,"Выпишите, раскрывая скобки, ряд, во всех словах которого пишется две буквы Н. В выписанном ряду для каждого случая укажите условия выбора написания НН. 1) Песча(н/нн)ый пляж, мысле(н/нн)ая помощь, карти(н/нн)ая галерея 2) Варё(н/нн)ый судак, тушё(н/нн)ые грибы, на улице холод(н/нн)о 3) Изоляцио(н/нн)ый слой, весе(н/нн)яя капель, посаже(н/нн)ый чеснок 4) Цеп(н/нн)ая реакция, опубликова(н/нн)ая заме",Нет,Нет
vpr_sd_946107,russian,8,"Выпишите, раскрывая скобки, ряд, во всех словах которого пишется две буквы Н. В выписанном ряду для каждого случая укажите условия выбора написания НН. 1) Огне(н/нн)ая окраска, устрое(н/нн)ый праздник, неслыха(н/нн)ые обстоятельства 2) Мороже(н/нн)ые ягоды, унесе(н/нн)ые ветром, дело сдела(н/нн)о 3) Сорва(н/нн)ые цветы, печь не топле(н/нн)а, жжё(н/нн)ый сахар 4) Соколи(н/нн)ая охота, изыска(н/нн)ы",Нет,Нет
vpr_sd_944202,russian,8,"Выпишите, раскрывая скобки, ряд, во всех словах которого пишется НН . В выписанном ряду для каждого случая укажите условия выбора написания НН . 1) краше(н,нн)ый потолок, измуче(н,нн)ый болезнью, нехоже(н,нн)ые тропы 2) идти медле(н,нн)о, мощё(н,нн)ые булыжником дороги, бухта пусты(н,нн)а 3) песча(н,нн)ая полоса, пута(н,нн)ый ответ, стра(н,нн)ый человек 4) встать ра(н,нн)о, сушё(н,нн)ая малина, сг",Нет,Нет
vpr_sd_945829,russian,8,"Выпишите, раскрывая скобки, ряд, во всех словах которого пишется одна Н. В выписанном ряду для каждого случая укажите условия выбора написания Н. 1) Станцио(н/нн)ый смотритель, гуси(н/нн)ый жир, непроше(н/нн)ый гость 2) Вяза(н/нн)ая кофта, лощё(н/нн)ая бумага, смышлё(н/нн)ый малыш 3) Ветря(н/нн)ая мельница, зажжён(н/нн)ая свеча, свежезамороже(н/нн)ые овощи 4) Зелё(н/нн)ый ковёр, бревно распиле(н/н",Нет,Нет
vpr_sd_946152,russian,8,"Выпишите, раскрывая скобки, ряд, во всех словах которого пишется две буквы Н. В выписанном ряду для каждого случая укажите условия выбора написания НН. 1) Вниматель(н/нн)ый читатель, торжестве(н/нн)ый приём, травя(н/нн)ой чай 2) Удлинё(н/нн)ое пальто, варё(н/нн)ое мясо, на улице холод(н/нн)о 3) Запакова(н/нн)ый конверт, клюкве(н/нн)ый морс, замаскирова(н/нн)ый вход 4) Отечестве(н/нн)ая война, глин",Нет,Нет
vpr_sd_946084,russian,8,"Выпишите, раскрывая скобки, ряд, во всех словах которого пишется две буквы Н. В выписанном ряду для каждого случая укажите условия выбора написания НН. 1) Дружелюб(н/нн)о настроен, ремесле(н/нн)ое училище, удивлё(н/нн)ый взгляд 2) Примороже(н/нн)ые щёчки, бездо(н/нн)ая глубина, государстве(н/нн)ый строй 3) Кова(н/нн)ая ограда, кожа(н/нн)ый ремень, открове(н/нн)ый разговор 4) Маневре(н/нн)ый ход, п",Нет,Нет
vpr_sd_945799,russian,8,"Выпишите, раскрывая скобки, ряд, во всех словах которого пишется две Н. В выписанном ряду для каждого случая укажите условия выбора написания НН. 1) Време(н/нн)ый проход, бара(н/нн)ий рог, обветре(н/нн)ое лицо 2) Привяза(н/нн)ый за рога, стекля(н/нн)ая посуда, разлинова(н/нн)ая тетрадь 3) Стриже(н/нн)ые волосы, записа(н/нн)а в журнал, полуде(н/нн)ый жар 4) Тяжело ране(н/нн)ый солдат, небелё(н/нн)ы",Нет,Нет
vpr_sd_945776,russian,8,"Выпишите, раскрывая скобки, ряд, во всех словах которого пишется одна Н. В выписанном ряду для каждого случая укажите условия выбора написания Н. 1) Печё(н/нн)ые пирожки, лошади(н/нн)ая сбруя, вещь броше(н/нн)а 2) Связа(н/нн)ый морским узлом, кваше(н/нн)ая капуста, развеше(н/нн)ая одежда 3) Унесё(н/нн)ые ветром, приготовле(н/нн) на пару, имени(н/нн)ый пирог 4) Стреля(н/нн)ый воробей, холсти(н/нн)а",Нет,Нет
vpr_sd_945693,russian,8,"Выпишите, раскрывая скобки, ряд, во всех словах которого пишется одна Н. В выписанном ряду для каждого случая укажите условия выбора написания Н. 1) Воспита(н/нн)ик, безымя(н/нн)ый герой, свяще(н/нн)ая война 2) Заветре(н/нн)ый хлеб, це(н/нн)ое замечание, деревя(н/нн)ая ложка 3) Снесе(н/нн)а крыша, маши(н/нн)остроительный завод, гладкокраше(н/нн)ый ковёр 4) Смета(н/нн)ый соус, ржа(н/нн)ой колос, ве",Нет,Нет
vpr_sd_946016,russian,8,"Выпишите, раскрывая скобки, ряд, во всех словах которого пишется одна буква Н. В выписанном ряду для каждого случая укажите условия выбора написания Н. 1) Рожде(н/нн)ый революцией, беше(н/нн)о колотится, телефо(н/нн)ый разговор 2) Кипячё(н/нн)ый чай, студенты озабоче(н/нн)ы зачётом, смоля(н/нн)ая бочка 3) Бесцеремо(н/нн)ость, дитя румя(н/нн)о, таможе(н/нн)ый контроль 4) Соловьи(н/нн)ые трели, полы",Нет,Нет
vpr_sd_946122,russian,8,"Выпишите, раскрывая скобки, ряд, во всех словах которого пишется одна буква Н. В выписанном ряду для каждого случая укажите условия выбора написания Н. 1) Топор(н/нн)ая работа, заплетё(н/нн)ая коса, разреза(н/нн)ый ножом 2) Змеи(н/нн)ый укус, ноше(н/нн)ая куртка, задача реше(н/нн)а 3) Закута(н/нн)ый в шарф, неожида(н/нн)ое известие, варе(н/нн)ый в мундире картофель 4) Измуче(н/нн)ый вид, гружё(н/н",Нет,Нет
vpr_sd_946039,russian,8,"Выпишите, раскрывая скобки, ряд, во всех словах которого пишется одна буква Н. В выписанном ряду для каждого случая укажите условия выбора написания Н. 1) Новорожде(н/нн)ый ребёнок, мороз(н/нн)ое утро, покло(н/нн)ый крест 2) Прекрас(н/нн)о выглядеть, комиссия образова(н/нн)а из членов совета, серебря(н/нн)ые украшения 3) Заваре(н/нн)ый чай, улица освеще(н/нн)а, бесце(н/нн)ые документы 4) Заплака(н",Нет,Нет
vpr_sd_944261,russian,8,"Выпишите, раскрывая скобки, ряд, во всех словах которого пишется НН . В выписанном ряду для каждого случая укажите условия выбора написания НН . 1) потуше(н,нн)ый пожар, песча(н,нн)ый пляж, фрукты упакова(н,нн)ы в ящик 2) замороже(н,нн)ые овощи, гости(н,нн)ая комната, подкова(н,нн)ая лошадь 3) искре(н,нн)е верил, отваре(н,нн)ые овощи, взгляды традицио(н,нн)ы 4) исти(н,нн)ая правда, петуши(н,нн)ые ",Нет,Нет
vpr_sd_946074,russian,8,Текст 1 Кукла вышла (из)за перегородки (3) . Она улыбалась накл..нив (на)бок ра..трёпа(н/нн)ую голову (4) . Волосы у неё были такого цвета как перья у маленьких серых птичек. Серые глаза её весело бл..стели. Сейчас она казалась серьёзной и внимательной но от её печали (не)осталось и следа. Напротив сказали бы что это шалунья пр..творяющ..яся (2) скромницей. Куда же девалось её прежнее вел..колепно,Нет,Нет
vpr_sd_945677,russian,8,"Выпишите, раскрывая скобки, ряд, в котором все слова с НЕ пишутся раздельно. В выписанном ряду для каждого случая укажите условия выбора раздельного написания. 1) (Не)разгаданные детьми загадки; (не)купил подарка; далеко (не)весело 2) (Не)написано мелом, (не)раскрытая книга, (не)широкая, а узкая 3) (Не)красить забор; (не)тяжёлая сумка; (не)проданный с аукциона 4) (Не)тёмный, а светлый; (не)жданно-",Нет,Нет
vpr_sd_946100,russian,8,"Поставьте знак ударения в следующих словах. Банты, торты, воспринять, добыча.",Нет,Нет
vpr_sd_945861,russian,8,"Найдите и исправьте грамматическую(-ие) ошибку(-и) в предложении(-ях). Запишите исправленный(-ые) вариант(-ы) предложения(-й). 1) Елка была большая и красива. 2) Вернувшись из школы, мне стало плохо. 3) Всё получилось как нельзя лучше, потому что он чётко следовал советам друга. 4) В течение дня рабочие старались выложить эту стену кирпичом.",Нет,Нет
vpr_sd_946036,russian,8,Текст 1 Лежу в зелёной траве на берегу реки. Летнее солнце плывет над полями над наезже(н/нн)ой пыльной дорогой (4) . Бе(с/з)мерный св..ркающий пахучий окружает меня (3) мир природы. Вдыхаю влажный аромат земли и р..стений и вижу как по коленч..тым стебелькам высоких травинок (не)торопливо движутся насекомые. Я пр..щуриваю глаза. Пушистое белое облако повисшее в высоком летн..м небе каж..тся мне п,Нет,Нет
vpr_sd_945745,russian,8,"Выпишите, раскрывая скобки, ряд, в котором все слова с НЕ пишутся слитно. В выписанном ряду для каждого случая укажите условия выбора слитного написания. 1) (Не)равный бой; (не)забудка; (не)оформленная своевременно доверенность 2) (Не)разлучные друзья, (не)досолить суп, (не)закрытая дверь 3) Немного (не)повезло, (не)безызвестный факт, (не)задернул шторки 4) Идти (не)спеша; (не)маленький, а огромны",Нет,Нет
vpr_sd_945724,russian,8,"Поставьте знак ударения в следующих словах. Поднятый, балуясь, движимый, красивее.",Нет,Нет
vpr_sd_945740,russian,8,"Найдите и исправьте грамматическую(-ие) ошибку(-и) в предложении(-ях). Запишите исправленный(-ые) вариант(-ы) предложения(-й). 1) Задачу можно решить пяти способами. 2) Подбирая материал для доклада, думайте, подойдёт ли он для раскрытия выбранной вами темы. 3) Вопреки неблагоприятным погодным условиям, аграрии завершили посевную вовремя. 4) Фильм, который мы посмотрели сегодня, более интереснее.",Нет,Нет
vpr_sd_945892,russian,8,"Текст 2 (1)И все-таки был художник, сопровождавший Пушкина в его скитаниях, разделявший с ним его «блуждающую судьбу», — всюду, где ни оказывался поэт, художник внимательно всматривался в меняющиеся черты пушкинского облика и спешил закрепить их на бумаге. (2)Этот художник — сам Пушкин. (3)После окончания лицея в 1817 году поэт стал готовить для печати сборник своих стихов. (4)Приблизительно к это",Нет,Нет
vpr_sd_945882,russian,8,"Выпишите, раскрывая скобки, ряд, во всех словах которого пишется Н. В выписанном ряду для каждого случая укажите условия выбора написания Н. 1) Перепели(н/нн)ые яйца, краше(н/нн)ая скамейка, серебря(н/нн)ая ложка 2) Спускаться организова(н/нн)о, закова(н/нн)ый в цепи, девочка испуга(н/нн)а 3) Стари(н/нн)ый особняк, получится несомне(н/нн)о, ране(н/нн)ый зверь 4) Закалё(н/нн)ый человек, весе(н/нн)е",Нет,Нет
vpr_sd_945844,russian,8,"Выпишите, раскрывая скобки, ряд, во всех словах которого пишется НН. В выписанном ряду для каждого случая укажите условия выбора написания НН. 1) Комиссио(н/нн)ый сбор, натруже(н/нн)ые руки, лимо(н/нн)ый напиток 2) Удариться силь(н/нн)о, пода(н/нн)ый ужин, журавли(н/нн)ый крик 3) Стекля(н/нн)ая дверь, неожида(н/нн)ый визит, мочё(н/нн)ые яблоки 4) Самостоятель(н/нн)ый поступок, ю(н/нн)ат, песча(н/н",Нет,Нет
vpr_sd_945708,russian,8,"Выпишите, раскрывая скобки, ряд, во всех словах которого пишется одна Н. В выписанном ряду для каждого случая укажите условия выбора написания Н. 1) Приготовле(н/нн) для посадки, комари(н/нн)ое жужжание, серебря(н/нн)ый источник 2) Письме(н/нн)ая работа, це(н/нн)ое замечание, натренирова(н/нн)ая мышца 3) Увеличе(н/нн)а громкость, рискова(н/нн)ый шаг, ути(н/нн)ая походка 4) Меблирова(н/нн)ая кварти",Нет,Нет
vpr_sd_945731,russian,8,"Выпишите, раскрывая скобки, ряд, во всех словах которого пишется две Н. В выписанном ряду для каждого случая укажите условия выбора написания НН. 1) Изране(н/нн)ый солдат, овощи сваре(н/нн)ы, рассея(н/нн)ые дети 2) Зако(н/нн)ый муж, лома(н/нн)ая линия, нетле(н/нн)ая память 3) Солё(н/нн)ые в бочке огурцы, чека(н/нн)ый шаг, занесе(н/нн)о снегом 4) Тума(н/нн)ое утро, сотка(н/нн)ое полотно, жела(н/нн)",Нет,Нет
vpr_sd_946001,russian,8,"Выпишите, раскрывая скобки, ряд, во всех словах которого пишется две буквы Н. В выписанном ряду для каждого случая укажите условия выбора написания НН. 1) Мочё(н/нн)ые яблоки, самонадея(н/нн)ый эгоист, некормле(н/нн)ый скот 2) Тка(н/нн)ый золотом платок, поле зеле(н/нн)о, вяле(н/нн)ая рыба 3) Вдохнове(н/нн)ая музыка, невестино прида(н/нн)ое, недое(н/нн)ые коровы 4) Спута(н/нн)ые волосы, движения ц",Нет,Нет
vpr_sd_946054,russian,8,"Выпишите, раскрывая скобки, ряд, во всех словах которого пишется две буквы Н. В выписанном ряду для каждого случая укажите условия выбора написания НН. 1) Лу(н/нн)ый свет, листве(н/нн)ый лес, выжже(н/нн)ая пустыня 2) Низме(н/нн)ость, ра(н/нн)ее утро, учё(н/нн)ый вид 3) Сезо(н/нн)ые работы, неткан/нн)ая скатерть, кровать застеле(н/нн)а 4) Плавле(н/нн)ый сырок, плетё(н/нн)ая мебель, собака привяза(н",Нет,Нет
vpr_sd_945678,russian,8,"Выпишите, раскрывая скобки, ряд, во всех словах которого пишется одна Н. В выписанном ряду для каждого случая укажите условия выбора написания Н. 1) Торжестве(н/нн)ость момента, свин(н/нн)ой жир, закруче(н/нн)ая гайка 2) Деньги освое(н/нн)ы, пута(н/нн)ое дело, оси(н/нн)ое гнездо 3) Вымоле(н/нн)ый ребёнок, маши(н/нн)ое масло, скоше(н/нн)ое сено 4) Дли(н/нн)ая нить, ветре(н/нн)ый день, испечё(н/нн)ы",Нет,Нет
vpr_sd_945796,russian,8,"Текст 1 В поз..нюю осень старик замет..л что на футляр лежавший, как обычно, поодаль на земле сел воробей. Музыкант уд..вился что эта птичка ещё не спит и даже в темноте вечера занята работой на своё проп..тание. Правда за день сейчас трудно накорми(т/ть)ся (2) : все деревья уже уснули на зиму насекомые ум..рли земля в городе гола и голодна… Где, на самом деле, пита(т/ть)ся в осень и в зиму воробь",Нет,Нет
vpr_sd_945767,russian,8,"Текст 1 Что можно увид..ть в Мещерском крае? (4) Цветущие (2) или скоше(н/нн)ые луга с..сновые боры поемные и лесные озера заросшие черной кугой, стога пахнущие сухим и теплым сеном. В Мещерском крае можно увид..ть сосновые боры где так торжестве(н/нн)о и тихо, что бубен..чик-«болтун» заблудивш..йся коровы слышен далеко, почти за к..лометр. В Мещерском крае можно увид..ть лесные озера с темной вод",Нет,Нет
vpr_sd_945835,russian,8,Текст 1 Харитонов действительно (не)чувствовал холода. Он (з/с)бросил и подл..жил под себя шинель скинул ремень г..мнастёрки. И всё же ему было жарко он обл..вался потом. Промокшая от пота г..мнастёрка (с)верху заиндевела льнула и липла к телу (4) . Сер..це билось как(будто) он подн..мал (не)вероятную тяжесть дыхание перехватывало перед глазами плыли круги. А он всего(навсего) лежал ничком на земл,Нет,Нет
vpr_sd_945828,russian,8,"Выпишите, раскрывая скобки, ряд, в котором все слова с НЕ пишутся раздельно. В выписанном ряду для каждого случая укажите условия выбора раздельного написания. 1) (Не)крепко прибил; (не)светло, а темно; (не)виноват нисколько 2) (Не)здоровится, (не)заметив подвоха, (не)узнаешь секрета 3) Вовсе (не)смешно, (не)солёный суп, (не)жданный успех 4) Ничем (не)интересуясь, (не)добавленное арбитром время, (",Нет,Нет
vpr_sd_945692,russian,8,"Выпишите, раскрывая скобки, ряд, в котором все слова с НЕ пишутся раздельно. В выписанном ряду для каждого случая укажите условия выбора раздельного написания. 1) (Не)включенный телевизор; (не)лестный отзыв; крайне (не)осторожно 2) (Не)хватает сил, (не)надо печалиться, (не)свежий, а испорченный 3) (Не)досмотреть за ребёнком; далеко (не)лёгкое решение; (не)раскрученный рекламой бренд 4) (Не)забывае",Нет,Нет
vpr_sd_946000,russian,8,"Выпишите, раскрывая скобки, ряд, в котором все слова с НЕ пишутся слитно. В выписанном ряду для каждого случая укажите условия выбора слитного написания. 1) (Не)возможный характер; (не)довыполнить план; тебе (не) сдобровать 2) (Не)обращая внимания; (не)скрываемая злоба; (не)редко задумывался 3) (Не)расчищенная после бури тропа; (не)отведав приготовленного; нежные (не)забудки 4) (Не)стерпимая боль;",Нет,Нет
vpr_sd_945761,russian,8,"Выпишите, раскрывая скобки, ряд, во всех словах которого пишется две Н. В выписанном ряду для каждого случая укажите условия выбора написания НН. 1) Слыха(н/нн)о ли это, пря(н/нн)ый запах, существе(н/нн)ое изменение 2) Дело сдела(н/нн)о, девушка воспита(н/нн)а, бли(н/нн)ый пирог 3) Говорить взволнова(н/нн)о, фарширова(н/нн)ый перец, склее(н/нн)ый конверт 4) Нефтя(н/нн)ик, солё(н/нн)ые огурцы, прип",Нет,Нет
vpr_sd_946086,russian,8,"Найдите и исправьте грамматическую(-ие) ошибку(-и) в предложении(-ях). Запишите исправленный(-ые) вариант(-ы) предложения(-й). 1) Нам не хватило время урока, чтобы дописать контрольную. 2) Возле дома растут много деревьев. 3) На двадцать седьмой странице начинается вторая глава. 4) Эта гора выглядит ещё более необычно.",Нет,Нет
vpr_sd_945763,russian,8,"Найдите и исправьте грамматическую(-ие) ошибку(-и) в предложении(-ях). Запишите исправленный(-ые) вариант(-ы) предложения(-й). 1) Обои подруги были удивлены неожиданному появлению Сергея. 2) Описывая героя, уделяется внимание деталям. 3) Впоследствии все в полном составе перешли в зал заседаний. 4) Высокий, статный мужчина привлекал внимание прохожих.",Нет,Нет
vpr_sd_944263,russian,8,"Найдите грамматическую(-ие) ошибку(-и) в предложении(-ях). Запишите исправленный(-ые) вариант(-ы) предложения(-ий). 1) Гости любовались расположенным перед домом ландшафтным парком. 2) Создавая проект аэропорта, архитектором были учтены особенности местности. 3) Голос оратора был уверен и твёрд. 4) По возвращению из Стамбула писатель сразу взялся за работу.",Нет,Нет
vpr_sd_946015,russian,8,"Текст 2 (1)Мать-и-мачеха — удивительный цветок. (2)Все, наверное, слышали о нём, но не каждому посчастливилось увидеть его во всех стадиях роста. (3)Таковы уж особенности этого растения: смотришь на цветок, когда листьев еще нет, они появляются и развиваются до глубокой осени, а семянки разносятся ветром после созревания. (4)Любители и ценители природы знают, что мать-и-мачеха первая украшает талу",Нет,Нет
vpr_sd_946031,russian,8,"Текст 2 (1)Наблюдая последствия современных подходов к воспитанию детей, и зачастую последствия очень печальные, хочется напомнить об исконно русских принципах воспитания, проверенных временем и жизнью. (2)Знаете ли вы, что в крестьянских семьях на Руси детей очень рано приучали к ответственности и систематическому труду? (3)Это было одновременно и главным вопросом воспитания, и залогом выживания.",Нет,Нет
vpr_sd_945859,russian,8,"Текст 2 (1) Жизнь состоит из борьбы и разрешения разного рода противоречий. (2)Полосы удач и неудач, счастья и бед распределяются в ней чересполосно. (3)Поэтому видеть ее нужно как черно-белую зебру, а не как светленького пони или угольно-черного жеребца. (4)Тот, кто это знает, относится спокойно к чередованию удач и неудач, понимая, что это естественное течение человеческой жизни, и не впадает в ",Нет,Нет
vpr_sd_946023,russian,8,"Выпишите, раскрывая скобки, ряд, в котором все слова с НЕ пишутся слитно. В выписанном ряду для каждого случая укажите условия выбора слитного написания. 1) (Не)друг моего друга — мой враг; море (не)привычно спокойно; (не)отдаст просто так 2) (Не)щёлкнув пальцами; скрылись в шалаше от (не)погоды; (не)ласковый, а грубый 3) (Не)умело приготовлен; времени всегда (не)достает; (не)проглядная тьма 4) (Н",Нет,Нет
vpr_sd_945913,russian,8,"Выпишите, раскрывая скобки, ряд, во всех словах которого пишется НН . В выписанном ряду для каждого случая укажите условия выбора написания НН . 1) решение тщательно продума(н,нн)о, написа(н,нн)ое сочинение, дети воспита(н,нн)ы и умны 2) кова(н,нн)ая решётка, некоше(н,нн)ая трава, кожа(н,нн)ая куртка 3) занесё(н,нн)ый снегом, юбка дли(н,нн)а, отвечал рассея(н,нн)о 4) серебря(н,нн)ый иней, правило ",Нет,Нет
vpr_sd_944203,russian,8,"Поставьте знак ударения в следующих словах. Обеспечение, облегчить, столяр, нефтепровод.",Нет,Нет
vpr_sd_946048,russian,8,"Найдите и исправьте грамматическую(-ие) ошибку(-и) в предложении(-ях). Запишите исправленный(-ые) вариант(-ы) предложения(-й). 1) Он быстро оценил ситуацию: соперник, вышедший на ринг, был более слабее. 2) По приезде в столицу мы сразу же отправились на обзорную экскурсию по городу. 3) Я знаком с группой ребят, серьёзно увлекающемися джазом. 4) Четыре долгих года шли солдаты к этой Победе.",Нет,Нет
vpr_sd_945902,russian,8,Текст 1 Руки его всегда находили себе дело. То шин..ль заш..вал редким солдат..ким стежком то тихонько точил топор о гладкий подобра(н/нн)ый (3) у дороги голыш а то просто стр..гал большим самодельным складным нож..м какую(нибудь) чурку. Много таких предметов выстрога(н/нн)ых старшим с..ржантом Николаем Харитоновым гуляло по рукам бойцов в роте сапёров. В первые (2) дни войны Харитонов строил на п,Нет,Нет
vpr_sd_945798,russian,8,"Выпишите, раскрывая скобки, ряд, в котором все слова с НЕ пишутся слитно. В выписанном ряду для каждого случая укажите условия выбора слитного написания. 1) (Не)лёгкий жребий; (не)модная одежда; (не)рассчитанная на такую аудиторию лекция 2) (Не)прикоснувшись рукой, (не)былица, (не)приду на обед 3) План (не)разработан, (не)взлюбить, (не)всякий способен на это 4) Попасть в (не)милость, (не)дочёт нуж",Нет,Нет
vpr_sd_945897,russian,8,"Выпишите, раскрывая скобки, ряд, во всех словах которого пишется НН. В выписанном ряду для каждого случая укажите условия выбора написания НН. 1) Бараба(н/нн)ый бой, балова(н/нн)ый ребёнок, высуше(н/нн)ое бельё 2) Унесё(н/нн)ые ветром, кова(н/нн)ый меч, задача реше(н/нн)а 3) Свежемороже(н/нн)ая рыба, звучать приглушё(н/нн)о, ветре(н/нн)ый день 4) Румя(н/нн)ое лицо, осе(н/нн)ий день, деревя(н/нн)ый",Нет,Нет
vpr_sd_945898,russian,8,"Поставьте знак ударения в следующих словах. Августовский, договор, газопровод, диалог.",Нет,Нет
vpr_sd_945915,russian,8,"Найдите грамматическую(-ие) ошибку (-и) в предложении(-ях). Запишите исправленный(-ые) вариант(ы) предложения(-ий). 1) Поезд прибывает на станцию согласно расписания. 2) Спускаясь к реке, мальчик остановился. 3) Моя подруга была скромна и красивая. 4) По прибытии в пансионат мы сразу пошли к озеру.",Нет,Нет
vpr_sd_945824,russian,8,"Текст 2 (1) С самого раннего детства и до глубокой старости вся жизнь человека неразрывно связана с языком. (2)Ребенок еще не научился как следует говорить, а его чистый слух уже ловит журчание бабушкиных сказок, материнской колыбельной песенки. (3)Но ведь сказки и прибаутки — это язык. (4)Подросток идет в школу. (5)Юноша шагает в институт или в университет. (6)Целое море слов, шумный океан речи п",Нет,Нет
vpr_sd_946081,russian,8,"Текст 2 (1)Многим летчикам Великой Отечественной войны было присвоено высокое звание Героя Советского Союза. (2)Но лейтенант Михаил Девятаев совершил подвиг, которому действительно нет равных. (3)Отважный истребитель сбежал из нацистского плена на самолете, захваченном у врага. (4)Война застала его под Минском. (5)Уже 23 июня Михаил Девятаев участвовал в воздушном бою. (6)24 июня он сбил вражеский",Нет,Нет
vpr_sd_945743,russian,8,"Текст 2 (1)Ломоносов. (2)При этом слове вспоминаем о человеке в белом завитом парике, румяного и полнолицего. (3)Привыкнув к такому образу, мы иного Ломоносова не представляем. (4)А ведь был и без парика. (5)В маленьком музее, в деревне Ломоносово, долго стоишь именно перед этим портретом: большелобый лысеющий человек. (6)В этом лице легче увидеть русского парня, проживающего на краю деревянной Ро",Нет,Нет
vpr_sd_946134,russian,8,"Текст 2 (1)Все началось 8 сентября. (2)Фашистская армия захватила Шлиссельбург, замкнув кольцо вокруг Ленинграда. (3)Расстояние от расположения немецких частей до центра города не превышало 15 км. (4)В пригородах появились мотоциклисты в германской форме. (5)Тогда это казалось ненадолго. (6)Вряд ли кто-то предполагал, что блокада затянется почти на девятьсот дней. (7)Гитлер, командующий германским",Нет,Нет
vpr_sd_945879,russian,8,"Текст 2 (1)Чувство Родины — важнейшее чувство для каждого человека. (2)У взрослого это чувство подобно большой реке. (3)Опыт жизни и впечатления от всего увиденного понятие Отечества расширяют до границ всего государства. (4)Но есть у каждой реки исток, маленький ключик, от которого всё начинается. (5)И чувство родины (обратите внимание на корни слов: род — родник — Родина) прорастает, как все бол",Нет,Нет
vpr_sd_945675,russian,8,"Текст 2 (1)Русская матрешка возникла в России, по всей вероятности, в конце 19 — начале 20 века и получила большую популярность и признание. (2)Многие художники и ремесленники стали повторять ее, придумывая свои собственные рисунки. (3)Надо сказать, что принцип и технология вытачивания заготовок матрешек остался практически неизменным с тех самых времен, когда стали изготавливаться первые русские ",Нет,Нет
vpr_sd_946051,russian,8,"Текст 2 (1)Клочок земли, именуемый Малой землёй, действительно, очень мал. (2)Всего каких-то 30 квадратных километров. (3)Стоя у мемориала его защитникам и глядя на бухту, где сейчас красота, тишь, спокойствие, сложно представить себе разрывы снарядов, пламя и дым пожарищ, падающих замертво людей. (4)Началось всё после провала операции «Эдельвейс» по захвату Кавказа, когда немцы решили захватить Н",Нет,Нет
vpr_sd_945910,russian,8,"Текст 2 (1) Давайте поговорим о жизни, о развитии нашего языка. (2)Когда читаешь биографии слов, окончательно утверждаешься в мысли, что русский язык, как и всякий здоровый и сильный организм, всегда находится в движении, в динамике непрерывного роста. (3)Одни его слова отмирают, другие рождаются, третьи из областных и жаргонных становятся литературными, четвёртые из литературных уходят назад — в ",Нет,Нет
vpr_sd_945758,russian,8,"Текст 2 (1)Когда человек сознательно или интуитивно выбирает себе в жизни какую-то цель, жизненную задачу, он вместе с тем невольно дает себе оценку. (2)По тому, ради чего человек живет, можно, видимо, судить и о его самооценке — низкой или высокой. (3)Если человек ставит перед собой задачу приобрести все элементарные материальные блага, он и оценивает себя на уровне этих материальных благ: как вл",Нет,Нет
vpr_sd_946066,russian,8,"Текст 2 (1)Удивительное рядом! (2)Казалось бы, все окружающее настолько привычно и обыденно, что вещей, способных поразить человеческое воображение, вокруг очень мало. (3)На самом деле мастерица Природа нарисовала волшебной кистью множество картин и создала бессчетное количество прекрасных творений, хаотично разбросав их по всем уголкам планеты. (4)Поэтому в любой точке мира всегда есть возможност",Нет,Нет
vpr_sd_945811,russian,8,"Текст 2 (1) Утром долго не светало. (2)Проснувшись в своей комнате, музыкант-пенсионер услышал пение вьюги за окном. (3)Морозный, жёсткий снег нёсся по переулку и застилал дневной свет. (4)На оконное стекло ещё ночью, во тьме, легли замороженные леса и цветы неизвестной волшебной страны. (5)Старик стал любоваться этой воодушевлённой игрою природы, точно природа тоже томилась по лучшему счастью, по",Нет,Нет
vpr_sd_945841,russian,8,"Текст 2 (1) Когда Архимед, один из самых великих людей в истории человечества, один из немногих, кому посчастливилось реально раскрыть ту внутреннюю исполинскую энергию, которая, практически нетронутая, дремлет в каждом человеке, когда Архимед увидел тень занесенного над ним меча, он гневно закричал: (2)«Не тронь моих чертежей!» (3)И римский воин, животное в образе человека, оторопев вначале от эт",Нет,Нет
vpr_sd_945690,russian,8,"Текст 2 (1) По сибирскому тракту, от Тюмени до Томска, нет ни поселков, ни хуторов, а одни только большие села, отстоящие одно от другого на двадцать, двадцать пять и даже на сорок верст. (2)Усадеб по дороге не встречается, так как помещиков здесь нет; не увидите вы ни фабрик, ни мельниц, ни постоялых дворов... (3)Единственное, что по пути напоминает о человеке, это телеграфные проволоки, завывающ",Нет,Нет
vpr_sd_945705,russian,8,"Текст 2 (1)Это было в годы войны. (2)Корреспондент «Правды» Борис Полевой прибыл в истребительный полк, чтобы написать о подвигах лётчиков-гвардейцев. (3)Там он встретился с командиром третьей эскадрильи Алексеем Маресьевым. (4)Лётчик только что вернулся с боевого задания, устал, и Полевой отложил разговор с ним на утро. (5)Они пришли в землянку. (6)Ели лесную малину, слушали звон кузнечиков в овр",Нет,Нет
vpr_sd_944258,russian,8,"Текст 2 (1)Во французском соборе в городе Реймсе хранится уникальный предмет, история которого овеяна легендами и полна загадок. (2)Речь идёт о древнем Реймсском Евангелии, которое по праву входит в национальное культурное наследие Франции. (3)Именно на нём в течение нескольких веков приносили клятву французские короли во время коронации. (4)Особый интерес к Евангелию на протяжении долгого времени",Нет,Нет
vpr_sd_946119,russian,8,"Текст 2 (1)Всякие мысли приходят иногда в голову. (2)Например, мысль о том, что хорошо бы составить несколько новых словарей русского языка (кроме, конечно, уже существующих общих словарей). (3)В одном таком словаре можно, предположим, собрать слова, имеющие отношение к природе, в другом — хорошие и меткие местные слова, в третьем — слова людей разных профессий, в четвертом — мусорные и мертвые сл",Нет,Нет
vpr_sd_945698,russian,8,"Текст 1 Усадьба (3) стояла вся белая на деревьях л..жали пушистые хлопья точно сад опять ра(з/с)пустился белыми листьями. В большом стари(н/нн)ом к..мине потрескивал огонь, каждый входящий со двора вносил с собою свежесть и запах мягкого снега. Поэзия первого зимнего дня была (по)своему (2) доступна слепому. Просыпаясь утром он ощ..щал всегда особе(н/нн)ую бодрость и узнавал пр(е/и)ход зимы по топ",Нет,Нет
vpr_sd_946139,russian,8,"Найдите и исправьте грамматическую(-ие) ошибку(-и) в предложении(-ях). Запишите исправленный(-ые) вариант(-ы) предложения(-й). 1) Включив телефон, он обнаружил, что ему неоднократно звонил друг. 2) Благодаря слаженной работе ремонтников порыв трубы удалось быстро устранить. 3) Идите на занятие согласно расписания. 4) Меня не раз охватывала гордость за героев войны, читая «Повесть о настоящем челов",Нет,Нет
vpr_sd_945728,russian,8,Текст 1 С потемневших (3) ветвей срывались комья отсыревш..го снега и с шумом падали проб(е/и)вая л..дяную лазурь сугробов. Тайга (не)терпеливо (с/з)брасывала с себя надоевшую за зиму одежду. Чудесный запах хвои стоял в чистом воздухе чуть тронутом влажной прелью (4) . В тайге нач..налась весна. Марина сдав дежурство отправилась домой пешком через просыпающуюся тайгу. Она шла по дороге уже освобож,Нет,Нет
vpr_sd_945918,russian,8,"Текст 1 Белую ночь мы встреча..м в стари(н,нн)ой келье монастыря на Соловках. (4) Свет сочит..ся в два (не)больших окна одно из которых гл..дит на запа(д/т) на море. Всюду тишина во дворе монастыря и внутри келий. Всё кажет..ся спит на остров.. лиш.. одна белая ночь сия..т. Оч..рованием пропита(н,нн)ы розовое небо на северо(западе) и пурпурные контуры дальних туч.. вздыма..щ..хся за гор..зонтом и ",Нет,Нет
vpr_sd_945849,russian,8,"Текст 1 Уже под самым Ржевом совершил Николай Харитонов подвиг утв..рдивший за ним славу не только в полку но и в д..визии. Тяж..лый танк ища брода через ручей набрёл гусениц..й на заложе(н/нн)ую в снег мощную противотанковую мину(тарелку). Однако, по (щ/сч)астливой случайности, мина попала между шпор траков. Её зажало (не)достаточно сильно и она (не)взорвалась. Вынуть же из(под) гусениц мину вмёр",Нет,Нет
vpr_sd_945781,russian,8,Текст 1 Сентябрь был сухой и ясный как обычно в этих местах. Болдинские окрес..ности ра(н/нн)ей осенью особе(н/нн)о хороши (4) . Стр..мительный бег коня по косогорам через ручьи и овраги пр..носил радость и ощ..щение свободы. Уедине(н/нн)ая деревенская жизнь действ..вала благотворно. Наступила любимая пора пора его литературных трудов. Седьмого сентября Пушкин записал первое стихотв..рение Бесы а ,Нет,Нет
vpr_sd_946172,russian,8,"Текст 1 Меня бывалого охотника и сейчас радос..но волнуют и пр..тягивают обширные просторы ру(с/сс)кой природы. Люди не порыва..щие связь с природой не чу..ствуют себя одинокими. Идут годы но (по)прежнему раскрыт перед ними пр.ображё(н/нн)ый, прекрасный мир. (По)прежнему над головою усталого путника прилёгшего отдохнуть колыш..тся белые и золотые цветы а высоко в небе кружит высматр..вая добычу яс",Нет,Нет
vpr_sd_945864,russian,8,"Текст 1 Мы сели, если это зл..получное падение можно назвать посадкой, в распол..жении наступающего полка самоходной арти(л/лл)ерии остановивш..гося (2) в леске на короткий пр(и/е)вал. Арти(л/лл)еристы с чисто гвардейским гостепр(е/и)имством поделились с гостями св..лившимися на них прямо с неба своими запасами перев..зали, как умели, голову лётчику ра(с/з)битую при падении отвели нас в какую(то) ",Нет,Нет
vpr_sd_946021,russian,8,"Текст 1 Ещё сегодня утром принужде(н/нн)ые жить в четырёх стенах отст..ящих(2) друг от друга (не)больше чем на пять метров мы вдруг захмелели от всего этого от цветов от солнца пахнущ..го смолой и хвоей oт роскошных владений, вдруг (ни)(за)что (ни)(про)что доставшихся нам. Меня ещё сдерживал рю..зак а Роза то уб..гала (в)перёд и кричала оттуда что попались ландыши то углублялась в лес и возвр..щал",Нет,Нет
vpr_sd_944266,russian,8,Текст 1 Л..ства на высоких берёзах ещё зеленела но заметно побл..днела от зноя.(4) Она вспых..вала на со..нце когда его луч..ки вн..запно проб..вались скво(з/с)ь сетку тонких веток только что омытых дождём. Н.. одной птицы (не)было слышно: все пр..молкли. Лиш.. (из)редк.. звучал голосок с..ницы напом..навший звон серебр..(н/нн)ого колокольч..ка. Перед тем как ост..новит..ся в этом лесу я пр..од..л,Нет,Нет
vpr_sd_946059,russian,8,"Текст 1 Летнее июльское утро! Зеленой чертой л..жится след ваших ног по росистой, побелевшей (2) траве. Вас обдает накопившимся теплым зап..хом ночи. Воздух весь напое(н/нн) свежей горечью полыни медом гречихи и кашки. (В)дали стеной стоит дубовый лес и бл..стит и але..т на солнце. Еще свежо но уже чу..ствуется близость жары. Голова томно кружится от и(с/з)бытка благоуханий. Со..нце все выше и выш",Нет,Нет
vpr_sd_944251,russian,8,"Текст 1 Возвр..щаясь однажды д..мой я (не)чая(н/нн)о забрёл в какую(то) (не)знаком..ю уса(д/т)ьбу. Со..нце уже прят..лось и на цв..тущ..й ржи ра(з/с)т..нулись в..черние тени. Два ряда тес..но посаж..(н/нн)ых ел..й стояли (в)плотную к дорожк.. обр..зуя мрач..ную а(л/лл)ею. Я легко перелез через и(з/с)городь и пош..л по этой а(л,лл)ее.(4) Ноги мои скользили по еловым иглам которые ковром покрывали з",Нет,Нет
vpr_sd_944207,russian,8,"Текст 1 До бл..жайшей д..ревни ост..валось ещ.. (не)сколько ки(л,лл)ометров а большая темно(лиловая) туча взявшаяся (не)извес..но (от)куда быстро двиг..лась к нам. Со..нце ещ.. (не)скрытое облаками ярко осв..щает её мрач..ую фигуру и серые пол..сы идущие от неё до самого г..ризонта. И(з/с)редк.. (в)далеке в(з/с)пыхива..т молния и слыш..т..ся слабый гул постепе(н,нн)о усилива..щийся пр..бл..жа..щий",Нет,Нет
vpr_sd_945676,russian,8,Текст 1 На опушке молодого леса (не)большой прудок (4) . Из него б(ъ/ь)ёт подземный (2) ключ. Этот прудок колыбель (3) великой ру(с/сс)кой реки. В болотах и трясинах родится Волга и (от)сюда отправля..тся в далёкий путь. Волга красавица. Красоты Волги прославле(н/нн)ы и народом в сказаниях и поэтами и художниками. От Рыбинска Волга начина..т поворач..вать на юго(восток). (Не)высокие берега её покр,Нет,Нет
vpr_sd_945713,russian,8,"Текст 1 Синее летнее утро. В небе высоком и чистом только (кое)где видны маленькие кругловатые облачка как пушеч..ные дымки на стари(н/нн)ых батальных картинах, но и они и(з/с)чезают. А (по)ниже их, на окраине села, серый и беззвучный, почти не двигая крыльями проплыва..т кругами ястреб. И вдруг в (не)сколько секунд всё меня..тся: из плетё(н/нн)ого сарая квохча и разгребая мусор выходит наседка с ",Нет,Нет
vpr_sd_946142,russian,8,Текст 1 Тих и ласков теплый летний вечер (4) . Н(е/и) утомительного зноя н(е/и) духоты в спокойном воздухе. (Н..)что (3) не наруша..т (2) спокойствия вечера. Изредк(о/а) легкий ветерок прошумит над землей пове..т в лицо (не)ожида(н/нн)ой прохладой. Тогда подн..мается (не)ясный шелест в листве деревьев. Наклонившись друг к другу о чем(то) (не)ведомом зашепчут они между собой и снова затихнут. Куда ,Нет,Нет
vpr_sd_945751,russian,8,Текст 1 В весе(н/нн)ие вечера старый скрипач.. выходил играть к памятнику Пушкину почти ежедневно. Он брал с собою ч..репаху и ставил её на лапки возле себя. Во всё время музыки ч..репаха (не)подвижно слушала скрипку и в перерывы игры терп..ливо ждала продолжения. Футляр от скрипки (по)прежнему (3) лежал на земле против памятника. В один из погожих вечеров начался ветер со снегом. Музыкант спрятал,Нет,Нет
vpr_sd_945819,russian,8,"Текст 1 Этот пам..тник стоит в Москве, в начале Тверского бульвара, на нем написаны стихи, и со всех четырех сторон к нему подымаю(т/ть)ся мраморные ступени. Поднявшись (2) по этим ступеням к самому п..едесталу старый музыкант обращался лицом на бульвар, к дальним Никитским воротам, и трогал смыч..ком струны на скрипке. У памятника сейчас же соб..рались дети прохожие чтецы газет из местного киоска",Нет,Нет
vpr_sd_946089,russian,8,Текст 1 Усадьба (3) стояла вся белая на деревьях лежали пушистые хлопья точно сад опять ра..пустился белыми листьями. В большом стари(н/нн)ом камине потреск..вал огонь. Поэзия первого зимнего дня была (по)своему доступна слепому. Просыпаясь утром он ощущал всегда особе(н/нн)ую бодрость и узн..вал пр(е/и)ход зимы по топанью людей вх..дящих в кухню по скрипу дверей по острым едва уловимым (2) запаха,Нет,Нет
vpr_sd_946104,russian,8,Текст 1 Анды самые высокие горы Американского континента ра(с/сс)екающие его с севера на юг (4) . Они поражают меняющ..мися пейзажами (3) . Здесь увид..шь (не)покорё(н/нн)ые вершины покрытые вечными снегами пики дымящиеся вулканы. На западе сверкает бирюзой Тихий океан на востоке восхищают бесконечные джунгли и(с/з)реза(н/нн)ые паутиной серебря(н/нн)ых рек. После однодневного пр..бывания в столице,Нет,Нет
vpr_sd_946157,russian,8,"Текст 1 Мелкий грибной дождь со(н/нн)о (3) сыпл..тся из низких туч и лужи от этого дождя всегда тёплые. Он (не)звенит а шепч..т что(то) своё и чуть заметно возится в кустах, будто трогает мягкой лапкой то один лист то другой. После него нач..нают буйно лезть грибы липкие маслята ж..лтые лисички румяные рыжики опенки и бе(з/с)числе(н/нн)ые поганки. Во время грибных дождей в воздухе попахива..т дымк",Нет,Нет
vpr_sd_946006,russian,8,Текст 1 В стае в ту зиму ходила молодая волчица (не)позабывшая ребячьих своих забав (4) . Днём волки св..рнувшись (3) в клубки дремали а она вскак..вала кружилась утапт..вая снег и будила стариков. Волки (не)хотя подн..мались тыкались в нее холодными носами а она шутливо огрызалась кусая их за ноги. Старые волчихи св..рнувшись и (не)подн..мая голов поглядывали на молодую проказницу. Однажды ночью ,Нет,Нет
vpr_sd_945746,russian,8,"Выпишите, раскрывая скобки, ряд, во всех словах которого пишется две Н. В выписанном ряду для каждого случая укажите условия выбора написания НН. 1) Женстве(н/нн)ая походка, авиацио(н/нн)ый институт, купле(н/нн)ое на рынке мясо 2) Село удале(н/нн)о, стари (н/нн)ая рукопись, подслуша(н/нн)ый разговор 3) Жёва(н/нн)ое сено, закапа(н/нн)ый воском, жела(н/нн)ый гость 4) Торфя(н/нн)ик, тка(н/нн)ый ковёр",Нет,Нет
vpr_sd_945867,russian,8,"Выпишите, раскрывая скобки, ряд, во всех словах которого пишется НН. В выписанном ряду для каждого случая укажите условия выбора написания НН. 1) Печё(н/нн)ые яблоки, клюкве(н/нн)ый морс, кожа(н/нн)ый портфель 2) Осмотреться настороже(н/нн)о, прода(н/нн)ый товар, экзаменацио(н/нн)ый материал 3) Оловя(н/нн)ый солдатик, масле(н/нн)ый блин, глуби(н/нн)ый аппарат 4) Безветре(н/нн)ая погода, ю(н/нн)ый ",Нет,Нет
vpr_sd_945784,russian,8,"Текст 2 (1) Среди великих изобретений былых времен, окончательно выделивших род людской из приниженного состояния, наибольшую роль сыграла письменность. (2)Именно по книгам, как по ступенькам, поднимался человек на свою нынешнюю высоту… (3)Книга — это кристаллический, плотно упакованный в страницы наш многовековой опыт, делающий бессмертным род людской на земле. (4)Только благодаря книге накопленн",Нет,Нет
vpr_sd_945730,russian,8,"Выпишите, раскрывая скобки, ряд, в котором все слова с НЕ пишутся слитно. В выписанном ряду для каждого случая укажите условия выбора слитного написания. 1) (Не)друг; (не)приходи; (не)чаянно получилось 2) (Не)лепая история, (не)грамотный человек, (не)оставайтесь равнодушными 3) Читал (не)громко, (не)поседа, (не)повешенный уголок 4) Далеко (не)красавица; (не)глупый, а умный; (не)мог остановиться.",Нет,Нет
vpr_sd_945883,russian,8,"Поставьте знак ударения в следующих словах. Досуг, звонят, иначе, инструмент.",Нет,Нет
vpr_sd_945899,russian,8,"Найдите и исправьте грамматическую(-ие) ошибку(-и) в предложении(-ях). Запишите исправленный(-ые) вариант(-ы) предложения(-й). 1) Цена установлена согласно прейскуранта. 2) Собираясь в школу, у него пропал учебник. 3) По завершении строительства объект был сдан в эксплуатацию. 4) На их территории ничего не происходило.",Нет,Нет
vpr_sd_945760,russian,8,"Выпишите, раскрывая скобки, ряд, в котором все слова с НЕ пишутся раздельно. В выписанном ряду для каждого случая укажите условия выбора раздельного написания. 1) (Не)к лицу; (не)ровность на дороге; (не)асфальтированная дорога 2) (Не)горазд веселиться, (не)использован по назначению, (не)доставленная адресату посылка 3) Письмо (не)дописано, (не)удачник, (не)поладки в моторе 4) Уронить (не)нароком; ",Нет,Нет
vpr_sd_946069,russian,8,"Выпишите, раскрывая скобки, ряд, во всех словах которого пишется две буквы Н. В выписанном ряду для каждого случая укажите условия выбора написания НН. 1) Диктант написа(н/нн), моното(н/нн)ое жужжание, сброше(н/нн)ый груз 2) Прекрас(н/нн)о выглядеть, име(н/нн)ые часы, мама взволнова(н/нн)а 3) Варе(н/нн)ая на молоке каша, муче(н/нн)ик, ряже(н/нн)ые фигуры 4) Заплака(н/нн)ые глаза, дли(н/нн)ый докла",Нет,Нет
vpr_sd_946168,russian,8,"Поставьте знак ударения в следующих словах. Предложить, аэропорты, сверлит, углубить.",Нет,Нет
vpr_sd_946169,russian,8,"Найдите и исправьте грамматическую(-ие) ошибку(-и) в предложении(-ях). Запишите исправленный(-ые) вариант(-ы) предложения(-й). 1) Он всегда действовал наперекор. 2) Подъезжая к реке, налетел ветер. 3) При проверке недосчитались тридцать стаканов. 4) На теплоходе «Ока» играла музыка.",Нет,Нет
vpr_sd_946032,russian,8,"Поставьте знак ударения в следующих словах. По двое, средства, удобнее, черпая.",Нет,Нет
vpr_sd_945793,russian,8,"Найдите и исправьте грамматическую(-ие) ошибку(-и) в предложении(-ях). Запишите исправленный(-ые) вариант(-ы) предложения(-й). 1) Эта река более глубже. 2) Поднявшись, он смог разглядеть быстро мелькающие тени. 3) В зале было более двести человек. 4) Вылет самолета ожидается в срок.",Нет,Нет
vpr_sd_945747,russian,8,"Поставьте знак ударения в следующих словах. Подолгу, прибывшие, создана, начавший.",Нет,Нет
vpr_sd_946018,russian,8,"Найдите и исправьте грамматическую(-ие) ошибку(-и) в предложении(-ях). Запишите исправленный(-ые) вариант(-ы) предложения(-й). 1) По истечении срока действия карты нужно обратиться в банк. 2) Согласно сложившихся традиций выпускники вместе встретят рассвет. 3) Уходя из дома, мне становилось грустно из-за расставания с мамой. 4) На станции «Комсомольская» нам нужно пересесть на другой поезд.",Нет,Нет
vpr_sd_945726,russian,8,"Текст 2 (1) Любовь к лесу родилась у меня еще в детстве. (2)Когда я был гимназистом четвертого или пятого класса, наша семья проводила лето в знаменитых Брянских лесах. (3)Раньше они назывались Дебрянскими, — от слова «дебри», непроходимые лесные чащи. (4)Я никогда не забуду тот летний вечер, когда я впервые ехал на телеге с маленького полустанка в глубину этих лесов. (5)Мне все казалось, что в ле",Нет,Нет
vpr_sd_945777,russian,8,"Поставьте знак ударения в следующих словах. Досуха, крапива, переведена, начатый.",Нет,Нет
vpr_sd_946053,russian,8,"Выпишите, раскрывая скобки, ряд, в котором все слова с НЕ пишутся слитно. В выписанном ряду для каждого случая укажите условия выбора слитного написания. 1) (Не)длинна, а коротка; (не)большой, но удобный шкаф; (не)наверстаешь 2) (Не)приступная крепость; обошлось (не)дешево; (не)выпитое молоко 3) (Не)прополосканное бельё; (не)производить никакого шума; (не)в этом дело 4) (Не)ослабевающие, а крепнущ",Нет,Нет
vpr_sd_945914,russian,8,"Поставьте знак ударения в следующих словах. Квартал, правы, облегчить, черпать.",Нет,Нет
vpr_sd_946155,russian,8,"Текст 2 (1)Россия — огромная страна со своей уникальной историей и культурой. (2)У каждого российского города тоже есть своя история, свой архитектурный облик, свои достопримечательности, выдающиеся люди, которые прославили город. (3)Славу земли русской создавали Москва и Великий Новгород, Ярославль и Владимир, Муром и Кострома. (4)Издревле знали: пришедший в Россию с мечом от него и погибнет. (5)",Нет,Нет
vpr_sd_945762,russian,8,"Поставьте знак ударения в следующих словах. Надвое, средства, удобнее, черпая.",Нет,Нет
vpr_sd_946003,russian,8,"Найдите и исправьте грамматическую(-ие) ошибку(-и) в предложении(-ях). Запишите исправленный(-ые) вариант(-ы) предложения(-й). 1) Запятые в сложном предложении ставятся в соответствии с правилом. 2) Вследствие схода оползня урожай на полях погиб. 3) Папа любит чёрное кофе. 4) Перечисляя имена погибших, верится, что их не забудут.",Нет,Нет
vpr_sd_946038,russian,8,"Выпишите, раскрывая скобки, ряд, в котором все слова с НЕ пишутся раздельно. В выписанном ряду для каждого случая укажите условия выбора раздельного написания. 1) Жить (не)навидя; ничего (не)говорящий факт; защищает (не)от дождя, а от солнца 2) (Не)куда спешить; (не)долетая до земли; (не)словами, а молчанием 3) Шум (не)угомонного ручья; спорить с (не)годяем; (не)прыгал с парашютом 4) (Не)запланиро",Нет,Нет
vpr_sd_945912,russian,8,"Выпишите, раскрывая скобки, ряд, в котором все слова с НЕ пишутся раздельно. В выписанном ряду для каждого случая укажите условия выбора раздельного написания. 1) смотрел (не)весело, (не)стерпимая жара, никем (не)замеченный 2) (не)робкого вида, (не)участвовавший в концерте, ехать (не)далеко 3) (не)глядя в глаза, (не)смолкающий гул, ничуть (не)интересный 4) (не)связанный обязательствами, упражнение",Нет,Нет
vpr_sd_945792,russian,8,"Поставьте знак ударения в следующих словах. Балуясь, километр, неподалеку, сослепу.",Нет,Нет
vpr_sd_946085,russian,8,"Поставьте знак ударения в следующих словах. Ненадолго, наверх, одновозрастной, поднявшись.",Нет,Нет
vpr_sd_945845,russian,8,"Поставьте знак ударения в следующих словах. Обеспечение, облегчить, обособленный, договор.",Нет,Нет
vpr_sd_945694,russian,8,"Поставьте знак ударения в следующих словах. Мышление, начать, простыня, цепочка.",Нет,Нет
vpr_sd_945695,russian,8,"Найдите и исправьте грамматическую(-ие) ошибку(-и) в предложении(-ях). Запишите исправленный(-ые) вариант(-ы) предложения(-й). 1) Это был пилот самого высокого класса. 2) Благодаря письма нас приняли очень учтиво. 3) Лодка, покачиваясь, медленно приближалась к середине реки. 4) Подъезжая к станции и глядя в окно, у меня слетела шляпа.",Нет,Нет
vpr_sd_945831,russian,8,"Найдите и исправьте грамматическую(-ие) ошибку(-и) в предложении(-ях). Запишите исправленный(-ые) вариант(-ы) предложения(-й). 1) Вася пришёл со школы вовремя. 2) Наряжая ёлку, помните о правилах безопасности. 3) На манекене была шляпка наподобие той, что они видели вчера на незнакомке. 4) Наперекор желания идти всё же придётся.",Нет,Нет
vpr_sd_945710,russian,8,"Найдите и исправьте грамматическую(-ие) ошибку(-и) в предложении(-ях). Запишите исправленный(-ые) вариант(-ы) предложения(-й). 1) Мы прилетели в Сингапур согласно расписанию. 2) На фабрике «Ударнице» устроили праздник бывшим работникам этого предприятия. 3) Поток машин, орудий и повозок с грохотом катились по узкому мосту. 4) Описанные в книге подвиги и приключения волновали меня необычайно.",Нет,Нет
vpr_sd_945851,russian,8,"Выпишите, раскрывая скобки, ряд, в котором все слова с НЕ пишутся слитно. В выписанном ряду для каждого случая укажите условия выбора слитного написания. 1) (Не)житьё, а вытьё; (не)грамотный человек, (не)навистен всем 2) (Не)брежно написано, (не)полученные билеты, (не)здоровый вид 3) Вовсе (не)глупый, сказал (не)правду, (не)бывавший на охоте 4) Прикрикнул (не)шутя, (не)разглядеть, (не)взрачный.",Нет,Нет
vpr_sd_945860,russian,8,"Поставьте знак ударения в следующих словах. Каталог, красивее, кухонный, начать.",Нет,Нет
vpr_sd_946018,social,6,"Учёба занимает большое количество времени и является обязательным занятием всех детей старше 6 лет и 6 месяцев. Однако в современном мире человек продолжает обучение в течение всей своей жизни. 1. Как Вы думаете, почему для современного человека важно обучаться всю жизнь? 2. Составьте рассказ о своей учёбе, используя следующий план. 1) Какие цели Вы ставите перед собой, отправляясь в школу? Почему",Нет,Нет
vpr_sd_946011,social,6,"Выберите верные суждения и запишите цифры, под которыми они указаны. 1) В подростковом возрасте осуществляется переход ребёнка от состояния, зависимого от позиции взрослых, к самостоятельности. 2) Общество — это совокупность всех форм объединения людей и способов их взаимодействия. 3) Под духовной культурой обычно понимают совокупность созданных человеком предметов, технологий. 4) Правительство ос",Нет,Нет
vpr_sd_946146,social,6,"Социологические службы государства Z опросили совершеннолетних граждан о том, на что они тратят бóльшую часть семейного бюджета. 1. Как ответила наибольшая доля опрошенных? Предположите почему. 2. Много или мало семей тратят бóльшую часть бюджета на сбережения? Выскажите свою позицию по этому вопросу. Объясните свой ответ. 3. Какой ответ на вопрос дали бы Вы, если бы участвовали в опросе?",Нет,Да
vpr_sd_945997,social,6,"Установите соответствие между примерами и видами экономического продукта: к каждому элементу, данному в первом столбце, подберите соответствующий элемент из второго столбца. ПРИМЕРЫ А) оформление завещания у нотариуса Б) стиральная машинка В) организация туристической поездки Г) квартира ВИДЫ ЭКОНОМИЧЕСКОГО ПРОДУКТА 1) товар 2) услуга Запишите в ответ цифры, расположив их в порядке, соответствующе",Нет,Нет
vpr_sd_945671,social,6,"Философу Платону принадлежит следующее высказывание: «Смелость — начало победы». 1. Как Вы понимаете смысл слова «смелость»? 2. Дайте своё объяснение смысла высказывания. 3. Как Вы думаете, смелый человек — это тот, кто не испытывает страха, или тот, кто победил свой страх?",Нет,Нет
vpr_sd_945375,social,6,Коммерческий банк финансировал съёмку цикла телепередач о жизни и творчестве Л. Н. Толстого. Взаимосвязь каких сфер общественной жизни иллюстрирует данный пример? Поясните свой ответ.,Нет,Нет
vpr_sd_946104,social,6,"Многие родители с детьми предпочитают проводить время в парках, некоторые семьи любят кататься на лыжах (см. фотографию). 1. Чем, по Вашему мнению, можно объяснить стремление многих семей к активному отдыху? (Приведите два объяснения.) 2. Предположите, почему важно, чтобы члены семьи проводили свободное время вместе.",Нет,Да
vpr_sd_945401,social,6,"Привлекая обществоведческие знания, составьте краткое (из 5–7 предложений) сообщение о нашей стране, используя все приведённые ниже понятия: Россия, национальности, язык, культура, Родина, государство.",Нет,Нет
vpr_sd_945403,social,6,"Выберите верные суждения и запишите цифры, под которыми они указаны. 1) В обществе действуют моральные нормы. 2) Работники получают за свой труд заработную плату. 3) К территориальным группам относят мусульман, христиан, буддистов. 4) К внешним функциям государства относится наполнение и структурное распределение государственного бюджета. 5) Гуманизм предполагает отношение к человеку как к высшей ",Нет,Нет
vpr_sd_945987,social,6,"Выберите верные суждения и запишите цифры, под которыми они указаны. 1) Каждое общество обладает чертами, традициями, отличающими его от всех других обществ. 2) Политикой называют науку, которая изучает хозяйственную деятельность человека и общества. 3) Каждый обучающийся имеет право учиться в достойных и безопасных условиях. 4) Товары — продукты труда, произведённые для обмена (продажи). 5) Морал",Нет,Нет
vpr_sd_945995,social,6,"Выберите верные суждения и запишите цифры, под которыми они указаны. 1) Для подростков общение со сверстниками является необходимостью. 2) Люди, объединённые общими идеями, интересами, потребностями, образуют коллектив. 3) Потребление — это движение товаров и услуг от владельца к владельцу. 4) Истощение природной среды, разрушительные войны, перенаселение угрожают существованию человечества. 5) Ре",Нет,Нет
vpr_sd_946070,social,6,"Установите соответствие между характерными чертами и видами деятельности: к каждому элементу, данному в первом столбце, подберите соответствующий элемент из второго столбца. ХАРАКТЕРНЫЕ ЧЕРТЫ А) цель — получить практически значимый результат Б) осуществляется преимущественно для развлечения В) осуществляется в воображаемой ситуации Г) результат деятельности — специально созданный продукт ВИДЫ ДЕЯТ",Нет,Нет
vpr_sd_945949,social,6,"Установите соответствие между действиями и элементами статуса обучающегося: к каждому элементу, данному в первом столбце, подберите элемент из второго столбца. ДЕЙСТВИЯ А) учиться в безопасных, достойных условиях Б) выполнять требования устава образовательной организации В) получать отметки по каждому учебному предмету в соответствии со своими знаниями и умениями Г) добросовестно осваивать образов",Нет,Нет
vpr_sd_946064,social,6,"Установите соответствие между признаками и формами культуры: к каждому элементу, данному в первом столбце, подберите соответствующий элемент из второго столбца. ПРИЗНАКИ А) стремление к достоверности знаний об окружающем мире Б) представление действительности в художественных образах В) познание объективных закономерностей развития природы и социума Г) эстетическое освоение окружающего мира ФОРМЫ ",Нет,Нет
vpr_sd_946069,social,6,"Выберите верные суждения и запишите цифры, под которыми они указаны. 1) Приготовление школьных обедов характеризует такую экономическую операцию как производство. 2) Экономика может рассматриваться как наука, либо как хозяйственная система. 3) Посещение курсов испанского языка характеризует такую экономическую операцию как обмен. 4) В современном мире используются только наличные деньги. 5) Покупк",Нет,Нет
vpr_sd_945963,social,6,"Выберите верные суждения и запишите цифры, под которыми они указаны. 1) Современное общество включает людей разных профессий. 2) Духовная сфера включает в себя деятельность и общественные отношения в сфере искусства, науки, образования, религии. 3) К этническим группам относят мусульман, христиан, буддистов. 4) Одним из признаков любого государства является республиканская форма правления. 5) Мора",Нет,Нет
vpr_sd_946074,social,6,"Выберите верные суждения о человеке и запишите цифры, под которыми они указаны. 1) К естественным (биологическим) потребностям человека традиционно относят потребности в продолжении рода, пище, воздухе для дыхания, отдыхе. 2) Человека и других живых существ объединяет возможность осуществлять преобразовательную деятельность. 3) Одна из особенностей человека – умение с помощью простых орудий создав",Нет,Нет
vpr_sd_946063,social,6,"Установите соответствие между примерами и типами санкций: к каждой позиции, данной в первом столбце, подберите соответствующую позицию из второго столбца. ПРИМЕРЫ А) понижение в должности Б) государственная награда В) аплодисменты Г) отказ пожать руку ТИПЫ САНКЦИЙ 1) формальные санкции 2) неформальные санкции Запишите в таблицу выбранные цифры под соответствующими буквами: А | Б | В | Г // | | |",Нет,Нет
vpr_sd_945933,social,6,"Установите соответствие между примерами и видами потребностей: к каждому элементу, данному в первом столбце, подберите соответствующий элемент из второго столбца. ПРИМЕРЫ А) получение профессии Б) воздух для дыхания В) самосохранение Г) общение с друзьями ВИДЫ ПОТРЕБНОСТЕЙ 1) биологические 2) социальные Запишите в ответ цифры, расположив их в порядке, соответствующем буквам: A | Б | В | Г // | | |",Нет,Нет
vpr_sd_946059,social,6,"Установите соответствие между видами общения и их примерами: к каждой позиции, данной в первом столбце, подберите соответствующую позицию из второго столбца. ПРИМЕРЫ А) Сюзанна пожала плечами в ответ на вопрос о ее самочувствии Б) Петр сообщил свое имя и отчество сотруднику банка В) Клара подмигнула Семёну, встретившись с ним взглядами в автобусе Г) Иван произнес приветственные слова гостям ВИДЫ О",Нет,Нет
vpr_sd_945986,social,6,"Общение занимает значительную долю времени в жизни каждого человека. 1. Как Вы думаете, почему общение важно для каждого человека? 2. Составьте рассказ о своём общении, используя следующий план. 1) Кто входит в Ваш круг общения? Почему Вы общаетесь именно с этими людьми? 2) Каких правил, по Вашему мнению, нужно придерживаться при общении со сверстниками? А каких правил — со взрослыми людьми?",Нет,Нет
vpr_sd_945895,social,6,"Всероссийский центр изучения общественного мнения (ВЦИОМ) в 2015 г. провел опрос о том, как российские интернет-пользователи оценивают влияние Интернета на жизнь людей. Результаты опроса (в % от числа отвечавших) представлены в таблице. Ответы | Доля от числа опрошенных, % // Скорее положительно | 60 // Скорее негативно (отрицательно) | 25 // Никакого серьезного влияния нет | 10 // Затрудняюсь отв",Нет,Нет
vpr_sd_945366,social,6,"Российскому учёному и общественному деятелю Д. С. Лихачёву принадлежит следующее высказывание: «Культура объединяет все стороны человеческой личности». 1. Как Вы понимаете смысл слова «личность»? 2. Дайте своё объяснение смысла высказывания. 3. Как Вы думаете, какого человека называют культурным?",Нет,Нет
vpr_sd_946015,social,6,"При описании какой сферы общества используются слова «искусство», «наука»? Поясните свой ответ.",Нет,Нет
vpr_sd_945392,social,6,"Нередко в жизни нам приходится сталкиваться с конфликтными ситуациями (см. фотографию). 1. В чём, по Вашему мнению, проявляются отрицательные, а в чём — положительные последствия межличностных конфликтов? (Назовите одно отрицательное и одно положительное последствия.) 2. Чем, по Вашему мнению, людям следует руководствоваться для разрешения конфликтной ситуации?",Нет,Да
vpr_sd_945713,social,6,"Привлекая обществоведческие знания, составьте краткое (из 5–7 предложений) сообщение о морали, используя все приведённые ниже понятия: Мораль, общество, контроль, отличие, право, порицание",Нет,Нет
vpr_sd_945371,social,6,"Выберите верные суждения и запишите цифры, под которыми они указаны. 1) Общество — это всё человечество в его прошлом, настоящем и будущем. 2) Каждый обучающийся имеет право выполнять указания директора, учителей, классного руководителя. 3) Добровольный и взаимовыгодный обмен благами за деньги называют производством. 4) Власть — это отношение между людьми, способность одних людей оказывать влияние",Нет,Нет
vpr_sd_946078,social,6,"Выберите верные суждения и запишите цифры, под которыми они указаны. 1) К социальной сфере общества относят семью, нации и другие социальные группы. 2) К политической сфере жизни относят рынок, фирмы, банки. 3) К духовной сфере жизни относят религию, искусство, науку. 4) К экономической сфере жизни относят государство, политические партии. 5) Общество включает в себя различные сферы общественной ж",Нет,Нет
vpr_sd_945955,social,6,"Выберите верные суждения и запишите цифры, под которыми они указаны. 1) Глобальными называют проблемы, которые затрагивают всех людей, все страны и народы и создают угрозу будущему человечества. 2) Ведущей деятельностью подростков, в отличие от дошкольников, является игра. 3) Государство создаёт правовые нормы. 4) В отличие от природных ресурсов, материальные ресурсы созданы руками человека. 5) На",Нет,Нет
vpr_sd_946082,social,6,"Выберите верные суждения об обществе и запишите цифры, под которыми они указаны. 1) Общество и природа не связаны между собой. 2) Общество – это совокупность людей и их взаимодействий. 3) Сферы жизни общества однотипны. 4) Общество может как развиваться, так и наоборот, деградировать. 5) Экономическая сфера общества включает в себя взаимодействия людей в процессе производства, обмена, потребления ",Нет,Нет
vpr_sd_946019,social,6,"Выберите верные суждения и запишите цифры, под которыми они указаны. 1) Место и роль России в мировом сообществе определяются её статусом евразийской державы с соответствующими интересами, возможностями и влиянием. 2) Экологические проблемы связаны с развитием культуры. 3) Процесс создания товаров и услуг называют производством. 4) Оптимистическое отношение к жизни предполагает уверенность в лучше",Нет,Нет
vpr_sd_946003,social,6,"Выберите верные суждения и запишите цифры, под которыми они указаны. 1) Индивид — единичный представитель человечества. 2) Наиболее развитые страны могут решить глобальные проблемы на своей территории. 3) Денежные средства, которые банки, частные предприниматели, государство могут выделить (инвестировать) на организацию или развитие производства называют трудовыми ресурсами. 4) Выборы позволяют гр",Нет,Нет
vpr_sd_946081,social,6,"Выберите верные суждения об искусстве и запишите цифры, под которыми они указаны. 1) Искусство влияет на мировоззрение человека. 2) Искусство позволяет научно объяснить общественные явления. 3) Произведения искусства помогают человеку восстановить душевную гармонию, реализовать творческий потенциал. 4) Искусство помогает привлечь внимание общества к нравственным проблемам. 5) Роль искусства проявл",Нет,Нет
vpr_sd_946087,social,6,"Выберите верные суждения о социальных группах и межличностных отношениях в них и запишите цифры, под которыми они указаны. 1) Друзья и семья относятся к малым социальным группам. 2) Деловые межличностные взаимодействия, как правило, основаны на взаимной симпатии, общем интересе или привычке. 3) Народ и нация являются примерами малых социальных групп. 4) Социальные группы — устойчивые совокупности ",Нет,Нет
vpr_sd_945923,social,6,"Выберите верные суждения и запишите цифры, под которыми они указаны. 1) Загрязнения от транспорта и предприятий, проблемы утилизации отходов негативно влияют на здоровье людей. 2) Мыслительные способности человека совершенствуются в процессе обучения. 3) Религия влияет на отношение верующего к окружающему миру. 4) Торговля — процесс создания товаров и услуг. 5) В любом государстве существует разде",Нет,Нет
vpr_sd_946083,social,6,"Выберите верные суждения об обществе и запишите цифры, под которыми они указаны. 1) Общество – это система взаимоотношений между людьми. 2) В обществе выделяют экономическую, политическую, социальную и духовную сферы. 3) Общество обеспечивает удовлетворение определённых потребностей человека. 4) Общество не развивается, а находится в стабильном состоянии. 5) Общество не зависит от природы.",Нет,Нет
vpr_sd_946068,social,6,"Выберите верные суждения о человеке и запишите цифры, под которыми они указаны. 1) Конкретные условия, в которых живёт человек, влияют на особенности его характера. 2) Биологическая природа человека проявляется в его анатомо-физиологических чертах. 3) Отличием человека от других живых существ является то, что он обладает инстинктом самосохранения. 4) Целенаправленная и осознанная деятельность свой",Нет,Нет
vpr_sd_946076,social,6,"Выберите верные суждения о различных формах (областях) духовной культуры и запишите цифры, под которыми они указаны. 1) Одной из тенденций развития современного школьного образования является внедрение информационных технологий: электронных журналов и дневников, дистанционного обучения, электронных карт и т. д. 2) Мораль находит отражение в поведении людей. 3) Искусству свойственны научный язык и ",Нет,Нет
vpr_sd_945350,social,6,"Выберите верные суждения и запишите цифры, под которыми они указаны. 1) Семья всегда основана на кровном родстве. 2) Члены семьи, как правило, связаны общностью быта. 3) Члены семьи оказывают друг другу взаимную поддержку. 4) В семье, в отличие от других малых групп, возможно межличностное общение между всеми её участниками. 5) Семья влияет на формирование личности человека.",Нет,Нет
vpr_sd_945387,social,6,"Выберите верные суждения и запишите цифры, под которыми они указаны. 1) Общество оказывает только негативное влияние на природную среду. 2) Одно из прав обучающегося — учиться добросовестно, систематически выполнять домашние задания. 3) Товарами называют продукты труда, произведённые для обмена. 4) Государство обладает суверенитетом. 5) Наука направлена на выработку объективных, системно организов",Нет,Нет
vpr_sd_946077,social,6,"Выберите верные суждения о человеке и запишите цифры, под которыми они указаны. 1) Человек становится личностью в процессе взаимодействия с другими людьми. 2) К естественным (биологическим) потребностям человека традиционно относят потребности в общении с другими людьми, в общественной деятельности, общественном признании. 3) К социальным потребностям человека традиционно относят потребности в общ",Нет,Нет
vpr_sd_946080,social,6,"Выберите верные суждения о семье и её функциях и запишите цифры, под которыми они указаны. 1) Некоторые семьи могут включать в себя три и более поколения кровных родственников. 2) Досуговая функция семьи проявляется в воспитании родителями детей. 3) Современная семья является основной группой, в которой проходит формирование профессиональных навыков ребенка. 4) Семья призвана создать условия для ф",Нет,Нет
vpr_sd_946075,social,6,"Выберите верные суждения об образовании и запишите цифры, под которыми они указаны. 1) Образование от других форм (областей) духовной культуры отличается тем, что оно способно оказывать эмоциональное воздействие на человека. 2) В современной школе нет уроков по предметам обществоведческого цикла. 3) Система школьного образования предполагает учёт индивидуальных особенностей школьников. 4) Образова",Нет,Нет
vpr_sd_945971,social,6,"Выберите верные суждения и запишите цифры, под которыми они указаны. 1) Люди, живущие в разных природных условиях, различаются характером, образом жизни. 2) Этнические и религиозные общности выделяют в зависимости от территории проживания. 3) Размер заработной платы работника всегда больше реальной стоимости труда, проданного им владельцу предприятия. 4) Государство осуществляет управление обществ",Нет,Нет
vpr_sd_945939,social,6,"Выберите верные суждения и запишите цифры, под которыми они указаны. 1) Общество — это коллектив, необходимый для совместного существования людей, которые зависят друг от друга, обладают общими целями. 2) Понятие «личность» используется для характеристики человека как биологического вида. 3) Экономических ресурсов всегда больше, чем нужно для удовлетворения потребностей человека и общества. 4) Гос",Нет,Нет
vpr_sd_946079,social,6,"Выберите верные суждения об обществе и социальных институтах и запишите цифры, под которыми они указаны. 1) В обществе происходит социализация человека, его становление как личности. 2) Человек вне общества также может усвоить социальный опыт, необходимые ему навыки и умения. 3) Общество представляет собой закрытую систему, не взаимодействующую с внешней средой (природой). 4) Общество является пос",Нет,Нет
vpr_sd_945947,social,6,"Выберите верные суждения и запишите цифры, под которыми они указаны. 1) Общество — это совокупность природных и социальных сил. 2) Расположение социальных групп в обществе можно представить в виде социальной лестницы. 3) Количество ресурсов для производства экономических благ ограничено. 4) К внешним функциям государства относится осуществление социальной защиты граждан 5) Верующий человек убеждён",Нет,Нет
vpr_sd_945931,social,6,"Выберите верные суждения и запишите цифры, под которыми они указаны. 1) Обществом называют весь окружающий человека материальный мир. 2) В демократическом государстве правительство осуществляет судебную власть. 3) Экономика как наука изучает хозяйственную деятельность субъектов по производству, распределению, обмену и потреблению благ. 4) Государство обладает исключительным правом взимания налогов",Нет,Нет
vpr_sd_945395,social,6,"Выберите верные суждения и запишите цифры, под которыми они указаны. 1) Общество — группа людей, обладающих общими ценностями, целями и интересами. 2) Мнение коллектива сверстников, оценка коллективом поступков и поведения подростка для него очень важны. 3) Моральные нормы устанавливаются государством. 4) Трудоспособное население страны, которое обладает физическими возможностями и знаниями, необх",Нет,Нет
vpr_sd_945979,social,6,"Выберите верные суждения и запишите цифры, под которыми они указаны. 1) Общество — это весь окружающий человека мир. 2) В основе активности человека лежат его потребности. 3) Экономикой называют хозяйство отдельной семьи, региона или государства, хозяйственную деятельность человека. 4) Политика обеспечивает целостность и стабильность развития общества. 5) Гражданин России после окончания 9 класса ",Нет,Нет
vpr_sd_945379,social,6,"Выберите верные суждения и запишите цифры, под которыми они указаны. 1) Общество — это совокупность природных и социальных сил. 2) Потребление — использование товаров и услуг для удовлетворения потребностей человека и общества в целом. 3) В демократическом государстве граждане имеют право участвовать в решении государственных дел. 4) Мужчины, женщины, дети, молодёжь — это общности, выделяемые по п",Нет,Нет
vpr_sd_946072,social,6,"Выберите верные суждения о человеке и запишите цифры, под которыми они указаны. 1) К естественным (биологическим) потребностям человека традиционно относят потребности в общественной деятельности, общественном признании, общении с другими людьми. 2) Потребности человека удовлетворяются в процессе его деятельности. 3) Понятие «индивид» используется для характеристики отличительных особенностей одно",Нет,Нет
vpr_sd_945679,social,6,"Игра — это особый вид деятельности, в котором участвуют и дети, и взрослые люди. 1. Как Вы думаете, почему человек играет в разные виды игр, несмотря на свой возраст? 2. Составьте рассказ о своей игровой деятельности, используя следующий план: 1) В какие игры Вы любите играть? Почему? 2) К каким отрицательным последствиям может привести чрезмерное увлечение компьютерными играми (укажите любые два ",Нет,Нет
vpr_sd_945708,social,6,"В ходе социологического опроса совершеннолетним жителям города Z задавали вопрос: «Что из перечисленного наиболее важно, чтобы магазин, в котором Вы покупаете продукты, полностью Вас устраивал?» Результаты опроса (в % от числа отвечавших) представлены в графическом виде. 1. Как ответила наибольшая доля опрошенных? Предположите почему. 2. Много или мало потребителей считают важным условием удобное ",Нет,Да
vpr_sd_945965,social,6,"Установите соответствие между действиями, и элементами статуса обучающегося: к каждому элементу, данному в первом столбце, подберите соответствующий элемент из второго столбца. ДЕЙСТВИЯ А) соблюдать чистоту в здании и на прилегающей территории Б) учиться добросовестно, систематически выполнять домашние задания В) учиться в безопасных, достойных условиях Г) получать информацию о критериях выставлен",Нет,Нет
vpr_sd_946159,social,6,"Учёному Д. С. Лихачёву принадлежит следующее высказывание: «Культура объединяет все стороны человеческой личности». 1. Как Вы понимаете смысл слова «культура»? 2. Дайте своё объяснение смысла высказывания. 3. Как Вы думаете, какого человека называют культурным?",Нет,Нет
vpr_sd_946045,social,6,"Крупный предприниматель вложил деньги в избирательную кампанию кандидата на должность губернатора, который обещал улучшить инвестиционный климат в регионе. Взаимосвязь каких сфер общественной жизни иллюстрирует данный пример? Поясните свой ответ.",Нет,Нет
vpr_sd_945686,social,6,"Граждане иногда берут кредиты для покупки дорогостоящих товаров (см. фотографию). 1. В чём, по Вашему мнению, преимущество и в чём опасность покупки товаров в кредит? 2. Чем, по Вашему мнению, следует руководствоваться покупателю, который собирается оформить кредит на покупку товара?",Нет,Да
vpr_sd_945745,social,6,"Привлекая обществоведческие знания, составьте краткое (из 5–7 предложений) сообщение о человеке и обществе, используя все приведённые ниже понятия: Духовная жизнь, Культура, Познание, Результат, Искусство, Художественные образы",Нет,Нет
vpr_sd_946073,social,6,"Выберите верные суждения о формах (областях) духовной культуры и запишите цифры, под которыми они указаны. 1) Искусство не стремится привлекать внимание общества к нравственным проблемам. 2) Мораль поддерживается силой государства (полиции, армии). 3) Наука нацелена на выработку системы истинных знаний о мире. 4) Религия помогает верующим найти ответы на жизненно важные вопросы. 5) Искусство отраж",Нет,Нет
vpr_sd_946023,social,6,"Выберите верные суждения и запишите цифры, под которыми они указаны. 1) Каждое общество состоит из конкретных людей. 2) В результате экономической деятельности производятся товары и услуги, которые могут удовлетворить потребности человека и общества. 3) Парламент осуществляет в государстве законодательную власть. 4) Российские школьники, обучающиеся в 6 классе, получают начальное общее образование",Нет,Нет
vpr_sd_945399,social,6,"При описании какой сферы общества используются слова «этнос», «семья»? Поясните свой ответ.",Нет,Нет
vpr_sd_945367,social,6,"При описании какой сферы общества используются слова «предприниматель», «деньги»? Поясните свой ответ.",Нет,Нет
vpr_sd_945667,social,6,"Одной из потребностей человека является познание окружающего мира. 1. Как Вы думаете, в чём значение познавательной деятельности для человека и общества? 2. Составьте рассказ о своей познавательной деятельности, используя следующий план: 1) Нравится ли Вам наблюдать за живой природой? Почему? 2) Какие литературные, научно-популярные произведения о живой природе Вы читали? Чем для Вас могут быть по",Нет,Нет
vpr_sd_945770,social,6,"В 2007 г. Всероссийский центр изучения общественного мнения (ВЦИОМ) представил данные опроса о том, сколько россиян любят проводить свободное время за чтением книг. Некоторые результаты опроса (в %) показаны в таблице. Любите ли вы проводить свободное время за чтением книг? // | Доля опрошенных, % // | 2007 г. | 2013 г. | 2016 г. | 2018. // Да, регулярно | 8 | 8 | 15 | 17 Какой вывод можно сделать",Нет,Нет
vpr_sd_945381,social,6,"Установите соответствие между примерами и социальными качествами человека, которые они иллюстрируют: к каждому элементу, данному в первом столбце, подберите соответствующий элемент из второго столбца. ПРИМЕРЫ А) Светлана отличается искренностью и прямотой суждений и поступков, её поведение безупречно во всех смыслах. Б) Николай никогда не откладывает выполнение порученной ему работы. В) Оксана ник",Нет,Нет
vpr_sd_945753,social,6,"Среди жителей города Т проводился опрос, в ходе которого респондентам было предложено ответить на вопрос: «Пользуетесь ли Вы регулярно почтой?» Результаты опроса (в % от числа опрошенных) представлены на диаграмме. Граждане каких двух категорий пользуются почтой наиболее часто? Предположите почему (выскажите не менее двух предположений).",Нет,Да
vpr_sd_945935,social,6,"После показа нового кинофильма, снятого по роману современного писателя, резко возросли продажи книг этого писателя. Взаимосвязь каких сфер общественной жизни иллюстрирует данный пример? Поясните свой ответ.",Нет,Нет
vpr_sd_946000,social,6,Рассмотрите фотографию. 1. Какую социальную роль человека и какое право гражданина России иллюстрирует эта фотография? 2. Какие обязанности соответствуют этой социальной роли? (Назовите любые две обязанности.),Нет,Да
vpr_sd_945361,social,6,"Привлекая обществоведческие знания, составьте краткое (из 5–7 предложений) сообщение о нашей стране, используя все приведённые ниже понятия: Российская Федерация, многонациональное государство, субъект Российской Федерации, государственный язык, патриотизм, Родина.",Нет,Нет
vpr_sd_946109,social,6,"Одним из видов деятельности человека является общение. 1. Как Вы думаете, почему люди испытывают потребность в общении? 2. Составьте рассказ о своём общении, используя следующий план: 1) Какие виды общения Вам нравятся (назовите не менее двух видов)? Почему? 2) Как Вы думаете, какое значение имеет общение для организации совместной деятельности людей? Некоторые люди испытывают трудности в общении.",Нет,Нет
vpr_sd_945866,social,6,"В стране Z в 2005 и 2015 гг. были проведены опросы общественного мнения среди городской молодёжи, в ходе которых респондентам предлагалось ответить на вопрос: «Удовлетворены ли Вы образованием, которое получили или получаете в настоящее время?» Результаты опроса (в % от числа отвечавших) представлены в диаграмме. Какую положительную динамику можно отметить, исходя из результатов опросов? Чем она о",Нет,Да
vpr_sd_945389,social,6,"Установите соответствие между характерными чертами и областями (формами) духовной культуры общества: к каждому элементу, данному в первом столбце, подберите элемент из второго столбца. ХАРАКТЕРНЫЕ ЧЕРТЫ А) доказательность и проверяемость выводов Б) строгое следование ритуалам В) рационально обоснованные взгляды на окружающий мир Г) вера в сверхъестественное ОБЛАСТИ (ФОРМЫ) ДУХОВНОЙ КУЛЬТУРЫ 1) нау",Нет,Нет
vpr_sd_945974,social,6,"Тренеру по ораторскому искусству и журналисту Кармину Галло принадлежит следующее высказывание, обращённое к предпринимателям: «Ваши потребители всегда думают о своём бюджете. А в тяжёлые времена думают о нём всё время». 1. Как Вы понимаете смысл слова «потребитель»? 2. Дайте своё объяснение смысла высказывания. 3. Как Вы думаете, почему для потребителя важно планировать свой бюджет?",Нет,Нет
vpr_sd_946051,social,6,Спад производства в государстве X привел к банкротству многих фирм и росту числа представителей такой группы населения как безработные. Взаимосвязь каких сфер общественной жизни иллюстрирует данный пример? Поясните свой ответ.,Нет,Нет
vpr_sd_945808,social,6,"Во всём мире граждане, зарабатывая деньги, платят налоги о полученных ими доходов. Эти деньги идут в государственный бюджет. Предположите, на какие нужды расходует государство полученные налоги (выскажите не менее трёх предположений). Чем является уплата налогов — правом или обязанностью каждою гражданина?",Нет,Да
vpr_sd_946139,social,6,"Привлекая обществоведческие знания, составьте краткое (из 5—7 предложений) сообщение о нашей стране, используя все приведённые ниже понятия: Российская Федерация, Конституция РФ, Президент РФ, Государственная Дума, Совет Федерации, государственные символы.",Нет,Нет
vpr_sd_945669,social,6,"В нашей стране все дети, достигшие возраста 6 лет и 6 месяцев, учатся в школе. 1. Как Вы думаете, почему наше государство заботится о том, чтобы все дети могли учиться? 2. Составьте рассказ о своей учёбе, используя следующий план: 1) Какой вид работы на уроках (один или несколько) Вам нравится и почему? 2) Какой вид работы на уроках (один или несколько) является трудным для Вас? В чём Вы видите пр",Нет,Нет
vpr_sd_946158,social,6,"В государстве Z был проведён опрос о том, должны ли родители школьников участвовать в планировании образовательного процесса своих детей. Результаты опроса (в % от числа отвечавших) представлены в графической форме. 1. Какая группа опрошенных в наибольшей степени поддерживает инициативу активного участия родителей в планировании образовательного процесса своих детей? Предположите почему. 2. Как Вы",Нет,Да
vpr_sd_945405,social,6,"Установите соответствие между примерами и видами экономической деятельности: к каждому элементу, данному в первом столбце, подберите соответствующий элемент из второго столбца. ПРИМЕРЫ А) покупка рассады овощей Б) посадка в огороде рассады овощей В) уход за растениями Г) использование в пищу купленных овощей ВИДЫ ЭКОНОМИЧЕСКОЙ ДЕЯТЕЛЬНОСТИ 1) производство 2) обмен 3) потребление Запишите в ответ ц",Нет,Нет
vpr_sd_945752,social,6,В стране Z был проведён опрос среди совершеннолетних жителей на тему: «Нужно ли ввести специальные уроки этики в школе?» Результаты опроса (в % от числа опрошенных) представлены на диаграмме. Какой вариант ответа выбрало меньшинство опрошенных? Предположите почему (выскажите не менее двух предположений).,Нет,Да
vpr_sd_945927,social,6,"При описании какой сферы общества используются слова «искусство», «религия»? Поясните свой ответ.",Нет,Нет
vpr_sd_946152,social,6,"В больших и малых городах действуют микрофинансовые организации, предлагающие гражданам с любым уровнем достатка занять под высокий процент деньги на насущные нужды быстро, с соблюдением минимальных формальностей. 1. В чём, по Вашему мнению, состоит привлекательность и опасность для граждан микрофинансовых организаций? 2. Чем, по Вашему мнению, следует руководствоваться гражданину, который собирае",Нет,Да
vpr_sd_945945,social,6,"Привлекая обществоведческие знания, составьте краткое (из 5–7 предложений) сообщение о нашей стране, используя все приведённые ниже понятия: Конституция РФ, права, обязанности, законодательная власть, исполнительная власть, государственные символы.",Нет,Нет
vpr_sd_946145,social,6,"Труд – один из видов деятельности человека, который всегда имеет практический результат. 1. Как Вы думаете, почему каждый человек должен трудиться? 2. Составьте рассказ о труде, используя следующий план: 1) Что создаётся трудом? Какие виды труда Вы знаете (назовите не менее двух видов)? 2) В чём состоит важность домашнего труда? Какой труд можно назвать творческим?",Нет,Нет
vpr_sd_945706,social,6,"В стране Z телеканал для подростков провёл опрос среди зрителей 11—13 лет об отношении к общению в социальных сетях. Подросткам был предложен вопрос: «Считаете ли Вы, что общение в социальных сетях эффективнее, чем общение в реальной жизни?» Результаты опроса (в % от числа отвечавших) представлены в графическом виде. 1. Как ответила наибольшая доля опрошенных? Предположите почему. 2. Хорошо или пл",Нет,Да
vpr_sd_946065,social,6,"Установите соответствие между примерами и видами межличностных отношений: к каждому элементу, данному в первом столбце, подберите соответствующий элемент из второго столбца. ПРИМЕРЫ А) отношения главного врача больницы и представителя министерства на производственном совещании Б) отношения двух врачей, живущих по соседству, в нерабочее время В) отношения между лектором и аудиторией на конференции ",Нет,Нет
vpr_sd_945758,social,6,"Социологическая служба страны Z в августе 2013 г. и в августе 2017 г. провела опрос совершеннолетних граждан о том, как они относятся к своей работе. Результаты двух опросов (в % от числа отвечавших) представлены в таблице. Варианты ответа | 2013 г. | 2017 г. // Я поступил на работу по призванию и в соответствии с квалификацией | 29 | 56 // Я работаю не по специальности, но только так можно обеспе",Нет,Нет
vpr_sd_945976,social,6,"По данным исследований, в ближайшем будущем промышленные роботы заменят труд человека во многих сферах производства (см. фотографию). 1. В чём, по Вашему мнению, преимущество и в чём опасность замены труда человека промышленными роботами? 2. О чём, по Вашему мнению, ребёнку следует узнать, чтобы подготовиться к выбору профессии в будущем?",Нет,Да
vpr_sd_946141,social,6,"Привлекая обществоведческие знания, составьте краткое (из 5–7 предложений) сообщение о нашей стране, используя все приведённые ниже понятия: Российская Федерация, Президент РФ, Федеральное Собрание РФ, герб, флаг, гимн.",Нет,Нет
vpr_sd_945764,social,6,"В 2017 г. Всероссийский центр изучения общественного мнения (ВЦИОМ) провел опрос о том, как россияне относятся к информации о состоянии окружающей среды. Был задан вопрос: «Насколько вам интересно смотреть документальные фильмы?». Некоторые результаты опроса (данные указаны в %) представлены в виде гистограммы. Как ответили на вопрос меньшинство опрошенных граждан? Предположите почему (выскажите н",Нет,Да
vpr_sd_945824,social,6,"«Он махнул рукою, и паж поднёс золотое блюдо, на котором лежало одно конопляное семечко. — Возьми это семечко, — сказал король. — Пока оно будет у тебя, ты всегда знать будешь урок свой, какой бы тебе ни задали, с тем, однако, условием, чтоб ты ни под каким предлогом никому не оказывал ни одного слова о том‚ что ты здесь видел пли впредь увидишь. Малейшая нескромность лишит тебя навсегда. наших ми",Нет,Нет
vpr_sd_945928,social,6,"Одна из конституционных обязанностей гражданина РФ — уплата налогов. 1. Как Вы думаете, что такое налоги и на что идут налоги в государстве? 2. Какие ещё конституционные обязанности есть у гражданина РФ? (Назовите любые две такие обязанности.)",Нет,Да
vpr_sd_945746,social,6,"Привлекая обществоведческие знания, составьте краткое (из 5–7 предложений) сообщение о человеке и обществе, используя все приведённые ниже понятия: Деятельность, Мотив, Личность, Естественные потребности, Духовные потребности, Социальные потребности",Нет,Нет
vpr_sd_945787,social,6,"Общение является основным способом коммуникации между людьми. 1. Как вы считаете, может ли человек обойтись без контактов с другими людьми? 2. Составьте рассказ об общении, используя план: — Как вы оцениваете свои способности к общению, трудно или легко вам оно дается? Почему? — Какие средства общения вы знаете и чаще всего используете в повседневной жизни?",Нет,Нет
vpr_sd_946112,social,6,"В 2017 г. ВЦИОМ проводил опрос среди российских школьников. Им предлагали отметить в перечне понятий те, смысл которых они знают. Результаты опроса (в % от числа отвечавших) представлены в графическом виде. 1. Как ответила наибольшая доля опрошенных? Предположите почему. 2. Много или мало опрошенных знают о том, что такое интернет-банк? Выскажите свою позицию по этому вопросу. Объясните свой ответ",Нет,Да
vpr_sd_945767,social,6,"Социологическая служба страны B провела опрос граждан в 2018 г. Им задавали вопрос: «Какие действия стоит предпринять для того, чтобы возникало как можно меньше национальных конфликтов?». Результаты опроса (в % от числа отвечавших) представлены на диаграмме. Какой ответ наиболее популярен? Предположите почему (выскажите не менее двух предположений).",Нет,Да
vpr_sd_945999,social,6,"При описании какой сферы общества используются слова «религия», «мораль»? Поясните свой ответ.",Нет,Нет
vpr_sd_945821,social,6,"Рассмотрите изображение. Какие три вида деятельности представлены в ситуации, изображенной на фотографии?",Нет,Да
vpr_sd_945731,social,6,"Привлекая обществоведческие знания, составьте краткое (из 5—7 предложений) сообщение о человеке и обществе, используя все приведённые ниже понятия: Ответственность, общество, самоконтроль, стабильность, контроль, государство.",Нет,Нет
vpr_sd_945917,social,6,"В нашей стране все дети, достигшие возраста 6 лет и 6 месяцев, принимаются в школу. 1. Как Вы думаете, почему наше государство заботится о том, чтобы все дети могли учиться? 2. Составьте рассказ о своей учёбе, используя план. 1) Какие школьные предметы вызывают у Вас интерес? Почему? 2) Какие предметы являются трудными для Вас? В чём Вы видите причины трудностей?",Нет,Нет
vpr_sd_945996,social,6,"В школах города Z педагоги детского центра туризма и краеведения провели опрос среди шестиклассников о том, смог бы каждый из них стать помощником инструктора в подготовке класса к участию в туристическом походе. Результаты опроса (в % от числа отвечавших) представлены в графическом виде. 1. Сравните ответы опрошенных. Кого в целом оказалось больше: тех, кто дал утвердительный ответ, или тех, кто ",Нет,Да
vpr_sd_945941,social,6,"Установите соответствие между примерами и социальными качествами человека, которые они иллюстрируют: к каждому элементу, данному в первом столбце, подберите соответствующий элемент из второго столбца. ДЕЙСТВИЯ А) Виктор очень экономен. Б) Марта отзывчиво относится к проблемам людей. В) Иван никогда не откладывает выполнение порученной ему работы. Г) Анна строго соблюдает правила поведения на предп",Нет,Нет
vpr_sd_946135,social,6,"Английскому писателю Чарльзу Диккенсу принадлежит следующее высказывание: «Кредит получить тем легче, чем меньше ты в нём нуждаешься». 1. Как Вы понимаете смысл слова «кредит»? 2. Дайте своё объяснение смысла высказывания. 3. Как Вы думаете, чем следует руководствоваться тому, кто собирается взять кредит в банке?",Нет,Нет
vpr_sd_946043,social,6,"Известный режиссер снял фильм на историческую тематику, который очень понравился зрителям, в результате чего кассовые сборы кинотеатров составили несколько миллиардов долларов. Взаимосвязь каких сфер общественной жизни иллюстрирует данный пример? Поясните свой ответ.",Нет,Нет
vpr_sd_945804,social,6,"Существует множество компьютерных игр и приложений. которые пользователи могут скачивать бесплатно. Предположите, почему разработчики согласны на бесплатное предложение своего продукта. Какие отрицательные последствия для пользователя и его бюджета может иметь скачивание бесплатных компьютерных приложений (укажите два последствия)?",Нет,Да
vpr_sd_946175,social,6,"Привлекая обществоведческие знания, составьте краткое (из 5—7 предложений) сообщение о нашей стране, используя все приведённые ниже понятия: Российская Федерация, Президент РФ, Правительство РФ, исполнительная власть, законодательная власть, государственные символы.",Нет,Нет
vpr_sd_945775,social,6,"В стране К проводилось социологическое исследование грамотности школьников. Учащиеся отвечали на вопрос: «Что способно повысить уровень грамотности среднестатистического школьника?» Результаты опроса (в % от числа опрошенных) представлены в таблице. Способы | Доля от числа опрошенных, % // Чтение книг | 75 // Написание эссе, сочинений, очерков и т. д. | 15 // Посещение литературных вечеров | 10 Чт",Нет,Нет
vpr_sd_945957,social,6,"Установите соответствие между признаками и областями (формами) культуры: к каждому элементу, данному в первом столбце, подберите соответствующий элемент из второго столбца. ПРИЗНАКИ А) создание художественных образов Б) логичность и доказательность выводов В) обоснованность выводов Г) эмоциональное воздействие на человека ОБЛАСТИ (ФОРМЫ) КУЛЬТУРЫ 1) искусство 2) наука Запишите в ответ цифры, распо",Нет,Нет
vpr_sd_945763,social,6,"В стране К в 2007 г. и в 2014 г. были проведены опросы общественного мнения, в ходе которого респондентам предлагалось ответить на вопрос: «Какие профессии Вы считаете наиболее престижными?». Результаты опросов (в % от числа отвечавших) представлены в таблице. Профессии | 2007 г. | 2014 г. // юрист, адвокат | 20 | 37 // экономист | 19 | 14 // политолог | 11 | 5 // врач | 10 | 15 // предприниматель",Нет,Нет
vpr_sd_946041,social,6,"В государстве X на выборах победила либеральная партия, которая провела реформу налоговой системы. Взаимосвязь каких сфер общественной жизни иллюстрирует данный пример? Поясните свой ответ.",Нет,Нет
vpr_sd_945693,social,6,"Игра — основной вид деятельности детей в дошкольном возрасте. В процессе обучения в школе учителя тоже организуют игровые занятия или используют элементы отдельных игр на уроках. 1. Как Вы думаете, какую пользу Вы получаете от участия в спортивных играх на уроках физической культуры? 2. Составьте рассказ о своей игровой деятельности, используя следующий план: 1) В какие игры играете Вы и Ваши свер",Нет,Нет
